id,vurdering,type,navn,område,koordinater,begrundelse,vurderet,kategorier,score,antal_objekter,tæt_på_spot,auto_koordinater,osm,osm_status,fundet
k-way1179967558,på kortet,,Aarhus Kano- og Kajakklub,Aarhus,,,,flydebro kajakklub roklub bro havn sejlklub slæbested,8.0,9,aarhus-roklub,"56.1637287, 10.2189780",way/1179967558 way/1179967559 node/10199084522 node/12522426663 node/12522426666 node/3228002022 node/7168960819 way/488234079 way/539879996,ok,2026-09-24
k-way316238083,,,Rungsted Roklub,Rungsted,,,,flydebro kajakklub roklub badebro badested bro slæbested,8.0,11,,"55.8818916, 12.5456147",way/316238083 way/196598556 way/196598563 node/13994553476 node/3223497989 way/1349200280 way/1349200281 way/1349200282 way/1349200283 way/914082644 way/914082702,ok,2026-09-24
k-node11405971129,,,Struer Roklub,Bremdal,,,,flydebro kajakklub roklub badebro badested bro,7.5,6,,"56.5012917, 8.5846685",node/11405971129 way/286593929 way/84450481 way/93077637 node/13917480348 way/286593931,ok,2026-09-24
k-node12346083800,,,Ballebro,Ballebro,,,,flydebro badebro badested bro havn slæbested,7.5,8,,"54.9994597, 9.6695688",node/12346083800 way/456114529 node/13919621144 node/3545281717 way/350042664 way/350042667 way/350042668 way/659119595,ok,2026-09-24
k-relation10880890,,,Sæby Ro- & Kajakklub,Sæby,,,,flydebro kajakklub roklub bro sejlklub slæbested,7.5,5,,"57.3345540, 10.5284494",relation/10880890 way/316731463 way/316664655 node/13019618192 way/316731464,ok,2026-09-24
k-relation16251542,,,Danske Studenters Roklub's roforpost,Østerbro,,,,flydebro roklub badebro badested bro slæbested,7.5,13,,"55.7064119, 12.5976061",relation/16251542 way/1308859478 way/1308859479 way/597079936 way/300876541 way/300876542 way/300876543 way/849542813 way/300876540 way/437218400 way/597079933 way/956152414 way/956152415,ok,2026-09-24
k-way110116862,,,Gjøl Ro & Kajakklub,Gjøl,,,,flydebro kajakklub roklub bro havn slæbested,7.5,8,,"57.0623899, 9.6999677",way/110116862 way/110116874 way/110116881 way/212837162 node/1350276935 node/6130393158 way/190666164 way/512792795,ok,2026-09-24
k-way203707708,,,M2,Østerbro,,,,flydebro kajakklub roklub bro sejlklub slæbested,7.5,35,,"55.7149089, 12.5868403",way/203707708 way/25556825 way/290455336 way/290468445 way/290468446 way/290468455 way/290468489 way/609538565 way/151773079 way/179872775 way/199418845 way/199418847 way/203707706 way/338594720 way/503454469 way/151773087 way/151773090 way/151773096 way/203707711 way/203707712 way/290455337 way/290455338 way/290455339 way/290468068 way/290468069 way/290468073 way/290468074 way/290468075 way/290468447 way/290468448 way/290468449 way/290468450 way/290468451 way/290468452 way/290468490,ok,2026-09-24
k-way278473579,på kortet,,Den Flydende Kajakklub (Klubøen),Lille Grundet,,,,flydebro kajakklub roklub bro sejlklub slæbested,7.5,17,vejle-kajakklub,"55.7081856, 9.5570054",way/278473579 way/278473502 node/13011590121 way/272544233 way/296545481 way/582209626 way/582209627 way/584753359 way/584753361 way/584753362 way/584753363 way/584753364 way/584753365 way/584753366 way/584753367 way/659680076 way/659680077,ok,2026-09-24
k-way291876576,på kortet,,Hvidovre Roklub,Hvidovre,,,,flydebro kajakklub roklub bro havn slæbested,7.5,11,hvidovre-roklub,"55.6258655, 12.4987568",way/291876576 way/291876578 way/98479058 way/98497662 way/1377149210 way/291876574 way/291876575 way/291876577 way/291876579 way/291876580 way/549190776,ok,2026-09-24
k-way294806020,,,Hellerup Dameroklub,Hellerup,,,,flydebro roklub bro havn sejlklub slæbested,7.5,20,,"55.7309300, 12.5817572",way/294806020 way/294806021 node/3224322121 node/3224322122 node/2983664760 way/294806017 way/294806019 way/294806022 way/294806024 way/313116014 way/316320970 way/316320971 way/429845231 way/458883894 way/466652246 way/466652247 way/466652248 way/466652249 way/466674293 way/660433573,ok,2026-09-24
k-way316892515,,,Præstø Roklub,Præstø,,,,flydebro roklub badebro badested bro slæbested,7.5,11,,"55.1258594, 12.0463822",way/316892515 way/219448685 node/13920811450 node/3918456477 way/119423311 way/119423312 way/385183898 way/385183899 way/385183902 way/385184806 way/388678455,ok,2026-09-24
k-way597957445,,,Havnebadet Fisketorvet,Kødbyen,,,,flydebro badebro havnebad badested udlejning bro,7.5,9,,"55.6628012, 12.5643225",way/597957445 node/11360249114 relation/8383128 node/3300693732 way/597957446 way/597957447 way/597957448 way/325038416 way/967297395,ok,2026-09-24
k-way87398463,,,Vedbæk Sydstrand,Vedbæk,,,,flydebro badebro badested bro sejlklub slæbested,7.5,5,,"55.8484405, 12.5720014",way/87398463 node/13994534303 node/3052468060 way/151784666 way/25563234,ok,2026-09-24
k-node11139470918,,,Green Kayak,Nordhavn,,,,kajakklub badebro vinterbad badested bro sejlklub slæbested,7.0,9,,"55.7180848, 12.5880841",node/11139470918 node/7477652061 node/11789627164 node/1864241350 way/175841570 way/609539126 way/609539127 way/609539128 way/609539129,ok,2026-09-24
k-node12462905430,lovende,flydebro,Sølystparken,Sandmark,"56.1758946, 9.5338910",Offentlig park med badested: lille flydebro ved stranden og stor træbro/platform ca. 50 m mod vest. Sø med læ. Grønt vand tæt på land kan betyde lavt vand/planter – tjek dybden.,2026-09-24,flydebro badebro badested bro slæbested,7.0,7,,"56.1758976, 9.5338695",node/12462905430 way/1347302178 node/13979833817 node/1849109593 way/464708191 way/464708198 way/464708200,ok,2026-09-24
k-node12512348349,på kortet,,Esbjerg Roklub,Strandby,,,,flydebro kajakklub roklub bro havn,7.0,10,spot-14,"55.4816464, 8.4116250",node/12512348349 way/1132500306 way/694018126 way/694018127 way/694018128 way/694018130 node/4157898868 way/1288411512 node/746332826 way/1251321550,ok,2026-09-24
k-node12567483519,på kortet,,Horsens Kajakklub,Næsset,,,,flydebro kajakklub roklub bro slæbested,7.0,16,horsens-kajakklub,"55.8588766, 9.8751963",node/12567483519 node/3227932053 way/316649713 way/316649714 way/616331214 way/316649710 way/1472381927 way/1472381928 way/1472381929 way/316649711 way/316649712 way/40983755 way/616331209 way/616331211 way/616331215 way/616331217,ok,2026-09-24
k-node2902713463,,,Nykøbing Mors Roklub,Nykøbing Mors,,,,flydebro roklub badebro badested bro,7.0,6,,"56.7946082, 8.8798183",node/2902713463 way/286592751 way/219351341 node/13919713045 way/1245777753 way/166097595,ok,2026-09-24
k-relation8450762,,,Sluseholmen Havnebad,Ørestad,,,,flydebro badebro havnebad badested bro,7.0,9,,"55.6465955, 12.5539448",relation/8450762 way/608190748 way/141641313 way/1112214390 way/111585365 way/608190713 way/608190726 way/918516692 way/918516693,ok,2026-09-24
k-way1002341571,,,Servicekaj,Bogense,,,,flydebro bro havn sejlklub slæbested,7.0,16,,"55.5656712, 10.0791978",way/1002341571 way/1002341572 way/1002341573 node/2870329926 way/1002341546 way/1002341547 way/1002341548 way/1002341549 way/1002341550 way/1002341551 way/1002341552 way/1002345130 way/140319253 way/173540315 way/253813604 way/253813606,ok,2026-09-24
k-way1080011705,,,Ribe Roklub,Ribe,,,,flydebro roklub bro havn slæbested,7.0,4,,"55.3315797, 8.7579591",way/1080011705 node/9899600564 way/59990175 way/59990169,ok,2026-09-24
k-way111685002,på kortet,,Roskilde Fjords Kajakklub,Veddelev,,,,flydebro kajakklub bro havn slæbested,7.0,9,spot-10,"55.6781993, 12.0698279",way/111685002 way/325345072 node/3320142648 node/1390724818 way/111934414 way/291804999 way/325345073 way/43308596 way/567647108,ok,2026-09-24
k-way1155990367,,,myKayak,Christianshavn,,,,flydebro badebro badested udlejning bro,7.0,5,,"55.6710336, 12.5783058",way/1155990367 node/1146193476 node/9945685341 way/128320238 way/920683598,ok,2026-09-24
k-way1461788304,lovende,flydebro,Bryrup Søbad,Bryrup,"56.0204355, 9.5169792","Bryrup Søbad/vinterbad ved Kvindsø: flydebro i bue (58 m) og en separat flydebro (18 m). Rolig sø med mørkt, dybt vand ud for broerne.",2026-09-24,flydebro badebro vinterbad badested bro,7.0,3,,"56.0205434, 9.5170221",way/1461788304 way/1461788664 node/13979862012,ok,2026-09-24
k-way150201609,,,Dragør Roklub,Dragør,,,,flydebro roklub bro sejlklub slæbested,7.0,14,,"55.5949269, 12.6747931",way/150201609 way/158292616 way/158292622 way/158292625 way/308553577 node/3717597282 node/3717597283 node/3717597285 node/3717597286 node/3726133425 node/8595397756 way/150201598 way/151647858 way/316319467,ok,2026-09-24
k-way210460299,på kortet,,Roklubben Furesø,Farum,,,,flydebro roklub vinterbad bro havn,7.0,12,vinterbadeklubben-furesoe,"55.8029409, 12.3879220",way/210460299 way/210460301 way/210460307 way/210460308 way/210460310 node/2290451515 node/5163379132 node/719419925 node/1506837903 way/210460296 way/625779445 way/904030701,ok,2026-09-24
k-way228644759,,,Høruphav Ro- og Kajakklub,Høruphav,,,,flydebro kajakklub roklub bro slæbested,7.0,9,,"54.9075808, 9.8909530",way/228644759 way/228644758 node/450656977 way/38236315 way/38236316 way/38236318 way/38236320 way/837256150 way/918186264,ok,2026-09-24
k-way228645443,,,Kollund Roklub,Kollund Strand,,,,flydebro roklub bro havn slæbested,7.0,4,,"54.8372804, 9.4454284",way/228645443 node/2373037313 node/11782380988 node/1313600483,ok,2026-09-24
k-way255712827,på kortet,,Vestermøllebroen,Højdedraget,,,,flydebro vinterbad bro sejlklub slæbested,7.0,6,skanderborg-junior-sejlklub,"56.0277467, 9.9569189",way/255712827 node/12794587810 node/12651808942 node/2613848983 way/49309014 way/902545129,ok,2026-09-24
k-way277071464,på kortet,,Amager Ro- og kajakklub,Ballonparken,,,,flydebro kajakklub roklub bro slæbested,7.0,12,amager-ro-og-kajakklub,"55.6548625, 12.5634480",way/277071464 way/316317157 way/316317946 way/1205696229 way/227478732 way/227478734 way/277071461 way/277071466 way/316317984 way/316317985 way/316317986 way/607958921,ok,2026-09-24
k-way286593233,,,Frederikshavn Roklub,Apholmen,,,,flydebro kajakklub roklub bro slæbested,7.0,17,,"57.4642833, 10.5356500",way/286593233 way/712109859 way/96295601 way/96295607 way/96295632 way/96295642 way/96295664 way/113958032 way/113958033 way/286593234 way/343782153 way/343782154 way/343782155 way/459374259 way/712109858 way/96295636 way/96295638,ok,2026-09-24
k-way291168261,,,Roklubben Øresund,Kastrup,,,,flydebro kajakklub roklub bro havn,7.0,18,,"55.6339300, 12.6549939",way/291168261 node/3224337489 way/151651558 way/151651559 way/27115742 way/291168262 way/429460048 way/429460049 way/429460050 way/429460051 way/429460053 way/429460054 way/429460055 way/429460056 way/429460057 way/429460058 way/450128287 way/914540397,ok,2026-09-24
k-way316234744,,,Skovshoved Roklub,Skovshoved,,,,flydebro roklub bro sejlklub slæbested,7.0,9,,"55.7628649, 12.6001276",way/316234744 way/316234745 node/3223462425 node/11953308216 node/3223462424 node/3223462426 node/3854683419 way/383657591 way/43109704,ok,2026-09-24
k-way316318971,på kortet,,Skive Roklub,Skive,,,,flydebro roklub bro sejlklub slæbested,7.0,8,skive-roklub,"56.5741193, 9.0533347",way/316318971 node/1239175622 node/13019185857 way/1083528827 way/316318973 way/316318974 way/97705645 way/97705658,ok,2026-09-24
k-way316640351,på kortet,,Saxkjøbing Roklub,Sakskøbing,,,,flydebro roklub bro havn slæbested,7.0,12,spot-3,"54.8028720, 11.6340083",way/316640351 way/316640352 way/316640368 way/316640369 way/316640370 way/316640371 way/316640372 way/316640362 way/1038341980 way/316640363 way/316640364 way/316640367,ok,2026-09-24
k-way316663275,,,Løgstør Ro & Kajakklub,Løgstør,,,,kajakklub roklub badebro vinterbad badested bro havn,7.0,12,,"56.9665803, 9.2440645",way/316663275 way/386399657 way/385217056 node/13976190114 way/1038326480 way/1196309515 way/1196309518 way/495735331 way/495735332 way/495735333 way/495735334 way/949483176,ok,2026-09-24
k-way316891086,,,Strib Ro- og Kajakklub,Rudbækshave,,,,flydebro kajakklub roklub bro slæbested,7.0,5,,"55.5346233, 9.7680697",way/316891086 way/88455415 way/1060146701 way/316891087 way/316891089,ok,2026-09-24
k-way343785847,,,Skagen Baadelaug,Kappelborg,,,,flydebro bro havn sejlklub slæbested,7.0,13,,"57.7151831, 10.5876814",way/343785847 way/343785849 way/343785854 way/483487971 way/483487972 way/483487974 way/483487976 way/483487979 way/483487980 node/1755095782 way/1036639877 way/1204655714 way/343785853,ok,2026-09-24
k-way364640087,,,B&W Roklub,Indre By,,,,flydebro roklub bro havn slæbested,7.0,11,,"55.6939291, 12.5982521",way/364640087 way/364640089 way/364640090 way/364640091 way/432975942 way/432975943 way/432975944 node/3224307434 node/3224307864 way/27201116 way/316320456,ok,2026-09-24
k-way407485327,,,Læsø Roklub,Vesterø Havn,,,,flydebro roklub bro havn slæbested,7.0,17,,"57.2962430, 10.9253130",way/407485327 way/407485333 way/407486108 way/407486658 way/309257240 node/4095367994 way/317010660 way/317188853 way/317188857 way/407485329 way/407485332 way/407485334 way/407485336 way/407486110 way/407486653 way/407486654 way/407486656,ok,2026-09-24
k-way436834941,på kortet,,Aalborg Kajakklub,Vestbyen,,,,flydebro kajakklub roklub bro slæbested,7.0,16,aalborg-roklub,"57.0577793, 9.9062525",way/436834941 way/436834942 way/436834943 way/436834944 way/436834945 way/436834946 node/12287549401 way/1493614109 way/1493614110 way/1493614111 way/1493614112 node/3887301697 node/4346963059 node/4346963063 node/4346963064 node/4346963065,ok,2026-09-24
k-way56053396,,,A,Årøsund,,,,flydebro sup bro havn slæbested,7.0,12,,"55.2628286, 9.7080064",way/56053396 way/56053399 way/56053408 node/13011967506 node/703580874 way/1486980838 way/1486980839 way/1486980840 way/56053400 way/56053407 way/608726481 way/608726486,ok,2026-09-24
k-way923195852,på kortet,,Østre Søbad,Sydbyen,,,,flydebro badebro vinterbad badested bro,7.0,6,almind-soe-oestre-soebad,"56.1475119, 9.5559004",way/923195852 way/923195853 node/12525932278 node/13979796498 node/8593151232 way/69272513,ok,2026-09-24
k-node11486138944,på kortet,,Struer Havn,Struer,,,,flydebro bro havn sejlklub,6.5,10,spot-17,"56.4945120, 8.5915812",node/11486138944 way/1236847662 node/13013581783 node/9555514943 way/1050545427 way/171026422 way/171026424 way/171026427 way/171026428 way/457413680,ok,2026-09-24
k-node11491236232,på kortet,,Lemvig Roklub,Holmsøre,,,,flydebro roklub bro slæbested,6.5,7,lemvig-roklub,"56.5632327, 8.2975146",node/11491236232 way/906572582 node/11491236222 way/286593666 way/286593667 way/286593668 way/286593669,ok,2026-09-24
k-node11621785122,,,Agger Vandshelter,Agger,,,,flydebro roklub bro havn,6.5,13,,"56.7776221, 8.2562198",node/11621785122 node/3228065251 way/1250210350 way/316664853 way/148105343 way/102609861 way/102609866 way/102609868 way/102609875 way/1038326483 way/1250210351 way/526175297 way/526175298,ok,2026-09-24
k-node12327022995,,,Odense Sejlklub,Stige,,,,flydebro bro sejlklub slæbested,6.5,8,,"55.4387853, 10.4248146",node/12327022995 way/1332440151 way/120020793 way/240058822 way/387311329 way/409972543 way/409972545 way/903648971,ok,2026-09-24
k-node12345686714,,,Sønderborg Roklub,Sønderborg,,,,flydebro roklub bro havn,6.5,9,,"54.9180321, 9.7711769",node/12345686714 way/228636107 way/228636106 way/238562763 way/1039251393 way/316655918 way/349912042 way/349912045 way/349912046,ok,2026-09-24
k-node12347727558,,,Augustenborg Roklub,Ny Stavnsbøl,,,,flydebro roklub bro slæbested,6.5,5,,"54.9417730, 9.8560050",node/12347727558 way/1334673195 way/293658772 way/1334673196 way/293658777,ok,2026-09-24
k-node12452837486,måske,flydebro,Silkeborg Søcamping,Søholt,"56.1718065, 9.5750784",Flydebro (41 m) ved Silkeborg Søcamping på Silkeborg Langsø. Broen går gennem et bælte med grønne planter langs bredden; adgang evt. kun for campinggæster.,2026-09-24,flydebro badebro badested bro,6.5,3,,"56.1718125, 9.5750623",node/12452837486 way/427003853 node/13979821174,ok,2026-09-24
k-node12463170005,lovende,flydebro,Kano- og Kajakklubben Gudenaa,Randers,"56.4574669, 10.0203167",Kano- og kajakklub med flydebro langs Gudenåen (ca. 80–100 m bred) og endnu en flydebro i det lille bassin. Obs: strøm i åen.,2026-09-24,flydebro kajakklub bro slæbested,6.5,8,,"56.4574491, 10.0203167",node/12463170005 way/902937682 way/1199458598 node/11125039954 way/1199454709 way/1199454710 way/902929337 way/902929338,ok,2026-09-24
k-node12511867034,,,Frihedsbroen,Københoved,,,,flydebro badebro badested bro,6.5,4,,"55.4352015, 9.1092497",node/12511867034 way/964426791 node/10892018589 way/964426792,ok,2026-09-24
k-node6875205363,,,Skaven Strand,Skaven Strand,,,,flydebro badebro badested bro,6.5,4,,"55.8929874, 8.3568350",node/6875205363 way/734140004 way/734140005 node/13975157234,ok,2026-09-24
k-node7216749113,måske,flydebro,Voer Færgeleje,Mellerup,"56.5195731, 10.2316805","Lille flydebro (ca. 10–20 m) ved Voer Færgeleje på Randers Fjord. Åbent vand, men færgetrafik og mulig strøm.",2026-09-24,flydebro bro havn slæbested,6.5,5,,"56.5195701, 10.2316751",node/7216749113 way/1200044146 way/772940423 node/8449053052 way/484233261,ok,2026-09-24
k-relation10907937,,,Rønne Roklub,Rønne,,,,flydebro roklub bro havn,6.5,7,,"55.1044016, 14.6913741",relation/10907937 way/137991065 relation/10907938 way/137989801 way/137991062 way/683313083 way/683313084,ok,2026-09-24
k-way1002317603,på kortet,,Klintebjerg Havn,Klintebjerg,,,,flydebro bro havn slæbested,6.5,13,klintebjerg-havn,"55.4782545, 10.4526963",way/1002317603 way/976119660 node/4118406988 node/9250691844 way/1002319501 way/1002319502 way/120028999 way/352874743 way/352874744 way/409975205 way/409975206 way/409975207 way/976119661,ok,2026-09-24
k-way1013492891,,,Badezone Teglholm Brygge,Vesterbro,,,,flydebro badebro badested bro,6.5,4,,"55.6512365, 12.5466867",way/1013492891 way/1074338181 relation/12580066 way/1013492890,ok,2026-09-24
k-way1028757625,på kortet,,Bro 12,Aarhus,,,,flydebro bro havn sejlklub,6.5,10,fiskerikajen-aarhus,"56.1659402, 10.2227726",way/1028757625 way/1028761881 way/1028762942 way/40773465 way/89124550 node/11980224619 node/11980236485 way/595219823 way/603926649 way/603926655,ok,2026-09-24
k-way112503683,nej,flydebro,Bro 3A,Bønnerup Strand,,Tæt pakket lystbådehavn: flydebroerne er fyldt med både og sejlrenderne er smalle. Ikke plads til at pumpe.,2026-09-24,flydebro bro havn slæbested,6.5,9,,"56.5320758, 10.7105851",way/112503683 way/143727861 node/3680529729 node/3680546617 way/112503673 way/363944701 way/363951807 way/363951811 way/513051503,ok,2026-09-24
k-way1149830089,på kortet,,Aarhus Ø Havnebad,Aarhus,,,,flydebro badebro havnebad bro,6.5,3,det-groenne-fyr,"56.1630544, 10.2266695",way/1149830089 node/11813300935 relation/8347699,ok,2026-09-24
k-way1163665013,,,Badebro,Aabenraa,,,,flydebro badebro badested bro,6.5,5,,"55.0332385, 9.4239062",way/1163665013 way/49143759 node/13987433721 way/611800112 way/611800113,ok,2026-09-24
k-way1202448668,,,8,Nordhavn,,,,flydebro udlejning bro sejlklub,6.5,3,,"55.7194605, 12.6000654",way/1202448668 way/1084297311 node/11155391225,ok,2026-09-24
k-way1210050975,,,,Hvalpsund,,,,flydebro badebro badested bro,6.5,6,,"56.7002155, 9.1905322",way/1210050975 way/1210067283 way/100115172 way/1210050485 way/484233267 way/937857787,ok,2026-09-24
k-way124419772,,,Gamle Havn,Ringkøbing,,,,flydebro bro havn sejlklub,6.5,21,,"56.0868169, 8.2395555",way/124419772 way/124419792 node/11514195932 node/11514195934 node/13013574332 node/9555530972 way/1086676273 way/1106639191 way/1106639198 way/1106639199 way/1106639201 way/124419774 way/124419776 way/124419779 way/124419785 way/124419797 way/124425642 way/132961603 way/1518760750 way/635714574 way/635714589,ok,2026-09-24
k-way1258262532,,,Bro D,tidl. Den Sorte Badeanstalt,,,,flydebro bro havn slæbested,6.5,11,,"54.8994000, 9.7941520",way/1258262532 node/1917792397 way/26005146 way/26222492 way/26222493 way/26222495 way/26222496 way/447098391 way/832741570 way/832741571 way/832741572,ok,2026-09-24
k-way1262911720,på kortet,,Bro 8,Aarhus,,,,flydebro bro sejlklub slæbested,6.5,24,marselisborg-lystbaadehavn-2,"56.1393730, 10.2181557",way/1262911720 way/992275695 way/992275696 way/992275701 way/992275702 way/992275705 way/992275706 way/992275707 way/992275708 way/992275709 way/992275710 way/992275711 way/992275712 way/992275713 node/10202640566 node/2980708385 way/118934010 way/118934012 way/992275685 way/992275686 way/992275687 way/992275688 way/992275700 way/992275714,ok,2026-09-24
k-way1271506543,,,Flydende lejrplads i Møllekrogen,Manderup,,,,flydebro bro havn slæbested,6.5,5,,"55.7399144, 11.9893425",way/1271506543 node/3639521123 way/1156303292 way/116350924 way/731868205,ok,2026-09-24
k-way1272220883,,,Tirsbæk,Bredballe,,,,flydebro badebro badested bro,6.5,4,,"55.7084579, 9.6322087",way/1272220883 node/13917832219 way/495645914 way/850955567,ok,2026-09-24
k-way1288411513,,,Aqtiv,Fovrfeld,,,,flydebro badebro badested bro,6.5,2,,"55.4837793, 8.4162616",way/1288411513 way/1211644582,ok,2026-09-24
k-way130128400,,,Kvie Sø,Ålling,,,,flydebro badebro badested bro,6.5,5,,"55.7271819, 8.7706618",way/130128400 way/130128401 way/130128402 node/13986440677 way/130742529,ok,2026-09-24
k-way1307272041,på kortet,,Brøndby Ro- og Kajakklub,Avedøre Holme,,,,flydebro kajakklub roklub bro,6.5,13,broendby-kajakklub,"55.6107043, 12.4437635",way/1307272041 way/1307272042 way/316891373 way/1307272038 way/1307272039 way/1307272040 way/1307272043 way/157759779 way/157759780 way/157759782 way/25544861 way/25544862 way/608399275,ok,2026-09-24
k-way1308856279,,,Badezone Byskoven,Avedøre Holme,,,,flydebro badebro badested bro,6.5,4,,"55.6218976, 12.5231822",way/1308856279 way/1308856280 way/1308856865 way/1308856278,ok,2026-09-24
k-way1308856729,,,La Banchina Badezone,Indre By,,,,flydebro badebro badested bro,6.5,6,,"55.6899181, 12.6100389",way/1308856729 way/1308857598 way/1308857600 way/1308857601 way/690828339 way/1308857599,ok,2026-09-24
k-way1316364953,,,Snekkersten Havn,Snekkersten,,,,flydebro bro havn slæbested,6.5,11,,"56.0086596, 12.5892952",way/1316364953 node/3567550915 way/119914588 way/119914589 way/119914590 way/1316364952 way/429444665 way/429445363 way/429445364 way/429445365 way/429445366,ok,2026-09-24
k-way1330138489,på kortet,,Frederiksdal Fribad,Frederiksdal,,,,flydebro badebro badested bro,6.5,2,spot-13,"55.7863087, 12.4434750",way/1330138489 node/12828824046,ok,2026-09-24
k-way1340017335,,,Brejning Lystbådehavn,Brejning Strand,,,,flydebro bro havn slæbested,6.5,11,,"55.6741145, 9.6904489",way/1340017335 way/1340017337 way/166870689 way/283118098 way/283118099 way/283118100 way/416576146 way/416576148 way/416576153 way/416576157 way/482203164,ok,2026-09-24
k-way1385554211,,,Christiania Beach,Christianshavn,,,,flydebro badebro badested bro,6.5,2,,"55.6789558, 12.6089116",way/1385554211 node/12828107073,ok,2026-09-24
k-way1461482213,måske,flydebro,Gjersø Nord,Gjessø,"56.1149216, 9.4958068","Badested med lille flydebro ved Gjessø, men søen er lille (ca. 150 m) og ser ud til at have meget grøn vækst.",2026-09-24,flydebro badebro badested bro,6.5,2,,"56.1149216, 9.4958068",way/1461482213 node/13979852144,ok,2026-09-24
k-way219356247,på kortet,,Kalundborg Roklub,Kalundborg,,,,roklub sup bro havn sejlklub slæbested,6.5,9,kalundborg-roklub,"55.6765242, 11.0725179",way/219356247 node/13020823249 node/2257909745 way/105666972 way/216446793 way/216446796 way/216446800 way/381159222 way/381159223,ok,2026-09-24
k-way25556692,,,Sejlklubben Triton,Nordhavn,,,,flydebro bro sejlklub slæbested,6.5,9,,"55.7233249, 12.6057681",way/25556692 way/25556708 way/25556728 way/996590763 way/1018178836 way/151773091 way/151773094 way/201480929 way/25556678,ok,2026-09-24
k-way277338375,på kortet,,Egå Rosport,Egå,,,,flydebro roklub bro slæbested,6.5,10,egaa-marina-roklubben,"56.2112129, 10.2897722",way/277338375 way/277338378 way/277338380 way/623355684 way/100430875 node/1161068754 way/100430919 way/277338377 way/42860244 way/88076729,ok,2026-09-24
k-way278984141,på kortet,,Bro 22,Aarhus,,,,flydebro bro sejlklub slæbested,6.5,6,aarhus-sejlsportscenter,"56.1688338, 10.2251963",way/278984141 node/3251981843 way/278984145 way/278984146 way/40443559 way/540068348,ok,2026-09-24
k-way287287493,,,Fredensborg Roklub,Lille Sørup,,,,flydebro roklub bro slæbested,6.5,9,,"55.9764492, 12.3783011",way/287287493 way/287287495 way/608012318 way/219471442 way/287287580 way/608012291 way/608012292 way/608012319 way/904027118,ok,2026-09-24
k-way287292786,,,Hundested Roklub,Lynæs,,,,flydebro roklub bro slæbested,6.5,5,,"55.9539974, 11.8509218",way/287292786 way/219047524 way/287292788 way/287292789 way/317632107,ok,2026-09-24
k-way287518086,,,Bådlauget Halvtolv,Christianshavn,,,,flydebro roklub bro slæbested,6.5,6,,"55.6778310, 12.6069240",way/287518086 way/28075602 way/176017533 way/178087073 way/287518087 way/287518088,ok,2026-09-24
k-way297639626,,,Havnebadet Islands Brygge,Christianshavn,,,,flydebro havnebad udlejning bro,6.5,3,,"55.6693257, 12.5786128",way/297639626 way/264480818 way/297639625,ok,2026-09-24
k-way304558219,,,Mommark Marina,Mommark,,,,flydebro bro havn slæbested,6.5,19,,"54.9327922, 10.0438387",way/304558219 way/304558220 way/304558221 way/304558224 way/304558229 way/304558230 way/304558231 way/304558232 way/304558233 way/348680638 way/304558222 way/304558223 way/304558225 way/304558226 way/304558227 way/304558228 way/304558234 way/616099061 way/616099062,ok,2026-09-24
k-way316093624,på kortet,,Aarhus Rostadion,Brabrand,,,,flydebro roklub bro slæbested,6.5,7,brabrand-soe-rostadion,"56.1497671, 10.1084619",way/316093624 way/316093625 way/307125261 node/8418388508 way/1065427266 way/1118014258 way/1118014259,ok,2026-09-24
k-way316240391,på kortet,,Nivå Ro- og Kajakklub,Nivå,,,,flydebro kajakklub roklub bro,6.5,8,nivaa-kajakklub,"55.9386792, 12.5254228",way/316240391 way/445062880 way/103329592 way/103329593 way/25563359 way/25563362 way/445062876 way/445062879,ok,2026-09-24
k-way316361017,på kortet,,Nykøbing Falster Roklub,Nykøbing Falster,,,,flydebro roklub bro havn,6.5,10,spot,"54.7715097, 11.8614281",way/316361017 way/316361019 way/1038341977 way/112505968 way/112505969 way/112505970 way/131551397 way/316361016 way/316361021 way/907246960,ok,2026-09-24
k-way316643284,på kortet,,Stubbekøbing Roklub,Stubbekøbing,,,,flydebro roklub bro slæbested,6.5,6,spot-4,"54.8917130, 12.0379707",way/316643284 way/316643287 way/316643281 way/316643289 way/316643292 way/316643294,ok,2026-09-24
k-way316888674,på kortet,,Assens Roklub,Assens,,,,flydebro roklub bro slæbested,6.5,6,spot-19,"55.2709319, 9.8841223",way/316888674 way/251679133 way/317011869 way/317011871 way/317011874 way/317011877,ok,2026-09-24
k-way317013048,på kortet,,Randers Roklub,Randers,,,,flydebro roklub bro slæbested,6.5,8,randers-roklub,"56.4622233, 10.0552807",way/317013048 way/317013049 way/317013052 way/317013047 way/317013050 way/317013051 way/568946790 way/568946792,ok,2026-09-24
k-way317013057,på kortet,,Restaurant Sejlklubben,Randers,,,,flydebro bro havn sejlklub,6.5,4,randers-roklub,"56.4622960, 10.0530439",way/317013057 node/4284104794 way/1036638270 way/317013058,ok,2026-09-24
k-way317213973,,,Ruderverein Hoyer,Siltoft,,,,flydebro roklub bro havn,6.5,11,,"54.9552688, 8.6879960",way/317213973 way/317213182 way/1038336908 way/903758798 way/903758801 way/903758802 way/903758803 way/903758804 way/903758805 way/903758806 way/903758812,ok,2026-09-24
k-way330724399,,,Lyngby Dameroklub,Nybro,,,,flydebro roklub bro slæbested,6.5,5,,"55.7708099, 12.4881611",way/330724399 way/330724400 way/224714588 way/224714589 way/330724401,ok,2026-09-24
k-way338863902,,,Maste bro,Nordby,,,,flydebro roklub bro havn,6.5,6,,"55.4436770, 8.4071842",way/338863902 node/1201378072 way/338927715 way/338927716 way/338927717 way/635911683,ok,2026-09-24
k-way398036462,,,Thisted Lystbådehavn,Thisted,,,,flydebro bro havn slæbested,6.5,17,,"56.9527696, 8.6946657",way/398036462 node/2246132464 node/9310179694 way/1009053519 way/1009053521 way/169542864 way/169542866 way/169542867 way/398036460 way/398036461 way/398036463 way/398036464 way/398036465 way/398036467 way/398036468 way/398036469 way/398036470,ok,2026-09-24
k-way424872623,,,Store Økssø,Rebild,,,,flydebro badebro badested bro,6.5,2,,"56.8030636, 9.8724900",way/424872623 node/13854291549,ok,2026-09-24
k-way445062878,på kortet,,Nivå Havn,Sletten,,,,flydebro bro havn slæbested,6.5,6,nivaa-kajakklub,"55.9390188, 12.5280374",way/445062878 node/1144196977 way/1164962584 way/1304502005 way/1467465653 way/151865646,ok,2026-09-24
k-way489207597,,,Haraldsted Lillesø,Ejlstrup Huse,,,,flydebro badebro badested bro,6.5,3,,"55.4820051, 11.7407056",way/489207597 node/13919451968 way/489207596,ok,2026-09-24
k-way512822272,,,Nexø,Nexø,,,,flydebro bro havn slæbested,6.5,4,,"55.0622042, 15.1350500",way/512822272 node/431046826 node/5910308880 way/902224233,ok,2026-09-24
k-way604472398,,,Nyord Havn,Nyord,,,,flydebro bro havn slæbested,6.5,4,,"55.0392828, 12.1926873",way/604472398 node/5833860206 way/1347044749 way/911522724,ok,2026-09-24
k-way609381862,,,41789 Sejlklubvej,Ørestad,,,,flydebro bro havn sejlklub,6.5,9,,"55.6372357, 12.5421630",way/609381862 node/13730006169 node/3976573845 way/4420260 way/4420262 way/4420263 way/4420266 way/4420268 way/450128283,ok,2026-09-24
k-way649217079,,,Holbæk Bådelaug,Holbæk,,,,flydebro bro havn slæbested,6.5,6,,"55.7207378, 11.7243354",way/649217079 way/122574674 way/215606672 way/215606675 way/616561763 way/616561765,ok,2026-09-24
k-way669672083,på kortet,,Kajakklubben Strømmen,Middelfart,,,,flydebro kajakklub bro slæbested,6.5,17,middelfart-kajakklub,"55.4925679, 9.7291596",way/669672083 way/669672084 node/6271256656 way/325284525 node/7734662252 way/47093435 way/47095976 way/58485155 way/828548101 way/828548102 way/828548103 way/828548106 way/828548118 way/828548127 way/828548128 way/828548129 way/828548131,ok,2026-09-24
k-way74074307,,,Grevebroen,Strynø By,,,,flydebro bro havn slæbested,6.5,6,,"54.9037632, 10.6279081",way/74074307 way/237586885 way/237586886 way/285819399 way/74074363 way/74216584,ok,2026-09-24
k-way915879409,,,Skærbæk Lystbådehavn,Skærbæk,,,,flydebro bro havn slæbested,6.5,9,,"55.5119169, 9.6272357",way/915879409 node/1524569629 node/725174252 way/139093800 way/139093801 way/139093802 way/139093803 way/58509663 way/58509670,ok,2026-09-24
k-way963693825,,,Ishøj Roklub,Ishøj,,,,flydebro roklub bro slæbested,6.5,6,,"55.6072955, 12.3808453",way/963693825 way/157467558 way/157467585 way/316732458 way/316732459 way/714511834,ok,2026-09-24
k-way970960771,,,Karrebæksminde Inderhavn,Karrebæksminde,,,,flydebro bro havn slæbested,6.5,15,,"55.1777481, 11.6520178",way/970960771 way/970960772 node/8986224008 way/146787104 way/921294618 way/970960766 way/970960767 way/970960768 way/970960769 way/970960770 way/970960773 way/970960774 way/970960775 way/970960778 way/970960779,ok,2026-09-24
k-node11252538011,på kortet,,Odense Kajakklub,Stige,,,,flydebro kajakklub bro,6.0,12,odense-kajakklub-2,"55.4408396, 10.4221000",node/11252538011 node/11252538013 node/11252538017 way/1214497783 way/1214497784 way/1214497785 way/1214497786 way/1214497787 way/1214497788 way/240058816 way/120020790 way/387311330,ok,2026-09-24
k-node11364237384,,,Røjklit Havn,Søgårde,,,,flydebro bro havn,6.0,22,,"56.1439923, 8.1763603",node/11364237384 way/964378404 way/378002011 way/901097218 way/901097219 way/901097220 way/901097221 way/901097222 way/901097223 way/901097224 way/901097225 way/901097226 way/901097227 way/901097228 way/901097229 way/901097230 way/901097231 way/901097232 way/901097233 way/901097234 way/901097235 way/901097236,ok,2026-09-24
k-node11370998555,på kortet,,Bork Havn,Kirkehøj,,,,flydebro bro havn,6.0,15,spot-15,"55.8501373, 8.2775149",node/11370998555 way/1226184843 way/277147135 way/277147137 way/277147148 way/277147149 way/277147150 way/277147151 way/277497869 way/277497870 way/277497871 way/42030711 way/544757866 way/902528780 way/902528781,ok,2026-09-24
k-node11434532136,,,Tambohus Naturhavn,Tambohuse,,,,flydebro bro havn,6.0,8,,"56.6360685, 8.5943514",node/11434532136 way/1232636615 node/3669089368 way/1216406022 way/1216406023 way/1216406024 way/417354780 way/417354783,ok,2026-09-24
k-node11443019498,,,Ho Havn,Sønderballe,,,,flydebro bro slæbested,6.0,4,,"55.5522850, 8.2384604",node/11443019498 way/1233247215 node/3761312084 way/1233247216,ok,2026-09-24
k-node11591236914,,,Ejerslev Havn Vandshelters,Ejerslev Lyng,,,,flydebro bro havn,6.0,10,,"56.9186052, 8.9215189",node/11591236914 node/11591236915 way/1246810439 way/1246810440 way/221210473 way/831117636 way/831117637 way/833246017 way/833246018 way/833246019,ok,2026-09-24
k-node11597971374,,,,Virksund,,,,flydebro bro slæbested,6.0,9,,"56.6062888, 9.2934399",node/11597971374 way/1247597888 way/1509404799 node/2246309421 way/1247597889 way/1509404798 way/1509404800 way/387036754 way/761757267,ok,2026-09-24
k-node11621781799,,,Doverodde Vandshelter,Doverodde,,,,flydebro bro havn,6.0,9,,"56.7173447, 8.4729434",node/11621781799 way/1250209126 node/2246132457 way/106798801 way/106798802 way/106798805 way/1250209127 way/768480752 way/768480753,ok,2026-09-24
k-node11621866483,,,Vilsund Vandshelter,Vilsund Vest,,,,flydebro bro slæbested,6.0,6,,"56.8812651, 8.6296688",node/11621866483 way/1250211596 node/6520482907 way/1250211597 way/694439976 way/694439977,ok,2026-09-24
k-node11621900437,,,Amtoft Vandshelter,Amtoft,,,,flydebro bro havn,6.0,17,,"57.0046083, 8.9436182",node/11621900437 way/1250216042 way/1004748407 way/1004748408 way/1004748410 way/1004748411 way/1004748412 way/1004748419 way/1004748420 way/1250216043 way/1490938680 way/1490938681 way/215201129 way/425131871 way/425131872 way/425131876 way/621690159,ok,2026-09-24
k-node11809476148,på kortet,,Munkebo Havn,Munkebo,,,,flydebro bro havn,6.0,3,munkebo-havn,"55.4555118, 10.5586402",node/11809476148 way/656616423 way/656641555,ok,2026-09-24
k-node12244192700,på kortet,,Thisted Roklub,Dragsbæk,,,,flydebro roklub bro,6.0,5,thisted-ro-og-kajakklub,"56.9496744, 8.6668864",node/12244192700 way/316728747 way/1195558788 way/151356582 way/316728748,ok,2026-09-24
k-node12281576015,,,Skeelslund,Vestergårde,,,,flydebro bro slæbested,6.0,3,,"57.1296206, 9.7364004",node/12281576015 way/1086801824 node/4475082215,ok,2026-09-24
k-node12321131544,,,Kano- og Kajakklubben Vejle Å,Vejle,,,,flydebro kajakklub bro,6.0,2,,"55.7018320, 9.5530586",node/12321131544 way/902975902,ok,2026-09-24
k-node12323229040,,,Mariager Kajakklub,Mariager,,,,flydebro kajakklub bro,6.0,4,,"56.6549787, 9.9784462",node/12323229040 way/188180632 way/533993998 way/1331901899,ok,2026-09-24
k-node12323786983,,,Rosborg Kanobro,Vejle,,,,flydebro kajakklub bro,6.0,2,,"55.7050835, 9.5164408",node/12323786983 way/1331963144,ok,2026-09-24
k-node12324242772,,,Tørskind Kanobro,Vork,,,,flydebro kajakklub bro,6.0,2,,"55.6504639, 9.3073938",node/12324242772 way/1332018694,ok,2026-09-24
k-node12324242797,,,Skibet Kanobro Øst,Skibet,,,,flydebro kajakklub bro,6.0,4,,"55.7014030, 9.4384977",node/12324242797 node/12324267214 way/1332018701 way/1332018705,ok,2026-09-24
k-node12325345201,,,Koldborg Kanobro,Vork,,,,flydebro kajakklub bro,6.0,2,,"55.6618121, 9.3174386",node/12325345201 way/1332136391,ok,2026-09-24
k-node12325348427,,,Vingsted Kanobro 1,Vingsted,,,,flydebro kajakklub bro,6.0,7,,"55.6765843, 9.3809727",node/12325348427 node/12325348448 node/12325348455 way/1097648724 way/1332139246 way/1332139252 way/1097648722,ok,2026-09-24
k-node12325397477,,,Haraldskær Kanobro,Haraldskær Fabrik,,,,flydebro kajakklub bro,6.0,2,,"55.6912231, 9.4098471",node/12325397477 way/1093822570,ok,2026-09-24
k-node12330505495,,,Kano- og Kajakbro Åparken,Kolding,,,,flydebro kajakklub bro,6.0,15,,"55.4882398, 9.4891868",node/12330505495 way/1332824996 way/1162270343 way/1162270344 way/1162270345 way/1162270346 way/1162270347 way/1162270348 way/1162270349 way/1162270350 way/1162270351 way/1162270352 way/1367978632 way/1367978633 way/1367978634,ok,2026-09-24
k-node12330604992,,,"Kano- og Kajakbro, Kolding Uddannelsescenter",Kolding,,,,flydebro kajakklub bro,6.0,3,,"55.4872301, 9.4800651",node/12330604992 way/1332830094 way/456654022,ok,2026-09-24
k-node12330621913,,,"Kano- og Kajakbro, Legen",Kolding,,,,flydebro kajakklub bro,6.0,4,,"55.4868501, 9.4765188",node/12330621913 way/1332830096 way/638442636 way/921968753,ok,2026-09-24
k-node12330665357,,,Kano- og Kajakbro I.P. Jensens Plads,Kolding,,,,flydebro kajakklub bro,6.0,3,,"55.4879626, 9.4736674",node/12330665357 way/1332834803 way/1332834801,ok,2026-09-24
k-node12330665369,,,"Kano- og Kajakbro, Duetten",Kolding,,,,flydebro kajakklub bro,6.0,3,,"55.4889651, 9.4699964",node/12330665369 way/749212017 way/1500790332,ok,2026-09-24
k-node12455776386,nej,flydebro,Hollandsbjerg,Hollandsbjerg,,Lille flydebro (11 m) i en smal kanal (ca. 15 m) med småbåde ved Randers Fjord. Ikke plads til at pumpe.,2026-09-24,flydebro bro slæbested,6.0,3,,"56.4923732, 10.2390788",node/12455776386 way/1346620972 node/5159514059,ok,2026-09-24
k-node12458500427,måske,flydebro,Kanaløen,Sædde,"56.5348693, 10.2286323","Lille havn på Kanaløen med flydebro (38 m) i et bassin mod Randers Fjord. Vandet ser lavt/brunt ud, og fjorden kan have strøm.",2026-09-24,flydebro bro havn,6.0,8,,"56.5348870, 10.2286484",node/12458500427 way/964656964 node/11818253407 way/964656961 way/964656962 way/964656963 way/964656965 way/964656968,ok,2026-09-24
k-node12460971175,på kortet,,Skanderborg Kulturhus,Skanderborg,,,,flydebro badebro bro,6.0,3,skanderborg-bybad,"56.0353486, 9.9346981",node/12460971175 way/1116522159 relation/12921279,ok,2026-09-24
k-node12463250730,måske,flydebro,Mellerup Lystbådehavn,Mellerup,"56.5235426, 10.2241805","Flydebro (ca. 13 m) uden for Mellerup Lystbådehavn ud mod Randers Fjord, ved færgelejet. Åbent vand, men færgetrafik og mulig strøm.",2026-09-24,flydebro bro havn,6.0,6,,"56.5235426, 10.2241805",node/12463250730 way/1347348493 node/4224617905 way/484233263 way/484233269 way/484233286,ok,2026-09-24
k-node12511890045,,,Vejen Fodboldgolf,Skodborghus,,,,flydebro kajakklub bro,6.0,6,,"55.4426123, 9.1491440",node/12511890045 way/1352288370 node/12854283278 way/1352288371 way/1352288372 way/1352288373,ok,2026-09-24
k-node12512348379,,,,Strandby,,,,flydebro bro slæbested,6.0,3,,"55.4801396, 8.4082530",node/12512348379 way/1352336668 node/6515938524,ok,2026-09-24
k-node1299376874,,,Kolding Kajak Klub,Kolding,,,,flydebro kajakklub bro,6.0,12,,"55.4880646, 9.4851702",node/1299376874 node/8930301497 way/114790677 way/965335042 relation/19417515 way/114790676 way/114790695 way/1162270339 way/1162270340 way/1162270341 way/1162270342 way/965335043,ok,2026-09-24
k-node13007104563,måske,bro,Silkeborg Kanocenter,Silkeborg,"56.1701291, 9.5546852","Kanocenter/kanoudlejning i Silkeborg Havn med lave broer, men smal og travl kanal med kanoer og turbåde.",2026-09-24,kajakklub roklub udlejning bro slæbested,6.0,10,,"56.1701351, 9.5546852",node/13007104563 way/238918841 way/248897253 way/248897286 node/1828245412 way/233437615 way/250119879 way/250119880 way/250119881 way/905031532,ok,2026-09-24
k-node1342048585,,,Kajakgaarden,Kolding,,,,kajakklub bro havn sejlklub slæbested,6.0,7,,"55.4947509, 9.4975223",node/1342048585 node/1342048586 node/1342048665 way/118700947 way/1224026966 way/29323991 way/29323992,ok,2026-09-24
k-node13981131773,,,Badebro ved Holte Roklub,Holte,,,,kajakklub roklub badebro badested bro,6.0,12,,"55.8156776, 12.4585226",node/13981131773 way/27349144 way/359601665 way/251833303 way/326272766 way/442904642 way/442904643 way/442904644 way/442904645 way/442904646 way/442904647 way/903768023,ok,2026-09-24
k-node3227948284,,,Juelsminde Sejlklub,Juelsminde,,,,roklub bro havn sejlklub slæbested,6.0,8,,"55.7154796, 10.0159077",node/3227948284 node/1313527746 node/9570159979 way/116537083 way/116537088 way/116537092 way/116537093 way/77512512,ok,2026-09-24
k-node7172135199,,,Jegindø Havn Nord,Bøl,,,,flydebro bro slæbested,6.0,8,,"56.6528827, 8.6375415",node/7172135199 way/1240379952 way/1240379950 way/1240379951 way/221619745 way/221619752 way/416998399 way/617288970,ok,2026-09-24
k-node8452973341,,,Varde Roklub,Kongsgård,,,,kajakklub roklub sup bro sejlklub,6.0,13,,"55.6165592, 8.4753272",node/8452973341 way/1308662112 way/316656737 way/316656738 way/378105253 way/778213846 way/902530005 way/902530006 way/902530007 way/902530008 way/902530009 way/902530010 way/902530011,ok,2026-09-24
k-node9788198881,nej,flydebro,Sol og Vandtrappen i Bjerringbro,Sønderbro,,"Lille flydebro ved vandtrappen i Bjerringbro, men Gudenåen er kun ca. 30–35 m bred her og har strøm.",2026-09-24,flydebro bro slæbested,6.0,5,,"56.3714805, 9.6588481",node/9788198881 node/8972495306 way/658119824 way/658119828 way/658119830,ok,2026-09-24
k-node9873751265,,,Arresø Flydeshelter,Nordhuse,,,,flydebro bro havn,6.0,6,,"55.9891964, 12.0847060",node/9873751265 node/9873751266 way/1076758336 way/251579842 way/903647572 way/903647573,ok,2026-09-24
k-node9999634113,,,Ravning Kano og Opholdsbro,Vork,,,,flydebro kajakklub bro,6.0,2,,"55.6715122, 9.3479265",node/9999634113 way/1091848931,ok,2026-09-24
k-way1009641272,,,3,Dragerup,,,,flydebro bro havn,6.0,6,,"55.7235859, 11.7590098",way/1009641272 way/212720564 way/212720574 node/2250804880 way/212720572 way/524172732,ok,2026-09-24
k-way1028763900,på kortet,,Bro 6,Aarhus,,,,flydebro bro slæbested,6.0,7,fiskerikajen-aarhus,"56.1651531, 10.2213196",way/1028763900 way/1028764509 way/40773453 way/41206003 way/278984143 way/41206000 way/487646315,ok,2026-09-24
k-way1028929626,lovende,flydebro,The Island,Ebeltoft,"56.1975681, 10.6728337","Flydebro (35 m) i Ebeltoft Museumshavn (ved Fregatten Jylland). Stort, beskyttet bassin med dybt vand og få både. Tjek havnens regler.",2026-09-24,flydebro bro havn,6.0,7,,"56.1976338, 10.6729303",way/1028929626 way/1117848604 node/5802446436 way/256294029 way/256294030 way/33969090 way/33969092,ok,2026-09-24
k-way105727896,,,Toldbodens Bådehavn,Indre By,,,,flydebro bro havn,6.0,2,,"55.6882002, 12.5995703",way/105727896 node/1422600147,ok,2026-09-24
k-way105997673,,,Roklubben Lillebælt,Snoghøj,,,,roklub badebro vinterbad badested bro,6.0,4,,"55.5169283, 9.6986324",way/105997673 node/12338922556 node/5299338330 way/164389269,ok,2026-09-24
k-way108849102,på kortet,,,Sundbyøster,,,,flydebro bro slæbested,6.0,9,sundby-kajakklub,"55.6656968, 12.6344269",way/108849102 way/108849003 way/108849027 way/108849047 way/108849063 way/108849084 way/108849101 way/429460977 way/507791808,ok,2026-09-24
k-way1133614818,på kortet,,Spodsbjerg Turistbådehavn,Spodsbjerg,,,,flydebro bro havn,6.0,11,spot-7,"54.9336712, 10.8331432",way/1133614818 node/2870465642 way/1133614815 way/1133614816 way/1133614817 way/26205042 way/26205044 way/26205046 way/26205047 way/26205048 way/26205049,ok,2026-09-24
k-way1148190301,,,Skagen Lystbådehavn,Kappelborg,,,,flydebro bro havn,6.0,6,,"57.7182247, 10.5887223",way/1148190301 way/123978639 way/483487966 way/483487967 way/483487968 node/2244918043,ok,2026-09-24
k-way1174959785,,,,Faaborg,,,,flydebro bro slæbested,6.0,9,,"55.0940879, 10.2356568",way/1174959785 way/1174959786 way/379780170 way/379780172 way/379785896 way/544385975 way/544385976 way/692533339 way/692533340,ok,2026-09-24
k-way1202448666,,,8,Nordhavn,,,,flydebro bro havn,6.0,3,,"55.7199092, 12.5976483",way/1202448666 way/1202448669 node/11155391224,ok,2026-09-24
k-way1210759488,lovende,badebro,Søbadet,Landsbyen Sølund,"56.0216382, 9.9267321","Søbad/vinterbad ved Skanderborg Sø med lang bro (ca. 75 m fast + flydende del i OSM). Åbent vand, men kan være vindudsat.",2026-09-24,flydebro vinterbad bro,6.0,4,,"56.0215243, 9.9269896",way/1210759488 node/9512891278 way/49613394 way/901861836,ok,2026-09-24
k-way1258196871,,,Haverslev Havn,Haverslev,,,,flydebro bro havn,6.0,5,,"57.0287070, 9.4026410",way/1258196871 node/2246091372 way/1258196872 way/215201127 way/436156066,ok,2026-09-24
k-way126542024,,,B,Østerbro,,,,flydebro bro havn,6.0,8,,"55.6969717, 12.5965155",way/126542024 way/126542027 way/126542030 way/126542031 way/126542033 way/126542041 node/1422600141 way/921258632,ok,2026-09-24
k-way1272082056,,,Udbyhøj Havns kjakklub,Udbyhøj Vasehuse,,,,flydebro kajakklub bro,6.0,13,,"56.6102011, 10.3031863",way/1272082056 way/1272082057 way/1272082058 way/1272082059 way/1272082060 node/11812505702 way/1272082055 way/1272082061 way/1272082062 way/1272082071 way/363976742 way/363976743 way/363976744,ok,2026-09-24
k-way1306082456,,,,Tissinghuse,,,,flydebro bro havn,6.0,10,,"56.7186432, 8.6270568",way/1306082456 way/1306082459 node/11039765130 way/1306082455 way/1306082458 way/1306082460 way/446149804 way/446149805 way/446149806 way/895042846,ok,2026-09-24
k-way1320467165,på kortet,,Hey Captain,Kødbyen,,,,flydebro udlejning bro,6.0,3,kalvebod-boelge,"55.6664742, 12.5704514",way/1320467165 node/12219392623 way/921982451,ok,2026-09-24
k-way134206361,,,,Skovshoved,,,,flydebro bro slæbested,6.0,7,,"55.7601624, 12.6003918",way/134206361 node/1646213530 way/151782261 way/165343922 way/383657590 way/383657595 way/43109702,ok,2026-09-24
k-way1353321729,på kortet,,Bro 13,Aarhus,,,,flydebro bro slæbested,6.0,8,kajak-og-kanoklubben-aarhus-traebaadshavn,"56.1674957, 10.2228378",way/1353321729 way/41205999 node/12522387962 node/12522387964 way/1353321732 way/278984148 way/40773472 way/603927336,ok,2026-09-24
k-way1391565583,på kortet,,Ebeltoft Ro- og Kajakklub,Ebeltoft,,,,kajakklub roklub bro havn slæbested,6.0,12,ebeltoft-ro-og-kajakklub,"56.1929965, 10.6690921",way/1391565583 node/5838994953 node/8425433785 node/8425433788 way/1124597572 way/169045213 way/409081790 way/409081791 way/506473473 way/541278931 way/613270754 way/907330671,ok,2026-09-24
k-way1412834474,på kortet,,,Søholt,,,,flydebro bro slæbested,6.0,6,aalborg-sejlklub,"57.0553991, 9.8723507",way/1412834474 way/25069191 way/25069206 way/91266551 way/91266597 node/272784186,ok,2026-09-24
k-way1511512560,,,Hundested Lystbådehavn,Hundested,,,,flydebro bro havn,6.0,10,,"55.9636440, 11.8444537",way/1511512560 node/8676128361 way/1204628476 way/1511512558 way/1511512559 way/1511512561 way/228204258 way/430119262 way/430119263 way/430119482,ok,2026-09-24
k-way165181333,måske,bro,Samsø Ro og Kajakklub,Stauns,"55.9112588, 10.6440731","Samsø Ro- og Kajakklub ved Langør Havn med bro ud i Stavns Fjord. Beskyttet vand, men ser lavt ud (lyst sandbund).",2026-09-24,kajakklub roklub bro havn slæbested,6.0,11,,"55.9112137, 10.6435098",way/165181333 node/12580940897 way/1034860591 way/1359211371 way/1359211375 way/1359211376 way/1359211377 way/1359211378 way/1359211380 way/1359211383 way/409070400,ok,2026-09-24
k-way174710968,,,Marstal Roklub,Marstal,,,,roklub bro havn sejlklub slæbested,6.0,8,,"54.8494659, 10.5228320",way/174710968 node/4719895032 way/117611350 way/140414334 way/237087526 way/58297191 way/58297195 way/58297197,ok,2026-09-24
k-way220296871,,,Farum Sø Bådudlejning,Farum,,,,flydebro udlejning bro,6.0,3,,"55.8053479, 12.3786366",way/220296871 way/220296873 node/9802302099,ok,2026-09-24
k-way228642013,,,Haderslev Roklub,Haderslev,,,,flydebro roklub bro,6.0,2,,"55.2476808, 9.4843119",way/228642013 way/224730694,ok,2026-09-24
k-way230392345,,,Hirtshals Marina,Hirtshals,,,,flydebro bro havn,6.0,3,,"57.5920818, 9.9561457",way/230392345 node/2244918039 way/230392349,ok,2026-09-24
k-way230392439,,,Hirtshals Havn,Hirtshals,,,,flydebro bro havn,6.0,7,,"57.5947479, 9.9590308",way/230392439 way/230392440 way/230392441 way/230392443 way/444934471 node/2244918038 way/230392442,ok,2026-09-24
k-way25556789,,,M3,Nordhavn,,,,flydebro bro sejlklub,6.0,3,,"55.7162838, 12.5865930",way/25556789 way/25556835 way/151773074,ok,2026-09-24
k-way25556796,,,02,Nordhavn,,,,flydebro bro havn,6.0,13,,"55.7161815, 12.5903866",way/25556796 way/25556798 way/25556800 way/25556802 way/324054953 way/429083137 way/429083138 node/280851389 way/1198451381 way/25556809 way/609532549 way/609532550 way/609532551,ok,2026-09-24
k-way26602614,,,Frederikssund Lystbådehavn,Gerlev Strandpark,,,,flydebro bro havn,6.0,10,,"55.8266653, 12.0576627",way/26602614 way/26602620 way/26602622 node/2250459808 way/110888810 way/184184384 way/915616738 way/915616752 way/915616753 way/915616754,ok,2026-09-24
k-way278984134,på kortet,,Bro 11,Aarhus,,,,flydebro bro sejlklub,6.0,3,fiskerikajen-aarhus,"56.1666428, 10.2212290",way/278984134 way/278984147 way/1145138433,ok,2026-09-24
k-way286589968,på kortet,,Skanderborg Roklub,Sølyst,,,,flydebro roklub bro,6.0,15,skanderborg-roklub,"56.0427017, 9.9311966",way/286589968 way/286589964 way/902552184 way/902552185 way/902552186 way/902552187 way/902552188 way/902552189 way/902552190 way/902552191 way/902552192 way/902552193 way/902552194 way/902552195 way/902552196,ok,2026-09-24
k-way288573536,,,Københavns Roklub,Vesterbro,,,,flydebro roklub bro,6.0,5,,"55.6589475, 12.5584323",way/288573536 way/288573539 way/288573540 way/118644700 way/288573542,ok,2026-09-24
k-way293913530,,,Bro 11,Rungsted,,,,flydebro bro havn,6.0,20,,"55.8851975, 12.5483823",way/293913530 way/25563269 way/363728029 way/363728041 way/363728046 way/363728057 way/363728059 way/363733157 way/363733162 way/363733163 way/363733165 way/363733167 way/363733953 way/363733955 way/364309947 way/912267193 way/913489777 way/913489778 way/913721069 way/913721071,ok,2026-09-24
k-way304635581,,,,Hals,,,,flydebro bro slæbested,6.0,6,,"56.9914796, 10.3068522",way/304635581 way/304635583 way/39069199 node/3506051801 way/304635578 way/503075848,ok,2026-09-24
k-way316355081,,,Maribo Roklub,Maribo,,,,flydebro roklub bro,6.0,6,,"54.7699487, 11.4965634",way/316355081 way/316355080 way/1227948934 way/902918927 way/902918928 way/903248860,ok,2026-09-24
k-way316733957,på kortet,,Munkebo Sejl- og Roklub,Munkebo,,,,flydebro roklub bro,6.0,2,munkebo-sejl-og-roklub,"55.4535484, 10.5543642",way/316733957 way/316733948,ok,2026-09-24
k-way316890902,på kortet,,Nyborg Roklub,Nyborg,,,,flydebro roklub bro,6.0,10,nyborg-roklub,"55.3060665, 10.7869834",way/316890902 way/169415908 way/126554092 way/126554094 way/126554096 way/126554097 way/211112006 way/211112008 way/316890904 way/705377790,ok,2026-09-24
k-way316891843,på kortet,,Korsør Roklub,Korsør,,,,flydebro roklub bro,6.0,3,korsoer-ro-og-kajakklub,"55.3338276, 11.1472866",way/316891843 way/219356317 way/316891844,ok,2026-09-24
k-way316892206,,,Køge Roklub,Køge,,,,flydebro roklub bro,6.0,6,,"55.4533368, 12.1944978",way/316892206 way/151637220 way/151637249 way/151637251 way/316892207 way/316892209,ok,2026-09-24
k-way316892368,,,Lindenborg Roklub,Lindenborg,,,,flydebro roklub bro,6.0,3,,"55.6533392, 11.9376141",way/316892368 way/424840358 way/424840359,ok,2026-09-24
k-way323738265,,,,Holbæk,,,,flydebro bro slæbested,6.0,4,,"55.7215006, 11.7135841",way/323738265 way/323738268 way/1477024632 way/1477024633,ok,2026-09-24
k-way457415674,,,Lemvig Havn,Lemvig,,,,flydebro bro havn,6.0,7,,"56.5511151, 8.3038243",way/457415674 node/9555516600 way/1237221196 way/286835364 way/457415346 way/457415672 way/457415673,ok,2026-09-24
k-way474621751,,,Kano og Kajakklubben Limfjorden,Lindholm,,,,flydebro kajakklub bro,6.0,4,,"57.0704069, 9.8943217",way/474621751 way/510718279 node/3802593279 way/474621752,ok,2026-09-24
k-way484233292,,,Hvalpsund Lystbådehavn,Hvalpsund,,,,flydebro bro havn,6.0,6,,"56.7042110, 9.2016323",way/484233292 node/1576917196 way/1185234958 way/484247391 way/99023308 way/99023315,ok,2026-09-24
k-way487646319,måske,flydebro,Aarhus Vandflyveplads,Aarhus,"56.1518063, 10.2505593","Flydebro (67 m) i beskyttet bassin ved den tidligere vandflyveplads på Aarhus Ø. Adgang/tilladelse uklar, tæt på færgehavnen.",2026-09-24,flydebro bro slæbested,6.0,2,,"56.1518063, 10.2505593",way/487646319 way/937984133,ok,2026-09-24
k-way517395048,,,Esbjerg Havn,Strandby,,,,flydebro bro havn,6.0,4,,"55.4750355, 8.4244270",way/517395048 way/517395049 way/1039249617 way/370395386,ok,2026-09-24
k-way56053405,,,D,Årøsund,,,,flydebro bro slæbested,6.0,8,,"55.2622279, 9.7101688",way/56053405 node/703573927 way/1486980841 way/224334182 way/56053397 way/56053401 way/56053402 way/56053406,ok,2026-09-24
k-way581316394,,,Havbadet,Skovshoved,,,,kajakklub badebro badested bro slæbested,6.0,7,,"55.7635915, 12.6021667",way/581316394 way/581316396 way/581316806 node/4319813286 way/518609469 way/558479758 way/558479759,ok,2026-09-24
k-way599518296,,,,Frederikssund,,,,flydebro bro slæbested,6.0,6,,"55.8281982, 12.0583722",way/599518296 way/599518297 way/110867231 way/110888803 way/110888806 way/110888808,ok,2026-09-24
k-way609381864,,,,Ørestad,,,,flydebro bro slæbested,6.0,6,,"55.6428762, 12.5413375",way/609381864 node/9350434554 node/9350434555 way/1466738536 way/593784542 way/609381865,ok,2026-09-24
k-way764331725,på kortet,,Skive Søsportshavn,Skive,,,,flydebro bro havn,6.0,3,skive-roklub,"56.5756716, 9.0546679",way/764331725 node/952175552 way/373573969,ok,2026-09-24
k-way766179029,på kortet,,Bro 6,Aarhus,,,,flydebro bro havn,6.0,20,marselisborg-lystbaadehavn,"56.1386434, 10.2163519",way/766179029 way/992275697 way/992275698 way/992275699 way/992275715 way/992275716 way/992275717 way/550725384 way/766179028 way/992275682 way/992275683 way/992275684 way/992275718 way/992275719 way/992275720 way/992275721 way/992275722 way/992275723 way/992275724 way/992275726,ok,2026-09-24
k-way911522136,,,Dyvig Bro,Holm,,,,flydebro bro havn,6.0,6,,"55.0437161, 9.7037637",way/911522136 way/117615436 way/226954597 way/293658775 way/911522137 way/98644893,ok,2026-09-24
k-way937857793,,,Hvalpsund Fiskerihavn,Hvalpsund,,,,flydebro bro havn,6.0,3,,"56.7003816, 9.1925494",way/937857793 node/1145576649 way/99023320,ok,2026-09-24
k-way96295558,,,Rønnerhavnen,Apholmen,,,,flydebro bro havn,6.0,2,,"57.4651552, 10.5368483",way/96295558 way/96295623,ok,2026-09-24
k-way969851234,,,Kajak Foreningen Nyhed,Christianshavn,,,,flydebro kajakklub bro,6.0,2,,"55.6709200, 12.5884141",way/969851234 way/969851235,ok,2026-09-24
k-way979398306,lovende,flydebro,,Tjele,"56.5227173, 9.5968077","Stor flydeponton (ca. 15×30 m) ved bådudlejning/lejrplads på Tjele Langsø. Går ud forbi plantebæltet langs bredden til mørkt, dybt vand.",2026-09-24,flydebro udlejning bro,6.0,3,,"56.5227528, 9.5967433",way/979398306 node/9062902216 way/1201787385,ok,2026-09-24
k-way992275727,på kortet,,Bro 3,Frederiksbjerg,,,,flydebro bro slæbested,6.0,21,marselisborg-lystbaadehavn,"56.1381501, 10.2137947",way/992275727 way/992275728 way/992275729 way/992275731 way/992275732 way/992275733 way/992275734 way/992275735 way/992275736 way/992275737 way/992275738 way/992275739 way/992275741 way/992275742 way/992275743 node/956773183 way/992275725 way/992275740 way/992275744 way/992275745 way/992275746,ok,2026-09-24
k-node11125618127,måske,flydebro,Mellerup Færgeleje,Mellerup,"56.5206894, 10.2249986","Små flydebroer (7–13 m) ved Mellerup Færgeleje på en lang mole ud i Randers Fjord. Åbent vand, men færgetrafik og mulig strøm.",2026-09-24,flydebro bro,5.5,5,,"56.5206953, 10.2250093",node/11125618127 way/1199529060 way/484233295 way/1199529054 way/1199529055,ok,2026-09-24
k-node11442956728,,,Janderup Ladeplads,Vester Janderup,,,,flydebro bro,5.5,4,,"55.6142775, 8.3708370",node/11442956728 way/1233242917 way/235093564 way/901859669,ok,2026-09-24
k-node11773768597,,,Skelskør Roklub,Skælskør,,,,roklub bro sejlklub slæbested,5.5,15,,"55.2528951, 11.2860934",node/11773768597 way/219468809 node/11141512071 node/3808355108 way/316892926 way/326198587 way/98991558 way/98991562 way/98991564 way/98991565 way/98991566 way/98991567 way/98991570 way/98991573 way/98991574,ok,2026-09-24
k-node11962922588,,,,Hærup Strand,,,,flydebro bro,5.5,1,,"56.5743157, 8.7225093",node/11962922588,ok,2026-09-24
k-node11985904714,måske,bro,Hou Kajak Klub,Hou,"55.9110035, 10.2543086","Hou Kajak Klub ligger midt i en tæt pakket lystbådehavn. Klubben har sikkert en lav bro/slæbested, men der er lidt plads mellem bådene.",2026-09-24,kajakklub bro sejlklub slæbested,5.5,22,,"55.9110095, 10.2543086",node/11985904714 node/13015995546 node/712751280 way/1185205843 way/1271828339 way/1272214377 way/1272214378 way/1272215066 way/1272215067 way/1389911145 way/1389911146 way/210634446 way/210634449 way/210634450 way/210634452 way/210634456 way/409161839 way/409161840 way/409162115 way/57227113 way/624342678 way/624342680,ok,2026-09-24
k-node12276908986,,,,Lendrup Huse,,,,flydebro bro,5.5,2,,"56.9390086, 9.2107458",node/12276908986 way/1198245364,ok,2026-09-24
k-node12281576018,,,Birkelse Shelterplads,Kølvring,,,,flydebro bro,5.5,2,,"57.1458597, 9.6876602",node/12281576018 way/481084819,ok,2026-09-24
k-node12293314650,,,Hals Ro- og Kajakklub,Hals,,,,kajakklub roklub bro havn,5.5,6,,"56.9899686, 10.3101002",node/12293314650 node/3238505066 way/1036639244 way/1328731130 way/304635579 way/304635584,ok,2026-09-24
k-node12320354817,på kortet,,Hobro Ro- og Kajakklub,Hobro,,,,kajakklub roklub bro slæbested,5.5,7,hobro-roklub,"56.6400774, 9.8032015",node/12320354817 way/286594924 way/286594922 way/286594923 way/286594925 way/286594926 way/286594927,ok,2026-09-24
k-node12451134673,nej,flydebro,Busbjerg,Rønge,,Kanolejrplads med lille flydebro på Gudenåen (ca. 45 m bred) med strøm og kanotrafik.,2026-09-24,flydebro bro,5.5,2,,"56.3842854, 9.7458971",node/12451134673 way/1031083222,ok,2026-09-24
k-node12451307122,nej,flydebro,Kjællinghøl,Virkelyst,,Kanolejrplads (Kjællinghøl) med flydebro på Gudenåen (ca. 50 m bred) med strøm og kanotrafik.,2026-09-24,flydebro bro,5.5,4,,"56.3772770, 9.6957880",node/12451307122 way/1031118247 node/4918892980 way/1031090074,ok,2026-09-24
k-node12465038473,lovende,flydebro,Ivershave,Søholt,"56.1714961, 9.5793524",Flydebro (72 m) ud gennem plantebæltet til dybt vand på Silkeborg Langsø. Stor sø med læ. Tjek adgang.,2026-09-24,flydebro bro,5.5,2,,"56.1715021, 9.5793524",node/12465038473 way/903714665,ok,2026-09-24
k-node12511864403,,,Foldingbro,Foldingbro,,,,flydebro bro,5.5,3,,"55.4408657, 9.0015575",node/12511864403 way/1352279812 way/1352279813,ok,2026-09-24
k-node12512348359,,,Landgang 1,Fovrfeld,,,,flydebro bro,5.5,2,,"55.4848085, 8.4144715",node/12512348359 way/1211644581,ok,2026-09-24
k-node12514331445,,,Hygge Lake,Fole,,,,flydebro bro,5.5,2,,"55.2997846, 8.9956471",node/12514331445 way/591530755,ok,2026-09-24
k-node12514905539,,,Ryå Mejerihavn,Åstrup,,,,flydebro bro,5.5,2,,"57.1682250, 9.7158620",node/12514905539 way/1084522386,ok,2026-09-24
k-node12517773632,,,Enderupskov,Enderupskov,,,,flydebro bro,5.5,3,,"55.2821139, 8.9486678",node/12517773632 way/1352854799 way/1352854800,ok,2026-09-24
k-node13919407495,,,Espergærde Strand,Espergærde,,,,badebro badested bro havn sejlklub slæbested,5.5,11,,"55.9915570, 12.5614371",node/13919407495 node/1201650037 node/2263167123 way/143764357 way/429448542 way/429448543 way/429448544 way/429448546 way/429448753 way/486939235 way/914340074,ok,2026-09-24
k-node13960667479,,,Kajakklubben Krogen,Helsingør,,,,kajakklub bro sejlklub slæbested,5.5,12,,"56.0416457, 12.6112842",node/13960667479 way/245960488 node/9222000708 way/430059896 way/430059897 way/430059899 way/430059903 way/430059904 way/430059905 way/430059906 way/430059907 way/430063253,ok,2026-09-24
k-node13989643349,,,"Esrum Sø, Sejlklubben",Lille Sørup,,,,badebro badested bro havn sejlklub slæbested,5.5,11,,"55.9780442, 12.3794941",node/13989643349 node/2062770330 node/5761092510 node/5761092521 way/195862412 way/195866596 way/195877098 way/608012320 way/608012321 way/684198148 way/903708647,ok,2026-09-24
k-node3240371755,på kortet,,Ry Roklub,Birkhede,,,,roklub bro havn slæbested,5.5,12,ry-roklub,"56.0951887, 9.7492953",node/3240371755 way/264359027 node/9117632455 way/173278010 way/233029313 way/233029314 way/233029326 way/233029338 way/317738788 way/317738789 way/905688988 way/986346450,ok,2026-09-24
k-node3802590349,på kortet,,Aalborg Vandcenter,Søholt,,,,kajakklub bro sejlklub slæbested,5.5,12,aalborg-sejlklub,"57.0551620, 9.8755461",node/3802590349 node/1059972976 node/3802590346 way/1412834449 way/1412834450 way/1412834451 way/366271974 way/366271975 way/366271976 way/91266540 way/91266553 way/91266588,ok,2026-09-24
k-node4369954269,,,Paddle Bornholm,Hasle,,,,kajakklub udlejning bro slæbested,5.5,3,,"55.1856399, 14.7023287",node/4369954269 node/4369954296 way/908928280,ok,2026-09-24
k-node7689638251,,,Naturrum Stemmeværkspladsen,Ansager,,,,flydebro bro,5.5,3,,"55.7093565, 8.7125120",node/7689638251 way/823622143 way/823622173,ok,2026-09-24
k-node9038229878,på kortet,,Roskilde Roklubs Marketenderi,Sankt Agnes Huse,,,,roklub bro havn slæbested,5.5,9,spot-9,"55.6501856, 12.0765391",node/9038229878 way/151946859 node/2250568263 way/226332095 way/331143571 way/331143573 way/4327239 way/609676025 way/737146493,ok,2026-09-24
k-node9767117205,måske,flydebro,Randers,Strømmen,"56.4558903, 10.0344674","Lange flydebroer (32 m og 97 m) på Gudenåen midt i Randers ved Randers Regnskov. Åen er ca. 100 m bred her, men har strøm og en jernbanebro tæt ved.",2026-09-24,flydebro bro,5.5,4,,"56.4558844, 10.0344674",node/9767117205 way/1349169432 way/39139051 way/1295965291,ok,2026-09-24
k-way1002330363,,,,Bogense,,,,flydebro bro,5.5,5,,"55.5661637, 10.0835033",way/1002330363 way/1002330360 way/1002330361 way/1002330362 way/253815674,ok,2026-09-24
k-way1002341538,,,,Bogense,,,,flydebro bro,5.5,15,,"55.5665046, 10.0772881",way/1002341538 way/1002341539 way/1002341540 way/120297454 way/1002341541 way/1002341542 way/1002341543 way/1002341544 way/1002426573 way/1002426574 way/1002426575 way/1002426576 way/1002426577 way/1002426578 way/120297462,ok,2026-09-24
k-way1010491705,måske,flydebro,,Vesterhåb,"56.0301032, 9.4879074","Lille flydebro (18 m) ved en større institution/lejrskole ved en skovsø nær Vesterhåb. Dybt, roligt vand, men adgang er uklar.",2026-09-24,flydebro bro,5.5,1,,"56.0301931, 9.4879074",way/1010491705,ok,2026-09-24
k-way105320705,,,Havkajak Stevns,Rødvig,,,,kajakklub roklub bro sejlklub,5.5,5,,"55.2542866, 12.3752239",way/105320705 way/105320975 way/105322088 way/41563328 way/71037776,ok,2026-09-24
k-way1058301369,,,,Lindholm,,,,flydebro bro,5.5,2,,"57.0763491, 9.9039624",way/1058301369 way/1058301368,ok,2026-09-24
k-way1072935759,,,,Kappelborg,,,,flydebro bro,5.5,1,,"57.7206732, 10.5945790",way/1072935759,ok,2026-09-24
k-way1075993241,,,8,Nordhavn,,,,flydebro bro,5.5,5,,"55.7188805, 12.6027322",way/1075993241 way/1202448667 way/1202448670 way/1202448671 way/1075993242,ok,2026-09-24
k-way1086617346,på kortet,,Sundby Kajakklub,Sundbyøster,,,,kajakklub bro havn sejlklub,5.5,7,sundby-kajakklub,"55.6640734, 12.6348327",way/1086617346 node/1422600142 way/108849039 way/429460979 way/507791028 way/507791029 way/507791030,ok,2026-09-24
k-way1087093186,,,,Korinth,,,,flydebro bro,5.5,1,,"55.1517109, 10.3012040",way/1087093186,ok,2026-09-24
k-way1097263540,,,,Hellerup,,,,flydebro bro,5.5,14,,"55.7260139, 12.5873565",way/1097263540 way/1097956837 way/1097956838 way/1097956839 way/1097956840 way/1097956841 way/655061178 way/1097263539 way/1097956832 way/1097956833 way/1097956834 way/1097956835 way/1097956836 way/655061198,ok,2026-09-24
k-way1100617093,,,,Slagelse,,,,flydebro bro,5.5,2,,"55.4059107, 11.3616630",way/1100617093 way/1100617092,ok,2026-09-24
k-way1104805047,måske,flydebro,,Silkeborg,"56.1719725, 9.5430517","Flydebro (34 m) på en halvø i Silkeborg Langsø ud til dybere vand, men der er meget grøn vækst langs bredden.",2026-09-24,flydebro bro,5.5,1,,"56.1719785, 9.5430249",way/1104805047,ok,2026-09-24
k-way1113008429,nej,flydebro,,Sælvig Huse,,Færgelejet i Sælvig Havn (Samsø) – broen er til færgen.,2026-09-24,flydebro bro,5.5,1,,"55.8653766, 10.5483557",way/1113008429,ok,2026-09-24
k-way1131989855,lovende,flydebro,,Silkeborg,"56.1700246, 9.5461114","Offentlig flydebro (19 m) ved promenaden i Silkeborg by ud i Silkeborg Langsø. Dybt vand og masser af plads, men turbådstrafik.",2026-09-24,flydebro bro,5.5,1,,"56.1700545, 9.5460953",way/1131989855,ok,2026-09-24
k-way1165464290,,,,Ørestad,,,,flydebro bro,5.5,12,,"55.6428141, 12.5522690",way/1165464290 way/1165464288 way/1165464289 way/1165464291 way/1165464292 way/1466756556 way/1466756559 way/40609818 way/416688402 way/615971880 way/615971882 way/616147455,ok,2026-09-24
k-way119185655,,,,Kastrup,,,,flydebro bro,5.5,4,,"55.6479877, 12.6490705",way/119185655 way/598637740 way/598637741 way/743685216,ok,2026-09-24
k-way1195530792,,,,Fårtoft,,,,flydebro bro,5.5,2,,"56.9515323, 8.7117543",way/1195530792 way/1195530790,ok,2026-09-24
k-way1201230821,på kortet,,,Klitten,,,,flydebro bro,5.5,2,grenaa-lagune-flydebro,"56.4035843, 10.9214359",way/1201230821 way/1201230822,ok,2026-09-24
k-way1206236496,,,,Ørestad,,,,flydebro bro,5.5,1,,"55.6389911, 12.5496156",way/1206236496,ok,2026-09-24
k-way1206798472,måske,flydebro,,Viborg,"56.4472852, 9.4136446","Små flydebroer (6–7 m) ved en institution ved Viborg Søndersø. Stor, dyb sø, men adgang er uklar.",2026-09-24,flydebro bro,5.5,3,,"56.4472911, 9.4136178",way/1206798472 way/1206798473 way/418740171,ok,2026-09-24
k-way1210750801,måske,flydebro,,Vrold,"56.0189721, 9.8989806","Lang flydebro (62 m) ved Vrold. Luftfotoet er fra vinter med is på søen, så vand og dybde kan ikke vurderes.",2026-09-24,flydebro bro,5.5,2,,"56.0191820, 9.8989377",way/1210750801 way/1210750802,ok,2026-09-24
k-way1216068925,nej,andet,,Aarhus,,OSM-objektet ligger i en baggård midt i Aarhus – der er ikke noget vand.,2026-09-24,flydebro bro,5.5,3,,"56.1565024, 10.1970439",way/1216068925 way/1036477573 way/1216068924,ok,2026-09-24
k-way1224502551,nej,flydebro,,Løndal,,"Lille flydebro (4 m) skjult under træer ved en skovsø nær Løndal. For lille, og sandsynligvis privat eller til fiskeri.",2026-09-24,flydebro bro,5.5,1,,"56.0692602, 9.5890027",way/1224502551,ok,2026-09-24
k-way1227589767,,,,Køge,,,,flydebro bro,5.5,2,,"55.4547479, 12.1880657",way/1227589767 way/224113378,ok,2026-09-24
k-way1233258974,,,,Varde,,,,flydebro bro,5.5,1,,"55.6212573, 8.4947568",way/1233258974,ok,2026-09-24
k-way1234309393,,,,Basnæs,,,,flydebro bro,5.5,1,,"55.1548557, 11.7636674",way/1234309393,ok,2026-09-24
k-way1237231511,,,Vidensscenen,Lemvig,,,,flydebro bro,5.5,4,,"56.5536668, 8.3076726",way/1237231511 way/1227206198 way/481345495 way/712980640,ok,2026-09-24
k-way1246254253,måske,flydebro,,Aarhus,"56.1588198, 10.2168406","Flydebro (38 m) i en smal kanal (ca. 35 m) mellem bygningerne på Aarhus Ø, med forbindelse til havnebassinet.",2026-09-24,flydebro bro,5.5,2,,"56.1588497, 10.2168567",way/1246254253 way/1161355856,ok,2026-09-24
k-way124699770,,,,Rødovre,,,,flydebro bro,5.5,1,,"55.6811009, 12.4734560",way/124699770,ok,2026-09-24
k-way1273625636,lovende,flydebro,,Aarhus,"56.1540265, 10.2153083","Lang flydebro (95 m) langs kajen ved Dokk1 i Aarhus inderhavn. Stort, beskyttet og dybt bassin. Tjek havnens regler og bådtrafik.",2026-09-24,flydebro bro,5.5,1,,"56.1540265, 10.2152815",way/1273625636,ok,2026-09-24
k-way1286173329,,,,Hyldtofte Østersøbad,,,,flydebro bro,5.5,1,,"54.6384483, 11.3735378",way/1286173329,ok,2026-09-24
k-way1288411514,på kortet,,,Strandby,,,,flydebro bro,5.5,2,spot-14,"55.4821958, 8.4134197",way/1288411514 way/1288411511,ok,2026-09-24
k-way1289572191,,,,Ørestad,,,,flydebro bro,5.5,6,,"55.6442901, 12.5549765",way/1289572191 way/1289572192 way/416688394 way/918541294 way/918565812 way/918565813,ok,2026-09-24
k-way1304138098,,,,Sottrupskov,,,,flydebro bro,5.5,1,,"54.9756407, 9.7401139",way/1304138098,ok,2026-09-24
k-way1307272035,,,V,Avedøre Holme,,,,flydebro bro,5.5,10,,"55.6083202, 12.4454277",way/1307272035 way/1307272036 way/1307272034 way/157759206 way/216499280 way/25544842 way/25544843 way/26184845 way/608399283 way/608399284,ok,2026-09-24
k-way1307295239,,,,Christianshavn,,,,flydebro bro,5.5,1,,"55.6781499, 12.5928114",way/1307295239,ok,2026-09-24
k-way1338114263,,,,Assens,,,,flydebro bro,5.5,2,,"55.2681943, 9.8886221",way/1338114263 way/741799834,ok,2026-09-24
k-way1338115365,,,,Thyborøn,,,,flydebro bro,5.5,1,,"56.6921081, 8.2257944",way/1338115365,ok,2026-09-24
k-way1358368775,nej,flydebro,,Feldballe,,Lille flydebro (6 m) i en landsbydam (ca. 50 m) i Feldballe. Alt for lille.,2026-09-24,flydebro bro,5.5,1,,"56.2788059, 10.5872415",way/1358368775,ok,2026-09-24
k-way1362568886,,,,Bastrup,,,,flydebro bro,5.5,1,,"55.8130302, 12.2731113",way/1362568886,ok,2026-09-24
k-way1362861343,på kortet,,Bryggens baadelaug,Ballonparken,,,,flydebro bro,5.5,10,amager-ro-og-kajakklub,"55.6533009, 12.5621743",way/1362861343 way/26239516 way/277071457 way/277071458 way/277071459 way/579056402 way/579056403 way/749085594 way/749085595 way/277071460,ok,2026-09-24
k-way1368138697,,,,Fasterholt,,,,flydebro bro,5.5,1,,"56.0123685, 9.1000771",way/1368138697,ok,2026-09-24
k-way1380945557,,,,Bastrup,,,,flydebro bro,5.5,1,,"55.8109700, 12.2746100",way/1380945557,ok,2026-09-24
k-way1461482211,måske,flydebro,,Gjessø,"56.1137091, 9.4963529",Flydebro (51 m) og en lille ponton midt i søen ved Gjessø. Søen er lille (ca. 150–200 m) med meget grøn vækst. Samme sø som Gjersø Nord.,2026-09-24,flydebro bro,5.5,2,,"56.1137151, 9.4963529",way/1461482211 way/1461482212,ok,2026-09-24
k-way1470453930,,,,Hillerød,,,,flydebro bro,5.5,1,,"55.9294843, 12.2881264",way/1470453930,ok,2026-09-24
k-way1470453931,,,,Hillerød,,,,flydebro bro,5.5,1,,"55.9305736, 12.2888608",way/1470453931,ok,2026-09-24
k-way1471542630,,,,Sandbjerg,,,,flydebro bro,5.5,1,,"55.5380836, 9.4249185",way/1471542630,ok,2026-09-24
k-way1477028254,,,,Vallensbæk Nordmark,,,,flydebro bro,5.5,1,,"55.6428070, 12.3516280",way/1477028254,ok,2026-09-24
k-way212720570,på kortet,,6,Dragerup,,,,flydebro bro,5.5,3,holbaek-marina-vinterbadeklub,"55.7247594, 11.7597767",way/212720570 way/215606673 way/524172734,ok,2026-09-24
k-way212720575,på kortet,,10,Dragerup,,,,flydebro bro,5.5,6,holbaek-marina-vinterbadeklub,"55.7230208, 11.7614796",way/212720575 way/212720562 way/212720565 way/212720569 way/524172731 way/524172737,ok,2026-09-24
k-way219053143,på kortet,,Frederiksværk Ro- og Kajakklub,Hanehoved,,,,kajakklub roklub bro slæbested,5.5,6,frederiksvaerk-ro-og-kajakklub,"55.9660624, 11.9987337",way/219053143 way/1349545812 way/316891703 way/316891704 way/316891705 way/316891706,ok,2026-09-24
k-way219053224,,,Nykøbing Sjælland Roklub,Nykøbing Sjælland,,,,roklub bro sejlklub slæbested,5.5,11,,"55.9150107, 11.6733572",way/219053224 node/13018942051 way/108720365 way/108720370 way/1389288036 way/1389288037 way/380853301 way/380853302 way/380879472 way/380879601 way/380885978,ok,2026-09-24
k-way224113377,,,,Køge,,,,flydebro bro,5.5,6,,"55.4531892, 12.1866283",way/224113377 way/224113381 way/224113383 way/224113384 way/224113385 way/224113387,ok,2026-09-24
k-way230392350,,,,Hirtshals,,,,flydebro bro,5.5,2,,"57.5930924, 9.9578597",way/230392350 way/230392343,ok,2026-09-24
k-way234346922,på kortet,,Bro 3,Lille Grundet,,,,flydebro bro,5.5,6,vejle-kajakklub,"55.7068427, 9.5583842",way/234346922 way/234346923 way/234346924 way/234346925 way/278473586 way/582559849,ok,2026-09-24
k-way278473584,,,Bro 6,Lille Grundet,,,,flydebro bro,5.5,2,,"55.7064979, 9.5606015",way/278473584 way/409220641,ok,2026-09-24
k-way287476154,,,,Ørestad,,,,flydebro bro,5.5,1,,"55.6419986, 12.5509709",way/287476154,ok,2026-09-24
k-way293601395,,,,Ny Stavnsbøl,,,,flydebro bro,5.5,2,,"54.9430296, 9.8481429",way/293601395 way/228640931,ok,2026-09-24
k-way306576920,,,,Kammerslusen,,,,flydebro bro,5.5,4,,"55.3395023, 8.6772038",way/306576920 way/1065209235 way/1262621739 way/306576921,ok,2026-09-24
k-way308556313,,,Kajakklubben Pilen,Dragør,,,,kajakklub bro havn slæbested,5.5,7,,"55.5944403, 12.6771325",way/308556313 node/3726094582 way/287391824 way/429007260 way/450128285 way/487156878 way/980141660,ok,2026-09-24
k-way340496259,,,,Rødbyhavn,,,,flydebro bro,5.5,4,,"54.6517780, 11.3524459",way/340496259 way/1348306878 way/515037428 way/93041499,ok,2026-09-24
k-way343785851,,,,Kappelborg,,,,flydebro bro,5.5,3,,"57.7159602, 10.5901826",way/343785851 way/483487981 way/483487982,ok,2026-09-24
k-way41558535,,,,Klintholm Havn,,,,flydebro bro,5.5,7,,"54.9545460, 12.4630591",way/41558535 way/268920077 way/41558529 way/41558532 way/41558533 way/421590052 way/913804411,ok,2026-09-24
k-way448869576,,,,Novrup,,,,flydebro bro,5.5,1,,"55.4674369, 8.5268250",way/448869576,ok,2026-09-24
k-way460902945,,,,Trekroner,,,,flydebro bro,5.5,2,,"55.3807113, 8.6485212",way/460902945 way/460902946,ok,2026-09-24
k-way461978184,,,,Minde,,,,flydebro bro,5.5,5,,"54.8974470, 9.6165209",way/461978184 way/116660974 way/116660977 way/610044088 way/610044089,ok,2026-09-24
k-way487646322,,,København Vandflyveplads,Indre By,,,,flydebro bro,5.5,2,,"55.6912028, 12.6000589",way/487646322 way/819878275,ok,2026-09-24
k-way517834321,,,,Værløse,,,,flydebro bro,5.5,1,,"55.7709157, 12.3608001",way/517834321,ok,2026-09-24
k-way568408303,,,,Halsskov,,,,flydebro bro,5.5,1,,"55.3574367, 11.1446382",way/568408303,ok,2026-09-24
k-way598241785,,,,Kastrup,,,,flydebro bro,5.5,8,,"55.6432986, 12.6478338",way/598241785 way/380237708 way/429455410 way/429455412 way/429455413 way/429455414 way/429455415 way/429455420,ok,2026-09-24
k-way602799162,,,,Vesterbro,,,,flydebro bro,5.5,4,,"55.6505568, 12.5541806",way/602799162 way/602799161 way/602799163 way/602799164,ok,2026-09-24
k-way623355681,nej,flydebro,,Egå Bro,,Korte flydebro-fingre mellem bådene i den sydlige del af Egå Marina. Tæt pakket. Roklubbens spot (på kortet) ligger ca. 250 m mod nord.,2026-09-24,flydebro bro,5.5,11,,"56.2079863, 10.2890417",way/623355681 way/623355682 way/623355683 way/100430884 way/100430925 way/100430934 way/88206473 way/88206475 way/88206476 way/88206477 way/88206837,ok,2026-09-24
k-way623815354,,,,Vesterbro,,,,flydebro bro,5.5,18,,"55.6468083, 12.5453526",way/623815354 way/108849010 way/108849057 way/111585338 way/559571522 way/623815330 way/623815332 way/623815334 way/623815336 way/623815338 way/623815340 way/623815341 way/623815343 way/623815345 way/623815347 way/623815349 way/623815350 way/623815352,ok,2026-09-24
k-way626585696,,,,Ørestad,,,,flydebro bro,5.5,5,,"55.6444803, 12.5528197",way/626585696 way/294804706 way/294804707 way/608190709 way/608190721,ok,2026-09-24
k-way631317131,,,,Sønderho,,,,flydebro bro,5.5,2,,"55.3478592, 8.4749497",way/631317131 way/631317132,ok,2026-09-24
k-way647535444,,,,Avedøre Holme,,,,flydebro bro,5.5,4,,"55.6251615, 12.5033356",way/647535444 way/1304314281 way/1486863307 way/1486863308,ok,2026-09-24
k-way655061180,,,,Hellerup,,,,flydebro bro,5.5,4,,"55.7268262, 12.5855435",way/655061180 way/655061187 way/655061183 way/655061190,ok,2026-09-24
k-way682259734,,,,Bakkendrup,,,,flydebro bro,5.5,1,,"55.5746116, 11.2585510",way/682259734,ok,2026-09-24
k-way694018129,på kortet,,,Fovrfeld,,,,flydebro bro,5.5,1,spot-14,"55.4819632, 8.4096258",way/694018129,ok,2026-09-24
k-way713040934,,,,Rørbæk,,,,flydebro bro,5.5,1,,"55.9345270, 9.3213238",way/713040934,ok,2026-09-24
k-way736298832,,,,Rørdal,,,,flydebro bro,5.5,1,,"57.0539096, 9.9850813",way/736298832,ok,2026-09-24
k-way754222180,,,,Hvide Sande,,,,flydebro bro,5.5,1,,"56.0041152, 8.1309849",way/754222180,ok,2026-09-24
k-way768379701,,,Statoil,Strandby,,,,flydebro bro,5.5,1,,"55.4725892, 8.4268412",way/768379701,ok,2026-09-24
k-way771928616,,,Andehuset,Vesterbro,,,,flydebro bro,5.5,4,,"55.6550232, 12.5506380",way/771928616 way/623026382 way/630524231 way/630524232,ok,2026-09-24
k-way776569267,,,,Buresøbadet,,,,flydebro bro,5.5,1,,"55.8194204, 12.2322913",way/776569267,ok,2026-09-24
k-way828534448,,,,Frederikshavn,,,,flydebro bro,5.5,3,,"57.4305606, 10.5374272",way/828534448 way/828534449 way/933859640,ok,2026-09-24
k-way842232708,,,,Elvighøj,,,,flydebro bro,5.5,3,,"55.5160831, 9.5873449",way/842232708 way/1204705436 way/1420234468,ok,2026-09-24
k-way842232715,,,Den Flydende Shelter,Oddersted,,,,flydebro bro,5.5,1,,"55.5185047, 9.5847417",way/842232715,ok,2026-09-24
k-way876243683,måske,flydebro,,Aarhus,"56.1526648, 10.2144313",Flydebroer (16–17 m) på sydsiden af Dokk1 ved Aarhus Å's udløb. Bassinet er mindre og tæt på en bro og en kanal.,2026-09-24,flydebro bro,5.5,2,,"56.1526648, 10.2144313",way/876243683 way/876243684,ok,2026-09-24
k-way896592713,,,,Ravnstrup,,,,flydebro bro,5.5,1,,"55.2605252, 11.8670181",way/896592713,ok,2026-09-24
k-way902611147,,,,Hvide Sande,,,,flydebro bro,5.5,3,,"56.0036392, 8.1279142",way/902611147 way/1077693789 way/826277439,ok,2026-09-24
k-way903714667,måske,flydebro,,Søholt,"56.1750787, 9.5883786","Flydebro (38 m) gennem rørskoven til dybt vand på Silkeborg Langsø, men den ligger ved Silkeborg rensningsanlæg.",2026-09-24,flydebro bro,5.5,2,,"56.1751295, 9.5883947",way/903714667 way/903714666,ok,2026-09-24
k-way927878236,,,,Vesterbro,,,,flydebro bro,5.5,1,,"55.6509947, 12.5435677",way/927878236,ok,2026-09-24
k-way942147015,,,,Fårtoft,,,,flydebro bro,5.5,2,,"56.9502495, 8.7208883",way/942147015 way/1138465272,ok,2026-09-24
k-way961612664,på kortet,,,Fovrfeld,,,,flydebro bro,5.5,5,spot-14,"55.4829247, 8.4107474",way/961612664 way/694018131 way/961612662 way/963067695 way/963184003,ok,2026-09-24
k-way96295593,,,,Apholmen,,,,flydebro bro,5.5,4,,"57.4639343, 10.5381893",way/96295593 way/96295609 way/96295612 way/96295655,ok,2026-09-24
k-way963891070,,,,Nykøbing Falster,,,,flydebro bro,5.5,1,,"54.7609241, 11.8669513",way/963891070,ok,2026-09-24
k-way965614538,,,,Elhjem,,,,flydebro bro,5.5,1,,"54.9164516, 8.9590243",way/965614538,ok,2026-09-24
k-way965920747,,,,Carlsberg Byen,,,,flydebro bro,5.5,1,,"55.6501706, 12.5411655",way/965920747,ok,2026-09-24
k-node11364237382,,,Ringkøbing Ro- og Kajakklub,Ringkøbing,,,,kajakklub roklub bro,5.0,4,,"56.0933178, 8.2310835",node/11364237382 way/316318654 way/1223756186 way/1237488591,ok,2026-09-24
k-node12097188723,,,Svaneke Havnebad,Svaneke,,,,badebro havnebad badested bro havn,5.0,4,,"55.1361503, 15.1462114",node/12097188723 node/13975018586 way/255187115 way/759839140,ok,2026-09-24
k-node12350706831,på kortet,,Aabenraa Roklub,Aabenraa,,,,roklub bro slæbested,5.0,6,spot-18,"55.0413183, 9.4328945",node/12350706831 way/228649326 way/317217681 way/317212981 way/317212982 way/317222153,ok,2026-09-24
k-node12378453263,,,Tønder Roklub,Tønder,,,,kajakklub roklub bro,5.0,4,,"54.9312255, 8.8698230",node/12378453263 way/228648188 way/1338260122 way/531261116,ok,2026-09-24
k-node12422341937,på kortet,,Tange Roklub,Tange,,,,roklub bro slæbested,5.0,8,tange-roklub,"56.3500352, 9.5829580",node/12422341937 way/286591008 node/1747836905 way/286591009 way/286591010 way/903688372 way/903688373 way/903688374,ok,2026-09-24
k-node12522467728,på kortet,,Skanderborg Kano og Kajakklub,Landsbyen Sølund,,,,kajakklub udlejning bro,5.0,6,skanderborg-soebad,"56.0206607, 9.9167002",node/12522467728 way/1242187103 node/12254778544 way/901861837 way/901861838 way/901861839,ok,2026-09-24
k-node1262217593,,,Fredericia Kajakklub,Fredericia,,,,kajakklub roklub bro,5.0,4,,"55.5603232, 9.7688406",node/1262217593 way/110547534 way/232562858 way/232562859,ok,2026-09-24
k-node12761671786,,,Nybro Båd- & Kanoudlejning,Nybro,,,,kajakklub udlejning bro,5.0,4,,"55.7744183, 12.4683292",node/12761671786 way/206998872 way/393003660 way/393003661,ok,2026-09-24
k-node1293166522,,,Lyngby Roklub,Kongens Lyngby,,,,kajakklub roklub bro,5.0,6,,"55.7743663, 12.4931470",node/1293166522 way/206998907 way/316893502 way/316893504 way/391231345 way/391231346,ok,2026-09-24
k-node13011945299,på kortet,,Ry Sejlklub,Tulstrup,,,,badebro sup badested bro sejlklub,5.0,5,knudhule-lystbaadhavn-1,"56.1050497, 9.7828824",node/13011945299 node/13918472410 way/232999655 way/232999662 way/232999666,ok,2026-09-24
k-node13013586513,,,Lemvig Sejlklub,Holmsøre,,,,badebro sup badested bro sejlklub,5.0,3,,"56.5671748, 8.2967605",node/13013586513 node/13899731528 way/136299729,ok,2026-09-24
k-node13020819287,,,Kanoklubben PUST,Nybro,,,,kajakklub bro sejlklub,5.0,6,,"55.7685740, 12.4716038",node/13020819287 node/13020826593 node/13020819237 way/155614085 way/155614088 way/159916864,ok,2026-09-24
k-node13119589536,på kortet,,FK Odsherred Kajak Klub,Gundestrup,,,,kajakklub bro slæbested,5.0,3,fk-odsherred-kajak,"55.7787218, 11.6122280",node/13119589536 way/1351651262 way/673578310,ok,2026-09-24
k-node13907701456,,,Fjordbad Nibe Lystbådehavn,Nibe,,,,badebro badested bro havn slæbested,5.0,5,,"56.9885662, 9.6324412",node/13907701456 node/1147156164 node/2245065209 relation/12485109 way/94709765,ok,2026-09-24
k-node13919886374,,,Ballen,Ballen,,,,badebro badested bro havn slæbested,5.0,8,,"55.0415018, 10.4744134",node/13919886374 way/380086736 way/79941926 way/79941928 way/79941930 way/79941934 way/79941936 way/79941938,ok,2026-09-24
k-node13977142151,,,Stubberup Havn,Stubberup,,,,badebro badested bro havn slæbested,5.0,7,,"54.6638813, 11.6889832",node/13977142151 node/12471934074 way/1348306904 way/1348321337 way/1348321338 way/1348321339 way/357095127,ok,2026-09-24
k-node13977669721,,,Tårs,Tårs,,,,badebro badested bro havn slæbested,5.0,6,,"54.8783290, 11.0228811",node/13977669721 node/2246883599 way/1347816439 way/502381544 way/502381545 way/502381546,ok,2026-09-24
k-node13985350364,,,Taarbæk Søbadeanstalt,Taarbæk,,,,badebro vinterbad badested bro slæbested,5.0,7,,"55.7853566, 12.5947922",node/13985350364 way/295756185 way/43109733 way/43109734 way/43109737 way/662840346 way/914082612,ok,2026-09-24
k-node13986728755,,,Stavn,Staun,,,,badebro badested bro havn slæbested,5.0,4,,"57.0156092, 9.4887762",node/13986728755 node/7831572693 node/7831572697 way/839242907,ok,2026-09-24
k-node1940529553,,,Holstebro Roklub,Mejdal,,,,kajakklub roklub bro,5.0,4,,"56.3524862, 8.6423345",node/1940529553 node/1940529556 way/1227220801 way/1227220803,ok,2026-09-24
k-node1960226419,,,Marstal Havkajakcenter,Marstal,,,,kajakklub bro havn,5.0,7,,"54.8479686, 10.5218442",node/1960226419 way/237087514 way/237087515 way/237087518 way/237087523 way/237087524 way/61970576,ok,2026-09-24
k-node267152080,,,Svendborg roklub parkering,Vindebyøre,,,,roklub bro slæbested,5.0,5,,"55.0599366, 10.6232238",node/267152080 way/286597338 node/2909114807 way/287288809 way/355463111,ok,2026-09-24
k-node3227918065,,,Grindsted Ro- og Kajakklub,Grindsted,,,,kajakklub roklub bro,5.0,2,,"55.7560220, 8.9188447",node/3227918065 way/316647923,ok,2026-09-24
k-node3227938344,,,Jels Roklub,Jels,,,,roklub bro slæbested,5.0,4,,"55.3581047, 9.2085159",node/3227938344 way/316650454 way/316650455 way/664548147,ok,2026-09-24
k-node3227978160,på kortet,,Kolding Roklub,Strandhuse,,,,roklub bro slæbested,5.0,13,kolding-roklub,"55.5001793, 9.5143413",node/3227978160 node/3227979983 way/105970715 way/105995126 way/1037429259 way/1037429260 way/1037429261 way/1037429262 way/316654420 way/316654421 way/316654422 way/316654425 way/316654426,ok,2026-09-24
k-node3232296694,,,Hvalpsund Roklub,Hvalpsund,,,,roklub bro slæbested,5.0,6,,"56.7054241, 9.2039906",node/3232296694 node/9455373781 way/484247394 way/99023322 way/99702705 way/99702707,ok,2026-09-24
k-node3234506351,,,Bandholm Roklub,Bandholm,,,,roklub bro slæbested,5.0,8,,"54.8389316, 11.4902964",node/3234506351 node/6870018078 way/1347788804 way/1347788805 way/1347788806 way/659119626 way/733569810 way/733569812,ok,2026-09-24
k-node4457100947,,,Kiosk ved Uggerby Kanofart,Uggerby,,,,kajakklub udlejning bro,5.0,3,,"57.5672214, 10.1103567",node/4457100947 node/897734637 way/476906989,ok,2026-09-24
k-node4591728061,nej,bro,Aarhus Kanoudlejning,Frederiksbjerg,,Kanoudlejning ved Aarhus Å i Mølleparken. Åen er kun ca. 10 m bred.,2026-09-24,kajakklub udlejning bro,5.0,3,,"56.1553578, 10.1934257",node/4591728061 way/1036226742 way/1036226743,ok,2026-09-24
k-node8143723554,,,Kanokajakcenter.dk,Frederiksdal,,,,kajakklub udlejning bro,5.0,3,,"55.7807442, 12.4462660",node/8143723554 way/285376867 way/917246866,ok,2026-09-24
k-node9041558648,,,Orø Havkajak Klub,Brønde,,,,kajakklub bro havn,5.0,4,,"55.7565896, 11.8021159",node/9041558648 way/1038334510 way/161452814 way/161452815,ok,2026-09-24
k-way1302746439,nej,andet,,Hegedal,,Lille dam (ca. 150 m) med en ø ved Hegedal. Der er ingen synlig bro.,2026-09-24,flydebro,5.0,1,,"56.5013520, 10.5732946",way/1302746439,ok,2026-09-24
k-way151637242,,,Greve Roklub,Greve Strand,,,,roklub bro sejlklub,5.0,12,,"55.5670049, 12.2856579",way/151637242 way/1075501965 way/151637208 way/286252676 way/429482689 way/429482690 way/429482692 way/429482693 way/429482694 way/429482695 way/429482696 way/613466351,ok,2026-09-24
k-way184072850,,,Birkerød Roklub,Bistrup,,,,roklub bro havn,5.0,9,,"55.8160511, 12.4333153",way/184072850 node/1651311349 way/186605283 way/186605284 way/903768025 way/903768026 way/903768027 way/905335763 way/905335764,ok,2026-09-24
k-way219469555,,,Tissø Roklub,Jorløse,,,,roklub bro slæbested,5.0,3,,"55.5941002, 11.3067845",way/219469555 way/318650479 way/325997080,ok,2026-09-24
k-way219469939,på kortet,,Vordingborg Ro- og Kajakklub,Vordingborg,,,,kajakklub roklub bro,5.0,4,spot-5,"55.0040527, 11.9202276",way/219469939 way/232096140 way/232096155 way/316893032,ok,2026-09-24
k-way226954565,,,Nordborg Roklub,Holm,,,,roklub bro slæbested,5.0,9,,"55.0447782, 9.7073545",way/226954565 way/226954566 node/13452986980 node/3234607834 node/3564405267 way/293658778 way/293658779 way/317222317 way/98644899,ok,2026-09-24
k-way316640707,på kortet,,Stege Roklub,Stege,,,,roklub bro slæbested,5.0,10,spot-6,"54.9816205, 12.2824650",way/316640707 node/5260008384 way/1347044795 way/1347044796 way/316640708 way/479612494 way/544139470 way/544139471 way/544139472 way/544139473,ok,2026-09-24
k-way316644298,,,NS Roklub,Rosnæs,,,,roklub bro slæbested,5.0,3,,"54.8326644, 11.1161217",way/316644298 way/228067556 way/316644300,ok,2026-09-24
k-way316769854,,,Rudkøbing Roklub,Rudkøbing,,,,roklub bro slæbested,5.0,6,,"54.9420447, 10.7151137",way/316769854 way/1099467387 way/316769855 way/316769856 way/326494696 way/326494697,ok,2026-09-24
k-way316889164,,,Bogense Ro & Kajakklub,Bogense,,,,kajakklub roklub bro,5.0,5,,"55.5682144, 10.0814610",way/316889164 way/1002330355 way/1002330356 way/1002330357 way/1002330358,ok,2026-09-24
k-way316889611,,,Fåborg Roklub,Faaborg,,,,roklub bro slæbested,5.0,6,,"55.0927017, 10.2460870",way/316889611 way/1298703539 way/316889612 way/316889613 way/316889614 way/316889615,ok,2026-09-24
k-way316890595,på kortet,,Kerteminde Roklub,Skrækkenborg,,,,roklub bro slæbested,5.0,6,kerteminde-roklub,"55.4454638, 10.6570450",way/316890595 way/316890596 way/316890597 way/316890598 way/521737858 way/550610852,ok,2026-09-24
k-way317200569,på kortet,,Viborg Ro- og Kajakklub,Overlund,,,,kajakklub roklub bro,5.0,3,viborg-roklub,"56.4606173, 9.4226862",way/317200569 way/1209659316 way/317200567,ok,2026-09-24
k-way380897646,,,Rørvig Kajakklub,Rørvig,,,,kajakklub bro sejlklub,5.0,11,,"55.9447354, 11.7650893",way/380897646 node/4736814526 way/108740490 way/380896837 way/380896838 way/380897633 way/380897909 way/380897910 way/380897912 way/380897913 way/380897915,ok,2026-09-24
k-way500587027,,,Svendborg Kajakklub,Svendborg,,,,kajakklub bro sejlklub,5.0,6,,"55.0539315, 10.6134947",way/500587027 node/5265736653 way/1346390540 way/1346682171 way/1346682172 way/650996509,ok,2026-09-24
k-way76702839,på kortet,,Solbjerg Søsport,Solbjerg,,,,roklub bro slæbested,5.0,3,solbjerg-soesport,"56.0446288, 10.0785761",way/76702839 way/316655810 way/316655811,ok,2026-09-24
k-way911869268,,,Badeklubben Lynæs havbad,Lynæs,,,,badebro vinterbad badested bro havn,5.0,6,,"55.9409757, 11.8666330",way/911869268 node/13990357294 way/1105977585 way/110693873 way/110693877 way/110693911,ok,2026-09-24
k-way93493525,,,,Jægersborg,,,,flydebro,5.0,1,,"55.7519430, 12.5327695",way/93493525,forsvundet,2026-09-24
k-way93835005,,,Gilleleje Ro- & Kajakklub,Gilleleje,,,,kajakklub roklub bro,5.0,3,,"56.1277888, 12.3129927",way/93835005 way/93834814 way/93835006,ok,2026-09-24
k-node10783979535,,,Mornsol,Næsby,,,,kajakklub udlejning,4.5,1,,"55.4182342, 10.3776150",node/10783979535,ok,2026-09-24
k-node10940630992,,,Skjern Å Kanofart,Rørbæk,,,,kajakklub udlejning,4.5,1,,"55.9324206, 9.3394545",node/10940630992,ok,2026-09-24
k-node11166859726,,,Fiskerihavnen,Nordhavn,,,,badebro badested bro havn,4.5,5,,"55.7249006, 12.6043126",node/11166859726 relation/14258084 way/151773098 way/151773099 way/25556682,ok,2026-09-24
k-node11405078961,,,Thorsminde Coastal Roklub,Thorsminde,,,,roklub bro,4.5,8,,"56.3726960, 8.1260881",node/11405078961 way/241073682 way/903669339 way/903673418 way/903673419 way/903673420 way/903673421 way/903673422,ok,2026-09-24
k-node11417003880,,,Bur Kanoplads,Bur,,,,kajakklub bro,4.5,3,,"56.3591287, 8.4278842",node/11417003880 way/300359249 way/1231068463,ok,2026-09-24
k-node11419884322,,,Vandkraftsø Kanoplads,Mejdal,,,,kajakklub bro,4.5,4,,"56.3512452, 8.6388788",node/11419884322 way/300361987 way/1231327730 way/243224878,ok,2026-09-24
k-node11419939760,,,Tvis Å Kanoplads,Mejrup Kirkeby,,,,kajakklub bro,4.5,3,,"56.3524065, 8.6824650",node/11419939760 way/300365595 way/1231332750,ok,2026-09-24
k-node11420020170,,,Yllebjerg Kanoplads,Hodsager,,,,kajakklub bro,4.5,2,,"56.3226507, 8.8095992",node/11420020170 way/1231341241,ok,2026-09-24
k-node11422927070,,,Vandkraftværk Kanoplads,Mejdal,,,,kajakklub bro,4.5,3,,"56.3524305, 8.6365703",node/11422927070 way/300361777 way/1231693723,ok,2026-09-24
k-node11426718854,,,Frøjk Kanoplads,Vestermark,,,,kajakklub bro,4.5,3,,"56.3635045, 8.5785825",node/11426718854 way/300359874 way/1231986745,ok,2026-09-24
k-node12182629241,,,Viski - Vinterbaderne i Skive,Skive,,,,badebro vinterbad badested bro,4.5,4,,"56.5763616, 9.0517707",node/12182629241 node/14029392986 way/97705647 way/97705654,ok,2026-09-24
k-node12284864905,,,Nibe Roklub,Nibe,,,,roklub bro,4.5,3,,"56.9809758, 9.6271848",node/12284864905 way/286594255 way/286594256,ok,2026-09-24
k-node12323070958,,,Mariagerfjord Kajak,Vindø,,,,kajakklub bro,4.5,2,,"56.6382572, 9.8138997",node/12323070958 way/339973017,ok,2026-09-24
k-node12345686720,,,Sønderborg Kajakklub,Dybbøløsten,,,,kajakklub bro,4.5,6,,"54.9194685, 9.7691833",node/12345686720 way/238562774 way/1334473706 way/349912033 way/349912075 way/349912076,ok,2026-09-24
k-node12592691503,,,Hadsund Roklub,Hadsund Syd,,,,roklub bro,4.5,6,,"56.7084475, 10.1035309",node/12592691503 way/229338589 way/1464202718 way/316319192 way/626588604 way/626588606,ok,2026-09-24
k-node13274647849,,,Søbadet ved Parnas,Borød,,,,badebro vinterbad badested bro,4.5,2,,"55.4250735, 11.5376712",node/13274647849 way/565105463,ok,2026-09-24
k-node13283191791,lovende,bro,,Vrold,"56.0242506, 9.9042948",Kajakklub ved Vrold med en 79 m lang bro og en platform for enden ud i en stor sø.,2026-09-24,kajakklub bro,4.5,2,,"56.0244365, 9.9035706",node/13283191791 way/246698219,ok,2026-09-24
k-node13854250364,,,Havnsø Havnebad,Havnsø,,,,badebro havnebad badested bro,4.5,6,,"55.7546745, 11.3224567",node/13854250364 way/1272386767 way/380911534 way/98184359 way/98184361 way/98184362,ok,2026-09-24
k-node13854255325,på kortet,,Bellevue,Skolevangen,,,,badebro badested bro slæbested,4.5,6,bellevue-strand,"56.1900662, 10.2482824",node/13854255325 way/128795470 way/128795471 way/128795473 way/287296068 way/612931543,ok,2026-09-24
k-node13854313811,lovende,badebro,Vestre Søbad,Sydbyen,"56.1520793, 9.5426229","Vestre Søbad (Silkeborg) med to ringformede badebroer ud i en dyb, mørk skovsø. Masser af plads rundt om ringene.",2026-09-24,badebro vinterbad badested bro,4.5,3,,"56.1520345, 9.5435992",node/13854313811 way/88281544 relation/15770030,ok,2026-09-24
k-node13866577355,på kortet,,Færgegården,Spodsbjerg,,,,badebro badested bro slæbested,4.5,4,spot-7,"54.9320783, 10.8301167",node/13866577355 node/2870465638 way/1159311098 way/26205052,ok,2026-09-24
k-node13899700336,,,Ordrup Strand,Ordrup Strand,,,,badebro badested bro slæbested,4.5,3,,"55.8306691, 11.3955498",node/13899700336 node/1704242841 way/218811311,ok,2026-09-24
k-node13907934389,måske,bro,Tunø bådehavn,Tunø By,"55.9492902, 10.4531279","Tunø Bådehavn: lange broer (167 m og 210 m) i et lille, beskyttet havnebassin. Badestranden ved siden af har ingen bro.",2026-09-24,badebro badested bro havn,4.5,5,,"55.9499901, 10.4537716",node/13907934389 way/1358116004 way/1358116009 way/583653201 way/981925582,ok,2026-09-24
k-node13909738013,,,Thissted Søbad,Thisted,,,,badebro vinterbad badested bro,4.5,4,,"56.9518500, 8.6793012",node/13909738013 way/724083704 way/1172070163 way/1172070164,ok,2026-09-24
k-node13909827749,,,Sundby Mors Havn,Vilsund Øst,,,,badebro badested bro havn,4.5,4,,"56.8838111, 8.6384160",node/13909827749 way/1038326481 way/217721692 way/446918267,ok,2026-09-24
k-node13917849547,,,Marbæk Strand,Tørslev Hage,,,,badebro badested bro slæbested,4.5,4,,"55.8183100, 12.0654317",node/13917849547 node/3857585661 way/110888799 way/382552114,ok,2026-09-24
k-node13917889162,,,Herslev Strand,Herslev,,,,badebro badested bro sejlklub,4.5,5,,"55.6778471, 11.9871900",node/13917889162 node/9392422266 way/117889419 way/1349862057 way/1349862059,ok,2026-09-24
k-node13918478870,,,Bogense Søbad,Bogense,,,,badebro vinterbad badested bro,4.5,4,,"55.5692745, 10.0787059",node/13918478870 node/9250724455 way/253816686 way/373568560,ok,2026-09-24
k-node13919377969,,,Løverodde Strand,Skærbæk,,,,badebro badested bro havn,4.5,4,,"55.4979605, 9.6224558",node/13919377969 way/1036640454 way/1426200082 way/53849355,ok,2026-09-24
k-node13919412685,,,Hejlsminde Strand,Hejlsminde,,,,badebro badested bro slæbested,4.5,6,,"55.3620598, 9.6014237",node/13919412685 node/1129253758 way/101321956 way/101321959 way/1204918266 way/236436312,ok,2026-09-24
k-node13919427143,,,Langebro,Hellebæk,,,,badebro badested bro havn,4.5,6,,"56.0763352, 12.5472001",node/13919427143 way/1035012645 way/137309521 way/137309523 way/914340046 way/914340075,ok,2026-09-24
k-node13920372460,,,Varnæs Vig,Varnæs Vig,,,,badebro badested bro havn,4.5,3,,"55.0334663, 9.5700387",node/13920372460 way/1038336913 way/106100805,ok,2026-09-24
k-node13920386038,,,Loddenhøj Strand,Loddenhøj,,,,badebro badested bro havn,4.5,7,,"55.1045896, 9.5258589",node/13920386038 way/978391156 way/978391160 way/978391161 way/978391162 way/978391163 way/978391164,ok,2026-09-24
k-node13922020819,,,Assens Næs Strand,Assens,,,,badebro badested bro sejlklub,4.5,3,,"55.2674891, 9.8814677",node/13922020819 node/4437897662 way/263268204,ok,2026-09-24
k-node13922040792,,,Anslet Strand,Anslet Strand,,,,badebro badested bro slæbested,4.5,4,,"55.3573463, 9.6169242",node/13922040792 node/2435393603 way/232854836 way/232854837,ok,2026-09-24
k-node13975074217,,,Snogebæk Havn,Snogebæk,,,,badebro badested bro havn,4.5,3,,"55.0250216, 15.1225040",node/13975074217 node/431046809 way/37295619,ok,2026-09-24
k-node13976184842,,,Rønbjerg Strand,Rønbjerg Huse,,,,badebro badested bro slæbested,4.5,4,,"56.8931304, 9.1659175",node/13976184842 node/495272816 way/1058977147 way/1058977155,ok,2026-09-24
k-node13977279751,,,Skåningebro,Bogø By,,,,badebro badested bro havn,4.5,5,,"54.9369388, 12.0277842",node/13977279751 way/1038341973 way/1503547077 way/379042086 way/379042087,ok,2026-09-24
k-node13977666053,,,Onsevig,Onsevig,,,,badebro badested bro havn,4.5,3,,"54.9476622, 11.1070490",node/13977666053 node/2246883584 way/215286724,ok,2026-09-24
k-node13977696721,,,Revgaard,Rødvig,,,,badebro badested udlejning bro,4.5,3,,"55.2475806, 12.3612989",node/13977696721 node/9804167736 way/1067710475,ok,2026-09-24
k-node13978522999,,,Scanport badestation,Kastrup,,,,badebro badested bro havn,4.5,4,,"55.6370449, 12.6570329",node/13978522999 way/1039251391 way/367512403 way/993463611,ok,2026-09-24
k-node13980034108,måske,bro,Nørresø,Houlkær,"56.4677453, 9.4329908","Nørresø (Viborg) med en 57 m lang bro med vinkel for enden. Luftfotoet viser grøn overflade, måske alger eller planter.",2026-09-24,badebro badested bro slæbested,4.5,6,,"56.4679231, 9.4335809",node/13980034108 way/1206798504 way/1206798505 way/1206798507 way/481816481 way/488269579,ok,2026-09-24
k-node13981218934,,,Kalundborg Havnebad,Kalundborg,,,,badebro havnebad badested bro,4.5,5,,"55.6770203, 11.0850681",node/13981218934 way/1269036985 way/1352509988 way/1352509989 way/1352509990,ok,2026-09-24
k-node13985359044,,,Taarbæk Havn,Taarbæk,,,,badebro badested bro havn,4.5,11,,"55.7869815, 12.5959177",node/13985359044 node/2260177673 way/1349200207 way/429847836 way/429847837 way/429847838 way/429847933 way/429847934 way/429848274 way/914082671 way/914082677,ok,2026-09-24
k-node13989639439,,,Frederiksværk Fjordbad,Hanehoved,,,,badebro badested bro havn,4.5,3,,"55.9633074, 11.9959885",node/13989639439 node/2250459816 way/110768986,ok,2026-09-24
k-node13990726816,,,Kongsdal,Kongsdal Huse,,,,badebro badested bro havn,4.5,9,,"56.6833293, 10.0730101",node/13990726816 way/1418888441 way/1418888442 way/1418888446 way/1418888447 way/1418888448 way/1418888449 way/1418888450 way/166885669,ok,2026-09-24
k-node13994493270,,,Rørvig Havn,Rørvig,,,,badebro badested bro havn,4.5,11,,"55.9431726, 11.7666775",node/13994493270 node/1131182317 way/108740488 way/108740500 way/1494612418 way/1494612419 way/1494612420 way/380897634 way/380898583 way/380898586 way/380898587,ok,2026-09-24
k-node13994954895,måske,bro,Julsø -Ludvigslyst,Svejbæk,"56.1293168, 9.6435853","Offentligt badested ved Julsø (Ludvigslyst) med en 65 m lang bro og platform ud til mørkt, dybt vand. Rørskov langs bredden og mange private broer ved siden af.",2026-09-24,badebro badested bro slæbested,4.5,8,,"56.1295769, 9.6436229",node/13994954895 way/1068979046 way/1068979047 way/146965821 way/230861732 way/902540714 way/902540715 way/902540716,ok,2026-09-24
k-node13994990093,måske,bro,Rodskov Strand,Havhusene,"56.2916550, 10.3953527","Rodskov Strand/Rosenholm Bådelaug med en 108 m lang bro ud i Kalø Vig. Lavt vand langt ud med ålegræs, men en platform for enden.",2026-09-24,badebro badested bro slæbested,4.5,4,,"56.2925928, 10.3951489",node/13994990093 node/9113438986 way/162366996 way/69403802,ok,2026-09-24
k-node13994999144,lovende,bro,Tange Sø - Marina,Ans,"56.3143582, 9.5851539","Tange Sø Marina/badested (Ans) med flere broer (40–75 m) ud i en stor, dyb sø. Offentlig plads og parkering.",2026-09-24,badebro badested bro havn,4.5,20,,"56.3141261, 9.5852075",node/13994999144 node/9550429925 way/582566274 way/718191815 way/718191816 way/904053238 way/904053239 way/904053240 way/904053241 way/904053242 way/904053247 way/904053248 way/904053249 way/904053250 way/904053251 way/904053252 way/904053253 way/904053254 way/904053255 way/904053259,ok,2026-09-24
k-node13995027251,måske,bro,Studstrup Strand,Grevelund,"56.2562944, 10.3474718","Studstrup Strand med en 32 m lang bro i Kalø Vig/Aarhus Bugt. Lavt og klart vand med ålegræs, åben kyst.",2026-09-24,badebro badested bro slæbested,4.5,3,,"56.2566818, 10.3470158",node/13995027251 way/1287175064 way/691992012,ok,2026-09-24
k-node13995060243,nej,bro,Bogens Strand,Bogens Strand,,Bogens Strand: en 75 m lang bro på en åben kyst med brænding ud mod Kattegat. For udsat.,2026-09-24,badebro badested bro slæbested,4.5,3,,"56.2083647, 10.5769610",node/13995060243 node/8912078082 way/963464540,ok,2026-09-24
k-node14026329479,,,Fynshoved Camping,Korshavn,,,,badebro badested bro slæbested,4.5,3,,"55.6109229, 10.6271065",node/14026329479 node/5562894345 way/71415825,ok,2026-09-24
k-node2282635962,på kortet,,Holbæk Roklub,Holbæk,,,,roklub bro,4.5,3,holbaek-vinterbadere,"55.7188112, 11.6968498",node/2282635962 way/108354996 way/108355003,ok,2026-09-24
k-node3033538034,,,Kajakklubben Esrum Sø,Nødebo,,,,kajakklub bro,4.5,3,,"55.9793702, 12.3519272",node/3033538034 way/182247590 way/214565569,ok,2026-09-24
k-node3228021010,,,Grenaa Roklub,Klitten,,,,roklub bro,4.5,2,,"56.4087091, 10.9242888",node/3228021010 way/330247899,ok,2026-09-24
k-node3234494607,,,Tvørabaturin,Nordhavn,,,,roklub badested,4.5,3,,"55.7226740, 12.6019688",node/3234494607 node/3234537944 node/11166944426,ok,2026-09-24
k-node3315493044,lovende,badebro,Tange Søbad,Høbjerg,"56.3339655, 9.5761890","Tange Søbad/vinterbad med en 41 m lang bro ud i Tange Sø. Stor sø med dybt, mørkt vand.",2026-09-24,badebro vinterbad badested bro,4.5,3,,"56.3345454, 9.5760012",node/3315493044 node/13994974113 way/904053262,ok,2026-09-24
k-node3404449302,,,Dragør Søbad,Dragør,,,,badebro vinterbad badested bro,4.5,2,,"55.5869803, 12.6755076",node/3404449302 way/158294523,ok,2026-09-24
k-node4718031252,,,Mommark Strand,Mommark,,,,badebro badested bro slæbested,4.5,3,,"54.9310276, 10.0445359",node/4718031252 node/3545281716 way/1201246355,ok,2026-09-24
k-node5678033017,,,Charlottenlund Kajakklub,Hellerup,,,,kajakklub bro,4.5,3,,"55.7437132, 12.5874084",node/5678033017 way/595875219 way/914082608,ok,2026-09-24
k-node5961522947,på kortet,,Furesøbad Kiosk,Farum,,,,badebro vinterbad badested bro,4.5,6,vinterbadeklubben-furesoe,"55.8030096, 12.3858686",node/5961522947 way/238150048 way/26324402 node/13981132069 way/625779443 way/625779444,ok,2026-09-24
k-node6001352627,på kortet,,Roskilde Kajakpolo & SUP,Sankt Agnes Huse,,,,kajakklub sup,4.5,1,spot-9,"55.6491653, 12.0784655",node/6001352627,ok,2026-09-24
k-node7541158084,,,Ærø Kajak og SUP,Trovsløkke,,,,kajakklub sup,4.5,1,,"54.8477148, 10.4951242",node/7541158084,ok,2026-09-24
k-node7689541583,,,Vestjysk Kanoudlejning,Kvie,,,,kajakklub udlejning,4.5,1,,"55.7082267, 8.7671731",node/7689541583,ok,2026-09-24
k-node8929111662,,,Kajakoasen,Plejerup,,,,kajakklub udlejning,4.5,1,,"55.7913958, 11.6318202",node/8929111662,ok,2026-09-24
k-node9024871313,,,Vester Strand,Overdrevshuse,,,,badebro badested bro slæbested,4.5,3,,"55.8550358, 11.9575734",node/9024871313 way/1351268213 way/641270922,ok,2026-09-24
k-node9161359751,,,Charlottenlund Søbad Kiosk,Skovshoved,,,,badebro vinterbad badested bro,4.5,3,,"55.7491582, 12.5909370",node/9161359751 way/1089482601 relation/3205786,ok,2026-09-24
k-node9335157681,,,Nybro Kanoplads,Nybro,,,,kajakklub bro,4.5,3,,"56.2467576, 8.8783628",node/9335157681 way/431505350 way/1347031802,ok,2026-09-24
k-way1039251392,,,Kastrup Broforenings Bådehavn,Kastrup,,,,roklub havn,4.5,1,,"55.6350435, 12.6560869",way/1039251392,ok,2026-09-24
k-way105399672,,,Roklubben Stevns,Rødvig,,,,roklub slæbested,4.5,2,,"55.2540601, 12.3715881",way/105399672 way/623452706,ok,2026-09-24
k-way1055356670,måske,flydebro,,Sandmark,"56.1752580, 9.5319112","Kajakpolobane med flydende gangbroer i Sølystparken (samme område som k-node12462905430). Grønt vand, som kan være lavt eller have planter.",2026-09-24,kajakklub bro,4.5,3,,"56.1755029, 9.5316859",way/1055356670 way/1055607207 way/464708199,ok,2026-09-24
k-way106020151,,,Middelfart Roklub,Snoghøj,,,,roklub bro,4.5,5,,"55.5116921, 9.7111494",way/106020151 way/734364264 way/734364265 way/734364267 way/734364268,ok,2026-09-24
k-way117808271,på kortet,,Fredericia Roklub,Fredericia,,,,roklub bro,4.5,3,fredericia-roklub,"55.5697771, 9.7703804",way/117808271 way/232562857 way/400618652,ok,2026-09-24
k-way1224968598,,,,Hee,,,,kajakklub bro,4.5,1,,"56.1372856, 8.3010788",way/1224968598,ok,2026-09-24
k-way1236050613,,,Valhal Havnebad,Brøndby Strand,,,,badebro havnebad badested bro,4.5,4,,"55.6101770, 12.4000775",way/1236050613 way/1236050615 way/1185198992 way/1236050607,ok,2026-09-24
k-way1303080528,,,Vinterbaderne,Rungsted,,,,badebro vinterbad bro slæbested,4.5,17,,"55.8866396, 12.5479498",way/1303080528 node/1646262825 node/1646262838 node/2069112790 way/197663624 way/363730244 way/363730251 way/363730253 way/363730256 way/363730258 way/363730260 way/363743769 way/363743770 way/363743771 way/364309944 way/364309945 way/364309946,ok,2026-09-24
k-way1311122584,,,Agersø Havn,Agersø,,,,badebro badested bro havn,4.5,6,,"55.2101555, 11.1985524",way/1311122584 way/1038329051 way/294947086 way/294947088 way/502359793 way/502359794,ok,2026-09-24
k-way1339468262,,,,Ejby,,,,kajakklub bro,4.5,2,,"55.6895379, 11.8384276",way/1339468262 way/1299195453,ok,2026-09-24
k-way1368848451,nej,bro,Kajakhotel Åbrinken,Åbyhøj,,Kajakhotel ved Aarhus Å. Åen er kun ca. 10 m bred.,2026-09-24,kajakklub bro,4.5,4,,"56.1532500, 10.1815032",way/1368848451 way/1368848453 way/460385960 way/460385962,ok,2026-09-24
k-way143852914,,,Bagsværd Sø Rostadion,Frederiksdal,,,,roklub bro,4.5,2,,"55.7747981, 12.4392608",way/143852914 way/408856242,ok,2026-09-24
k-way166003113,,,Deutscher Ruderverein Gravenstein,Gråsten,,,,roklub bro,4.5,2,,"54.9166776, 9.5914065",way/166003113 way/105901540,ok,2026-09-24
k-way169415874,på kortet,,Kajakbiksen,Pilshuse,,,,kajakklub bro,4.5,2,nyborg-roklub,"55.3048406, 10.7850948",way/169415874 way/126554093,ok,2026-09-24
k-way170397744,,,Helsingør Roklub,Helsingør,,,,roklub bro,4.5,2,,"56.0272165, 12.6068592",way/170397744 way/170397745,ok,2026-09-24
k-way179246438,,,Nåby Kano og Camping,Nåby,,,,kajakklub slæbested,4.5,3,,"55.2855050, 11.6953415",way/179246438 node/1895925135 node/1895925140,ok,2026-09-24
k-way185763886,,,Humlebæk Roklub,Krogerup,,,,roklub bro,4.5,4,,"55.9697055, 12.5450024",way/185763886 way/185763890 way/1177328179 way/304714452,ok,2026-09-24
k-way219057212,,,Ringsted Roklub,Ejlstrup Huse,,,,roklub bro,4.5,3,,"55.4807582, 11.7550181",way/219057212 way/264484462 way/292669346,ok,2026-09-24
k-way219471530,,,Frederikssund Roklub,Frederikssund,,,,roklub bro,4.5,3,,"55.8320433, 12.0571295",way/219471530 way/110867233 way/1349560803,ok,2026-09-24
k-way219580774,,,Hammer-Ro,Vellerup Sommerby,,,,kajakklub roklub,4.5,2,,"55.7543679, 11.8579896",way/219580774 way/219580785,ok,2026-09-24
k-way220281512,,,Herning Roklub,Sunds,,,,roklub bro,4.5,4,,"56.2071922, 9.0144561",way/220281512 way/484048843 way/484048877 way/567801799,ok,2026-09-24
k-way220283123,,,Sunds GF Kajakklub,Sunds,,,,kajakklub bro,4.5,3,,"56.2135072, 9.0113592",way/220283123 way/484048829 way/484048849,ok,2026-09-24
k-way224081323,,,Bagsværd Roklub,Ny Frederiksdal,,,,roklub bro,4.5,5,,"55.7716564, 12.4454609",way/224081323 way/155614069 way/155614083 way/155614118 way/155614138,ok,2026-09-24
k-way228637721,,,Gråsten Roklub,Gråsten,,,,roklub slæbested,4.5,2,,"54.9186680, 9.5949189",way/228637721 way/316646952,ok,2026-09-24
k-way233263309,,,Kongeaa Camping og Kano,Villebøl,,,,kajakklub bro,4.5,2,,"55.4071164, 8.8837578",way/233263309 way/698340781,ok,2026-09-24
k-way265773319,,,Nakskov Roklub,Færgeland,,,,roklub bro,4.5,3,,"54.8293065, 11.1306696",way/265773319 way/228067550 way/38991656,ok,2026-09-24
k-way282172529,på kortet,,Kajakpolo Islands Brygge,Ballonparken,,,,kajakklub bro,4.5,2,kalvebod-boelge,"55.6675106, 12.5762503",way/282172529 way/282172528,ok,2026-09-24
k-way305135015,,,Odense Roklub,Næsby,,,,roklub bro,4.5,3,,"55.4207950, 10.3778923",way/305135015 way/305135013 way/305135014,ok,2026-09-24
k-way317202490,,,Deutscher Ruderverein Hadersleben,Haderslev,,,,roklub bro,4.5,2,,"55.2465812, 9.4798978",way/317202490 way/1386533513,ok,2026-09-24
k-way317204132,på kortet,,Nysted Roklub,Nysted,,,,roklub bro,4.5,4,spot-2,"54.6652205, 11.7283249",way/317204132 way/1348321341 way/317204131 way/96753372,ok,2026-09-24
k-way332387626,,,Kano og Kajakklubben Odin,City Campus,,,,kajakklub bro,4.5,3,,"55.4075114, 10.3778451",way/332387626 way/1067545815 way/392298861,ok,2026-09-24
k-way390132117,,,Fur Bådelaug,Branden,,,,roklub badested,4.5,2,,"56.8054039, 9.0214572",way/390132117 node/13985393210,ok,2026-09-24
k-way423910268,på kortet,,Ballehage Søbad,Højbjerg,,,,badebro vinterbad badested bro,4.5,3,bellehage-strand,"56.1208394, 10.2253696",way/423910268 node/13855681640 way/38168262,ok,2026-09-24
k-way610153741,,,Lynæs Sejl og Kajakklub,Lynæs,,,,kajakklub bro,4.5,7,,"55.9438950, 11.8653178",way/610153741 way/110693879 way/110693883 way/110693886 way/110693896 way/110693900 way/110693904,ok,2026-09-24
k-way614716490,på kortet,,Westwind Bork Havn,Kirkehøj,,,,kajakklub bro,4.5,3,spot-15,"55.8485122, 8.2779111",way/614716490 way/277147183 way/277147186,ok,2026-09-24
k-way778214214,,,Kajakklubben Sydvest,Kongsgård,,,,kajakklub bro,4.5,2,,"55.6161354, 8.4731875",way/778214214 way/902526057,ok,2026-09-24
k-way956028975,lovende,badebro,Bigum Søbad,Bigum,"56.5394439, 9.6554232",Bigum Søbad/vinterbad med en 61 m lang bro ud forbi rørskoven til åbent vand i en stor sø.,2026-09-24,badebro vinterbad badested bro,4.5,3,,"56.5397249, 9.6553427",way/956028975 way/1347172390 way/463112403,ok,2026-09-24
k-node10312620503,,,Padel.dk,City Campus,,,,kajakklub,4.0,1,,"55.4021974, 10.3717636",node/10312620503,forsvundet,2026-09-24
k-node10570927403,nej,andet,Pakhus77,Aarhus,,"Padel-tennis (Pakhus77), ikke kajak – fejl i søgningen, som nu er rettet.",2026-09-24,kajakklub,4.0,2,,"56.1615451, 10.2226337",node/10570927403 way/270799966,forsvundet,2026-09-24
k-node10671972632,,,Stilling for 50mm kanon,Hirtshals,,,,kajakklub,4.0,1,,"57.5831950, 9.9436794",node/10671972632,forsvundet,2026-09-24
k-node10671972671,,,Fundament for luftværnskanon,Hirtshals,,,,kajakklub,4.0,1,,"57.5832629, 9.9415034",node/10671972671,forsvundet,2026-09-24
k-node10674023835,,,"Lukket kanonstilling til fransk 10,5 cm kanon",Krage Strand,,,,kajakklub,4.0,7,,"57.5835807, 9.9370908",node/10674023835 node/10677023568 node/10677023587 node/10677027413 node/10677027414 node/1539678632 node/9675491871,forsvundet,2026-09-24
k-node10726590760,på kortet,,,Viborg,,,,badebro badested bro,4.0,11,viborg-baadelaug,"56.4535434, 9.4184616",node/10726590760 way/1053901459 way/1206798474 way/1206798475 way/1207112691 way/1207112692 way/1207112693 way/1207112694 way/1207112695 way/1211819168 way/1211819169,ok,2026-09-24
k-node10814643680,på kortet,,Aarhus Havkajakklub,Frederiksbjerg,,,,kajakklub,4.0,1,marselisborg-lystbaadehavn,"56.1392671, 10.2141023",node/10814643680,ok,2026-09-24
k-node10844704039,,,,Amagerbro,,,,badebro badested bro,4.0,3,,"55.6697234, 12.5972367",node/10844704039 way/760237054 way/915616751,ok,2026-09-24
k-node11013955253,måske,bro,Dråby Strand,Dråby Strand,"56.2213801, 10.7409963","Dråby Strand ved campingpladsen med en 55 m lang bro ud i Ebeltoft Vig. Åbent, lavt og klart vand – bølger ved vind.",2026-09-24,badebro badested bro,4.0,2,,"56.2213115, 10.7404599",node/11013955253 way/1518070256,ok,2026-09-24
k-node11013955255,lovende,badebro,Lyngsbæk-Femmøller Strand,Femmøller Strand,"56.2272362, 10.6053586",Lyngsbæk-Femmøller Strand med en 95 m lang badebro og platforme ud til dybere vand i Ebeltoft Vig. Bølger ved pålandsvind.,2026-09-24,badebro badested bro,4.0,2,,"56.2275583, 10.6049134",node/11013955255 way/793713706,ok,2026-09-24
k-node11209944344,,,Mål for maskinkanon,Juvre,,,,kajakklub,4.0,1,,"55.1962229, 8.5522449",node/11209944344,forsvundet,2026-09-24
k-node11407341156,,,Kano,Klokholm,,,,kajakklub,4.0,1,,"55.4245245, 10.0380925",node/11407341156,ok,2026-09-24
k-node11407341163,,,Kano,Dybmose,,,,kajakklub,4.0,1,,"55.4255960, 10.0410323",node/11407341163,ok,2026-09-24
k-node11417009632,,,Vemb Kanoplads,Vemb,,,,kajakklub,4.0,2,,"56.3397596, 8.3495780",node/11417009632 way/300359488,ok,2026-09-24
k-node11426793977,,,Holstebro Kanoplads,Holstebro,,,,kajakklub,4.0,2,,"56.3562338, 8.6219220",node/11426793977 way/300360975,ok,2026-09-24
k-node11789627167,,,,Østerbro,,,,badebro badested bro,4.0,3,,"55.7048766, 12.5940434",node/11789627167 way/1202912963 way/1202912964,ok,2026-09-24
k-node11789627168,,,,Indre By,,,,badebro badested bro,4.0,7,,"55.6870278, 12.6188921",node/11789627168 way/1125366676 way/429516436 way/429516437 way/429516438 way/429516439 way/429516440,ok,2026-09-24
k-node11920565051,,,Jenle Kajakovernatningsplads,Astrup Vig,,,,kajakklub,4.0,2,,"56.6658436, 9.0949251",node/11920565051 node/3757023936,ok,2026-09-24
k-node11961297793,,,Endelave Lynger Strand,Lynger Strand,,,,badebro badested bro,4.0,2,,"55.7439498, 10.2999272",node/11961297793 way/1290067207,ok,2026-09-24
k-node11980680649,,,Davinde Sø,Davinde,,,,badebro badested bro,4.0,3,,"55.3342474, 10.5397224",node/11980680649 way/1292349778 way/1292349780,ok,2026-09-24
k-node11987760389,nej,andet,Kanogården,Hvornum,,Kanogården ved Hvornum er en gård/kanoudlejning uden vand på stedet.,2026-09-24,kajakklub,4.0,1,,"56.5858646, 9.6590683",node/11987760389,ok,2026-09-24
k-node12064848501,,,,Hirsholm,,,,badebro badested bro,4.0,2,,"57.4848736, 10.6203622",node/12064848501 way/1502064557,ok,2026-09-24
k-node12163062186,,,Gedser Nord,Gedser,,,,badebro badested bro,4.0,3,,"54.5840094, 11.9213517",node/12163062186 way/1314110360 way/1314110361,ok,2026-09-24
k-node12278318150,,,Grønnerup Strand Kajakplads,Stistrup,,,,kajakklub,4.0,1,,"56.7600123, 9.2359766",node/12278318150,ok,2026-09-24
k-node12331274862,,,Badebroen Fjordvej,Strandhuse,,,,badebro bro kanoplads,4.0,3,,"55.4967492, 9.5440557",way/310571289 node/12331274862 way/852719029,ok,2026-09-24
k-node12460428733,,,Balancegården Kanoplads,Skærbækmølle,,,,kajakklub,4.0,2,,"56.2644872, 8.8800787",node/12460428733 way/431505764,ok,2026-09-24
k-node12468469417,,,,Nordhavn,,,,badebro badested bro,4.0,2,,"55.7097740, 12.5951422",node/12468469417 way/1385448502,ok,2026-09-24
k-node12471718388,,,Søren Bild Strand,Strandhuse,,,,badebro badested bro,4.0,2,,"55.0445625, 10.4014279",node/12471718388 way/117562346,ok,2026-09-24
k-node12640404383,,,Surfer's Paradise,Drejby,,,,kajakklub,4.0,1,,"54.8604155, 9.9989649",node/12640404383,ok,2026-09-24
k-node12771923936,,,Præstens Plantage Kajakplads,Strandgård,,,,kajakklub,4.0,1,,"57.0141988, 10.3527733",node/12771923936,ok,2026-09-24
k-node12826932556,,,Nordhavn Havsvømmebane,Nordhavn,,,,badebro badested bro,4.0,3,,"55.7216691, 12.6131327",node/12826932556 way/1414654097 way/1286776259,ok,2026-09-24
k-node12912727953,,,Broby og Suså Kanoudlejning,Løvehave,,,,kajakklub,4.0,1,,"55.3898148, 11.6457427",node/12912727953,ok,2026-09-24
k-node13013612466,,,Glyngøre Sejlklub,Glyngøre,,,,sup bro sejlklub,4.0,6,,"56.7635382, 8.8670770",node/13013612466 way/215213915 way/215213916 way/388411116 way/914991584 way/917766417,ok,2026-09-24
k-node13021246521,,,Vitsø,Søby,,,,badebro badested bro,4.0,2,,"54.9359671, 10.2422614",node/13021246521 way/1359269811,ok,2026-09-24
k-node13027003447,,,,Nostrup,,,,badebro badested bro,4.0,2,,"55.7119823, 11.0058693",node/13027003447 way/1417589515,ok,2026-09-24
k-node13031202095,,,Padel Yard Jernbanebyen,Vesterbro,,,,kajakklub,4.0,1,,"55.6585760, 12.5478636",node/13031202095,forsvundet,2026-09-24
k-node1331261279,,,Skjolden badestrand,Sorø,,,,badebro badested bro,4.0,2,,"55.4415297, 11.5487550",node/1331261279 way/1286993575,ok,2026-09-24
k-node13851746109,lovende,badebro,Moesgård Strand,Fulden,"56.0865446, 10.2497973","Moesgård Strand med en 101 m lang badebro (sæsonbro, kun delvist synlig på luftfotoet) ud til dybt vand i Aarhus Bugt. Læ ved vestenvind.",2026-09-24,badebro badested bro,4.0,2,,"56.0870025, 10.2486976",node/13851746109 way/875806722,ok,2026-09-24
k-node13852413371,,,Melsted,Melsted,,,,badebro badested bro,4.0,2,,"55.2012955, 14.9831491",node/13852413371 way/1304913890,ok,2026-09-24
k-node13852591590,,,Lille Sandkås,Sandkås,,,,badebro badested bro,4.0,2,,"55.2593054, 14.8171096",node/13852591590 way/96706619,ok,2026-09-24
k-node13854255324,måske,bro,Risskov Strandpark,Skolevangen,"56.1839639, 10.2386996","Risskov Strandpark med en kort bro (13 m) ved en bygning, men vandet bliver hurtigt dybt her. Læ ved vestenvind.",2026-09-24,badebro badested bro,4.0,2,,"56.1846356, 10.2393326",node/13854255324 way/1450920168,ok,2026-09-24
k-node13854280042,,,Gjellerodde,Underbjerg,,,,badebro badested bro,4.0,2,,"56.5848454, 8.2829467",node/13854280042 way/1517312575,ok,2026-09-24
k-node13855689786,måske,badebro,Følle Strand,Følle Strand,"56.2941739, 10.4267759","Følle Strand med en 109 m lang badebro ud i Kalø Vig (sæsonbro, ikke synlig på luftfotoet). Lavt vand med ålegræs.",2026-09-24,badebro badested bro,4.0,2,,"56.2951563, 10.4264004",node/13855689786 way/1518007889,ok,2026-09-24
k-node13855945843,,,Sandvig,Allinge-Sandvig,,,,badebro badested bro,4.0,2,,"55.2898812, 14.7779578",node/13855945843 way/439369381,ok,2026-09-24
k-node13866250999,,,Bisserup Strand,Bisserup,,,,badebro badested bro,4.0,2,,"55.1990064, 11.4965595",node/13866250999 way/1519526939,ok,2026-09-24
k-node13869028063,nej,badebro,Kysing Næs,Kysing Næs,,Kysing Næs: kort badebro (25 m) ved en lav sandstrand.,2026-09-24,badebro badested bro,4.0,2,,"56.0163326, 10.2731134",node/13869028063 way/1256898787,ok,2026-09-24
k-node13899681241,måske,badebro,Blommehaven,Skåde Bakker,"56.1096041, 10.2360954","Blommehaven (camping) med en 22 m lang bro. Vandet bliver hurtigt dybt, og der er læ ved vestenvind.",2026-09-24,badebro badested bro,4.0,2,,"56.1096400, 10.2356126",node/13899681241 way/946632529,ok,2026-09-24
k-node13899694875,nej,badebro,Norsminde Strand,Ajstrup Strand,,Norsminde Strand: kort bro (17 m) ved en lav sandstrand.,2026-09-24,badebro badested bro,4.0,2,,"56.0283338, 10.2664193",node/13899694875 way/1513359996,ok,2026-09-24
k-node13900975895,,,Sydstranden,Rosnæs,,,,badebro badested bro,4.0,2,,"54.8326688, 11.0896567",node/13900975895 way/38378566,ok,2026-09-24
k-node13900976401,måske,badebro,Hølken Strand,Hylken Strand,"55.9338629, 10.2599323","Hølken Strand med badebroer (44 m og 24 m). Ret lavt, klart vand på en åben kyst.",2026-09-24,badebro badested bro,4.0,3,,"55.9339110, 10.2591813",node/13900976401 way/378720126 way/95251536,ok,2026-09-24
k-node13900983156,,,Marielyst,Marielyst,,,,badebro badested bro,4.0,3,,"54.6898215, 11.9702707",node/13900983156 way/1308749744 way/1309014846,ok,2026-09-24
k-node13901063015,måske,badebro,Hou Strand,Hou,"55.9256519, 10.2586456","Hou Strand med en 47 m lang badebro (sæsonbro, ikke synlig på luftfotoet). Åben kyst med bølger.",2026-09-24,badebro badested bro,4.0,2,,"55.9256249, 10.2577444",node/13901063015 way/624342696,ok,2026-09-24
k-node13901216635,,,Sydstranden,Lundsgård,,,,badebro badested bro,4.0,2,,"55.4472097, 10.6676134",node/13901216635 way/371415977,ok,2026-09-24
k-node13901216636,,,,Kerteminde,,,,badebro badested bro,4.0,3,,"55.4560510, 10.6651133",node/13901216636 way/237099214 way/519951485,ok,2026-09-24
k-node13902310101,,,Liseleje,Liseleje,,,,badebro badested bro,4.0,3,,"56.0157188, 11.9678582",node/13902310101 way/1300109815 way/1300109816,ok,2026-09-24
k-node13902359597,,,Hellerup Strand,Hellerup,,,,badebro badested bro,4.0,3,,"55.7327077, 12.5822914",node/13902359597 way/120711854 way/429845229,ok,2026-09-24
k-node13902416674,,,Opalsøen,Sæne,,,,badebro badested bro,4.0,2,,"55.2818262, 14.7613659",node/13902416674 way/667400072,ok,2026-09-24
k-node13902443048,,,Tejn Havn,Tejn,,,,badebro badested bro,4.0,2,,"55.2494049, 14.8351975",node/13902443048 way/724722645,ok,2026-09-24
k-node13904227323,måske,badebro,Åkrogen,Egå Bro,"56.2024602, 10.2836670",Åkrogen Strand (Egå) med en 44 m lang badebro ud til mørkere vand i Aarhus Bugt. Egå Marina (på kortet) ligger ca. 600 m nord.,2026-09-24,badebro badested bro,4.0,2,,"56.2031614, 10.2834900",node/13904227323 way/446085762,ok,2026-09-24
k-node13904285308,lovende,badebro,Tålfor Strand,Egå,"56.2202683, 10.3006977","Tålfor Strand (Egå) med en meget lang badebro (216 m) ud til dybere vand. Åben bugt, så bølger ved østenvind.",2026-09-24,badebro badested bro,4.0,2,,"56.2205278, 10.2990347",node/13904285308 way/1263304816,ok,2026-09-24
k-node13906412038,,,Ågerup Strandpark,Røsnæs Strandpark,,,,badebro badested bro,4.0,2,,"55.7430880, 10.9995317",node/13906412038 way/1352390108,ok,2026-09-24
k-node13906417622,,,Helles Klint,Hellesklint,,,,badebro badested bro,4.0,3,,"55.7277017, 10.9163293",node/13906417622 way/1352396722 way/1352396723,ok,2026-09-24
k-node13906446209,,,,Kalundborg,,,,badebro badested bro,4.0,2,,"55.6874449, 11.0475937",node/13906446209 way/351793524,ok,2026-09-24
k-node13906446249,,,,Kalundborg,,,,badebro badested bro,4.0,2,,"55.6853473, 11.0543336",node/13906446249 way/351793526,ok,2026-09-24
k-node13908000469,måske,bro,,Ballen,"55.8153076, 10.6394239",Ballen Havn (Samsø): havnens broer (32–73 m) i et beskyttet bassin med mange både. Badestranden ved siden af har ingen bro.,2026-09-24,badebro badested bro,4.0,4,,"55.8146445, 10.6394775",node/13908000469 way/104574102 way/215797753 way/358256488,ok,2026-09-24
k-node13908018460,måske,badebro,,Ballen,"55.8189072, 10.6382254","Badebro (69 m) med platform for enden nord for Ballen Havn (Samsø). Mørkt, dybt vand ved platformen, men åben kyst.",2026-09-24,badebro badested bro,4.0,2,,"55.8183346, 10.6376890",node/13908018460 way/455425983,ok,2026-09-24
k-node13917214040,,,Kobæk Strand,Kobæk Strand,,,,badebro badested bro,4.0,2,,"55.2593934, 11.2452851",node/13917214040 way/780503505,ok,2026-09-24
k-node13917831423,,,Fjellerup Strand,Brejning Strand,,,,badebro badested bro,4.0,2,,"55.6839798, 9.6835154",node/13917831423 way/166870687,ok,2026-09-24
k-node13917832922,,,Hyby Strand,Hyby Lund,,,,badebro badested bro,4.0,2,,"55.5797129, 9.7858462",node/13917832922 way/400618648,ok,2026-09-24
k-node13917842950,,,Stranden ved Middelfart Marina,Middelfart,,,,badebro badested bro,4.0,2,,"55.4895384, 9.7300738",node/13917842950 way/58485157,ok,2026-09-24
k-node13918172648,,,Vestre Strand,Ærøskøbing,,,,badebro badested bro,4.0,2,,"54.8963800, 10.4005031",node/13918172648 way/1467377140,ok,2026-09-24
k-node13918173173,,,Nordstranden,Kerteminde,,,,badebro badested bro,4.0,2,,"55.4604046, 10.6680735",node/13918173173 way/554010530,ok,2026-09-24
k-node13918173365,,,Eriks Hale,Marstal,,,,badebro badested bro,4.0,2,,"54.8437505, 10.5205945",node/13918173365 way/840971407,ok,2026-09-24
k-node13918190150,,,Hesselbjerg Strand,Kohave,,,,badebro badested bro,4.0,2,,"54.8023104, 10.6547099",node/13918190150 way/315063683,ok,2026-09-24
k-node13918190208,,,Søby Strand,Søby,,,,badebro badested bro,4.0,2,,"54.9412176, 10.2630090",node/13918190208 way/1202780976,ok,2026-09-24
k-node13918206894,,,Emmerbølle Strand,Skovhuse,,,,badebro badested bro,4.0,2,,"55.0359443, 10.8479012",node/13918206894 way/235653830,ok,2026-09-24
k-node13918397599,,,Genner Strand,Sønderballe Strand,,,,badebro badested bro,4.0,4,,"55.1314472, 9.4742152",node/13918397599 way/101070546 way/101070568 way/286309516,ok,2026-09-24
k-node13918397725,,,Sønderhav,Sønderhav,,,,badebro badested bro,4.0,3,,"54.8599931, 9.4985897",node/13918397725 node/5777697969 way/120392927,ok,2026-09-24
k-node13918420438,,,Alnor Strandpark,Alnor,,,,badebro badested bro,4.0,4,,"54.9057550, 9.5878927",node/13918420438 way/835360404 way/835360405 way/835463757,ok,2026-09-24
k-node13918436706,,,Kelstrup Strand,Kelstrup Strand,,,,badebro badested bro,4.0,2,,"55.1928976, 9.5871413",node/13918436706 way/283849552,ok,2026-09-24
k-node13918437892,,,Barsø Landing,Barsø Landing,,,,badebro badested bro,4.0,2,,"55.1100342, 9.5156208",node/13918437892 way/514704765,ok,2026-09-24
k-node13918456133,,,Storstranden Juelsminde,Juelsminde,,,,badebro badested bro,4.0,2,,"55.7140707, 10.0192343",node/13918456133 way/1198135347,ok,2026-09-24
k-node13918489824,,,Skærbæk Strandpark,Skærbæk,,,,badebro badested bro,4.0,2,,"55.5102504, 9.6368732",node/13918489824 way/564321414,ok,2026-09-24
k-node13918503119,,,Binderup Strand,Binderup Strand,,,,badebro badested bro,4.0,3,,"55.4205596, 9.5929529",node/13918503119 way/1202522190 way/1206599809,ok,2026-09-24
k-node13919343526,,,Grønninghoved strand,Grønninghoved Strand,,,,badebro badested bro,4.0,2,,"55.4120504, 9.5960053",node/13919343526 way/1204378413,ok,2026-09-24
k-node13919343581,,,Hundige Strand,Ishøj,,,,badebro badested bro,4.0,2,,"55.5943493, 12.3640414",node/13919343581 way/1074821394,ok,2026-09-24
k-node13919370784,,,Ishøj Strand,Ishøj,,,,badebro badested bro,4.0,2,,"55.6030531, 12.3856127",node/13919370784 way/1344589319,ok,2026-09-24
k-node13919377987,,,Vallensbæk Strand,Brøndby Strand,,,,badebro badested bro,4.0,3,,"55.6119984, 12.4026555",node/13919377987 way/1349006323 way/1349006324,ok,2026-09-24
k-node13919393050,,,Daugaard Strand,Daugård Strand,,,,badebro badested bro,4.0,2,,"55.7048559, 9.6978086",node/13919393050 way/1326051066,ok,2026-09-24
k-node13919422023,,,Brøndby Strand,Brøndby Strand,,,,badebro badested bro,4.0,2,,"55.6130740, 12.4209936",node/13919422023 way/911209424,ok,2026-09-24
k-node13919428013,,,Vigen Strandpark,Veddelev,,,,badebro badested bro,4.0,2,,"55.6736753, 12.0766684",node/13919428013 way/111684997,ok,2026-09-24
k-node13919438963,,,Gilleleje Veststrand,Gilleleje,,,,badebro badested bro,4.0,2,,"56.1279055, 12.3039515",node/13919438963 way/1219519594,ok,2026-09-24
k-node13919455430,,,Klinteparken Strand,Masnedsund,,,,badebro badested bro,4.0,2,,"55.0123725, 11.8580078",node/13919455430 way/607875963,ok,2026-09-24
k-node13919457604,,,Strandparken Vordingborg,Masnedsund,,,,badebro badested bro,4.0,2,,"55.0063624, 11.8684451",node/13919457604 way/1385329263,ok,2026-09-24
k-node13919461488,,,Lohals Strand,Lohals,,,,badebro badested bro,4.0,2,,"55.1390321, 10.9032827",node/13919461488 way/704633839,ok,2026-09-24
k-node13919527991,,,Storebæltsbadet,Nyborg,,,,badebro badested bro,4.0,2,,"55.3139146, 10.8157563",node/13919527991 way/548676430,ok,2026-09-24
k-node13919540963,,,Lundeborg,Lundeborg,,,,badebro badested bro,4.0,2,,"55.1406970, 10.7850642",node/13919540963 way/122252860,ok,2026-09-24
k-node13919551131,,,Købingsmark Strand,Købingsmark Strand,,,,badebro badested bro,4.0,2,,"55.0802267, 9.7278215",node/13919551131 way/383990347,ok,2026-09-24
k-node13919576520,,,Det Marine Center,Hestehave,,,,badebro badested bro,4.0,2,,"54.9415847, 9.7644293",node/13919576520 way/704198713,ok,2026-09-24
k-node13919594725,,,Vemmingbund Badestrand,Vemmingbund,,,,badebro badested bro,4.0,2,,"54.8954872, 9.7012794",node/13919594725 way/1297744537,ok,2026-09-24
k-node13919601529,,,Fluepapiret,Sønderborg,,,,badebro badested bro,4.0,2,,"54.9047598, 9.7857483",node/13919601529 way/626999452,ok,2026-09-24
k-node13919601534,,,Den sorte Strand,tidl. Den Sorte Badeanstalt,,,,badebro badested bro,4.0,4,,"54.8974105, 9.7996573",node/13919601534 way/1024968438 way/1024968439 way/1024968440,ok,2026-09-24
k-node13919708650,nej,badebro,Husodde Strand,Husodde,,Husodde Strand (Horsens Fjord): 46 m bro ud i meget lavt vand med tang/ålegræs.,2026-09-24,badebro badested bro,4.0,2,,"55.8581430, 9.9171590",node/13919708650 way/552579358,ok,2026-09-24
k-node13919720810,,,Østerstrand,Fredericia,,,,badebro badested bro,4.0,3,,"55.5661552, 9.7691343",node/13919720810 relation/11930736 way/1332186405,ok,2026-09-24
k-node13919771137,,,Sillerslev Strand,Sønderby,,,,badebro badested bro,4.0,3,,"56.6806959, 8.7276321",node/13919771137 way/731580118 way/731580119,ok,2026-09-24
k-node13919881384,,,Klinten Strand,Faaborg,,,,badebro badested bro,4.0,4,,"55.0879287, 10.2546065",node/13919881384 way/1218780633 way/1218780634 way/1346696320,ok,2026-09-24
k-node13919887881,,,Grenaa Strand,Klitten,,,,badebro badested bro,4.0,2,,"56.3920596, 10.9204077",node/13919887881 way/710883602,ok,2026-09-24
k-node13919888372,nej,bro,,Bønnerup Strand,,Bønnerup Havn: havnens bro (68 m) med fiskerbåde. Badestranden er lav og åben.,2026-09-24,badebro badested bro,4.0,2,,"56.5329731, 10.7152523",node/13919888372 way/112503684,ok,2026-09-24
k-node13919899213,nej,badebro,Strandkær Strand,Strandkær Strand,,Strandkær Strand (Mols): kort bro (21 m) på en åben kyst med brænding.,2026-09-24,badebro badested bro,4.0,2,,"56.2170986, 10.5840296",node/13919899213 way/151974873,ok,2026-09-24
k-node13920371176,,,Bagenkop Strand,Øen,,,,badebro badested bro,4.0,2,,"54.7540804, 10.6762598",node/13920371176 way/1202781523,ok,2026-09-24
k-node13920796516,,,Sandskær Strand,Barsø Landing,,,,badebro badested bro,4.0,6,,"55.1184901, 9.4970787",node/13920796516 way/116433520 way/116433521 way/116433523 way/1200633051 way/1200633052,ok,2026-09-24
k-node13920895943,,,Bratten strand,Bratten Strand,,,,badebro badested bro,4.0,2,,"57.5122277, 10.4756184",node/13920895943 way/1206616218,ok,2026-09-24
k-node13920932074,,,Ålbæk Strand,Ålbæk,,,,badebro badested bro,4.0,6,,"57.5938127, 10.4281303",node/13920932074 way/409318430 way/409318431 way/409318771 way/409318772 way/409319060,ok,2026-09-24
k-node13920942585,,,Kronborg Strand,Helsingør,,,,badebro badested bro,4.0,2,,"56.0413848, 12.6168483",node/13920942585 way/430060709,ok,2026-09-24
k-node13920946146,,,Vedsted Sø,Vedbøl,,,,badebro badested bro,4.0,3,,"55.1906277, 9.3670130",node/13920946146 way/30216792 way/30216793,ok,2026-09-24
k-node13920977492,,,Trykkerdammen,Helsingør,,,,badebro badested bro,4.0,4,,"56.0252501, 12.6067384",node/13920977492 way/551253461 way/561506438 way/561506444,ok,2026-09-24
k-node13920983636,,,Reersø Nordstrand,Landerne,,,,badebro badested bro,4.0,2,,"55.5339126, 11.1063448",node/13920983636 way/1352618569,ok,2026-09-24
k-node13921017899,,,,Tibberup,,,,badebro badested bro,4.0,8,,"55.9799159, 12.5512030",node/13921017899 way/673916447 way/673916448 way/673916449 way/673916450 way/673916451 way/914340063 way/914340091,ok,2026-09-24
k-node13921030610,,,Hjerting Strandpark,Sjelborg,,,,badebro badested bro,4.0,2,,"55.5319660, 8.3421690",node/13921030610 way/386428065,ok,2026-09-24
k-node13921036396,,,Sorte Bakker,Ringkøbing Bymark,,,,badebro badested bro,4.0,2,,"56.0736265, 8.2692090",node/13921036396 way/439783876,ok,2026-09-24
k-node13921085041,,,Faldsled Strandpark,Faldsled,,,,badebro badested bro,4.0,3,,"55.1501989, 10.1477026",node/13921085041 way/1305359588 way/1305359596,ok,2026-09-24
k-node13921940791,,,Sandager Næs,Sandager Næs,,,,badebro badested bro,4.0,2,,"55.3344402, 9.8773397",node/13921940791 way/1161637736,ok,2026-09-24
k-node13921997008,,,Sønder Aaby Strand,Gammelhuse,,,,badebro badested bro,4.0,2,,"55.3506294, 9.8411337",node/13921997008 way/1161613922,ok,2026-09-24
k-node13922002498,,,Aborg Strand,Aborg,,,,badebro badested bro,4.0,2,,"55.3002519, 9.8914759",node/13922002498 way/401403720,ok,2026-09-24
k-node13922005563,,,Mariendal Strand,Assens,,,,badebro badested bro,4.0,3,,"55.2749445, 9.8902828",node/13922005563 way/402132815 way/402132820,ok,2026-09-24
k-node13923055803,,,Kelstrup Strand Syd,Blokhusskoven,,,,badebro badested bro,4.0,2,,"55.1875431, 9.5761767",node/13923055803 way/283849550,ok,2026-09-24
k-node13944361819,,,Valkyrien,Køge,,,,badebro badested bro,4.0,3,,"55.4529938, 12.2002752",node/13944361819 way/1349006312 way/1349006313,ok,2026-09-24
k-node13965105193,,,Faxe Bugtens Kajak klub,Faxe Ladeplads,,,,kajakklub,4.0,1,,"55.2147380, 12.1611960",node/13965105193,ok,2026-09-24
k-node13974388714,,,Vorupør Havbad,Nørre Vorupør,,,,badebro badested bro,4.0,2,,"56.9598873, 8.3641446",node/13974388714 way/292310418,ok,2026-09-24
k-node13974423307,,,Vandet Sø,Bleghule,,,,badebro badested bro,4.0,2,,"57.0231595, 8.5586981",node/13974423307 way/1377977082,ok,2026-09-24
k-node13975150387,på kortet,,Bork Havn Nordstrand,Fælled,,,,badebro badested bro,4.0,7,spot-15,"55.8505112, 8.2802545",node/13975150387 way/1294767022 way/1490541279 way/277147145 way/277147146 way/277147147 way/277147196,ok,2026-09-24
k-node13975378766,,,Kragenæs Nordstrand,Kragenæs,,,,badebro badested bro,4.0,2,,"54.9164686, 11.3580049",node/13975378766 way/513366366,ok,2026-09-24
k-node13975401639,,,Sydstranden,Store Mose,,,,badebro badested bro,4.0,2,,"54.9337911, 11.3792349",node/13975401639 way/1347806614,ok,2026-09-24
k-node13975419601,,,Sletteren,Sletteren,,,,badebro badested bro,4.0,2,,"54.9442347, 11.4644935",node/13975419601 way/1347806611,ok,2026-09-24
k-node13977133368,,,Badeanstalten Skansen,Nysted,,,,badebro badested bro,4.0,3,,"54.6525239, 11.7331513",node/13977133368 way/1348321344 way/1348321345,ok,2026-09-24
k-node13977135705,,,Holten Strand,Vantore,,,,badebro badested bro,4.0,2,,"54.6443693, 11.7967314",node/13977135705 way/1214022444,ok,2026-09-24
k-node13977155293,,,Kramnitze,Kramnitse,,,,badebro badested bro,4.0,2,,"54.7047141, 11.2559896",node/13977155293 way/855102807,ok,2026-09-24
k-node13977244932,,,Ore Strand,Ore Strand,,,,badebro badested bro,4.0,2,,"54.8920782, 12.0694587",node/13977244932 way/1347758552,ok,2026-09-24
k-node13977261038,,,,Stubbekøbing,,,,badebro badested bro,4.0,3,,"54.8924986, 12.0260417",node/13977261038 way/237323570 way/237323583,ok,2026-09-24
k-node13977615465,,,Haraldsted Langesø,Valsømagle,,,,badebro badested bro,4.0,2,,"55.4867584, 11.8013763",node/13977615465 way/448941330,ok,2026-09-24
k-node13977694398,,,Bøgeskovn,Præsteskov,,,,badebro badested bro,4.0,2,,"55.3695085, 12.4121386",node/13977694398 way/1346933041,ok,2026-09-24
k-node13977698268,,,Gyrstinge Sø,Allindemagle,,,,badebro badested bro,4.0,3,,"55.5003885, 11.6995158",node/13977698268 way/802177263 way/802177264,ok,2026-09-24
k-node13977700320,,,Glumsø Sø,Glumsø,,,,badebro badested bro,4.0,2,,"55.3521872, 11.6882322",node/13977700320 way/1127954385,ok,2026-09-24
k-node13978533290,,,Syd for Kastrup Lystbådehavn,Kastrup,,,,badebro badested bro,4.0,8,,"55.6403355, 12.6534758",node/13978533290 way/108848989 way/108849052 way/108849096 way/929244140 way/929244141 way/929244142 way/929244143,ok,2026-09-24
k-node13978601325,,,Lodsparken,Hvidovre,,,,badebro badested bro,4.0,2,,"55.6273138, 12.5019047",node/13978601325 way/647535726,ok,2026-09-24
k-node13978894378,,,Trylleskoven,Karlslunde,,,,badebro badested bro,4.0,2,,"55.5501725, 12.2490335",node/13978894378 way/1349006317,ok,2026-09-24
k-node13978894387,,,Kulturbåden Ishøj Havn,Vallensbæk,,,,badebro badested bro,4.0,11,,"55.6109299, 12.3896495",node/13978894387 way/150139290 way/26179127 way/26179130 way/26179132 way/26179134 way/26179136 way/608505229 way/608505231 way/608834568 way/949084838,ok,2026-09-24
k-node13978900134,,,Karlstrup Strandpark,Karlslunde,,,,badebro badested bro,4.0,2,,"55.5561285, 12.2586798",node/13978900134 way/1349006319,ok,2026-09-24
k-node13978900963,,,Greve Badehotel,Greve Strand,,,,badebro badested bro,4.0,2,,"55.5810413, 12.3136244",node/13978900963 way/1210224126,ok,2026-09-24
k-node13978918756,,,Hundige Havn,Ishøj,,,,badebro badested bro,4.0,6,,"55.5923110, 12.3544321",node/13978918756 way/181220276 way/216494541 way/26174345 way/608829887 way/608829889,ok,2026-09-24
k-node13979810354,nej,badebro,Lyngsø,Sydbyen,,Lyngsø (Silkeborg): kun en meget kort bro (8 m) ved en lille skovsø.,2026-09-24,badebro badested bro,4.0,2,,"56.1589517, 9.5462887",node/13979810354 way/1332832874,ok,2026-09-24
k-node13979873140,måske,badebro,Nedenskov Sø,Vissinggård Funkisby,"56.0119322, 9.6805774","Badested ved Nedenskov Sø med en 16 m lang bro. Dyb, mørk og rolig skovsø, men den er lille (ca. 300 m) og broen er kort.",2026-09-24,badebro badested bro,4.0,2,,"56.0119832, 9.6807652",node/13979873140 way/1332980370,ok,2026-09-24
k-node13979875661,lovende,badebro,Ring Sø,Brædstrup,"55.9640214, 9.6023201","Ring Sø (Brædstrup) med en badebro og ponton (49 m) ud til mørkt, dybt vand. Søen er mellemstor, og der er læ.",2026-09-24,badebro badested bro,4.0,2,,"55.9641265, 9.6025347",node/13979875661 way/1236677527,ok,2026-09-24
k-node13979991664,på kortet,,Søndersø,Asmild,,,,badebro badested bro,4.0,3,soendersoe-soebad,"56.4388839, 9.4180048",node/13979991664 way/1299053747 way/457084848,ok,2026-09-24
k-node13980018821,nej,bro,Sønæs Friareal,Søndermarken,,"Sønæs (Viborg): kun små broer (6–13 m) ved rørskoven. Brug hellere Viborg Roklub/Baadelaug, som allerede er på kortet.",2026-09-24,badebro badested bro,4.0,5,,"56.4356121, 9.4057827",node/13980018821 way/1191134469 way/1191134470 way/1207081440 way/1207122557,ok,2026-09-24
k-node13980018924,,,Dollerup Badeplads,Dollerup,,,,badebro badested bro,4.0,2,,"56.3671195, 9.3332755",node/13980018924 way/175388703,ok,2026-09-24
k-node13980208941,nej,bro,Skanderborg Sø Camping,Vrold,,"Skanderborg Sø Camping: korte broer (7–30 m) i en bugt, hvor luftfotoet viser tæt plantevækst eller alger på overfladen.",2026-09-24,badebro badested bro,4.0,6,,"56.0175502, 9.8899106",node/13980208941 way/901864538 way/901864539 way/901864540 way/901864541 way/901864542,ok,2026-09-24
k-node13980209225,nej,bro,,Båstrup,,"Kort bro (20 m) ved en golfbane på Skanderborg Sø, i et område med tæt vegetation på overfladen.",2026-09-24,badebro badested bro,4.0,2,,"56.0062564, 9.9256256",node/13980209225 way/106935142,ok,2026-09-24
k-node13980219955,nej,badebro,Vædebro Strand,Alken,,Vædebro Strand: kun en meget kort bro (8 m).,2026-09-24,badebro badested bro,4.0,2,,"56.0454713, 9.8521131",node/13980219955 way/1032490051,ok,2026-09-24
k-node13980224814,nej,badebro,Kærligheden,Vrold,,Kærligheden (Vrold): kort bro (10 m) i en bugt med tæt plantevækst/alger.,2026-09-24,badebro badested bro,4.0,2,,"56.0173413, 9.8875055",node/13980224814 way/834343720,ok,2026-09-24
k-node13980225796,måske,badebro,Næsset,Næsset,"56.0364524, 9.9426817","Næsset (Skanderborg Sø) med en 27 m lang badebro gennem rørskoven til mørkt, dybt vand. Skanderborg Bybad (på kortet) ligger ca. 900 m vest.",2026-09-24,badebro badested bro,4.0,3,,"56.0367071, 9.9427353",node/13980225796 way/1044756236 way/902545139,ok,2026-09-24
k-node13980229478,lovende,badebro,Dakbjerg,Alken,"56.0498538, 9.8354509","Dakbjerg (Alken) med en 65 m lang badebro ud i Mossø, forbi plantebæltet til mørkt, dybt vand. Stor sø med læ.",2026-09-24,badebro badested bro,4.0,2,,"56.0501534, 9.8355421",node/13980229478 way/901848204,ok,2026-09-24
k-node13981142696,,,Kinabugten,Bistrup,,,,badebro badested bro,4.0,3,,"55.8091992, 12.4384925",node/13981142696 way/217870872 way/218438920,ok,2026-09-24
k-node13981163058,,,Sjælsø Eskemose skov,Ravnsnæs,,,,badebro badested bro,4.0,2,,"55.8599612, 12.4430909",node/13981163058 way/219413216,ok,2026-09-24
k-node13981166898,,,Strandhuse Mikkelborg,Strandhuse,,,,badebro badested bro,4.0,3,,"55.9139063, 12.5221726",node/13981166898 way/1349206825 way/684365686,ok,2026-09-24
k-node13981217297,,,Kystbakken,Kalundborg,,,,badebro badested bro,4.0,2,,"55.6834116, 11.0597048",node/13981217297 way/351793525,ok,2026-09-24
k-node13982255665,,,Sunds Sø,Sunds,,,,badebro badested bro,4.0,4,,"56.2091553, 9.0238296",node/13982255665 way/484048839 way/692962600 way/692962601,ok,2026-09-24
k-node13982280898,,,Skærbæk Sø,Skærbæk,,,,badebro badested bro,4.0,2,,"56.0839214, 8.9879903",node/13982280898 way/1501170620,ok,2026-09-24
k-node13982307616,,,Børnebadesøen,Kibæk,,,,badebro badested bro,4.0,2,,"56.0355127, 8.8527382",node/13982307616 way/951416283,ok,2026-09-24
k-node13982316569,,,Arnborg Badesø,Arnborg,,,,badebro badested bro,4.0,2,,"56.0134005, 9.0166612",node/13982316569 way/1370472971,ok,2026-09-24
k-node13982435208,,,Strandskovvejen,Drejet,,,,badebro badested bro,4.0,3,,"55.3745751, 10.7726202",node/13982435208 way/1215722448 way/1215722449,ok,2026-09-24
k-node13982448447,,,Hvidbjerg Strand v. campingplads,Hvidbjerg,,,,badebro badested bro,4.0,6,,"55.5426240, 8.1337757",node/13982448447 way/424606921 way/424606922 way/424606923 way/424606924 way/424606930,ok,2026-09-24
k-node13982470986,,,Strandlyvej,Plejerup,,,,badebro badested bro,4.0,2,,"55.7899710, 11.6314625",node/13982470986 way/1351651263,ok,2026-09-24
k-node13982500617,,,Egenæsvej,Egenæs Huse,,,,badebro badested bro,4.0,2,,"55.8029921, 11.6481737",node/13982500617 way/108702679,ok,2026-09-24
k-node13982530531,,,Tobjerg Sommerland,Tobjerg Sommerland,,,,badebro badested bro,4.0,2,,"55.7848697, 11.6847895",node/13982530531 way/108702678,ok,2026-09-24
k-node13982682876,på kortet,,Dragerup Molen Øst,Dragerup,,,,badebro badested bro,4.0,2,holbaek-marina-vinterbadeklub,"55.7240766, 11.7632866",node/13982682876 way/602652004,ok,2026-09-24
k-node13982697509,,,Løserup Strand Nord,Løserup Strand,,,,badebro badested bro,4.0,2,,"55.7865756, 11.7445597",node/13982697509 way/1351651259,ok,2026-09-24
k-node13982942729,,,Klinten,Jyllinge,,,,badebro badested bro,4.0,4,,"55.7495426, 12.1007370",node/13982942729 way/1349560832 way/1349560833 way/1349560834,ok,2026-09-24
k-node13982962035,,,Hyllingeriis,Hyllingeriis,,,,badebro badested bro,4.0,2,,"55.7762698, 12.0590390",node/13982962035 way/1350046998,ok,2026-09-24
k-node13982967314,,,Skuldelevhavn,Svineholm,,,,badebro badested bro,4.0,2,,"55.7926126, 12.0562490",node/13982967314 way/1350046999,ok,2026-09-24
k-node13984970350,,,Sennels,Sennels,,,,badebro badested bro,4.0,2,,"56.9597377, 8.7906439",node/13984970350 way/1065777027,ok,2026-09-24
k-node13984998938,,,Ejerslev Lyng,Ejerslev Lyng,,,,badebro badested bro,4.0,2,,"56.9118079, 8.9140729",node/13984998938 way/846368489,ok,2026-09-24
k-node13985364745,,,Bombegrunden,Taarbæk,,,,badebro badested bro,4.0,11,,"55.7823627, 12.5936016",node/13985364745 way/1349200204 way/1349200205 way/662840349 way/662840351 way/662840352 way/662840353 way/662840354 way/914082599 way/914082605 way/914082657,ok,2026-09-24
k-node13985470054,på kortet,,Østre Havn,Øgadekvarteret,,,,badebro badested bro,4.0,3,aalborg-cablepark,"57.0484518, 9.9404573",node/13985470054 way/603902625 way/946754817,ok,2026-09-24
k-node13985488731,,,Lindholm Brygge,Lindholm,,,,badebro badested bro,4.0,2,,"57.0633104, 9.8962256",node/13985488731 way/1506188397,ok,2026-09-24
k-node13985540514,,,Hesteskoen,Vejrholm,,,,badebro badested bro,4.0,2,,"57.0646433, 10.0343713",node/13985540514 way/1256514166,ok,2026-09-24
k-node13985713770,,,Dokkedal,Dokkedal,,,,badebro badested bro,4.0,3,,"56.9052265, 10.2696500",node/13985713770 way/1260463463 way/1260463464,ok,2026-09-24
k-node13985783741,,,Novostranden,Fruerlund,,,,badebro badested bro,4.0,2,,"56.7952495, 10.2790496",node/13985783741 way/172589978,ok,2026-09-24
k-node13985946378,,,Alrum,Stadil Kirkeby,,,,badebro badested bro,4.0,2,,"56.1714533, 8.2397546",node/13985946378 way/901456084,ok,2026-09-24
k-node13985990362,,,Rebæk Strand,Rebæk,,,,badebro badested bro,4.0,2,,"55.4868941, 9.5257988",node/13985990362 way/1205847376,ok,2026-09-24
k-node13986384751,,,Svenstrup Overdrev,Svenstrup Overdrev,,,,badebro badested bro,4.0,2,,"55.7380760, 11.0920493",node/13986384751 way/1228980943,ok,2026-09-24
k-node13986440618,,,Vollerup Badebro,Vollerup Overdrev,,,,badebro badested bro,4.0,2,,"55.7327215, 11.0606534",node/13986440618 way/352622913,ok,2026-09-24
k-node13986443529,,,Årbyhus Badebro,Bastrup,,,,badebro badested bro,4.0,2,,"55.6307515, 11.0918361",node/13986443529 way/1352579407,ok,2026-09-24
k-node13986715463,,,,Nibe,,,,badebro badested bro,4.0,3,,"56.9841003, 9.6303376",node/13986715463 way/1059567403 way/1059567404,ok,2026-09-24
k-node13986824895,måske,badebro,Rude Strand,Rude Strand,"55.9898377, 10.2533188",Rude Strand med en 36 m lang badebro på en åben kyst med sandbund.,2026-09-24,badebro badested bro,4.0,2,,"55.9891116, 10.2527555",node/13986824895 way/295964865,ok,2026-09-24
k-node13989598398,,,Teglgårdssøen,Teglgårdslund,,,,badebro badested bro,4.0,2,,"55.9247888, 12.3142000",node/13989598398 way/1323482967,ok,2026-09-24
k-node13989632182,,,Byåsgårds campingplads,Sverkilstrup,,,,badebro badested bro,4.0,2,,"55.9605805, 11.9580566",node/13989632182 way/1301466686,ok,2026-09-24
k-node13989659293,,,Smidstrup Strand,Smidstrup,,,,badebro badested bro,4.0,2,,"56.1205809, 12.2365908",node/13989659293 way/677685649,ok,2026-09-24
k-node13989665010,,,Strandbakkerne,Gilleleje,,,,badebro badested bro,4.0,2,,"56.1226072, 12.3224881",node/13989665010 way/1305696818,ok,2026-09-24
k-node13989666891,,,Strandbjerggård,Rågemark,,,,badebro badested bro,4.0,2,,"56.0921283, 12.1450982",node/13989666891 way/450042610,ok,2026-09-24
k-node13990679391,,,Bramslev Bakker,Røkkendal,,,,badebro badested bro,4.0,2,,"56.6491208, 9.8683134",node/13990679391 way/240799543,ok,2026-09-24
k-node13990836681,,,Sildehagen,Vindø,,,,badebro badested bro,4.0,7,,"56.6437896, 9.8146557",node/13990836681 way/1136331899 way/1136331900 way/126007308 way/1292678380 way/1292678381 way/1292678382,ok,2026-09-24
k-node13994495443,,,Nakkehage,Nakkehage,,,,badebro badested bro,4.0,2,,"55.9029341, 11.7456089",node/13994495443 way/366889131,ok,2026-09-24
k-node13994496427,,,Klintsø Stranden,Klintehuse,,,,badebro badested bro,4.0,2,,"55.9486139, 11.6044177",node/13994496427 way/835539706,ok,2026-09-24
k-node13994533929,,,,Frydenlund,,,,badebro badested bro,4.0,4,,"55.8388117, 12.5743767",node/13994533929 way/1349200231 way/414825469 way/616261355,ok,2026-09-24
k-node13994535757,,,Skodsborg Strand,Skodsborg,,,,badebro badested bro,4.0,2,,"55.8279733, 12.5749332",node/13994535757 way/918229419,ok,2026-09-24
k-node13994868492,,,,Lundbæk Huse,,,,badebro badested bro,4.0,2,,"56.9730333, 9.6223402",node/13994868492 way/99027070,ok,2026-09-24
k-node13994974665,lovende,badebro,Fussing Sø,Fussingø,"56.4754534, 9.8493682",Fussing Sø med en 155 m lang badebro ud til dybt vand og en platform for enden. Stor skovsø med læ og parkering.,2026-09-24,badebro badested bro,4.0,4,,"56.4758089, 9.8484294",node/13994974665 way/1239419037 way/1239419038 way/520515299,ok,2026-09-24
k-node13995054889,nej,badebro,Fuglsø Strand,Fuglsø Vig,,Fuglsø Strand: 65 m bro på en åben kyst med brænding på luftfotoet. For udsat.,2026-09-24,badebro badested bro,4.0,2,,"56.1816577, 10.5430999",node/13995054889 way/999931918,ok,2026-09-24
k-node13995267061,,,Rinkenæs,Dalsgård,,,,badebro badested bro,4.0,2,,"54.8999969, 9.5748285",node/13995267061 way/617764500,ok,2026-09-24
k-node13995420445,,,,Dynt Strand,,,,badebro badested bro,4.0,2,,"54.8865514, 9.7297165",node/13995420445 way/1297744536,ok,2026-09-24
k-node13995431934,,,Toøren,Sønderborg,,,,badebro badested bro,4.0,2,,"54.9047339, 9.7800233",node/13995431934 way/349912048,ok,2026-09-24
k-node13997096994,på kortet,,Nappedam,Kalø,,,,badebro badested bro,4.0,4,nappedam-kajakklub-ved-hullet,"56.2779359, 10.4931073",node/13997096994 way/126713490 way/363929115 way/363929116,ok,2026-09-24
k-node14026334196,måske,badebro,Handrup Strand,Handrup Strand,"56.2265843, 10.6398689","Handrup Strand med en 118 m lang badebro og en platform ud i Ebeltoft Vig. Lavt vand med ålegræs, lige ved en vej.",2026-09-24,badebro badested bro,4.0,2,,"56.2270614, 10.6402981",node/14026334196 way/1292712546,ok,2026-09-24
k-node14028759938,,,Quistgaardsvej Strand,Korsør,,,,badebro badested bro,4.0,2,,"55.3240823, 11.1380859",node/14028759938 way/1353226202,ok,2026-09-24
k-node14029396329,,,Badesø Gymnasieparken,Egeris,,,,badebro badested bro,4.0,2,,"56.5565255, 9.0281568",node/14029396329 way/1236840702,ok,2026-09-24
k-node14029403847,,,Birke Sø,Riskær,,,,badebro badested bro,4.0,2,,"56.5108897, 9.1887760",node/14029403847 way/365555107,ok,2026-09-24
k-node1499686693,,,Kanonstillingen ved Dover,Dover,,,,kajakklub,4.0,2,,"55.4251602, 9.0310762",node/1499686693 node/7311977995,forsvundet,2026-09-24
k-node1761990178,,,,Seest,,,,kajakklub,4.0,1,,"55.4961801, 9.4214582",node/1761990178,ok,2026-09-24
k-node1840239070,,,den sydlige kanon,Boesdal,,,,kajakklub,4.0,1,,"55.2617178, 12.4119038",node/1840239070,forsvundet,2026-09-24
k-node2390353671,,,Kano,Ribergårde,,,,kajakklub,4.0,1,,"57.2688808, 9.6572197",node/2390353671,ok,2026-09-24
k-node2551670076,,,Kanocamping,Regerup,,,,kajakklub,4.0,1,,"55.3300161, 11.6528319",node/2551670076,ok,2026-09-24
k-node3232315025,,,Føns Søsportsklub,Ronæs Bro,,,,roklub,4.0,1,,"55.4360808, 9.8242210",node/3232315025,ok,2026-09-24
k-node3237839457,,,Røsnæs Roklub,Ulstrup,,,,roklub,4.0,1,,"55.7329077, 10.9609386",node/3237839457,ok,2026-09-24
k-node3327008137,,,Naur Kanoplads,Strovstrup,,,,kajakklub,4.0,2,,"56.3652972, 8.5102912",node/3327008137 way/300359104,ok,2026-09-24
k-node4317340400,,,Storådalen Kanorast,Ellebæk,,,,kajakklub,4.0,1,,"56.3652778, 8.5655300",node/4317340400,ok,2026-09-24
k-node489736074,på kortet,,Roklubben ARA,Aarhus,,,,roklub,4.0,2,surf-agency,"56.1648876, 10.2185287",node/489736074 way/173084966,ok,2026-09-24
k-node5149613875,,,Hodsager Kanoplads,Hodsager,,,,kajakklub,4.0,2,,"56.3097227, 8.8575326",node/5149613875 way/431506065,ok,2026-09-24
k-node5940733669,,,Kanonhøien,Ibsker,,,,kajakklub,4.0,1,,"55.1246696, 15.1091292",node/5940733669,forsvundet,2026-09-24
k-node6534091249,,,Rokreds Sydhavsøernes sommerhus,Alstrup,,,,roklub,4.0,1,,"54.8864322, 11.7495138",node/6534091249,ok,2026-09-24
k-node7187223502,nej,andet,Kano og Pedalbådene,Kolstrup Gårde,,Kano- og pedalbåde inde i Djurs Sommerland (forlystelsespark).,2026-09-24,kajakklub,4.0,2,,"56.4224928, 10.5474010",node/7187223502 way/226266921,ok,2026-09-24
k-node7839647372,,,Hasle Havnebad,Hasle,,,,havnebad bro havn,4.0,6,,"55.1875180, 14.7028453",node/7839647372 node/431046700 relation/6036151 way/402502616 way/402502619 way/402502623,ok,2026-09-24
k-node8507159624,,,Kano Broen,Bellingebro,,,,kajakklub,4.0,1,,"55.3321393, 10.3263356",node/8507159624,ok,2026-09-24
k-node8631311845,,,Sport Houz,Østerbro,,,,kajakklub,4.0,1,,"55.7190468, 12.5773634",node/8631311845,forsvundet,2026-09-24
k-node8648425482,,,Heylo Padel,Ørestad,,,,kajakklub,4.0,1,,"55.6295291, 12.5767305",node/8648425482,forsvundet,2026-09-24
k-node8650706520,,,,Tarup,,,,badebro badested bro,4.0,2,,"55.3181972, 10.5224349",node/8650706520 way/1075842836,ok,2026-09-24
k-node884243967,nej,bro,,Vejrumbro,,"Vejrumbro: lille bro (19 m) ved Nørreå, som kun er ca. 20 m bred og har strøm.",2026-09-24,badebro badested bro,4.0,2,,"56.4376476, 9.5562791",node/884243967 way/1346601385,ok,2026-09-24
k-node8944860416,,,Artilleri - Hvordan funger en kanon?,Helsingør,,,,kajakklub,4.0,1,,"56.0395588, 12.6174114",node/8944860416,forsvundet,2026-09-24
k-node9091818726,,,Kanon Bar,Kødbyen,,,,kajakklub,4.0,1,,"55.6713509, 12.5540875",node/9091818726,forsvundet,2026-09-24
k-node9202159053,,,Match Padel,Amagerbro,,,,kajakklub,4.0,1,,"55.6751565, 12.6169490",node/9202159053,forsvundet,2026-09-24
k-node9515614758,på kortet,,Stilling Strand,Stilling,,,,badebro badested bro,4.0,3,stilling-soebad,"56.0601959, 9.9914026",node/9515614758 way/1429015491 way/348170595,ok,2026-09-24
k-node9652884184,nej,andet,SMASH Padelcenter,Torsvang,,"Padelcenter, ikke kajak – fejl i søgningen, som nu er rettet.",2026-09-24,kajakklub,4.0,1,,"55.8574838, 9.8183412",node/9652884184,forsvundet,2026-09-24
k-node9675491541,,,Lukket stilling til fransk 105 mm kanon,Hirtshals,,,,kajakklub,4.0,1,,"57.5843961, 9.9393939",node/9675491541,forsvundet,2026-09-24
k-node9929928494,måske,bro,Sejs Ladeplads,Sejs,"56.1368536, 9.5992145",Sejs Ladeplads ved en smal del af Brassø (ca. 80–100 m) med mange små private broer og turbådstrafik.,2026-09-24,badebro badested bro,4.0,21,,"56.1368596, 9.5993486",node/9929928494 way/1083558945 way/1083558946 way/1083558947 way/1083558951 way/1083558952 way/56228615 way/905369874 way/905369875 way/905369876 way/905664944 way/905664945 way/905664946 way/905664947 way/905664948 way/905664949 way/905664950 way/905664951 way/905669954 way/905682221 way/908701798,ok,2026-09-24
k-relation15446074,,,Kajakhotellet,Sundbyøster,,,,kajakklub,4.0,1,,"55.6503298, 12.6442566",relation/15446074,ok,2026-09-24
k-relation18469565,nej,andet,Kano- og Kajakrute Gudenå,Flensted,,"Kano- og kajakrute (hele Gudenå-ruten), ikke et sted. Ruter sorteres nu fra i søgningen.",2026-09-24,kajakklub,4.0,1,,"56.1536318, 9.7626340",relation/18469565,forsvundet,2026-09-24
k-relation18469628,,,Kano- og Kajakrute Vejle Å,Jerlev,,,,kajakklub,4.0,1,,"55.6794424, 9.4320464",relation/18469628,forsvundet,2026-09-24
k-relation18473955,nej,andet,Kano- og Kajakrute Nørreå,Fruegårde,,"Kano- og kajakrute (Nørreå), ikke et sted. Ruter sorteres nu fra i søgningen.",2026-09-24,kajakklub,4.0,1,,"56.4343824, 9.7033814",relation/18473955,forsvundet,2026-09-24
k-relation18474070,,,Kano- og Kajakrute Skjern Å,Birkeby,,,,kajakklub,4.0,1,,"55.9519983, 8.8488898",relation/18474070,forsvundet,2026-09-24
k-relation18477389,,,Kano- og Kajakrute Storå,Ølgryde,,,,kajakklub,4.0,1,,"56.3042925, 8.5901540",relation/18477389,forsvundet,2026-09-24
k-relation18561425,,,Kano- og Kajakrute Hvirlå-Vidå,Kogen,,,,kajakklub,4.0,1,,"54.9295532, 8.8120725",relation/18561425,forsvundet,2026-09-24
k-relation18561735,,,Kano- og Kajakrute Grønå,Grøngård,,,,kajakklub,4.0,1,,"54.9226714, 8.9738801",relation/18561735,forsvundet,2026-09-24
k-relation18564929,,,Kano- og Kajakrute Sønderå-Vindtved Kanal,Nolde,,,,kajakklub,4.0,1,,"54.9063205, 9.0515232",relation/18564929,forsvundet,2026-09-24
k-relation18565528,,,Kano- og Kajakrute Brede Å,Nørre Vollum,,,,kajakklub,4.0,1,,"55.0908814, 8.8170643",relation/18565528,forsvundet,2026-09-24
k-relation18571062,,,Kano- og Kajakrute Kongeå,Tobøl,,,,kajakklub,4.0,1,,"55.4152991, 8.9096161",relation/18571062,forsvundet,2026-09-24
k-relation18574768,,,Kano- og Kajakrute Varde Å,Østermarken,,,,kajakklub,4.0,1,,"55.6442143, 8.5161602",relation/18574768,forsvundet,2026-09-24
k-relation18579996,,,Kano- og Kajakrute Gram Å-Fladså,Fole,,,,kajakklub,4.0,1,,"55.3072117, 9.0146825",relation/18579996,forsvundet,2026-09-24
k-relation18583846,,,Kano- og Kajakrute Ribe Å,Seem,,,,kajakklub,4.0,1,,"55.3190956, 8.8235042",relation/18583846,forsvundet,2026-09-24
k-relation18583848,,,Kano- og Kajakrute Gels Å,Tiset,,,,kajakklub,4.0,1,,"55.2617727, 9.0391389",relation/18583848,forsvundet,2026-09-24
k-relation1907975,,,Helgoland Badeanstalt,Sundbyøster,,,,badebro badested bro,4.0,3,,"55.6637252, 12.6403496",relation/1907975 node/11789627163 way/914958006,ok,2026-09-24
k-relation6881978,,,Kanonbådsskurene,Christianshavn,,,,kajakklub,4.0,3,,"55.6805270, 12.6071597",relation/6881978 way/29416239 way/3993539,forsvundet,2026-09-24
k-way1014021439,,,Kanonvej,Ørestad,,,,kajakklub,4.0,2,,"55.6280585, 12.5671507",way/1014021439 way/26667507,forsvundet,2026-09-24
k-way1024234251,,,Skagen Padelcenter,Skagen,,,,kajakklub,4.0,1,,"57.7300923, 10.5700533",way/1024234251,forsvundet,2026-09-24
k-way1036777368,,,,Søndermarken,,,,kajakklub,4.0,1,,"56.4416255, 9.3891498",way/1036777368,forsvundet,2026-09-24
k-way1049704065,,,Padel East Frederikssund,Sundbylille,,,,kajakklub,4.0,1,,"55.8251710, 12.0966395",way/1049704065,forsvundet,2026-09-24
k-way1058951537,,,,Skrillinge,,,,kajakklub,4.0,2,,"55.4990263, 9.7763541",way/1058951537 way/1058951538,forsvundet,2026-09-24
k-way1067848605,,,,Rødding,,,,kajakklub,4.0,1,,"55.3651218, 9.0523422",way/1067848605,forsvundet,2026-09-24
k-way1074338184,,,Richard Boones Vej 'Vandtrappen',Vesterbro,,,,badebro badested bro,4.0,6,,"55.6481313, 12.5467051",way/1074338184 way/111585340 way/918516683 way/918516684 way/918516685 way/918516686,ok,2026-09-24
k-way1098071408,nej,andet,Dyrhøj kanonstilling,Ørby,,"Dyrhøj kanonstilling er en gammel kanonstilling, ikke kano – fejl i søgningen, som nu er rettet.",2026-09-24,kajakklub,4.0,1,,"56.0998314, 10.5217001",way/1098071408,forsvundet,2026-09-24
k-way1117628864,,,,Skallerup Strand,,,,kajakklub,4.0,1,,"57.4921416, 9.8358902",way/1117628864,forsvundet,2026-09-24
k-way1173393097,,,Sandvig Sauna og Vinterbadeforening,Allinge-Sandvig,,,,vinterbad havn slæbested,4.0,4,,"55.2897762, 14.7827931",way/1173393097 node/9865489161 node/9865489162 way/1075707196,ok,2026-09-24
k-way1177808415,på kortet,,Aarhus Havsvømmebane,Aarhus,,,,badebro badested bro,4.0,3,aarhus-oe-jette-tikjoebs-plads,"56.1671640, 10.2301227",way/1177808415 way/1286081021 way/886796070,ok,2026-09-24
k-way1213688639,,,Musholm Bugt Strand badebro,Halsskov,,,,badebro badested bro,4.0,2,,"55.3655006, 11.1309926",way/1213688639 node/13919542317,ok,2026-09-24
k-way1233522680,nej,andet,,Gammel Asmild,,"Padel-tennis, ikke kajak – fejl i søgningen, som nu er rettet.",2026-09-24,kajakklub,4.0,1,,"56.4557382, 9.4580213",way/1233522680,forsvundet,2026-09-24
k-way1257203442,,,We Are Padel Nyborg,Nyborg,,,,kajakklub,4.0,1,,"55.3079776, 10.8120429",way/1257203442,forsvundet,2026-09-24
k-way1272735832,nej,bro,Vesterlund grundejerforenings badested,Virklund,,Grundejerforeningens private badested med små broer (2–7 m) ved Thorsø.,2026-09-24,badebro badested bro,4.0,15,,"56.1261938, 9.5261336",way/1272735832 way/1005049442 way/1005049443 way/1005049444 way/1005049445 way/1005049446 way/1005049447 way/1005049448 way/1005049449 way/1005049450 way/1005049451 way/1005049452 way/1005049453 way/1005049454 way/928805501,ok,2026-09-24
k-way1278993950,,,,Mejdal,,,,roklub,4.0,1,,"56.3514208, 8.6475793",way/1278993950,ok,2026-09-24
k-way127958530,,,Tysk Kanonbatteri fra 2. verdenskrig - G3,Vallehuse,,,,kajakklub,4.0,1,,"55.0008675, 15.0807167",way/127958530,forsvundet,2026-09-24
k-way127958531,,,Tysk Kanonbatteri fra 2. verdenskrig - G4,Vallehuse,,,,kajakklub,4.0,1,,"55.0023655, 15.0839332",way/127958531,forsvundet,2026-09-24
k-way136432801,,,Kajakvej,Byrum,,,,kajakklub,4.0,1,,"57.2603595, 10.9871019",way/136432801,forsvundet,2026-09-24
k-way1372654813,,,,Smollerup,,,,kajakklub,4.0,1,,"56.4771959, 9.1488939",way/1372654813,forsvundet,2026-09-24
k-way1391315309,,,Vinterbaderne Handbjerg Marina - Forening,Handbjerg,,,,vinterbad bro havn,4.0,13,,"56.4813985, 8.7178957",way/1391315309 node/2464169802 relation/19198947 way/308130180 way/727030891 way/727030892 way/727030893 way/727030894 way/727030895 way/727030896 way/727030897 way/727030898 way/727030899,ok,2026-09-24
k-way1408511515,,,,Kæret,,,,kajakklub,4.0,1,,"57.4625648, 10.5193279",way/1408511515,forsvundet,2026-09-24
k-way1415132568,,,Skarrild Kanoplads,Skarrild,,,,kajakklub,4.0,1,,"55.9749866, 8.8987856",way/1415132568,ok,2026-09-24
k-way1421655795,,,Kanonstræde,Fredericia,,,,kajakklub,4.0,1,,"55.5604164, 9.7630464",way/1421655795,forsvundet,2026-09-24
k-way143852909,,,Bagsværd Sø Rostadion,Ny Frederiksdal,,,,roklub,4.0,1,,"55.7741567, 12.4531299",way/143852909,ok,2026-09-24
k-way1451124588,lovende,bro,,Hattenæs,"56.1439099, 9.5863014","Offentligt badested ved Hattenæs på Julsø med en 21 m lang bro ud til dybt vand. Stor sø, men turbådene (Hjejlen) sejler forbi.",2026-09-24,badebro badested bro,4.0,4,,"56.1439697, 9.5869451",way/1451124588 relation/19846085 way/65967890 way/893125705,ok,2026-09-24
k-way148963976,,,Kanonvej,Ørestad,,,,kajakklub,4.0,1,,"55.6380427, 12.5731342",way/148963976,forsvundet,2026-09-24
k-way159279439,,,Kanonvej,Gladsaxe,,,,kajakklub,4.0,3,,"55.7363449, 12.4594475",way/159279439 way/182261765 way/35995292,forsvundet,2026-09-24
k-way170370471,,,Avernakø Kajakcampingplads,Skovhuse,,,,kajakklub,4.0,1,,"55.0292059, 10.2591771",way/170370471,ok,2026-09-24
k-way177967223,,,Kanon 2 (GII),Hanstholm,,,,kajakklub,4.0,1,,"57.1194801, 8.6212700",way/177967223,forsvundet,2026-09-24
k-way199347301,,,Kanonsmedjebroen,Frederiksværk,,,,kajakklub,4.0,1,,"55.9728502, 12.0211111",way/199347301,forsvundet,2026-09-24
k-way206998887,,,Lyngby Kanoklub,Kongens Lyngby,,,,kajakklub,4.0,1,,"55.7731436, 12.4936516",way/206998887,ok,2026-09-24
k-way219447579,,,Næstved Roklub,Ålestokshuse,,,,roklub,4.0,1,,"55.2175855, 11.7464867",way/219447579,ok,2026-09-24
k-way219467402,,,Roklubben Viking,Faxe Ladeplads,,,,roklub,4.0,1,,"55.2150192, 12.1696864",way/219467402,ok,2026-09-24
k-way219468211,,,Sorø Roklub,Sorø,,,,roklub,4.0,1,,"55.4375669, 11.5489231",way/219468211,ok,2026-09-24
k-way220045947,,,Roskilde Roklub Sommerhus,Svineholm,,,,roklub,4.0,1,,"55.7908308, 12.0528265",way/220045947,ok,2026-09-24
k-way225879352,,,Kanon 1,Vognsbjerg,,,,kajakklub,4.0,1,,"54.7514276, 10.7167808",way/225879352,forsvundet,2026-09-24
k-way225879353,,,Kanon 2,Vognsbjerg,,,,kajakklub,4.0,1,,"54.7502532, 10.7175315",way/225879353,forsvundet,2026-09-24
k-way225879354,,,Kanon 3,Vognsbjerg,,,,kajakklub,4.0,1,,"54.7489850, 10.7170708",way/225879354,forsvundet,2026-09-24
k-way239965876,,,Kanonhuset,Sønderborg,,,,kajakklub,4.0,1,,"54.9095549, 9.7944104",way/239965876,forsvundet,2026-09-24
k-way255007997,måske,strand,Kajakklubben Viking,Højbjerg,"56.1175011, 10.2284652","Kajakklubben Viking ved stranden i Højbjerg (Aarhus Bugt). Ingen bro på luftfotoet, kun strand – mest til beach- eller jumpstart.",2026-09-24,kajakklub,4.0,1,,"56.1175011, 10.2281970",way/255007997,ok,2026-09-24
k-way25681125,,,Kanonvej,Tårnbylund,,,,kajakklub,4.0,1,,"55.6137462, 12.5687864",way/25681125,forsvundet,2026-09-24
k-way26166595,,,Kanonvej,Ørestad,,,,kajakklub,4.0,1,,"55.6165259, 12.5644622",way/26166595,forsvundet,2026-09-24
k-way26275670,,,Kanonvej,Ørestad,,,,kajakklub,4.0,1,,"55.6349904, 12.5692955",way/26275670,forsvundet,2026-09-24
k-way26275754,,,Kanonvej,Ørestad,,,,kajakklub,4.0,3,,"55.6291831, 12.5676040",way/26275754 way/26667506 way/38702432,forsvundet,2026-09-24
k-way26509248,,,Kajakvej,Jyllinge,,,,kajakklub,4.0,1,,"55.7422420, 12.1021300",way/26509248,forsvundet,2026-09-24
k-way286585791,på kortet,,Risskov Roklub,Skolevangen,,,,roklub,4.0,1,bellevue-strand,"56.1909549, 10.2468542",way/286585791,ok,2026-09-24
k-way286588886,måske,strand,Odder Roklub,Saksild Plantage,"55.9763134, 10.2535648",Odder Roklub ligger i sommerhusområdet ved Saksild Strand. Ingen bro på luftfotoet. Tjek om klubben sætter en sæsonbro ud.,2026-09-24,roklub,4.0,1,,"55.9762834, 10.2519555",way/286588886,ok,2026-09-24
k-way331583283,,,Vanting Sø,Ølstrup,,,,badebro badested bro,4.0,2,,"56.1113871, 8.4159828",way/331583283 way/331583281,ok,2026-09-24
k-way33605334,,,badebro,Christiansminde,,,,badebro badested bro,4.0,3,,"55.0579248, 10.6393367",way/33605334 node/13919857302 way/435208629,ok,2026-09-24
k-way368201933,,,Kanonplads,Østerlars,,,,kajakklub,4.0,1,,"55.1734616, 14.9542733",way/368201933,forsvundet,2026-09-24
k-way384907296,,,Revolverkanonbunker Arrild,Hønning,,,,kajakklub,4.0,1,,"55.1624006, 8.9533854",way/384907296,forsvundet,2026-09-24
k-way389802410,,,Aarup Fritidscenter,Aarup,,,,kajakklub,4.0,1,,"55.3747871, 10.0506267",way/389802410,forsvundet,2026-09-24
k-way413961150,,,Flensborg Roklubs Weekend-Hytte,Busholm,,,,roklub,4.0,1,,"54.8582009, 9.6791034",way/413961150,ok,2026-09-24
k-way431504417,,,Tjørring Kanoplads,Tjørring,,,,kajakklub,4.0,1,,"56.1601126, 8.9144797",way/431504417,ok,2026-09-24
k-way431504672,,,Ansbjerg Kanoplads,Nøvling,,,,kajakklub,4.0,1,,"56.1916612, 8.8542062",way/431504672,ok,2026-09-24
k-way47131688,,,Kanonvej,Ørestad,,,,kajakklub,4.0,1,,"55.6237501, 12.5654180",way/47131688,forsvundet,2026-09-24
k-way47701230,,,Havkajakvej,Kastrup,,,,kajakklub,4.0,1,,"55.6494713, 12.6459458",way/47701230,forsvundet,2026-09-24
k-way585495967,,,Næstved Kajak og Canoklub,Ålestokshuse,,,,kajakklub,4.0,1,,"55.2153908, 11.7385450",way/585495967,ok,2026-09-24
k-way635558206,nej,andet,,Åbyhøj,,"Padel-tennis, ikke kajak – fejl i søgningen, som nu er rettet.",2026-09-24,kajakklub,4.0,1,,"56.1518964, 10.1776307",way/635558206,forsvundet,2026-09-24
k-way72271735,,,Kanon 3 (G III),Hanstholm,,,,kajakklub,4.0,1,,"57.1204719, 8.6164023",way/72271735,forsvundet,2026-09-24
k-way730247127,,,Spøttrup Havkajak Klub,Gyldendal,,,,kajakklub,4.0,1,,"56.5817643, 8.7096414",way/730247127,ok,2026-09-24
k-way799211778,,,Haderslev Roklub Hytte,Årøsund,,,,roklub,4.0,1,,"55.2629042, 9.7050508",way/799211778,ok,2026-09-24
k-way835008170,på kortet,,Kalvebod Bølge Badezone,Ballonparken,,,,badebro badested bro,4.0,3,kalvebod-boelge,"55.6689784, 12.5757633",way/835008170 relation/14946878 way/380346232,ok,2026-09-24
k-way852455409,,,,Over Dråby,,,,kajakklub,4.0,2,,"55.8425381, 11.9864699",way/852455409 way/852455410,forsvundet,2026-09-24
k-way852508901,,,,Teglgårdslund,,,,kajakklub,4.0,2,,"55.9199800, 12.3079470",way/852508901 way/852508902,forsvundet,2026-09-24
k-way89697309,måske,strand,Marselisborg Kajak Club,Saralyst,"56.1258591, 10.2168259","Marselisborg Kajak Club ved stranden syd for Aarhus. Ingen tydelig bro på luftfotoet, kun strand og små høfder.",2026-09-24,kajakklub,4.0,1,,"56.1258890, 10.2163967",way/89697309,ok,2026-09-24
k-way93193565,,,Skanodde Sø,Skovhuse,,,,kajakklub,4.0,1,,"55.0368699, 10.2434475",way/93193565,ok,2026-09-24
k-way97089886,nej,andet,Kajakvej,Dråby Strand,,"Vejnavn (Kajakvej) i et sommerhusområde – fejl i søgningen, som nu er rettet.",2026-09-24,kajakklub,4.0,1,,"56.2162881, 10.7280427",way/97089886,forsvundet,2026-09-24
k-node1154379103,,,Jels Søbad,Jels,,,,vinterbad bro,3.5,3,,"55.3588755, 9.2102410",node/1154379103 way/386349869 way/229392403,ok,2026-09-24
k-node11948108245,,,Frederikssund Kultur og Havnebad,Frederikssund,,,,havnebad bro,3.5,2,,"55.8350820, 12.0517838",node/11948108245 relation/17769758,ok,2026-09-24
k-node13019228202,,,Skive Water Sport,Resen,,,,sup bro,3.5,2,,"56.5964291, 9.0423922",node/13019228202 way/591012432,ok,2026-09-24
k-node13977149366,,,Holeby Østersøbad,Hyldtofte Østersøbad,,,,vinterbad badested,3.5,1,,"54.6337797, 11.4056343",node/13977149366,ok,2026-09-24
k-node8460407442,,,Kastrup Søbad,Kastrup,,,,vinterbad bro,3.5,3,,"55.6454887, 12.6495765",node/8460407442 way/108849041 way/598241771,ok,2026-09-24
k-node8647487065,lovende,badebro,Hinge Søbad Shelterplads,Hinge,"56.2576091, 9.4883010","Hinge Søbad/vinterbad med broer (19 m og 27 m) og badeplatform ud i Hinge Sø. Mørkt, dybt vand og en skovkant, der giver læ.",2026-09-24,vinterbad bro,3.5,4,,"56.2581752, 9.4882205",node/8647487065 node/9007815589 way/784634481 way/784691110,ok,2026-09-24
k-way1027655360,måske,badebro,Havbadet Ebeltoft Skudehavn,Ebeltoft,"56.1900958, 10.6668043","Havbadet Ebeltoft Skudehavn med en 77 m lang bro ud forbi molen til åben bugt. Klart, dybt vand, men udsat for vind og bølger.",2026-09-24,badebro bro,3.5,9,,"56.1901018, 10.6668043",way/1027655360 way/1152749682 way/169045211 way/324497122 way/409081786 way/613270753 way/613270758 way/613270759 way/920864956,ok,2026-09-24
k-way1063419644,måske,badebro,Thorsøbadet,Virklund,"56.1281821, 9.5574445","Thorsøbadet (vinterbad) med en 22 m lang bro ud i Thorsø i Silkeborg. Mørkt vand, men søen er lille (ca. 300 m) og der er mange private broer rundt om.",2026-09-24,vinterbad bro,3.5,7,,"56.1282030, 9.5579809",way/1063419644 way/1063419643 way/1186981504 way/1186981505 way/1186981506 way/1186981507 way/1187423177,ok,2026-09-24
k-way108355002,på kortet,,"Holbæk Søbad, Venedig",Holbæk,,,,vinterbad bro,3.5,1,holbaek-vinterbadere,"55.7200544, 11.6956492",way/108355002,ok,2026-09-24
k-way119212368,,,Badebroen i Søvang,Søvang,,,,badebro bro,3.5,1,,"55.5654550, 12.6213025",way/119212368,ok,2026-09-24
k-way1297182932,,,Sønderborg Havnebad,Sønderborg,,,,havnebad bro,3.5,3,,"54.9169428, 9.7769924",way/1297182932 way/349912037 way/349912038,ok,2026-09-24
k-way1382557926,,,Årosund badesteg,Årøsund,,,,badebro bro,3.5,1,,"55.2590427, 9.7148302",way/1382557926,ok,2026-09-24
k-way263067232,,,badebro,Skibstrup,,,,badebro bro,3.5,1,,"56.0649343, 12.5280363",way/263067232,ok,2026-09-24
k-way480291462,,,Rønshoved Højskoles badebro,Rønshoved,,,,badebro bro,3.5,2,,"54.8718459, 9.5195685",way/480291462 way/480296997,ok,2026-09-24
k-way487162563,,,Odense Havnebad,City Campus,,,,havnebad bro,3.5,3,,"55.4070414, 10.3824337",way/487162563 way/1067546756 way/1067546758,ok,2026-09-24
k-way516560450,på kortet,,Havnebad,Ølby Lyng,,,,havnebad bro,3.5,2,koege-marina-havnebad,"55.4728720, 12.1985840",way/516560450 way/766607726,ok,2026-09-24
k-way516854075,,,Faaborg Havnebad,Faaborg,,,,havnebad bro,3.5,1,,"55.0927471, 10.2434576",way/516854075,ok,2026-09-24
k-way616897685,,,Rudkøbing Søbadeanstalt,Rudkøbing,,,,vinterbad bro,3.5,2,,"54.9364000, 10.7026886",way/616897685 way/452574081,ok,2026-09-24
k-node10814063246,måske,andet,Vinterbadeklub Aarhus Ø,Aarhus,"56.1636222, 10.2247015","Vinterbadeklub ved et rundt bassin på Aarhus Ø. Beskyttet havnevand, men ingen tydelig lav bro på luftfotoet. Tjek havnebadets forhold.",2026-09-24,vinterbad,3.0,1,,"56.1636969, 10.2247015",node/10814063246,ok,2026-09-24
k-node13975136297,,,Kystsanatoriet,Sjelborg,,,,badested sejlklub slæbested,3.0,4,,"55.5276629, 8.3474065",node/13975136297 node/10665613290 node/8972755037 way/616523699,ok,2026-09-24
k-node1832823096,,,Damsøbadet,Vanløse,,,,vinterbad,3.0,3,,"55.6801370, 12.4986822",node/1832823096 node/9550478505 way/146290907,ok,2026-09-24
k-node2460053037,,,4598 Furesøbad,Farum,,,,vinterbad,3.0,1,,"55.8025157, 12.3820509",node/2460053037,ok,2026-09-24
k-node4309970533,,,Hotel Balka Søbad,Balka,,,,vinterbad,3.0,2,,"55.0383577, 15.1054394",node/4309970533 way/715070413,ok,2026-09-24
k-node4438287896,,,Slotssøbadets Reception,Kolding,,,,vinterbad,3.0,3,,"55.4941770, 9.4705460",node/4438287896 way/105981673 way/29547607,ok,2026-09-24
k-node8449053037,nej,bro,Kyst- og Fjordcentret - udlejning,Mellerup,,Kyst- og Fjordcentret ved Mellerup: bro (52 m) i en smal kanal (ca. 10–15 m) med både.,2026-09-24,udlejning bro slæbested,3.0,3,,"56.5194184, 10.2348067",node/8449053037 node/8449053051 way/531516934,ok,2026-09-24
k-node8593151231,på kortet,,Østre Søbad,Sydbyen,,,,vinterbad,3.0,1,almind-soe-oestre-soebad,"56.1485468, 9.5565270",node/8593151233,ok,2026-09-24
k-node9643935121,,,Damsøbadets Cafeteria Kedel-Hallens Cafeteria,Vanløse,,,,vinterbad,3.0,1,,"55.6763763, 12.4976148",node/9643935121,ok,2026-09-24
k-relation16216356,,,Kastrup Søbad,Kastrup,,,,vinterbad,3.0,1,,"55.6459936, 12.6478631",relation/16216356,ok,2026-09-24
k-way60965758,,,Søbadvej,Hindsgavlsbro,,,,vinterbad,3.0,1,,"55.5137482, 9.6978332",way/60965758,forsvundet,2026-09-24
k-way85417747,måske,strand,Vinterbadeklubben Ballehage,Højbjerg,"56.1186575, 10.2282584","Vinterbadeklubben Ballehage ved Ballehage Strand (Aarhus). Luftfotoet viser ingen bro, men klubben har muligvis en sæsonbro. Bellehage Strand (beachstart) ligger på kortet ca. 400 m nord.",2026-09-24,vinterbad,3.0,1,,"56.1186874, 10.2278829",way/85417747,ok,2026-09-24
k-node1018651936,,,Nørresundby Sejlklub,Nørresundby,,,,bro havn sejlklub slæbested,2.5,4,,"57.0565627, 9.9208642",node/1018651936 node/4219006193 way/386640277 way/96923267,ok,2026-09-24
k-node11013955252,nej,strand,Boeslum Strand,Boeslum Strand,,Boeslum Strand er en åben sandstrand uden bro.,2026-09-24,badested slæbested,2.5,2,,"56.2030081, 10.7335963",node/11013955252 way/532426332,ok,2026-09-24
k-node11069667570,nej,bro,Uggelhuse Sejlklub,Langkastrup,,"Uggelhuse Sejlklub: lille, tæt pakket havn ved Randers Fjord.",2026-09-24,bro havn sejlklub slæbested,2.5,8,,"56.4710651, 10.2060910",node/11069667570 node/928444565 node/928444675 way/1149878299 way/1149878300 way/1149878301 way/1149878557 way/79552885,ok,2026-09-24
k-node1204259708,,,Hobro Lystbådehavn,Vindø,,,,bro havn sejlklub slæbested,2.5,11,,"56.6435070, 9.8119657",node/1204259708 node/6130411827 node/6130411828 node/8121859562 way/1232990072 way/126007301 way/126007305 way/1461587857 way/441600205 way/441600206 way/441600208,ok,2026-09-24
k-node12157447389,,,Sejlklubben Møn,Stege,,,,bro havn sejlklub slæbested,2.5,12,,"54.9852102, 12.2799117",node/12157447389 node/12348918902 way/1300550958 way/1334846808 way/1334846809 way/303883906 way/303883921 way/385144354 way/520035341 way/520035342 way/520035343 way/520035344,ok,2026-09-24
k-node12166072269,,,Hey Captain,Indre By,,,,udlejning bro,2.5,5,,"55.6809878, 12.5947972",node/12166072269 way/1240363023 way/926172182 way/926172633 way/926172634,ok,2026-09-24
k-node12174674433,,,Kayakomat,Nyborg,,,,udlejning bro,2.5,2,,"55.3094630, 10.7906362",node/12174674433 way/553272370,ok,2026-09-24
k-node12175248464,på kortet,,Odense Sejlklub,Korshavn,,,,bro havn sejlklub slæbested,2.5,5,korshavn,"55.6043712, 10.6080864",node/12175248464 node/4118352443 node/4289229615 way/849611813 way/849611815,ok,2026-09-24
k-node12318710953,,,Jelse Odde,Grønning Strand,,,,badested kanoplads,2.5,2,,"56.6509165, 9.1489577",node/13986782841 node/12318710953,ok,2026-09-24
k-node12618050316,,,Sejlklubben Snekken Vordingborg,Vordingborg,,,,bro havn sejlklub slæbested,2.5,9,,"55.0043339, 11.9156198",node/12618050316 node/3980388549 way/232096118 way/232096120 way/232096121 way/232096123 way/232096125 way/232096147 way/532949908,ok,2026-09-24
k-node13009222202,,,Sejlklub Egensedybet,Otterup Havn,,,,bro havn sejlklub slæbested,2.5,6,,"55.5259575, 10.4711881",node/13009222202 node/4320934889 way/664719418 way/845214912 way/845214913 way/845214917,ok,2026-09-24
k-node13020705839,,,Hårbølle Havn Sejlklub,Hårbøllebro,,,,bro havn sejlklub slæbested,2.5,11,,"54.8905744, 12.1336918",node/13020705839 node/2015452839 way/1190835804 way/1190835805 way/1190835806 way/1190835830 way/1190835831 way/1347044779 way/156695543 way/388568178 way/41130231,ok,2026-09-24
k-node13040992331,,,Ålbæk Junior Sejlklub,Ålbæk,,,,bro havn sejlklub slæbested,2.5,10,,"57.5928100, 10.4273578",node/13040992331 node/2244918037 way/409318432 way/409318867 way/409318868 way/409318869 way/409318870 way/409319062 way/409323592 way/409323593,ok,2026-09-24
k-node13063434949,,,Riverside Voersaa,Voerså,,,,udlejning bro,2.5,2,,"57.2070763, 10.4859290",node/13063434949 way/1421544325,ok,2026-09-24
k-node13872328074,,,Svendsens Bådfart,Frederiksberg,,,,udlejning bro,2.5,2,,"55.6737470, 12.5270088",node/13872328074 way/1520679797,ok,2026-09-24
k-node13912962162,,,Høve Strand ved skoven,Høve Strand,,,,badested slæbested,2.5,2,,"55.8456677, 11.4854011",node/13912962162 way/436411308,ok,2026-09-24
k-node13920981785,,,Svallerup Strand,Svallerup Strand,,,,badested slæbested,2.5,2,,"55.5994071, 11.1402977",node/13920981785 node/1493574018,ok,2026-09-24
k-node13968570522,,,,Kolding,,,,udlejning bro,2.5,2,,"55.4954054, 9.4799102",node/13968570522 way/887305122,ok,2026-09-24
k-node13977021142,,,Gedser Syd,Gedser,,,,badested slæbested,2.5,2,,"54.5714078, 11.9316147",node/13977021142 way/628595858,ok,2026-09-24
k-node13982693001,,,Kisserup Strand,Kisserup Strand,,,,badested slæbested,2.5,2,,"55.7906362, 11.7057446",node/13982693001 node/2352742796,ok,2026-09-24
k-node13990711089,,,Drejet,Drejet,,,,badested slæbested,2.5,2,,"55.0678602, 10.1976348",node/13990711089 way/69290109,ok,2026-09-24
k-node1785885901,,,Fredericia Sejlklub,Sanddal,,,,bro havn sejlklub slæbested,2.5,8,,"55.5523471, 9.7291196",node/1785885901 node/1959403113 way/158278837 way/185353759 way/202409974 way/343752531 way/395946905 way/395946906,ok,2026-09-24
k-node1909931111,,,Gambøt Lystbådehavn,Thurø By,,,,bro havn sejlklub slæbested,2.5,13,,"55.0418214, 10.6684171",node/1909931111 node/1909931196 node/4321038192 way/1263158104 way/180568378 way/180568379 way/180568380 way/180568381 way/180568382 way/180568384 way/180568385 way/180568387 way/180568390,ok,2026-09-24
k-node3884055368,,,Maritim Charter,Svendborg,,,,udlejning bro,2.5,3,,"55.0580069, 10.6152139",node/3884055368 way/1419123545 way/501250622,ok,2026-09-24
k-node4089172503,nej,bro,Silkeborg Sejlklub,Hattenæs,,Silkeborg Sejlklub: tæt pakket havn med mange både.,2026-09-24,bro havn sejlklub slæbested,2.5,9,,"56.1485885, 9.5768997",node/4089172503 node/9707023796 way/1036638269 way/231349366 way/231349367 way/905384950 way/905384951 way/905669950 way/905669951,ok,2026-09-24
k-node476581392,,,Fjellebroen Havn,Fjællebroen,,,,bro havn sejlklub slæbested,2.5,15,,"55.0599572, 10.3801372",node/476581392 node/476581393 way/163292728 way/214221426 way/545724013 way/545724015 way/79732799 way/79732870 way/79732896 way/79732898 way/79732899 way/79732901 way/79732903 way/79732960 way/79732962,ok,2026-09-24
k-node6448993071,,,Anemonen,Maribo,,,,udlejning bro,2.5,2,,"54.7722061, 11.4981357",node/6448993071 way/8040332,ok,2026-09-24
k-node6868072501,,,Bølshavn,Bølshavn,,,,badested havn,2.5,2,,"55.1551492, 15.0767971",node/6868072501 way/610099813,ok,2026-09-24
k-node9989046280,,,Friendships Boat Rental,Christianshavn,,,,udlejning bro,2.5,21,,"55.6771856, 12.6009577",node/9989046280 way/1181269443 way/1181269444 way/1181269445 way/1181269446 way/1181269447 way/1181269448 way/1181269449 way/1314378049 way/135860970 way/149981475 way/241136281 way/241136283 way/465247200 way/465247203 way/465247209 way/995062784 way/995062785 way/995062786 way/995062787 way/995062789,ok,2026-09-24
k-way1034860592,nej,bro,Norsminde Lystbådehavn,Kysing Næs,,Norsminde Lystbådehavn: tæt pakket havn med mange både.,2026-09-24,bro havn sejlklub slæbested,2.5,19,,"56.0233492, 10.2633203",way/1034860592 way/1459088740 way/244416866 way/244416869 way/244416870 way/244416872 way/244416874 way/244416875 way/244416878 way/244416880 way/410006781 way/410006785 way/410006787 way/410008091 way/410008096 way/410012055 way/410012056 way/410012057 way/410012058,ok,2026-09-24
k-way1190652224,,,Bisserup Havn,Bisserup,,,,bro havn sejlklub slæbested,2.5,8,,"55.2001018, 11.4916232",way/1190652224 way/1190652225 way/1190652226 way/226050221 way/226050222 way/243393877 way/379799054 way/379799055,ok,2026-09-24
k-way237099211,på kortet,,Kerteminde Sejlklub,Kerteminde,,,,bro havn sejlklub slæbested,2.5,13,kerteminde-havn-2,"55.4529752, 10.6660037",way/237099211 way/237099215 way/285561173 way/409976638 way/409976640 way/409976647 way/409976648 way/409976649 way/550609142 way/550609143 way/601154357 way/601154369 way/601304886,ok,2026-09-24
k-way609317589,,,Damkiosken,Haderslev,,,,udlejning bro,2.5,2,,"55.2506594, 9.4830001",way/609317589 way/293331076,ok,2026-09-24
k-node1028000785,,,Strib Bådehavn,Rudbækshave,,,,bro havn slæbested,2.0,5,,"55.5386034, 9.7627686",node/1028000785 way/238829527 way/238829528 way/238829529 way/238829530,ok,2026-09-24
k-node1039983204,,,Thyborøn Lystbådehavn,Thyborøn,,,,bro havn slæbested,2.0,6,,"56.7012506, 8.2215514",node/1039983204 node/1725722296 way/387027216 way/387027217 way/836205117 way/897658089,ok,2026-09-24
k-node10614333091,,,Skytteholmen,Birgittelyst,,,,badested,2.0,1,,"56.3969362, 9.3642796",node/10614333091,ok,2026-09-24
k-node10719047222,,,Ågabet Outdoor Center,Arresødal,,,,udlejning,2.0,1,,"55.9757925, 12.0382268",node/10719047222,ok,2026-09-24
k-node10765312314,,,Kayakomat,Skovshoved,,,,udlejning,2.0,1,,"55.7468308, 12.5886694",node/10765312314,ok,2026-09-24
k-node10770884852,,,Baagø Havn,Fiskerhusene,,,,bro havn slæbested,2.0,4,,"55.2971349, 9.8034360",node/10770884852 node/723903728 way/432476682 way/432476684,ok,2026-09-24
k-node10775930146,nej,slæbested,Egå Sejlklub,Egå,,Egå Sejlklub: slæbested og broer midt i den tæt pakkede Egå Marina. Roklubbens spot (på kortet) ligger lige ved siden af.,2026-09-24,bro sejlklub slæbested,2.0,6,,"56.2090414, 10.2865263",node/10775930146 node/2917130637 way/100430880 way/1158743159 way/1158743160 way/1315353802,ok,2026-09-24
k-node10776284748,,,,Vasedal,,,,udlejning,2.0,1,,"55.5702043, 9.7374594",node/10776284748,ok,2026-09-24
k-node1089391379,,,Gilleleje Sejlklub,Gilleleje,,,,bro sejlklub slæbested,2.0,5,,"56.1254992, 12.3121401",node/1089391379 way/408174843 way/916133337 way/93797659 way/93833314,ok,2026-09-24
k-node11013955254,nej,strand,Vibæk Strand,Egsmark,,Vibæk Strand er en åben sandstrand uden bro.,2026-09-24,badested,2.0,1,,"56.2189241, 10.6692526",node/11013955254,ok,2026-09-24
k-node11039765128,,,Morsø Sejlklub & Marina Autocamperplads,Nykøbing Mors,,,,bro havn sejlklub,2.0,6,,"56.7927664, 8.8634887",node/11039765128 node/3400403596 way/1038326482 way/168411259 way/168411264 way/168411265,ok,2026-09-24
k-node11064885758,,,Ship Happens,Indre By,,,,udlejning,2.0,1,,"55.6826039, 12.6032706",node/11064885758,ok,2026-09-24
k-node11070324160,,,Gråsten Sejlklub Autocamperplads,Egernsund,,,,bro havn sejlklub,2.0,10,,"54.9120888, 9.5998701",node/11070324160 way/1038336912 way/129400795 way/129400797 way/129400798 way/129400802 way/129400804 way/129400808 way/129400810 way/337923559,ok,2026-09-24
k-node11071056464,på kortet,,Toreby Sejlklubs havn,Nykøbing Falster,,,,bro havn sejlklub,2.0,4,guldborgsund-kajakklub,"54.7601215, 11.8594596",node/11071056464 way/1062315685 way/134289279 way/520633796,ok,2026-09-24
k-node11374883151,,,Bjerregaard Camping,Bjerregård,,,,udlejning,2.0,1,,"55.8678869, 8.1819316",node/11374883151,ok,2026-09-24
k-node11374926055,,,Surf Farm,Gammelsogn,,,,udlejning,2.0,1,,"56.0981173, 8.2083186",node/11374926055,ok,2026-09-24
k-node11420405324,,,,Klampenborg,,,,badested,2.0,1,,"55.7719717, 12.5966244",node/11420405324,ok,2026-09-24
k-node11513538156,,,Thorsminde Slusehavn,Thorsminde,,,,bro havn slæbested,2.0,11,,"56.3720913, 8.1242572",node/11513538156 node/12108020107 way/444451036 way/444451039 way/903666212 way/903666213 way/903666214 way/903669338 way/903669340 way/903669341 way/903669342,ok,2026-09-24
k-node11610590359,måske,bro,,Næsset,"55.8670089, 9.8943431","Lille bådehavn ved Horsens med to broer (45–48 m) med både, ud til roligt, mørkt vand. Luftfotoet viser grøn vækst på overfladen, og der er motorvej lige ved.",2026-09-24,bro havn slæbested,2.0,5,,"55.8667681, 9.8943431",node/11610590359 way/1072301748 way/1072301749 way/261585259 way/261585260,ok,2026-09-24
k-node11697220055,,,Sebber Bådehavn,Sebbersund,,,,bro havn slæbested,2.0,3,,"56.9609487, 9.5717093",node/11697220055 node/1590854911 way/107306007,ok,2026-09-24
k-node11789625033,på kortet,,Havnevigen,Ballonparken,,,,badested,2.0,1,amager-ro-og-kajakklub,"55.6543522, 12.5655743",node/11789625033,ok,2026-09-24
k-node11847020921,,,,Thurø By,,,,bro havn slæbested,2.0,3,,"55.0509994, 10.6687902",node/11847020921 node/4321027485 way/532413714,ok,2026-09-24
k-node11961297792,,,Søndermølle strand,Endelave By,,,,badested,2.0,1,,"55.7483045, 10.2738721",node/11961297792,ok,2026-09-24
k-node11961297794,,,Øvre - syd badestrand,Lynger Strand,,,,badested,2.0,1,,"55.7758675, 10.3262908",node/11961297794,ok,2026-09-24
k-node11961297795,,,Øvre - nord badestrand,Endelave By,,,,badested,2.0,1,,"55.7878608, 10.3092923",node/11961297795,ok,2026-09-24
k-node1207350289,,,Sletten Havn,Sletten,,,,bro havn slæbested,2.0,11,,"55.9535905, 12.5368822",node/1207350289 node/1647080061 way/104668733 way/104668735 way/1504181525 way/914082618 way/914082623 way/914082675 way/969878255 way/969878256 way/969878257,ok,2026-09-24
k-node1210973613,,,Ishøj Havn,Vallensbæk,,,,bro havn slæbested,2.0,15,,"55.6095562, 12.3874408",node/1210973613 node/5767382286 way/150139289 way/150139370 way/150139382 way/26179090 way/26179092 way/26179140 way/26179142 way/26179144 way/26179147 way/26179154 way/608829890 way/949084843 way/975058272,ok,2026-09-24
k-node1215771205,,,,Nexø,,,,bro havn slæbested,2.0,5,,"55.0558325, 15.1282972",node/1215771205 node/2159318281 way/105574996 way/205935057 way/838236277,ok,2026-09-24
k-node12258074290,,,BalleStrand NordHavn,Balle Strand,,,,bro havn slæbested,2.0,6,,"55.0338642, 12.1426005",node/12258074290 node/2258089301 way/1351618131 way/1351618132 way/1351644533 way/318420372,ok,2026-09-24
k-node12304888481,,,Langebæk bådehavn,Langebæk,,,,bro havn slæbested,2.0,5,,"54.9861500, 12.1041565",node/12304888481 way/1104780758 way/1104780759 way/1329954000 way/1339214828,ok,2026-09-24
k-node12350824628,,,Sejlklubben Ulvsund,Kalvehave,,,,bro sejlklub slæbested,2.0,10,,"54.9952559, 12.1649804",node/12350824628 node/12350824629 way/117672160 way/117672163 way/117672637 way/1347526749 way/1347526750 way/1347526751 way/1499303858 way/237743994,ok,2026-09-24
k-node12350824630,,,Kalvehave Havn,Kalvehave,,,,bro havn slæbested,2.0,7,,"54.9951738, 12.1670208",node/12350824630 node/1326163507 way/117672142 way/117672168 way/117672170 way/117672173 way/496146217,ok,2026-09-24
k-node12409159160,,,Gammel Kalvehave Havn,Gammel Kalvehave,,,,bro havn slæbested,2.0,10,,"54.9949571, 12.1362186",node/12409159160 node/12409178051 way/1038330523 way/1099670165 way/1099670166 way/1099670167 way/1341527987 way/1341527988 way/1341527989 way/1341527990,ok,2026-09-24
k-node12410029736,,,Masnedsund Havn,Masnedø,,,,bro havn slæbested,2.0,9,,"54.9951967, 11.8984267",node/12410029736 way/1362832457 way/1362832458 way/301125350 way/301125352 way/301125353 way/43706171 way/43706186 way/753707516,ok,2026-09-24
k-node12458899372,,,Jungshoved Kirkehavn,Stavreby,,,,bro havn slæbested,2.0,6,,"55.0814396, 12.1214604",node/12458899372 node/2258089304 way/1346894030 way/1346894031 way/1346894032 way/222957619,ok,2026-09-24
k-node12466920854,,,Guldborg Bro og Bådehavn,Guldborg,,,,bro havn slæbested,2.0,8,,"54.8705035, 11.7501184",node/12466920854 way/1038341978 way/1347768708 way/1347768709 way/1347768710 way/174433788 way/174433837 way/45743068,ok,2026-09-24
k-node12472045531,,,Nab Strand,Nab,,,,badested,2.0,1,,"55.0615297, 10.3200239",node/12472045531,ok,2026-09-24
k-node12478490101,,,Søslager,Sølager,,,,badested,2.0,1,,"55.9448420, 11.9004820",node/13990241386,ok,2026-09-24
k-node12564875127,nej,strand,,Nordby,,Åben sandstrand uden bro med brænding (Samsø vestkyst).,2026-09-24,badested,2.0,1,,"55.9752124, 10.5669343",node/12564875127,ok,2026-09-24
k-node12572485672,måske,bro,Mårup Havn,Mårup Havn,"55.9374840, 10.5528265","Mårup Havn (Samsø) med lange broer (86–432 m) og få både. Lavt, klart vand med ålegræs, men beskyttet.",2026-09-24,bro havn slæbested,2.0,9,,"55.9377454, 10.5519414",node/12572485672 way/1358445749 way/1358445750 way/1358445775 way/1358445776 way/1358445781 way/1358445782 way/1358447811 way/164975203,ok,2026-09-24
k-node12828881678,nej,strand,Aggerholm,Sydbyen,,Aggerholm (Silkeborg Almindsø) er en sandstrand uden bro. Almind Sø Østre Søbad (på kortet) ligger på den anden side af søen.,2026-09-24,badested,2.0,1,,"56.1532138, 9.5367511",node/12828881678,ok,2026-09-24
k-node12920644487,,,Lundeborg Sejlklub,Lundeborg,,,,bro sejlklub slæbested,2.0,14,,"55.1384793, 10.7845087",node/12920644487 way/122251246 way/122251248 way/122251260 way/122251262 way/122251264 way/122251268 way/122251269 way/122254001 way/122254003 way/1336069568 way/1355387175 way/1382047776 way/433978029,ok,2026-09-24
k-node12925350806,,,Holte Havn,Holte,,,,bro havn slæbested,2.0,11,,"55.8105733, 12.4680816",node/12925350806 node/9286796040 way/1038334513 way/220263790 way/220263793 way/220263794 way/220263798 way/220263803 way/220263804 way/220263805 way/220263812,ok,2026-09-24
k-node13011305824,,,Augustenborg Sejlklub,Augustenborg,,,,bro havn sejlklub,2.0,7,,"54.9442878, 9.8707063",node/13011305824 way/119962133 way/119962135 way/293601396 way/293601400 way/584751739 way/584751740,ok,2026-09-24
k-node13011838890,nej,bro,Snaptun Sejlklub,Snaptun,,Snaptun Lystbådehavn: tæt pakket havn med mange både.,2026-09-24,bro havn sejlklub,2.0,8,,"55.8222145, 10.0507734",node/13011838890 way/70142075 way/70142076 way/70142083 way/70142088 way/70142094 way/70142096 way/77512518,ok,2026-09-24
k-node13012186485,,,Korsør Sejlklub,Korsør,,,,bro sejlklub slæbested,2.0,6,,"55.3263489, 11.1321472",node/13012186485 way/1353226194 way/381163529 way/381163530 way/381163531 way/381163534,ok,2026-09-24
k-node13013301012,på kortet,,Horsens Sejlklub,Næsset,,,,bro havn sejlklub,2.0,10,horsens-kajakklub,"55.8571110, 9.8744624",node/13013301012 way/343755122 way/40983756 way/40983757 way/40983758 way/40983759 way/40983760 way/40983761 way/40983763 way/40983767,ok,2026-09-24
k-node13013579205,,,Thyborøn Sejlklub,Thyborøn,,,,bro havn sejlklub,2.0,7,,"56.6890240, 8.2213250",node/13013579205 way/1038326486 way/1184783550 way/1184783551 way/1184783552 way/1184783553 way/219772348,ok,2026-09-24
k-node13013873751,,,,Udløbet,,,,badested,2.0,1,,"55.4649710, 11.9429476",node/13013873751,ok,2026-09-24
k-node13019523223,på kortet,,Virksund Sejlklub,Virksund,,,,bro havn sejlklub,2.0,8,virksund-lystbaadhavn,"56.6097310, 9.2904613",node/13019523223 node/2246309435 way/1333448737 way/488651870 way/488651871 way/99483446 way/99483447 way/99483452,ok,2026-09-24
k-node13019581325,,,Sejlklubben Limfjorden,Vestbyen,,,,bro havn sejlklub,2.0,9,,"57.0570097, 9.9016429",node/13019581325 way/107110706 way/107110709 way/107110711 way/107110715 way/107110722 way/124271219 way/124271222 way/87846242,ok,2026-09-24
k-node13019685502,,,Frederikshavn Sejlklub,Bangsbostrand,,,,bro sejlklub slæbested,2.0,16,,"57.4253608, 10.5276083",node/13019685502 way/215077989 way/215077993 way/215077994 way/409813575 way/409813576 way/520655099 way/520655105 way/520655112 way/520655113 way/520655114 way/520655115 way/77934573 way/77934581 way/77934587 way/96664184,ok,2026-09-24
k-node13020429031,,,Nakskov Sejlklub,Rosnæs,,,,bro havn sejlklub,2.0,9,,"54.8312427, 11.0937706",node/13020429031 way/1268124893 way/1268124894 way/1268124895 way/1318320585 way/1420398545 way/1420398546 way/1420398547 way/627448373,ok,2026-09-24
k-node13040991225,,,Bogø Sejlklub,Bogø By,,,,bro havn sejlklub,2.0,5,,"54.9128659, 12.0523081",node/13040991225 way/1038341974 way/119144696 way/119144698 way/368759195,ok,2026-09-24
k-node1339074498,,,Sakskøbing Bådelaug og Lystbådehavn,Lille Rørbæk,,,,bro havn sejlklub,2.0,6,,"54.8113349, 11.6198791",node/1339074498 way/1086851767 way/119102501 way/119102502 way/1347785545 way/1347785546,ok,2026-09-24
k-node1359132750,,,Mariager Jollehavn,Mariager,,,,bro havn slæbested,2.0,8,,"56.6531891, 9.9822932",node/1359132750 node/1359132761 node/1987020119 way/239033612 way/239033614 way/239033615 way/239033616 way/361558135,ok,2026-09-24
k-node1359134154,,,Hobro Både- og Fiskerihavn,Hobro,,,,bro havn slæbested,2.0,10,,"56.6385173, 9.8062893",node/1359134154 node/6130420479 way/126005405 way/339959359 way/339959360 way/454705309 way/454705310 way/454705312 way/454705314 way/921680786,ok,2026-09-24
k-node1365166891,på kortet,,Ebeltoft Havn,Ebeltoft,,,,bro havn slæbested,2.0,8,ebeltoft-ro-og-kajakklub,"56.1946467, 10.6701761",node/1365166891 way/1312455412 way/1312455413 way/1317060452 way/1317060453 way/169045203 way/238940489 way/256056542,ok,2026-09-24
k-node1382887355,,,Voerså Fiskerleje,Voerså,,,,bro havn slæbested,2.0,5,,"57.2039434, 10.4947325",node/1382887355 way/1036639878 way/99346936 way/99346953 way/99346965,ok,2026-09-24
k-node13852532374,,,Næs,Grønnedal,,,,badested,2.0,2,,"55.2729545, 14.8065032",node/13852532374 node/5715884506,ok,2026-09-24
k-node13852591591,,,Store Sandkås,Sandkås,,,,badested,2.0,1,,"55.2602883, 14.8162164",node/13852591591,ok,2026-09-24
k-node13854270769,,,Vesterstrand,Anholt,,,,badested,2.0,1,,"56.7097025, 11.5211570",node/13854270769,ok,2026-09-24
k-node13854280068,,,Madum Sø,Rauf,,,,badested,2.0,1,,"56.8006063, 9.9512394",node/13854280068,ok,2026-09-24
k-node13855717307,nej,strand,Tangkrogen,Frederiksbjerg,,Tangkrogen (Aarhus) er en sandstrand uden bro. Marselisborg Lystbådehavn (på kortet) ligger lige ved siden af.,2026-09-24,badested,2.0,1,,"56.1367295, 10.2099235",node/13855717307,ok,2026-09-24
k-node13855739873,,,Frederikskilde Strand,Lynge-Eskilstrup,,,,badested,2.0,1,,"55.3756442, 11.5449867",node/13855739873,ok,2026-09-24
k-node13858643573,,,Fuglesang,Strandløkke,,,,badested,2.0,1,,"55.5918018, 10.4061414",node/13858643573,ok,2026-09-24
k-node13858701220,,,Flyvesandet,Nørreby Hals,,,,badested,2.0,1,,"55.6214843, 10.2942191",node/13858701220,ok,2026-09-24
k-node13858713076,,,Hasmark,Hasmark Strand,,,,badested,2.0,1,,"55.5652766, 10.4573312",node/13858713076,ok,2026-09-24
k-node13866197936,,,Glænø Strand,Glænø,,,,badested,2.0,1,,"55.1871900, 11.4514407",node/13866197936,ok,2026-09-24
k-node13866659080,,,Helletofte,Helletofte Strand,,,,badested,2.0,1,,"55.0262812, 10.8342049",node/13866659080,ok,2026-09-24
k-node13866688604,,,Spodsbjerg Drej,Drejet,,,,badested,2.0,1,,"54.9237492, 10.8277981",node/13866688604,ok,2026-09-24
k-node13869019955,nej,strand,Fløjstrup Strand,Over Fløjstrup,,Fløjstrup Strand er en åben sandstrand uden bro.,2026-09-24,badested,2.0,1,,"56.0625474, 10.2590644",node/13869019955,ok,2026-09-24
k-node13899641388,,,"Vesterlyng, Syd",Eskebjerg Vesterlyng,,,,badested,2.0,1,,"55.7349282, 11.2782685",node/13899641388,ok,2026-09-24
k-node13899678800,,,"Yderby Lyng, Strandvejen",Yderby Lyng,,,,badested,2.0,1,,"55.9842312, 11.3195432",node/13899678800,ok,2026-09-24
k-node13899692019,nej,strand,Ajstrup Strand,Ajstrup Strand,,Ajstrup Strand er en åben sandstrand uden bro.,2026-09-24,badested,2.0,1,,"56.0382455, 10.2705231",node/13899692019,ok,2026-09-24
k-node13899721324,,,Sanddobberne,Vindekilde,,,,badested,2.0,1,,"55.7781249, 11.3773300",node/13899721324,ok,2026-09-24
k-node13899725713,,,,Ordrup Næs,,,,badested,2.0,1,,"55.8378402, 11.3701702",node/13899725713,ok,2026-09-24
k-node13899729698,,,Vraget,Vindekilde,,,,badested,2.0,1,,"55.7861042, 11.3819209",node/13899729698,ok,2026-09-24
k-node13899736781,,,Søndervig,Søndervig,,,,badested,2.0,1,,"56.1192412, 8.1083295",node/13899736781,ok,2026-09-24
k-node13899768714,,,Blåvandshuk Fyr,Vandflod,,,,badested,2.0,1,,"55.5562030, 8.0812958",node/13899768714,ok,2026-09-24
k-node13899768890,,,Saltum Strand,Fårup Klit,,,,badested,2.0,1,,"57.2914547, 9.6225465",node/13899768890,ok,2026-09-24
k-node13899779247,,,Kandestederne,Kandestederne,,,,badested,2.0,1,,"57.6621383, 10.3792831",node/13899779247,ok,2026-09-24
k-node13899782762,nej,strand,Saksild Strand,Saksild Plantage,,Saksild Strand er en åben sandstrand. Der er kun en rest af en bro.,2026-09-24,badested,2.0,1,,"55.9810015, 10.2524576",node/13899782762,ok,2026-09-24
k-node13899784870,,,Henne Strand,Henne Strand,,,,badested,2.0,1,,"55.7440251, 8.1725239",node/13899784870,ok,2026-09-24
k-node13900972478,nej,strand,Dyngby Strand,Dyngby Strand,,Dyngby Strand er en åben sandstrand uden bro.,2026-09-24,badested,2.0,1,,"55.9588187, 10.2660693",node/13900972478,ok,2026-09-24
k-node13900980579,,,Bisnap,Bisnap Strand,,,,badested,2.0,1,,"57.0087985, 10.3505459",node/13900980579,ok,2026-09-24
k-node13901096193,,,,Hornbæk,,,,badested,2.0,1,,"56.0940423, 12.4531634",node/13901096193,ok,2026-09-24
k-node13901096408,,,Gudmindrup Lyng,Gudmindrup Lyng,,,,badested,2.0,1,,"55.9069140, 11.5258663",node/13901096408,ok,2026-09-24
k-node13901099378,,,Dueodde,Vallehuse,,,,badested,2.0,1,,"54.9938817, 15.0899562",node/13901099378,ok,2026-09-24
k-node13901110086,,,Boderne,Boderne,,,,badested,2.0,1,,"55.0226240, 14.9091186",node/13901110086,ok,2026-09-24
k-node13901123902,,,Balka Strand,Balka Strand,,,,badested,2.0,1,,"55.0352976, 15.1099756",node/13901123902,ok,2026-09-24
k-node13901206787,,,Rindby Strand,Rindby Strand,,,,badested,2.0,1,,"55.4154035, 8.3759012",node/13901206787,ok,2026-09-24
k-node13901214194,,,Ristinge,Ristinge,,,,badested,2.0,1,,"54.8228151, 10.6271213",node/13901214194,ok,2026-09-24
k-node13902179937,,,Lakolk,Lakolk,,,,badested,2.0,1,,"55.1453356, 8.4792383",node/13902179937,ok,2026-09-24
k-node13902186884,,,Tisvildeleje,Tisvildeleje,,,,badested,2.0,1,,"56.0554927, 12.0561560",node/13902186884,ok,2026-09-24
k-node13902269194,,,Stængehus,Tollerup Overdrev,,,,badested,2.0,1,,"56.0309741, 12.0093207",node/13902269194,ok,2026-09-24
k-node13902289568,,,Svanemøllestranden,Nordhavn,,,,badested,2.0,1,,"55.7201775, 12.5836457",node/13902289568,ok,2026-09-24
k-node13902307201,,,Lille Kulgab,Asserbo,,,,badested,2.0,1,,"56.0259842, 11.9964401",node/13902307201,ok,2026-09-24
k-node13902326389,,,Amager Strandpark,Sundbyøster,,,,badested,2.0,1,,"55.6579387, 12.6372363",node/13902326389,ok,2026-09-24
k-node13902341605,,,Bellevue Strand,Klampenborg,,,,badested,2.0,1,,"55.7767064, 12.5919504",node/13902341605,ok,2026-09-24
k-node13902341906,,,Tornby Strand,Tornby Strand,,,,badested,2.0,2,,"57.5604427, 9.9144543",node/13902341906 way/1413819759,ok,2026-09-24
k-node13902394421,,,Falkebroen,Tejn,,,,badested,2.0,1,,"55.2477575, 14.8423413",node/13902394421,ok,2026-09-24
k-node13902395130,,,Hullehavn,Hullet,,,,badested,2.0,1,,"55.1311191, 15.1524685",node/13902395130,ok,2026-09-24
k-node13902407993,,,Høl,Listed,,,,badested,2.0,1,,"55.1475294, 15.1048528",node/13902407993,ok,2026-09-24
k-node13902429896,,,Levka,Levka,,,,badested,2.0,1,,"55.1598753, 14.7043576",node/13902429896,ok,2026-09-24
k-node13902430276,,,Lystskoven,Campanella,,,,badested,2.0,1,,"55.1721344, 14.7055505",node/13902430276,ok,2026-09-24
k-node13902696110,,,Blykobbe,Sorthat,,,,badested,2.0,1,,"55.1427984, 14.7067504",node/13902696110,ok,2026-09-24
k-node13902703482,,,Antoinette,Rønne,,,,badested,2.0,1,,"55.1203416, 14.6994525",node/13902703482,ok,2026-09-24
k-node13902707014,,,Nørrekås,Rønne,,,,badested,2.0,1,,"55.1045515, 14.6957461",node/13902707014,ok,2026-09-24
k-node13904216380,nej,strand,Egå Strand,Egå,,Egå Strand: badestrand uden bro (tjekket på kontaktark). Kan måske bruges til beachstart.,2026-09-24,badested,2.0,1,,"56.2135156, 10.2911671",node/13904216380,ok,2026-09-24
k-node13904237898,nej,strand,,Åstrup,,Strand: badestrand uden bro (tjekket på kontaktark). Kan måske bruges til beachstart.,2026-09-24,badested,2.0,1,,"56.2400321, 10.3402964",node/13904237898,ok,2026-09-24
k-node13904241400,nej,strand,,Fjellerup Strand,,Strand: badestrand uden bro (tjekket på kontaktark). Kan måske bruges til beachstart.,2026-09-24,badested,2.0,1,,"56.5175906, 10.5886192",node/13904241400,ok,2026-09-24
k-node13906341794,,,,Kongstrup,,,,badested,2.0,1,,"55.7272172, 10.9844129",node/13906341794,ok,2026-09-24
k-node13906405165,,,Ulstrup Sdr. Strand,Ulstrup,,,,badested,2.0,1,,"55.7287997, 10.9582758",node/13906405165,ok,2026-09-24
k-node13906465005,,,Kysthospitalet,Kallerup,,,,badested,2.0,1,,"55.6951678, 11.0335484",node/13906465005,ok,2026-09-24
k-node13906499742,,,Gisseløre badebro,Kalundborg,,,,badested,2.0,1,,"55.6787846, 11.0667287",node/13906499742,ok,2026-09-24
k-node13906515195,,,Rønne Syd,Rønne,,,,badested,2.0,1,,"55.0846750, 14.7048274",node/13906515195,ok,2026-09-24
k-node13906521345,,,Onsbæk,Stampen,,,,badested,2.0,1,,"55.0755116, 14.7297115",node/13906521345,ok,2026-09-24
k-node13906526400,,,Gjerrild Nordstrand,Gjerrild Nordstrand,,,,badested,2.0,1,,"56.5329755, 10.8109334",node/13906526400,ok,2026-09-24
k-node13906532721,,,Jomfrugård,Vallehuse,,,,badested,2.0,1,,"54.9952345, 15.0385249",node/13906532721,ok,2026-09-24
k-node13906533613,,,Arnager Bugt,Myregård,,,,badested,2.0,1,,"55.0540743, 14.7901482",node/13906533613,ok,2026-09-24
k-node13906533894,,,Aalhammer Bugt,Sømarken,,,,badested,2.0,1,,"55.0041462, 14.9691686",node/13906533894,ok,2026-09-24
k-node13906545206,,,Lille Sandvig,Hammelev,,,,badested,2.0,1,,"56.4547079, 10.9502616",node/13906545206,ok,2026-09-24
k-node13906557098,nej,strand,"Bønnerup Strand, Øst",Bønnerup Strand,,"Bønnerup Strand Øst: ingen bro, kun lavt vand med tang.",2026-09-24,badested,2.0,1,,"56.5308708, 10.7193478",node/13906557098,ok,2026-09-24
k-node13906576508,,,Udbyhøj Strand,Udbyhøj Vasehuse,,,,badested,2.0,1,,"56.6100915, 10.3010314",node/13906576508,ok,2026-09-24
k-node13906915995,nej,strand,Begtrupvig,Begtrup Vig,,Begtrupvig: badestrand uden bro (tjekket på kontaktark). Kan måske bruges til beachstart.,2026-09-24,badested,2.0,1,,"56.1793510, 10.4728858",node/13906915995,ok,2026-09-24
k-node13906990333,nej,strand,Dejret strand,Dejret,,"Dejret Strand (Kalø Vig): ingen bro, kun lavt vand med tang.",2026-09-24,badested,2.0,1,,"56.2073683, 10.4046889",node/13906990333,ok,2026-09-24
k-node13906998656,nej,strand,Vrinners Strand,Vrinners,,"Vrinners Strand (Kalø Vig): ingen bro, lavt vand.",2026-09-24,badested,2.0,1,,"56.2496783, 10.4810894",node/13906998656,ok,2026-09-24
k-node13907011079,nej,strand,Ahl strand,Ahl Strand,,Ahl strand: badestrand uden bro (tjekket på kontaktark). Kan måske bruges til beachstart.,2026-09-24,badested,2.0,1,,"56.1753629, 10.6395181",node/13907011079,ok,2026-09-24
k-node13907035411,nej,strand,Øer strand,Lærkelunden,,Øer strand: badestrand uden bro (tjekket på kontaktark). Kan måske bruges til beachstart.,2026-09-24,badested,2.0,1,,"56.1543492, 10.6789714",node/13907035411,ok,2026-09-24
k-node13907958237,nej,strand,Mårup Østerstrand,Mårup Østerstrand,,Mårup Østerstrand: badestrand uden bro (tjekket på kontaktark). Kan måske bruges til beachstart.,2026-09-24,badested,2.0,1,,"55.9509693, 10.5780022",node/13907958237,ok,2026-09-24
k-node13907958267,nej,strand,Fogedmarken,Fogedmark,,Fogedmarken: badestrand uden bro (tjekket på kontaktark). Kan måske bruges til beachstart.,2026-09-24,badested,2.0,1,,"55.8234132, 10.5256365",node/13907958267,ok,2026-09-24
k-node13907996695,nej,strand,,Tunø By,,Strand: badestrand uden bro (tjekket på kontaktark). Kan måske bruges til beachstart.,2026-09-24,badested,2.0,1,,"55.9474177, 10.4488398",node/13907996695,ok,2026-09-24
k-node13908033639,nej,strand,Strandskoven,Strandskoven,,Strandskoven: badestrand uden bro (tjekket på kontaktark). Kan måske bruges til beachstart.,2026-09-24,badested,2.0,1,,"55.8330730, 10.6392326",node/13908033639,ok,2026-09-24
k-node13908041729,nej,strand,,Tunø By,,Strand: badestrand uden bro (tjekket på kontaktark). Kan måske bruges til beachstart.,2026-09-24,badested,2.0,1,,"55.9569479, 10.4377130",node/13908041729,ok,2026-09-24
k-node13908053523,nej,strand,Hjarnø Odde,Hjarnø By,,Hjarnø Odde: badestrand uden bro (tjekket på kontaktark). Kan måske bruges til beachstart.,2026-09-24,badested,2.0,1,,"55.8180305, 10.0740185",node/13908053523,ok,2026-09-24
k-node13908058799,nej,strand,,Hjarnø By,,Strand: badestrand uden bro (tjekket på kontaktark). Kan måske bruges til beachstart.,2026-09-24,badested,2.0,1,,"55.8231611, 10.0997634",node/13908058799,ok,2026-09-24
k-node13908907531,nej,strand,Skovgårde,Skovgårde Strand,,Skovgårde: badestrand uden bro (tjekket på kontaktark). Kan måske bruges til beachstart.,2026-09-24,badested,2.0,1,,"56.5126500, 10.5312338",node/13908907531,ok,2026-09-24
k-node13908970409,,,Holme Strand,Holme Strand,,,,badested,2.0,1,,"56.2350521, 10.7580883",node/13908970409,ok,2026-09-24
k-node13909003534,,,Stillinge Strand,Stillinge Strand,,,,badested,2.0,1,,"55.4422056, 11.2043761",node/13909003534,ok,2026-09-24
k-node13909007308,,,Rugård Strand,Rugårdsstrand,,,,badested,2.0,1,,"56.2720754, 10.8216810",node/13909007308,ok,2026-09-24
k-node13909021665,nej,strand,Rygårde Strand,Havhuse,,Rygårde Strand: badestrand uden bro (tjekket på kontaktark). Kan måske bruges til beachstart.,2026-09-24,badested,2.0,1,,"56.5128819, 10.5099404",node/13909021665,ok,2026-09-24
k-node13909224612,,,Kirke Stillinge Strand,Store Kongsmark,,,,badested,2.0,1,,"55.4323538, 11.2011113",node/13909224612,ok,2026-09-24
k-node13909276257,,,Bjerge Sydstrand,Bjerge Sydstrand,,,,badested,2.0,1,,"55.5588244, 11.1576603",node/13909276257,ok,2026-09-24
k-node13909558270,,,,Fårtoft,,,,badested,2.0,1,,"56.9513852, 8.7143167",node/13909558270,ok,2026-09-24
k-node13909769182,,,,Dragsbæk,,,,badested,2.0,1,,"56.9428006, 8.6609905",node/13909769182,ok,2026-09-24
k-node13909867373,,,,Vilsund Vest,,,,badested,2.0,1,,"56.8852072, 8.6258246",node/13909867373,ok,2026-09-24
k-node13909868959,,,Skyum Østerstrand,Skyum Østerstrand,,,,badested,2.0,1,,"56.8232273, 8.5805258",node/13909868959,ok,2026-09-24
k-node13909889366,,,Tæbring,Tæbring,,,,badested,2.0,1,,"56.7918147, 8.6140339",node/13909889366,ok,2026-09-24
k-node13911751953,,,,Nordskov,,,,badested,2.0,1,,"55.5788786, 10.5990420",node/13911751953,ok,2026-09-24
k-node13911771751,,,Bogensø Strand,Bogensø,,,,badested,2.0,1,,"55.5324439, 10.6185359",node/13911771751,ok,2026-09-24
k-node13912912935,,,Bjørndrup,Bjørndrup,,,,badested,2.0,1,,"56.8201485, 8.8523628",node/13912912935,ok,2026-09-24
k-node13912923378,,,,Vesterø Havn,,,,badested,2.0,1,,"57.2943392, 10.9219042",node/13912923378,ok,2026-09-24
k-node13912923928,,,"Vesterø, Kongevejen",Strandvejen,,,,badested,2.0,1,,"57.2835324, 10.9113120",node/13912923928,ok,2026-09-24
k-node13912923930,,,Syrbugt,Tyvhullerne,,,,badested,2.0,1,,"57.3233955, 11.1830376",node/13912923930,ok,2026-09-24
k-node13912931591,,,Burvænget,Lumsås,,,,badested,2.0,1,,"55.9382545, 11.4999774",node/13912931591,ok,2026-09-24
k-node13912932113,,,Nordstranden,Vesterø Mejeriby,,,,badested,2.0,1,,"57.3051320, 11.0038950",node/13912932113,ok,2026-09-24
k-node13912937958,,,Kirkebugt,Østerby Havn,,,,badested,2.0,1,,"57.3198450, 11.1196275",node/13912937958,ok,2026-09-24
k-node13912950395,,,,Overby Lyng,,,,badested,2.0,1,,"55.9607235, 11.4523585",node/13912950395,ok,2026-09-24
k-node13912950396,,,Lumsås Sdr. Strand,Stenstrup Lyng,,,,badested,2.0,1,,"55.9296410, 11.5201117",node/13912950396,ok,2026-09-24
k-node13912959472,,,Høve Strand,Høve Strand,,,,badested,2.0,1,,"55.8536659, 11.5038668",node/13912959472,ok,2026-09-24
k-node13912962489,,,Østervang Sj. Odde,Overby,,,,badested,2.0,1,,"55.9524754, 11.4039942",node/13912962489,ok,2026-09-24
k-node13912964607,,,Hyldebo Strandvej,Yderby Lyng,,,,badested,2.0,1,,"55.9840280, 11.2892409",node/13912964607,ok,2026-09-24
k-node13912976919,,,Hønsinge lyng,Vig Lyng,,,,badested,2.0,1,,"55.8688657, 11.5177709",node/13912976919,ok,2026-09-24
k-node13912982201,,,Veddinge Strand,Veddinge Strand,,,,badested,2.0,1,,"55.8455365, 11.4427308",node/13912982201,ok,2026-09-24
k-node1391634267,på kortet,,Køge Marina,Køge,,,,bro havn slæbested,2.0,7,koege-havn,"55.4694190, 12.1977680",node/1391634267 way/1179916225 way/181228278 way/429472084 way/429477489 way/516560447 way/588538390,ok,2026-09-24
k-node13917287532,,,Svenstrup Strand,Knivkær,,,,badested,2.0,1,,"55.3722953, 11.1636565",node/13917287532,ok,2026-09-24
k-node13917288689,,,Strandhotellerne,Nyborg,,,,badested,2.0,1,,"55.3190066, 10.8124827",node/13917288689,ok,2026-09-24
k-node13917320956,,,Kelstrup Strand,Kelstrup Strand,,,,badested,2.0,1,,"55.4133323, 11.2019068",node/13917320956,ok,2026-09-24
k-node13917337228,,,Bildsø Strand,Bildsøstrand,,,,badested,2.0,1,,"55.4554948, 11.1995090",node/13917337228,ok,2026-09-24
k-node13917343975,,,Fyns Badestrand,Nyborg,,,,badested,2.0,1,,"55.3044308, 10.8289830",node/13917343975,ok,2026-09-24
k-node13917345095,,,Grønnehave,Drejet,,,,badested,2.0,1,,"55.3569827, 10.7923555",node/13917345095,ok,2026-09-24
k-node13917369649,,,Kongshøj Camping,Kongshøj,,,,badested,2.0,1,,"55.2203346, 10.8094150",node/13917369649,ok,2026-09-24
k-node13917477508,,,Ålbæk Strand,Ålbæk Strand,,,,badested,2.0,1,,"56.6238213, 8.7286403",node/13917477508,ok,2026-09-24
k-node13917828556,,,Nordstranden,Ølby Lyng,,,,badested,2.0,1,,"55.4756235, 12.1973870",node/13917828556,ok,2026-09-24
k-node13917829106,,,Bøgeskov Strand,Bøgeskov Strand,,,,badested,2.0,1,,"55.6252999, 9.7525851",node/13917829106,ok,2026-09-24
k-node13917831749,,,Albuen,Ravnsbæk,,,,badested,2.0,1,,"55.7047639, 9.5801088",node/13917831749,ok,2026-09-24
k-node13917853766,,,Stranden ved Gråstenvej,Galgebjerg,,,,badested,2.0,1,,"55.9855176, 11.8858424",node/13917853766,ok,2026-09-24
k-node13917854679,,,Strib Nordstrand,Strib,,,,badested,2.0,1,,"55.5439222, 9.7621732",node/13917854679,ok,2026-09-24
k-node13918113512,,,Dronningmølle Strand,Dronningmølle,,,,badested,2.0,1,,"56.1003308, 12.3898431",node/13918113512,ok,2026-09-24
k-node13918115404,nej,strand,Dråby Strand,Holme Strand,,Dråby Strand: badestrand uden bro (tjekket på kontaktark). Kan måske bruges til beachstart.,2026-09-24,badested,2.0,1,,"56.2243955, 10.7425544",node/13918115404,ok,2026-09-24
k-node13918122906,nej,strand,Boeslum Strand,Boeslum Strand,,Boeslum Strand: badestrand uden bro (tjekket på kontaktark). Kan måske bruges til beachstart.,2026-09-24,badested,2.0,1,,"56.2088572, 10.7344272",node/13918122906,ok,2026-09-24
k-node13918157878,nej,strand,Skødshoved Strand,Skødshoved Strand,,Skødshoved Strand: badestrand uden bro (tjekket på kontaktark). Kan måske bruges til beachstart.,2026-09-24,badested,2.0,1,,"56.1800983, 10.3750429",node/13918157878,ok,2026-09-24
k-node13918165124,nej,strand,Lystrup Strand,Bendeskær Skov,,"Lystrup Strand: ingen bro, kun lavt vand med ålegræs.",2026-09-24,badested,2.0,1,,"56.5214018, 10.4580579",node/13918165124,ok,2026-09-24
k-node13918206669,,,Albuen,Vesternæs Strand,,,,badested,2.0,1,,"54.7929692, 10.9759541",node/13918206669,ok,2026-09-24
k-node13918223942,,,Sønderstrand,Sønderstrand,,,,badested,2.0,1,,"55.0726079, 8.4954057",node/13918223942,ok,2026-09-24
k-node13918350778,,,Sønderstrand Nord,Aabenraa,,,,badested,2.0,1,,"55.0334963, 9.4218468",node/13918350778,ok,2026-09-24
k-node13918444039,,,Sæby Nordstrand,Sæby,,,,badested,2.0,1,,"57.3360228, 10.5277016",node/13918444039,ok,2026-09-24
k-node13918454813,,,Flovt Strand,Flovt Strand,,,,badested,2.0,1,,"55.2299316, 9.7024753",node/13918454813,ok,2026-09-24
k-node13918481410,,,Båring Strand,Båring Strand,,,,badested,2.0,1,,"55.5109128, 9.8828407",node/13918481410,ok,2026-09-24
k-node13918482841,,,Føns Strand,Føns Strand,,,,badested,2.0,1,,"55.4212202, 9.8277448",node/13918482841,ok,2026-09-24
k-node13919348420,,,Fladstranden,Høll,,,,badested,2.0,1,,"55.6327860, 9.7463987",node/13919348420,ok,2026-09-24
k-node13919355355,,,Mørkholt Strand,Mørkholt Strand,,,,badested,2.0,1,,"55.6604815, 9.7329673",node/13919355355,ok,2026-09-24
k-node13919371234,,,Hvidbjerg Strand,Hvidbjerg Strand,,,,badested,2.0,1,,"55.6396048, 9.7449240",node/13919371234,ok,2026-09-24
k-node13919390700,,,Kulhuse Strand,Bakkegårde,,,,badested,2.0,1,,"55.9348892, 11.9065074",node/13919390700,ok,2026-09-24
k-node13919393076,,,Ibæk Strand,Ibæk,,,,badested,2.0,1,,"55.6925738, 9.6106023",node/13919393076,ok,2026-09-24
k-node13919397800,,,Hejsager Strand,Hejsager Strand,,,,badested,2.0,1,,"55.1936617, 9.6061575",node/13919397800,ok,2026-09-24
k-node13919422018,,,Halk Strand,Halk Strand,,,,badested,2.0,1,,"55.1838713, 9.6577676",node/13919422018,ok,2026-09-24
k-node13919425051,,,Grønnehave Strand,Helsingør,,,,badested,2.0,1,,"56.0438204, 12.6088414",node/13919425051,ok,2026-09-24
k-node13919425052,,,Enø Strand,Karrebæksminde,,,,badested,2.0,1,,"55.1750921, 11.6485613",node/13919425052,ok,2026-09-24
k-node13919438814,,,Gjellerodde Strand,Gjellerodde,,,,badested,2.0,1,,"56.5790769, 8.2839363",node/13919438814,ok,2026-09-24
k-node13919445039,,,Trekanten Strand,Hundested,,,,badested,2.0,1,,"55.9676562, 11.8473840",node/13919445039,ok,2026-09-24
k-node13919445144,,,Thyborøn Badestrand,Thyborøn,,,,badested,2.0,1,,"56.7067796, 8.2203724",node/13919445144,ok,2026-09-24
k-node13919447057,,,Palmestranden,Apholmen,,,,badested,2.0,1,,"57.4613450, 10.5401548",node/13919447057,ok,2026-09-24
k-node13919451967,,,Hornbæk Strand Øst,Hornbæk,,,,badested,2.0,1,,"56.0932451, 12.4688749",node/13919451967,ok,2026-09-24
k-node13919451969,,,Svinø Strand,Svinø Strand,,,,badested,2.0,1,,"55.1196517, 11.7196776",node/13919451969,ok,2026-09-24
k-node13919457612,,,Sæby Nordstrand,Sæby,,,,badested,2.0,1,,"57.3387830, 10.5254203",node/13919457612,ok,2026-09-24
k-node13919460724,,,Thorsminde strand,Thorsminde,,,,badested,2.0,1,,"56.3733090, 8.1161251",node/13919460724,ok,2026-09-24
k-node13919462986,,,Høfde Q,Fjaltring,,,,badested,2.0,1,,"56.4761818, 8.1231298",node/13919462986,ok,2026-09-24
k-node13919466773,,,Ferring Strand,Ferring,,,,badested,2.0,1,,"56.5255935, 8.1170349",node/13919466773,ok,2026-09-24
k-node13919471898,,,Vejlby Badestrand,Vejlby Strand,,,,badested,2.0,1,,"56.5748759, 8.1318705",node/13919471898,ok,2026-09-24
k-node13919472741,,,Bjerghuse,Fjand,,,,badested,2.0,1,,"56.3238488, 8.1213655",node/13919472741,ok,2026-09-24
k-node13919476877,,,Spidsbjerg strand,Bjerghuse,,,,badested,2.0,1,,"56.3156037, 8.1222039",node/13919476877,ok,2026-09-24
k-node13919480195,,,Skagen Sønderstrand,Østerby,,,,badested,2.0,1,,"57.7258808, 10.6090247",node/13919480195,ok,2026-09-24
k-node13919523911,,,Ceresstranden,Korsør,,,,badested,2.0,1,,"55.3202148, 11.1519814",node/13919523911,ok,2026-09-24
k-node13919542125,på kortet,,Færgehavnen Strand,Halsskov,,,,badested,2.0,1,halskov-vandsportscenter,"55.3467275, 11.1108102",node/13919542125,ok,2026-09-24
k-node13919543232,,,Granskoven Strand,Halsskov,,,,badested,2.0,1,,"55.3430476, 11.1145839",node/13919543232,ok,2026-09-24
k-node13919544832,,,Revkrogen strand,Halsskov,,,,badested,2.0,1,,"55.3478376, 11.1021056",node/13919544832,ok,2026-09-24
k-node13919594726,,,Lågmaj,Minde,,,,badested,2.0,1,,"54.9012142, 9.6149558",node/13919594726,ok,2026-09-24
k-node13919644680,,,Trelde Næs,Trelde Klint,,,,badested,2.0,1,,"55.6248725, 9.8492019",node/13919644680,ok,2026-09-24
k-node13919664247,,,Harre Vig Strand,Harre Vig,,,,badested,2.0,1,,"56.7027432, 8.9188699",node/13919664247,ok,2026-09-24
k-node13919675232,,,Glyngøre Strand,Glyngøre,,,,badested,2.0,1,,"56.7630229, 8.8698040",node/13919675232,ok,2026-09-24
k-node13919710547,,,Vejlby Fed Strand,Vejlby Fed,,,,badested,2.0,1,,"55.5181149, 9.8569790",node/13919710547,ok,2026-09-24
k-node13919712061,,,Skåstrup Strand,Skåstrup Strand,,,,badested,2.0,1,,"55.5383079, 9.9974491",node/13919712061,ok,2026-09-24
k-node13919771295,,,Virksund Strand,Virksund,,,,badested,2.0,1,,"56.6108491, 9.2943948",node/13919771295,ok,2026-09-24
k-node13919783227,,,Slothagen,Smørmosen,,,,badested,2.0,1,,"55.0450421, 10.7110418",node/13919783227,ok,2026-09-24
k-node13919787079,,,Hofmansgave Strand,Hals Huse,,,,badested,2.0,1,,"55.5502863, 10.4956781",node/13919787079,ok,2026-09-24
k-node13919857021,,,Slothagen,Pederskov Huse,,,,badested,2.0,1,,"55.0215780, 10.6564634",node/13919857021,ok,2026-09-24
k-node13919883186,nej,strand,St. Sjørup Strand,Bræk,,"St. Sjørup Strand (Randers Fjord): ingen bro, lav og fjordagtig.",2026-09-24,badested,2.0,1,,"56.5415808, 10.3888513",node/13919883186,ok,2026-09-24
k-node13920372851,,,Drejby Strand,Drejby,,,,badested,2.0,1,,"54.8663153, 10.0075485",node/13920372851,ok,2026-09-24
k-node13920385857,,,Skarrev,Skarrev,,,,badested,2.0,1,,"55.0454240, 9.5005327",node/13920385857,ok,2026-09-24
k-node13920423565,,,Risemark Strand,Bro,,,,badested,2.0,1,,"54.8287671, 10.3979377",node/13920423565,ok,2026-09-24
k-node13920804355,,,Diernæs strand,Diernæs Strand,,,,badested,2.0,1,,"55.1532248, 9.4968494",node/13920804355,ok,2026-09-24
k-node13920806492,,,Marjatta strand,Gammel Tappernøje,,,,badested,2.0,1,,"55.1558769, 12.0181579",node/13920806492,ok,2026-09-24
k-node13920815059,,,Klintholm Havn Øst,Klintholm Havn,,,,badested,2.0,1,,"54.9519666, 12.4717567",node/13920815059,ok,2026-09-24
k-node13920875576,,,Rødhus Strand,Rødhus Klit,,,,badested,2.0,1,,"57.2137947, 9.5179714",node/13920875576,ok,2026-09-24
k-node13920875582,,,Bunken strand,Rannerød,,,,badested,2.0,1,,"57.6382476, 10.4608297",node/13920875582,ok,2026-09-24
k-node13920880584,,,Tranum Strand,Tranum Strand,,,,badested,2.0,1,,"57.1700971, 9.4179140",node/13920880584,ok,2026-09-24
k-node13920884856,,,Slettestrand,Slettestrand,,,,badested,2.0,1,,"57.1564530, 9.3646241",node/13920884856,ok,2026-09-24
k-node13920885231,,,Svinkløv Strand,Svinkløv,,,,badested,2.0,1,,"57.1546763, 9.3286619",node/13920885231,ok,2026-09-24
k-node13920890909,,,Grønhøj Strand,Grønhøj,,,,badested,2.0,1,,"57.3258601, 9.6606318",node/13920890909,ok,2026-09-24
k-node13920901510,,,Ejstrup Strand,Tranum Strand,,,,badested,2.0,1,,"57.1781512, 9.4365525",node/13920901510,ok,2026-09-24
k-node13920903249,,,Klim Strand,Thorup Strand,,,,badested,2.0,1,,"57.1377071, 9.1735599",node/13920903249,ok,2026-09-24
k-node13920907712,,,Skiveren,Skiveren,,,,badested,2.0,1,,"57.6189999, 10.2751896",node/13920907712,ok,2026-09-24
k-node13920915441,,,Gl. Skagen,Højen,,,,badested,2.0,1,,"57.7294044, 10.5211984",node/13920915441,ok,2026-09-24
k-node13920929016,,,Strandby Nordstrand,Strandby,,,,badested,2.0,1,,"57.4979214, 10.4981204",node/13920929016,ok,2026-09-24
k-node13920929096,,,Vejers Strand,Vejers Strand,,,,badested,2.0,1,,"55.6272122, 8.1175475",node/13920929096,ok,2026-09-24
k-node13920929097,,,Hvidbjerg Strand,Hvidbjerg,,,,badested,2.0,1,,"55.5459472, 8.1212117",node/13920929097,ok,2026-09-24
k-node13920931181,,,Lyngså Strand,Sønderklit,,,,badested,2.0,1,,"57.2494691, 10.5497735",node/13920931181,ok,2026-09-24
k-node13920936081,,,Damstederne,Vesterby,,,,badested,2.0,1,,"57.7060877, 10.5559480",node/13920936081,ok,2026-09-24
k-node13920938713,,,Hedebo Camping,Sulbæk,,,,badested,2.0,1,,"57.3571486, 10.5182647",node/13920938713,ok,2026-09-24
k-node13920939789,,,Sidselbjerg,Krogen,,,,badested,2.0,1,,"56.1771023, 8.1216004",node/13920939789,ok,2026-09-24
k-node13920946114,,,Hvide Sande Sydstrand,Hvide Sande,,,,badested,2.0,1,,"55.9979239, 8.1186757",node/13920946114,ok,2026-09-24
k-node13920959599,,,Vesterlyng nordstrand,Føllenslev Græsmark,,,,badested,2.0,1,,"55.7453506, 11.2916992",node/13920959599,ok,2026-09-24
k-node13920960967,,,Vedersø Klit,Vedersø Klit,,,,badested,2.0,1,,"56.2575984, 8.1302975",node/13920960967,ok,2026-09-24
k-node13920961003,,,Nørre Lyngvig Strand,Nørre Lyngvig,,,,badested,2.0,1,,"56.0507906, 8.0986213",node/13920961003,ok,2026-09-24
k-node13920966571,,,Nymindegab Strand,Nymindegab,,,,badested,2.0,1,,"55.8156819, 8.1718374",node/13920966571,ok,2026-09-24
k-node13920971205,,,Houstrup Strand,Henne Strand,,,,badested,2.0,1,,"55.7684713, 8.1768292",node/13920971205,ok,2026-09-24
k-node13920972278,,,Børsmose Strand,Børsmose Strand,,,,badested,2.0,1,,"55.6723331, 8.1425602",node/13920972278,ok,2026-09-24
k-node13920975993,,,Saltbæk,Svenstrup Overdrev,,,,badested,2.0,1,,"55.7432621, 11.1089434",node/13920975993,ok,2026-09-24
k-node13920980583,,,Blåvand Strand,Sønder Oksby,,,,badested,2.0,1,,"55.5530042, 8.0938648",node/13920980583,ok,2026-09-24
k-node13920980584,,,Henne Mølleå Strand,Henne Strand,,,,badested,2.0,1,,"55.7199319, 8.1643049",node/13920980584,ok,2026-09-24
k-node13921016120,,,Julebæk Strand,Ny Hellebæk,,,,badested,2.0,1,,"56.0622750, 12.5700139",node/13921016120,ok,2026-09-24
k-node13921027926,,,Hjerting Strand,Sjelborg,,,,badested,2.0,1,,"55.5215609, 8.3547508",node/13921027926,ok,2026-09-24
k-node13921041693,,,Botofte Strand,Tøvelsø Huse,,,,badested,2.0,1,,"55.0008342, 10.8952532",node/13921041693,ok,2026-09-24
k-node13921059190,,,Åsø Strand,Åsø,,,,badested,2.0,1,,"55.0065251, 10.8190188",node/13921059190,ok,2026-09-24
k-node13921061505,,,Dragstrup Camping,Dragstrup,,,,badested,2.0,1,,"56.8152473, 8.6656029",node/13921061505,ok,2026-09-24
k-node13921078845,,,Lille Ibjerg Sø,Tarup,,,,badested,2.0,1,,"55.3200761, 10.5212191",node/13921078845,ok,2026-09-24
k-node13922010749,,,Årø Odde,Løkke,,,,badested,2.0,1,,"55.2592222, 9.7269059",node/13922010749,ok,2026-09-24
k-node13922016626,,,Årø Sydstrand,Bolmose Ende,,,,badested,2.0,1,,"55.2492410, 9.7566796",node/13922016626,ok,2026-09-24
k-node13922023972,,,Årøsund,Årøsund,,,,badested,2.0,1,,"55.2514672, 9.7184839",node/13922023972,ok,2026-09-24
k-node13922030183,,,Årøsund badehotel,Årøsund,,,,badested,2.0,1,,"55.2604307, 9.7130858",node/13922030183,ok,2026-09-24
k-node13922032673,,,Råde Strand,Havbakken,,,,badested,2.0,1,,"55.2375977, 9.7154911",node/13922032673,ok,2026-09-24
k-node13922040400,,,Tamdrup Strand,Tamdrup Strand,,,,badested,2.0,1,,"55.2713484, 9.6819749",node/13922040400,ok,2026-09-24
k-node13922046064,,,Ørby Strand,Ørbyhage,,,,badested,2.0,1,,"55.3025185, 9.6506405",node/13922046064,ok,2026-09-24
k-node13922049133,,,Helnæs Fiskerhuse,Helnæs Strand,,,,badested,2.0,1,,"55.1341123, 10.0414015",node/13922049133,ok,2026-09-24
k-node13922050562,,,Løgismose Skov,Strandhuse,,,,badested,2.0,1,,"55.1759657, 10.0761465",node/13922050562,ok,2026-09-24
k-node13922055840,,,,Horne Sommerland,,,,badested,2.0,1,,"55.0904009, 10.1275559",node/13922055840,ok,2026-09-24
k-node13922067964,,,Sandersvig syd,Sandersvig,,,,badested,2.0,1,,"55.3334910, 9.6463857",node/13922067964,ok,2026-09-24
k-node13922069667,,,Anslet Hage,Sandersvig,,,,badested,2.0,1,,"55.3397777, 9.6480487",node/13922069667,ok,2026-09-24
k-node13922072105,,,Sandersvig nord,Sandersvig,,,,badested,2.0,1,,"55.3383931, 9.6469020",node/13922072105,ok,2026-09-24
k-node13922947395,,,Vilstrup Strand,Vilstrup Strand,,,,badested,2.0,1,,"55.1593475, 9.5052742",node/13922947395,ok,2026-09-24
k-node13923039676,,,Gåsevig,Sønderballe,,,,badested,2.0,1,,"55.1384165, 9.5031489",node/13923039676,ok,2026-09-24
k-node13923058489,,,Knud Strand,Knud Strand,,,,badested,2.0,1,,"55.3221908, 9.6430029",node/13923058489,ok,2026-09-24
k-node13974192745,,,Nordre Strandvej,Løkken,,,,badested,2.0,1,,"57.3739275, 9.7093763",node/13974192745,ok,2026-09-24
k-node13974248241,,,Ny Strandvej,Nybæk,,,,badested,2.0,1,,"57.3630001, 9.6969938",node/13974248241,ok,2026-09-24
k-node13974258909,,,Nørre Lyngby Strand,Nørre Lyngby,,,,badested,2.0,1,,"57.4119602, 9.7439784",node/13974258909,ok,2026-09-24
k-node13974281335,,,Lønstrup,Klitmarken,,,,badested,2.0,1,,"57.4777832, 9.7973447",node/13974281335,ok,2026-09-24
k-node13974307386,,,Nord for Knoldebæk,Harrerenden,,,,badested,2.0,1,,"57.4935269, 9.8278194",node/13974307386,ok,2026-09-24
k-node13974308995,,,Klitmøller,Klitmøller,,,,badested,2.0,1,,"57.0445989, 8.4780580",node/13974308995,ok,2026-09-24
k-node13974358768,,,Nørlev Strand,Skallerup Strand,,,,badested,2.0,1,,"57.5054662, 9.8484234",node/13974358768,ok,2026-09-24
k-node13974359615,,,Nørre Vorupør,Nørre Vorupør,,,,badested,2.0,1,,"56.9595113, 8.3732546",node/13974359615,ok,2026-09-24
k-node13974368079,,,Lild Strand,Lild Strand,,,,badested,2.0,1,,"57.1550837, 8.9661946",node/13974368079,ok,2026-09-24
k-node13974384593,,,Vigsø,Vigsø,,,,badested,2.0,1,,"57.1009368, 8.7312392",node/13974384593,ok,2026-09-24
k-node13974387405,,,Lyngby,Svankær,,,,badested,2.0,1,,"56.8785801, 8.2905377",node/13974387405,ok,2026-09-24
k-node13974387406,,,,Agger,,,,badested,2.0,1,,"56.7832610, 8.2297133",node/13974387406,ok,2026-09-24
k-node13974389011,,,Stenbjerg,Stenbjerg Landingsplads,,,,badested,2.0,1,,"56.9301735, 8.3361953",node/13974389011,ok,2026-09-24
k-node13974449282,,,Nors Sø,Søholt,,,,badested,2.0,1,,"57.0289892, 8.5940506",node/13974449282,ok,2026-09-24
k-node13974460785,,,Førby Sø,Vorup,,,,badested,2.0,1,,"56.9311834, 8.4158240",node/13974460785,ok,2026-09-24
k-node13975097400,,,,Arnager,,,,badested,2.0,1,,"55.0521764, 14.7799061",node/13975097400,ok,2026-09-24
k-node13975105086,,,Sædding Strand,Fovrfeld,,,,badested,2.0,1,,"55.4871479, 8.4109368",node/13975105086,ok,2026-09-24
k-node13975138648,,,,Sædding,,,,badested,2.0,1,,"55.4997503, 8.3900058",node/13975138648,ok,2026-09-24
k-node13975141004,,,Søndre Tobølvej,Sædding,,,,badested,2.0,1,,"55.5139671, 8.3702080",node/13975141004,ok,2026-09-24
k-node13975152631,,,Rødhætte,Sjelborg,,,,badested,2.0,1,,"55.5397684, 8.3295265",node/13975152631,ok,2026-09-24
k-node13975178140,,,Skuldbøl Strand,Hemmet Strand,,,,badested,2.0,1,,"55.8763261, 8.3335759",node/13975178140,ok,2026-09-24
k-node13975376032,,,Nybølle Strand,Nybølle Strand,,,,badested,2.0,1,,"54.9576234, 11.2448607",node/13975376032,ok,2026-09-24
k-node13975401665,,,Trans Ferieby,Trans Ferieby,,,,badested,2.0,1,,"56.4915531, 8.1218888",node/13975401665,ok,2026-09-24
k-node13975411821,,,Hulsig,Hulsig,,,,badested,2.0,1,,"57.6584030, 10.4849164",node/13975411821,ok,2026-09-24
k-node13975418152,nej,strand,Kolby Kås,Kolby Kås,,Kolby Kås er en åben sandstrand uden bro.,2026-09-24,badested,2.0,1,,"55.8003060, 10.5298235",node/13975418152,ok,2026-09-24
k-node13975443857,,,,Hals,,,,badested,2.0,1,,"56.9814318, 10.3071091",node/13975443857,ok,2026-09-24
k-node13975472125,,,Vester Landeland,Mou,,,,badested,2.0,1,,"56.9792839, 10.2392597",node/13975472125,ok,2026-09-24
k-node13976158380,,,Trend Strand,Borregård,,,,badested,2.0,1,,"56.8505230, 9.2115665",node/13976158380,ok,2026-09-24
k-node13976168440,,,Livø Øst,Rønbjerg Huse,,,,badested,2.0,1,,"56.8947972, 9.0976924",node/13976168440,ok,2026-09-24
k-node13976183392,,,Trend Strand,Trend,,,,badested,2.0,1,,"56.8457152, 9.2100280",node/13976183392,ok,2026-09-24
k-node13976185941,,,Lendrup Strand,Lendrup Strand,,,,badested,2.0,1,,"56.9349106, 9.1990625",node/13976185941,ok,2026-09-24
k-node13976195389,,,Færkerodde Strand,Færker Vig,,,,badested,2.0,1,,"56.8434221, 9.0678317",node/13976195389,ok,2026-09-24
k-node13976874668,,,Bøtø,Nykøbing Strandhuse,,,,badested,2.0,1,,"54.6450881, 11.9613804",node/13976874668,ok,2026-09-24
k-node13976891292,,,Ulslev Strand,Ulslev Strand,,,,badested,2.0,1,,"54.7441184, 12.0322237",node/13976891292,ok,2026-09-24
k-node13976972190,,,Gedesby Strand,Gedesby Strand,,,,badested,2.0,1,,"54.5980714, 11.9693897",node/13976972190,ok,2026-09-24
k-node13977076064,,,Skelby Strand,Skelby,,,,badested,2.0,1,,"54.6333547, 11.8874619",node/13977076064,ok,2026-09-24
k-node13977145590,,,Næsby Strand,Næsby Strand,,,,badested,2.0,1,,"54.7455745, 11.0656049",node/13977145590,ok,2026-09-24
k-node13977167103,,,,Bredfjed,,,,badested,2.0,1,,"54.6684395, 11.3191089",node/13977167103,ok,2026-09-24
k-node13977174579,,,Hummingen Strand,Hummingen,,,,badested,2.0,1,,"54.7127558, 11.2168551",node/13977174579,ok,2026-09-24
k-node13977177504,,,Maglehøj Strand,Rudbjerghave,,,,badested,2.0,1,,"54.7369836, 11.1194419",node/13977177504,ok,2026-09-24
k-node13977194438,,,Kolding Marina Syd,Tved,,,,bro havn slæbested,2.0,10,,"55.4884244, 9.5015752",node/13977194438 node/13977194439 node/2583386882 way/118700948 way/1514071925 way/1514071926 way/48975467 way/48975468 way/48975469 way/48975470,ok,2026-09-24
k-node13977251896,,,Pomle Nakke,Hesnæs,,,,badested,2.0,1,,"54.8117881, 12.1280380",node/13977251896,ok,2026-09-24
k-node13977260836,,,Hesnæs Strand,Hesnæs,,,,badested,2.0,1,,"54.8208918, 12.1323151",node/13977260836,ok,2026-09-24
k-node13977275999,,,Hårbølle Strand,Hårbølle Hestehave,,,,badested,2.0,1,,"54.8809399, 12.1529889",node/13977275999,ok,2026-09-24
k-node13977713383,,,Rødvig vest,Rødvig,,,,badested,2.0,1,,"55.2533418, 12.3678369",node/13977713383,ok,2026-09-24
k-node13977714042,,,Magleby Strand,Køge Søhuse,,,,badested,2.0,1,,"55.3982259, 12.3439630",node/13977714042,ok,2026-09-24
k-node13977714364,,,Rødvig øst,Rødvig,,,,badested,2.0,1,,"55.2543843, 12.3803606",node/13977714364,ok,2026-09-24
k-node13978464165,,,Råbylille,Hovmarken,,,,badested,2.0,1,,"54.9649033, 12.3895966",node/13978464165,ok,2026-09-24
k-node13978476848,,,Ulvshale Strand,Ulvshale Strand,,,,badested,2.0,1,,"55.0381886, 12.2842790",node/13978476848,ok,2026-09-24
k-node13978498551,,,Klintholm vest,Klintholm Havn,,,,badested,2.0,1,,"54.9555635, 12.4621311",node/13978498551,ok,2026-09-24
k-node13978574984,,,Stranden ved Valbyparken,Valby,,,,badested,2.0,1,,"55.6373189, 12.5249413",node/13978574984,ok,2026-09-24
k-node13978836924,,,Solrød Strandpark,Solrød Strand,,,,badested,2.0,1,,"55.5283877, 12.2272178",node/13978836924,ok,2026-09-24
k-node13978874052,,,Staunings Ø,Jersie Strand,,,,badested,2.0,1,,"55.5162952, 12.2200356",node/13978874052,ok,2026-09-24
k-node13978884915,på kortet,,Ved Østre Strandvej,Solrød Strand,,,,badested,2.0,1,spot-12,"55.5355868, 12.2329838",node/13978884915,ok,2026-09-24
k-node13978894379,,,Granhaugen,Greve Strand,,,,badested,2.0,1,,"55.5783292, 12.3054430",node/13978894379,ok,2026-09-24
k-node13978895308,,,Mosede Fort,Karlslunde,,,,badested,2.0,1,,"55.5632404, 12.2757600",node/13978895308,ok,2026-09-24
k-node13979771346,nej,strand,Schoubyes Sø,Skærbæk,,Schoubyes Sø er en lille skovsø uden bro.,2026-09-24,badested,2.0,1,,"56.1669933, 9.6150166",node/13979771346,ok,2026-09-24
k-node13979868484,nej,strand,Hundsø,Katrinedal Mark,,Hundsø er en lille skovsø uden bro.,2026-09-24,badested,2.0,1,,"56.0405561, 9.5419076",node/13979868484,ok,2026-09-24
k-node13979882218,nej,strand,Fyel Badesø,Gantrup,,Fyel Badesø er en lille grusgravssø uden bro.,2026-09-24,badested,2.0,1,,"56.0013047, 9.7031881",node/13979882218,ok,2026-09-24
k-node13979997522,nej,strand,Vedsø,Tostrup,,"Vedsø: badested uden bro, med plantevækst langs bredden.",2026-09-24,badested,2.0,1,,"56.4061184, 9.4068231",node/13979997522,ok,2026-09-24
k-node13980216805,,,Strandgårdstoften,Tårup Strand,,,,badested,2.0,1,,"55.2416422, 10.8069552",node/13980216805,ok,2026-09-24
k-node13981122214,,,Høje Klint,Stavnsholt,,,,badested,2.0,1,,"55.8098974, 12.4022141",node/13981122214,ok,2026-09-24
k-node13981257026,,,Asnæsværket,Kalundborg,,,,badested,2.0,1,,"55.6616354, 11.0697929",node/13981257026,ok,2026-09-24
k-node13982304765,,,Knudmosesøerne,Nørre Kollund,,,,badested,2.0,1,,"56.1102721, 9.0189121",node/13982304765,ok,2026-09-24
k-node13982307240,,,Søby Sø,Kølkær,,,,badested,2.0,1,,"56.0520252, 9.0767287",node/13982307240,ok,2026-09-24
k-node13982320459,,,Ejstrup Sø,Ejstrupholm,,,,badested,2.0,1,,"55.9908955, 9.2875448",node/13982320459,ok,2026-09-24
k-node13982342971,,,Hampen Sø,Hampen,,,,badested,2.0,1,,"56.0190486, 9.3780182",node/13982342971,ok,2026-09-24
k-node13982345196,,,Sunds Sø østbred,Gammel Sunds,,,,badested,2.0,1,,"56.2150595, 9.0356150",node/13982345196,ok,2026-09-24
k-node13982430292,,,Fanø Bad,Fanø Vesterhavsbad,,,,badested,2.0,1,,"55.4313459, 8.3554829",node/13982430292,ok,2026-09-24
k-node13982430938,,,Hvidbjerg Strand,Øster Oksby,,,,badested,2.0,1,,"55.5384373, 8.1525434",node/13982430938,ok,2026-09-24
k-node13982437031,,,Skallingen ved Høj Knolde Strand,Skallingen,,,,badested,2.0,1,,"55.5169325, 8.2165157",node/13982437031,ok,2026-09-24
k-node13982475012,,,Abildøre strand øst,Abildøre,,,,badested,2.0,1,,"55.8176976, 11.6666825",node/13982475012,ok,2026-09-24
k-node13982477690,,,Bjerregård,Bjerregård,,,,badested,2.0,1,,"55.8678261, 8.1867258",node/13982477690,ok,2026-09-24
k-node13982511963,,,Plejerup Huse,Plejerup Huse,,,,badested,2.0,1,,"55.7855951, 11.6138514",node/13982511963,ok,2026-09-24
k-node13982691289,,,Kongsøre Skov,Hølkerup,,,,badested,2.0,1,,"55.8134050, 11.7227121",node/13982691289,ok,2026-09-24
k-node13982694955,,,Holbæk Bystrand,Holbæk,,,,badested,2.0,1,,"55.7225661, 11.7148275",node/13982694955,ok,2026-09-24
k-node13982698973,,,Bognæs Badebro,Bognæs Strand,,,,badested,2.0,1,,"55.7496959, 11.7697882",node/13982698973,ok,2026-09-24
k-node13982944849,,,Jyllinge Strandby,Hyllingeriis,,,,badested,2.0,1,,"55.7685981, 12.0852968",node/13982944849,ok,2026-09-24
k-node13984910174,,,Hulhøj,Hesselbjerg,,,,badested,2.0,1,,"56.9450862, 8.9078761",node/13984910174,ok,2026-09-24
k-node13984989338,,,Skranderup,Hamborg,,,,badested,2.0,1,,"56.9352097, 8.8366164",node/13984989338,ok,2026-09-24
k-node13984994153,,,Søbugten,Nørre Dråby,,,,badested,2.0,1,,"56.9109864, 8.8251243",node/13984994153,ok,2026-09-24
k-node13985342948,,,Fursund,Koldkilde,,,,badested,2.0,1,,"56.8129867, 8.9782790",node/13985342948,ok,2026-09-24
k-node13985384457,,,Eskov Strandpark,Eskov Strandpark,,,,badested,2.0,1,,"56.7884113, 9.1041814",node/13985384457,ok,2026-09-24
k-node13985403282,,,Ærtebølle Strand,Ertebølle,,,,badested,2.0,1,,"56.8104705, 9.1730346",node/13985403282,ok,2026-09-24
k-node13985405883,,,Stistrup Strand,Stistrup,,,,badested,2.0,1,,"56.7574283, 9.2395593",node/13985405883,ok,2026-09-24
k-node13985489833,,,Lindholm Strandpark,Lindholm,,,,badested,2.0,1,,"57.0632909, 9.9052670",node/13985489833,ok,2026-09-24
k-node13985505558,,,Fiske- og badebro Lindholm,Vestbyen,,,,badested,2.0,1,,"57.0619529, 9.9048299",node/13985505558,ok,2026-09-24
k-node13985512359,,,Egholm kyst,Søholt,,,,badested,2.0,1,,"57.0616989, 9.8739205",node/13985512359,ok,2026-09-24
k-node13985794162,,,Dokkedalvej,Hestehaven,,,,badested,2.0,1,,"56.8292629, 10.2709700",node/13985794162,ok,2026-09-24
k-node13985805234,,,Haslevgårde Bakker,Haslevgårde Bakker,,,,badested,2.0,1,,"56.7701078, 10.2946466",node/13985805234,ok,2026-09-24
k-node13985811406,,,Østenkrogen,Øster Hurup,,,,badested,2.0,1,,"56.8058600, 10.2772477",node/13985811406,ok,2026-09-24
k-node13985818542,,,Haslevgårde Strand,Haslevgårde Strand,,,,badested,2.0,1,,"56.7811180, 10.2894132",node/13985818542,ok,2026-09-24
k-node13985922557,,,Hvide Sande Nord,Sønder Lyngvig,,,,badested,2.0,1,,"56.0208694, 8.1289439",node/13985922557,ok,2026-09-24
k-node13985948745,,,Årgab,Renderne,,,,badested,2.0,1,,"55.9752474, 8.1327583",node/13985948745,ok,2026-09-24
k-node13985948825,,,Odbjerg Strand,Vedersø Klit,,,,badested,2.0,1,,"56.2290678, 8.1313882",node/13985948825,ok,2026-09-24
k-node13985955013,,,Bjerge Sande,Hundested,,,,badested,2.0,1,,"55.9894865, 8.1348925",node/13985955013,ok,2026-09-24
k-node13985957175,,,Fårup Sø,Skovdallund,,,,badested,2.0,1,,"55.7381271, 9.4163546",node/13985957175,ok,2026-09-24
k-node13985966444,,,Engelsholm,Sødover,,,,badested,2.0,1,,"55.7198873, 9.3235517",node/13985966444,ok,2026-09-24
k-node13985996084,,,Skærsø,LInnet,,,,badested,2.0,1,,"55.5817728, 9.2780635",node/13985996084,ok,2026-09-24
k-node13986331881,,,Nekseløvej,Starreklinte,,,,badested,2.0,1,,"55.7594494, 11.3534128",node/13986331881,ok,2026-09-24
k-node13986377397,,,Havnsø Strand Vest,Havnsø,,,,badested,2.0,1,,"55.7542059, 11.3381233",node/13986377397,ok,2026-09-24
k-node13986384710,,,Havnsø Strand Øst,Starreklinte,,,,badested,2.0,1,,"55.7567793, 11.3473815",node/13986384710,ok,2026-09-24
k-node13986384788,,,Nysø,Spangdale,,,,badested,2.0,1,,"55.5881908, 8.5377626",node/13986384788,ok,2026-09-24
k-node13986398082,,,Gniben,Nordstrand,,,,badested,2.0,1,,"55.9196467, 11.0799291",node/13986398082,ok,2026-09-24
k-node13986408361,,,Kongstrup Strand,Kongstrup,,,,badested,2.0,1,,"55.8801590, 11.1736709",node/13986408361,ok,2026-09-24
k-node13986413524,,,Tadebæk Skole,Tadebæk,,,,badested,2.0,1,,"55.8689350, 11.1728495",node/13986413524,ok,2026-09-24
k-node13986420887,,,,Sejerby,,,,badested,2.0,1,,"55.8819204, 11.1330556",node/13986420887,ok,2026-09-24
k-node13986426789,,,Årby Badebro,Bastrup,,,,badested,2.0,1,,"55.6331122, 11.0840494",node/13986426789,ok,2026-09-24
k-node13986427438,,,Aasen,Svalegård,,,,badested,2.0,1,,"55.8926942, 11.1199182",node/13986427438,ok,2026-09-24
k-node13986444823,,,Asnæs Forskov,Havnemark,,,,badested,2.0,1,,"55.6514381, 11.0300910",node/13986444823,ok,2026-09-24
k-node13986446686,,,Ugerløse Strand,Bastrup,,,,badested,2.0,1,,"55.6211184, 11.1164635",node/13986446686,ok,2026-09-24
k-node13986460100,,,Marbæk Strand,Vesterstrand,,,,badested,2.0,1,,"55.5548147, 8.3097743",node/13986460100,ok,2026-09-24
k-node13986468316,,,Urhøjgård,Bjerge Nordstrand,,,,badested,2.0,1,,"55.5807802, 11.1519099",node/13986468316,ok,2026-09-24
k-node13986705876,,,Sjørup Sø,Gatten,,,,badested,2.0,1,,"56.8701632, 9.3973115",node/13986705876,ok,2026-09-24
k-node13986715472,,,Navet,Sebbersund,,,,badested,2.0,1,,"56.9567829, 9.5635484",node/13986715472,ok,2026-09-24
k-node13986716027,,,Illerisøre Strand,Illeris Gårde,,,,badested,2.0,1,,"56.7104213, 9.2133144",node/13986716027,ok,2026-09-24
k-node13986735402,,,Navnsø,Gatten,,,,badested,2.0,1,,"56.8816337, 9.4439514",node/13986735402,ok,2026-09-24
k-node13986744110,,,Sundsøre Strand,Sundsøre,,,,badested,2.0,1,,"56.7077108, 9.1751289",node/13986744110,ok,2026-09-24
k-node13986758859,,,Hessel,Hvalpsund,,,,badested,2.0,1,,"56.6953745, 9.1834794",node/13986758859,ok,2026-09-24
k-node13986776392,,,Lovns Strand,Lovns,,,,badested,2.0,1,,"56.6840550, 9.2259145",node/13986776392,ok,2026-09-24
k-node13989543718,,,Lille Kregme,Lille Kregme,,,,badested,2.0,1,,"55.9400723, 12.0294565",node/13989543718,ok,2026-09-24
k-node13989570243,,,Hvide Klint,Kregme,,,,badested,2.0,1,,"55.9535008, 12.0215292",node/13989570243,ok,2026-09-24
k-node13989649397,,,,Sørup,,,,badested,2.0,1,,"55.9752721, 12.3598470",node/13989649397,ok,2026-09-24
k-node13989678055,,,Udsholt Strand,Udsholt Strand,,,,badested,2.0,1,,"56.1128783, 12.1956002",node/13989678055,ok,2026-09-24
k-node13989690559,,,Tinkerup Strand,Strand Børstrup,,,,badested,2.0,1,,"56.1246194, 12.2603881",node/13989690559,ok,2026-09-24
k-node13989705113,,,Råleje Strand,Rågeleje,,,,badested,2.0,1,,"56.0996857, 12.1620026",node/13989705113,ok,2026-09-24
k-node13989715428,,,Store Havelse Strandvej,Store Havelse Strand,,,,badested,2.0,1,,"55.9012068, 12.0461265",node/13989715428,ok,2026-09-24
k-node13990234653,,,Nødebovejen,Nødebohuse,,,,badested,2.0,1,,"55.9916878, 11.9028553",node/13990234653,ok,2026-09-24
k-node13990252500,nej,strand,Rødding Sø,Rødding,,"Rødding Sø: badested uden bro, bag et bælte af rørskov.",2026-09-24,badested,2.0,1,,"56.4999449, 9.5008152",node/13990252500,ok,2026-09-24
k-node13990255781,,,Hald Strand,Hald,,,,badested,2.0,1,,"55.9987205, 11.9194546",node/13990255781,ok,2026-09-24
k-node13990259346,,,Store Karlsmindevej,Lynæs,,,,badested,2.0,1,,"55.9442267, 11.8800138",node/13990259346,ok,2026-09-24
k-node13990263260,,,Hyllingebjerg,Hyllingebjerg,,,,badested,2.0,1,,"56.0061695, 11.9381983",node/13990263260,ok,2026-09-24
k-node13990601158,,,Damsbo Strand,Bjergkammer,,,,badested,2.0,1,,"55.1648123, 10.1338298",node/13990601158,ok,2026-09-24
k-node13990665171,,,Sinebjerg Strand,Sinebjerg,,,,badested,2.0,1,,"55.0793870, 10.1799188",node/13990665171,ok,2026-09-24
k-node13990691802,,,Falsled,Strandholm,,,,badested,2.0,1,,"55.1392297, 10.1578497",node/13990691802,ok,2026-09-24
k-node13990709241,,,Dyreborg Skov,Dyreborg,,,,badested,2.0,1,,"55.0748894, 10.2253413",node/13990709241,ok,2026-09-24
k-node13990727135,,,Mariager Strandpark,Mariager,,,,badested,2.0,1,,"56.6550691, 9.9859823",node/13990727135,ok,2026-09-24
k-node13990744338,,,Færgehage,Mariager,,,,badested,2.0,1,,"56.6555815, 9.9680621",node/13990744338,ok,2026-09-24
k-node13991929234,,,Rønne Havbad,Rønne,,,,badested,2.0,1,,"55.0879873, 14.6999643",node/13991929234,ok,2026-09-24
k-node13994468072,,,,Rørvig,,,,badested,2.0,1,,"55.9535709, 11.7853619",node/13994468072,ok,2026-09-24
k-node13994478858,,,Lynghusvej,Nykøbing Lyng,,,,badested,2.0,1,,"55.9481057, 11.7004630",node/13994478858,ok,2026-09-24
k-node13994483831,,,Nordstrandvej,Vibo Plantage,,,,badested,2.0,1,,"55.9413086, 11.6613606",node/13994483831,ok,2026-09-24
k-node13994490563,,,,Vester Lyng,,,,badested,2.0,1,,"55.9389217, 11.6472043",node/13994490563,ok,2026-09-24
k-node13994496426,,,Telegrafvejen,Nakke Lyng,,,,badested,2.0,1,,"55.9527906, 11.7166632",node/13994496426,ok,2026-09-24
k-node13994498632,,,Skærbyvej,Nykøbing Lyng,,,,badested,2.0,1,,"55.9456167, 11.6834308",node/13994498632,ok,2026-09-24
k-node13994526888,,,,Vedbæk,,,,badested,2.0,1,,"55.8715350, 12.5542931",node/13994526888,ok,2026-09-24
k-node13994535756,,,Struckmannparken,Frydenlund,,,,badested,2.0,1,,"55.8334069, 12.5744799",node/13994535756,ok,2026-09-24
k-node13994892680,måske,bro,Glenstrup Sø,Glenstrup,"56.5861759, 9.8760106","Glenstrup Sø med en lille bro ved en vej. Stor, dyb sø, men broen er kort (ca. 10 m) og der er lavt vand tæt på land.",2026-09-24,badested,2.0,1,,"56.5862498, 9.8759301",node/13994892680,ok,2026-09-24
k-node13994964099,nej,strand,Ugelbølle Strand,Følle Strand,,"Ugelbølle Strand: lav strand uden bro, med lavt vand og ålegræs.",2026-09-24,badested,2.0,1,,"56.2926178, 10.4103490",node/13994964099,ok,2026-09-24
k-node13995052568,nej,strand,Skødshoved Syd Strand,Skødshoved Strand,,Skødshoved Syd er en åben sandstrand uden bro.,2026-09-24,badested,2.0,1,,"56.1739749, 10.3779634",node/13995052568,ok,2026-09-24
k-node13995064780,nej,strand,Knebel,Knebel,,"Knebel: strand uden bro, med lavt vand og tang/ålegræs.",2026-09-24,badested,2.0,1,,"56.2100926, 10.4802380",node/13995064780,ok,2026-09-24
k-node13995194998,,,Rønshoved,Rønshoved,,,,badested,2.0,1,,"54.8713136, 9.5149408",node/13995194998,ok,2026-09-24
k-node13995204833,,,Kohage,Kollund Østerskov,,,,badested,2.0,1,,"54.8482548, 9.4849746",node/13995204833,ok,2026-09-24
k-node13995210360,,,Kollund Badestrand,Kollund Strand,,,,badested,2.0,1,,"54.8392339, 9.4617854",node/13995210360,ok,2026-09-24
k-node13995280185,,,Naldtang,Naldtang,,,,badested,2.0,1,,"55.0305947, 9.6083375",node/13995280185,ok,2026-09-24
k-node13995352404,,,Strandgade,Hesselholt,,,,badested,2.0,1,,"55.0147338, 9.4929262",node/13995352404,ok,2026-09-24
k-node13995382531,,,Broager Strand,Spar-Es,,,,badested,2.0,1,,"54.8679634, 9.7447221",node/13995382531,ok,2026-09-24
k-node13995390162,,,Kragesand,Kragesand,,,,badested,2.0,1,,"54.8356404, 9.7281122",node/13995390162,ok,2026-09-24
k-node14026256158,,,Måle Strand,Måle,,,,badested,2.0,1,,"55.4956906, 10.7379372",node/14026256158,ok,2026-09-24
k-node14026307416,,,Bøgebjerg Strand,Blæsenborg,,,,badested,2.0,1,,"55.5099002, 10.7142184",node/14026307416,ok,2026-09-24
k-node14026308660,nej,strand,Ahl Hage,Ahl Strand,,Ahl Hage er en åben sandstrand uden bro.,2026-09-24,badested,2.0,1,,"56.1729658, 10.6420400",node/14026308660,ok,2026-09-24
k-node14026317574,,,Dalby Bugt,Dalby Bugt,,,,badested,2.0,1,,"55.5160197, 10.6232682",node/14026317574,ok,2026-09-24
k-node14026344253,,,Dinestrup Strand,Dinestrup,,,,badested,2.0,1,,"55.4076284, 10.7300398",node/14026344253,ok,2026-09-24
k-node14027523957,,,,Grathe,,,,badested,2.0,1,,"56.2582810, 9.3496666",node/14027523957,ok,2026-09-24
k-node14028748830,,,Stibjerg Huse Strand,Svenstrup,,,,badested,2.0,1,,"55.3670235, 11.1477851",node/14028748830,ok,2026-09-24
k-node14028759937,,,Strandvejen Strand,Halsskov,,,,badested,2.0,1,,"55.3368829, 11.1274990",node/14028759937,ok,2026-09-24
k-node14028763598,,,Værftet,Halsskov,,,,badested,2.0,1,,"55.3378065, 11.1234745",node/14028763598,ok,2026-09-24
k-node14028771193,,,Alhøjvænge,Korsør,,,,badested,2.0,1,,"55.3153930, 11.1594825",node/14028771193,ok,2026-09-24
k-node14029338340,,,Lyby Strand,Lyby Strand,,,,badested,2.0,1,,"56.6348167, 9.0670223",node/14029338340,ok,2026-09-24
k-node14029404347,,,Lundø Øst,Grønning Strand,,,,badested,2.0,1,,"56.6385704, 9.1501535",node/14029404347,ok,2026-09-24
k-node14030420929,,,Klinten,Frederikssund,,,,badested,2.0,1,,"55.8521455, 12.0445088",node/14030420929,ok,2026-09-24
k-node1403964205,på kortet,,Nappedam Lystbådehavn,Kalø,,,,bro havn slæbested,2.0,5,nappedam-kajakklub-ved-hullet,"56.2774133, 10.4949818",node/1403964205 way/126713491 way/363927106 way/451742906 way/584334835,ok,2026-09-24
k-node1414304237,,,Grenaa Sejlklub,Klitten,,,,bro sejlklub slæbested,2.0,5,,"56.4048544, 10.9256753",node/1414304237 node/5799226724 way/127868927 way/444993765 way/444993766,ok,2026-09-24
k-node1472900418,,,Mejeri havnen,Thurø By,,,,bro havn slæbested,2.0,5,,"55.0517287, 10.6778124",node/1472900418 node/1472900419 node/4321026351 way/707259593 way/707259594,ok,2026-09-24
k-node1501670423,,,Faurby Marina,Skærbæk,,,,bro havn slæbested,2.0,9,,"55.5125012, 9.6304276",node/1501670423 node/1524569588 node/725174211 way/137149848 way/564321413 way/58509665 way/58509675 way/58509679 way/58509681,ok,2026-09-24
k-node1508513644,,,Reersø Havn,Reersø,,,,bro havn slæbested,2.0,9,,"55.5170529, 11.1194037",node/1508513644 node/2032370474 way/216446794 way/216446795 way/216446798 way/216446799 way/216446803 way/216446804 way/608612295,ok,2026-09-24
k-node1719218554,,,Aarø Havn,Løkke,,,,bro havn slæbested,2.0,13,,"55.2607232, 9.7308506",node/1719218554 node/3523962122 way/1096124748 way/1096124750 way/198359192 way/198359193 way/198359195 way/198359196 way/198359197 way/198359198 way/198359199 way/198362549 way/345730106,ok,2026-09-24
k-node1977173160,nej,bro,Indelukket,Århusbakken,,Indelukket (Silkeborg): motorbådshavn langs Gudenåen fyldt med både. Smalt og travlt.,2026-09-24,bro havn slæbested,2.0,66,,"56.1602923, 9.5618156",node/1977173160 node/2890054605 way/1036638268 way/425833185 way/425833186 way/425833188 way/426580047 way/426580048 way/426580049 way/426580050 way/426580051 way/426580052 way/426580053 way/426580054 way/426580055 way/426580056 way/426580057 way/426580058 way/426580059 way/426580060 way/426580061 way/426580062 way/426580063 way/426584279 way/426584280 way/426584281 way/426584282 way/426584283 way/426584284 way/426584285 way/426584286 way/426584289 way/426584290 way/426584291 way/426584292 way/426584293 way/426584294 way/426584295 way/426584296 way/426584297 way/426584298 way/426584299 way/426584300 way/426584301 way/426584302 way/426584303 way/426584304 way/426584305 way/426584306 way/426584307 way/426584308 way/426584309 way/426584310 way/426584311 way/426584312 way/426584313 way/426584314 way/426584315 way/426584316 way/426584317 way/426584318 way/426584319 way/426584320 way/426584322 way/426584323 way/904993141,ok,2026-09-24
k-node2245065190,,,Attrup Havn Bådelaug,Attrup,,,,bro havn slæbested,2.0,5,,"57.0378374, 9.4553637",node/2245065190 node/9496186309 way/1030135823 way/1030135824 way/215088299,ok,2026-09-24
k-node2246091370,,,Aggersund Havn,Sønder Aggersund,,,,bro havn slæbested,2.0,4,,"56.9974068, 9.2934224",node/2246091370 node/6130385465 way/100956320 way/100956322,ok,2026-09-24
k-node2246194719,,,Fur Havn,Branden,,,,bro havn slæbested,2.0,14,,"56.8033706, 9.0207095",node/2246194719 node/8499503025 way/1272611994 way/1272611995 way/1272611996 way/1272611997 way/1272611998 way/1272611999 way/1272612003 way/215213914 way/215213918 way/390132109 way/390132114 way/674247524,ok,2026-09-24
k-node2246361769,,,Løgstør Lystbådehavn,Løgstør,,,,bro havn slæbested,2.0,6,,"56.9682988, 9.2473126",node/2246361769 node/8337396317 way/301540306 way/896951595 way/949483027 way/949483410,ok,2026-09-24
k-node2250220525,,,Helsingør Nordhavn,Helsingør,,,,bro havn slæbested,2.0,24,,"56.0429934, 12.6153578",node/2250220525 way/1417569316 way/215557206 way/39813109 way/39813126 way/39813138 way/39813260 way/39813264 way/39813273 way/430037559 way/430037561 way/430037562 way/430037563 way/430037564 way/430037566 way/430037567 way/430037570 way/430037572 way/430037573 way/430037574 way/430038963 way/430038964 way/430038966 way/430060708,ok,2026-09-24
k-node2250459823,,,Lynæs Havn,Lynæs,,,,bro havn slæbested,2.0,10,,"55.9423166, 11.8693315",node/2250459823 way/110693874 way/110693876 way/110693878 way/110693884 way/110693888 way/110693907 way/331500251 way/656824844 way/970702692,ok,2026-09-24
k-node2250459830,,,Marbæk Lystbådehavn,Frederikssund,,,,bro havn slæbested,2.0,7,,"55.8278587, 12.0603707",node/2250459830 way/110888793 way/110888798 way/110888802 way/110888804 way/26602640 way/26602641,ok,2026-09-24
k-node2250720931,,,Skuldelev Havn,Svineholm,,,,bro havn slæbested,2.0,5,,"55.7957005, 12.0572846",node/2250720931 way/108128546 way/27692819 way/651536735 way/651536737,ok,2026-09-24
k-node2257759330,,,Klint Havn,Klint,,,,bro havn slæbested,2.0,20,,"55.9593183, 11.5953994",node/2257759330 way/110528232 way/466537785 way/466537786 way/466537787 way/466537788 way/466537789 way/466537790 way/466537791 way/466537792 way/466537793 way/466537794 way/466537795 way/466537796 way/466537797 way/466537798 way/466537799 way/466537800 way/466537801 way/474855654,ok,2026-09-24
k-node2257759334,,,Odden Lystbaadehavn,Havnebyen,,,,bro havn slæbested,2.0,11,,"55.9721854, 11.3697802",node/2257759334 node/3293193802 way/101799231 way/101799234 way/101799237 way/101799252 way/110528227 way/110528229 way/322545034 way/380888599 way/380890665,ok,2026-09-24
k-node2258312990,,,Rødvig Lystbådehavn,Rødvig,,,,bro havn slæbested,2.0,5,,"55.2534895, 12.3737111",node/2258312990 node/5742254123 way/303059292 way/303059293 way/41563331,ok,2026-09-24
k-node2258351054,,,Kastrup Strandpark,Kastrup,,,,bro havn sejlklub,2.0,8,,"55.6425291, 12.6518245",node/2258351054 way/108849088 way/1272405944 way/429455418 way/429455424 way/429455998 way/429455999 way/598241773,ok,2026-09-24
k-node2388555730,,,,Hampen,,,,badested,2.0,1,,"56.0232721, 9.3878124",node/2388555730,ok,2026-09-24
k-node2870329919,,,Faldsled Havn,Faldsled,,,,bro havn slæbested,2.0,8,,"55.1529659, 10.1439911",node/2870329919 way/121392145 way/124780445 way/124780446 way/124780448 way/124780449 way/163438381 way/395436938,ok,2026-09-24
k-node2870329925,på kortet,,Middelfart Sejlklub,Middelfart,,,,bro sejlklub slæbested,2.0,13,middelfart-kajakklub,"55.4913029, 9.7301223",node/2870329925 way/325284551 way/58485138 way/58485139 way/58485141 way/58485148 way/58485150 way/58485152 way/58485153 way/828548124 way/828548125 way/828548126 way/828548130,ok,2026-09-24
k-node2870465636,,,Nakskov Havn,Rosnæs,,,,bro havn slæbested,2.0,8,,"54.8337202, 11.1205677",node/2870465636 way/38991527 way/38991529 way/38991531 way/38991533 way/38991534 way/488164732 way/488164734,ok,2026-09-24
k-node2870465637,,,Gedser Lystbådehavn,Gedser,,,,bro havn slæbested,2.0,7,,"54.5820481, 11.9222685",node/2870465637 node/431046907 way/1513032688 way/1513032689 way/1513032690 way/38776126 way/38776127,ok,2026-09-24
k-node2870465640,,,Rudkøbing Lystbådehavn,Rudkøbing,,,,bro havn slæbested,2.0,11,,"54.9413775, 10.7107306",node/2870465640 node/4321065296 way/1099467389 way/1099467390 way/1099467393 way/1099467394 way/1099467401 way/133535154 way/133535157 way/133535159 way/1429486838,ok,2026-09-24
k-node288488204,,,Brandsbøl Havn,Brandsbøl,,,,bro havn slæbested,2.0,3,,"55.0112456, 9.7795837",node/288488204 node/4338184874 way/353039358,ok,2026-09-24
k-node2894471952,,,Birkholm Havn,Birkholm By,,,,bro havn slæbested,2.0,6,,"54.9275420, 10.4995378",node/2894471952 way/1038340048 way/1083253363 way/285819414 way/285819415 way/285819416,ok,2026-09-24
k-node2972611994,,,Dyvig Bådelaug Lystbådehavn,Holm,,,,bro havn slæbested,2.0,7,,"55.0417302, 9.7062652",node/2972611994 way/293658776 way/98644888 way/98644890 way/98644894 way/98644901 way/98644902,ok,2026-09-24
k-node298842178,på kortet,,Nysted Havn,Nysted,,,,bro havn slæbested,2.0,7,spot-2,"54.6642342, 11.7298043",node/298842178 way/1038341983 way/27229674 way/37030361 way/493079407 way/493079408 way/96753359,ok,2026-09-24
k-node324702862,måske,bro,Skanderborg lystbådehavn,Sølyst,"56.0433504, 9.9364978","Skanderborg Lystbådehavn med lange broer (70–99 m) og få både. Stor, dyb sø. Skanderborg Roklub (rød, virker ikke) ligger ca. 400 m vest – find ud af hvorfor den ikke virker.",2026-09-24,bro havn slæbested,2.0,12,,"56.0434643, 9.9354249",node/324702862 node/9620475519 way/1044756242 way/42837500 way/49689567 way/49689568 way/49689570 way/49689572 way/49689573 way/902552178 way/902552179 way/902552180,ok,2026-09-24
k-node3248813993,,,Fynshav Bådehavn,Fynshav,,,,bro havn slæbested,2.0,12,,"54.9917240, 9.9849417",node/3248813993 way/1039251396 way/318474662 way/318474663 way/318474664 way/38245071 way/38245072 way/38245073 way/38245074 way/38245077 way/508896490 way/508896491,ok,2026-09-24
k-node3479078271,,,Rønne Sejlklub,Rønne,,,,bro sejlklub slæbested,2.0,8,,"55.1037892, 14.6941227",node/3479078271 way/137991066 way/683313076 way/683313077 way/683313078 way/683313079 way/683313080 way/683313081,ok,2026-09-24
k-node3680828678,,,Udbyhøj Lystbådehavn,Udbyhøj Vasehuse,,,,bro havn slæbested,2.0,9,,"56.6102075, 10.3061022",node/3680828678 node/3680842622 way/1272108658 way/339901491 way/363976745 way/363976746 way/363978516 way/363978541 way/40474668,ok,2026-09-24
k-node3723850208,,,Sandvig Fiskerihavn,Sandvig,,,,bro havn slæbested,2.0,5,,"55.0601405, 12.1235724",node/3723850208 way/1038330522 way/324078216 way/368526729 way/368526730,ok,2026-09-24
k-node374203843,,,Lystbådehavn Troense,Troense,,,,bro havn slæbested,2.0,8,,"55.0341192, 10.6450668",node/374203843 node/431083103 way/33606461 way/33606462 way/33606463 way/33606464 way/725690260 way/725690261,ok,2026-09-24
k-node3885393819,,,Præstø Havn,Præstø,,,,bro havn slæbested,2.0,4,,"55.1249946, 12.0449578",node/3885393819 node/875712767 way/119423309 way/385183900,ok,2026-09-24
k-node4049013355,,,Hasle Havn,Hasle,,,,bro havn slæbested,2.0,6,,"55.1890468, 14.7034997",node/4049013355 way/1038343417 way/402502614 way/402502618 way/402502621 way/402502627,ok,2026-09-24
k-node4118388866,,,Bregnør Havn,Bregnør Fiskerleje,,,,bro havn slæbested,2.0,4,,"55.4860484, 10.5976173",node/4118388866 way/409970412 way/409970413 way/409970414,ok,2026-09-24
k-node4118409727,på kortet,,Lystbådehavnen Stige Ø,Stige,,,,bro havn sejlklub,2.0,7,odense-kajakklub-2,"55.4395745, 10.4231152",node/4118409727 way/120020792 way/1214508407 way/1214508408 way/240058819 way/387311328 way/409972544,ok,2026-09-24
k-node431329923,,,Stubbekøbing,Stubbekøbing,,,,bro havn slæbested,2.0,15,,"54.8918341, 12.0475093",node/431329923 node/5742179395 way/113825714 way/113825721 way/113825724 way/113825726 way/113825729 way/113825733 way/113825736 way/113835519 way/1347758546 way/1347758547 way/1347758548 way/1347758549 way/38249221,ok,2026-09-24
k-node4321071989,,,Dageløkke havns slæbested,Dageløkke,,,,bro havn slæbested,2.0,3,,"55.0627480, 10.8628510",node/4321071989 way/632284372 way/632641921,ok,2026-09-24
k-node4321108385,,,Bagenkop havns slæbested,Bagenkop,,,,bro havn slæbested,2.0,7,,"54.7510147, 10.6731937",node/4321108385 node/767846750 way/604492925 way/61558616 way/61558618 way/61558619 way/61558620,ok,2026-09-24
k-node4329007321,,,Madsens Plads,Strandhuse,,,,bro havn slæbested,2.0,31,,"55.0474034, 10.5954935",node/4329007321 node/4331189080 node/4336690244 node/4336690245 node/8288794315 way/1071476824 way/1071476825 way/1071849167 way/1072557115 way/405738929 way/405892959 way/405991728 way/434884326 way/434971460 way/434971464 way/435110113 way/435110114 way/435179233 way/435379386 way/435379387 way/435379393 way/435379394 way/435379396 way/435379398 way/435379400 way/435379401 way/435771957 way/435771963 way/435771969 way/832857782 way/832857783,ok,2026-09-24
k-node4589096946,,,Ulkebøl Krigshavn,Spang,,,,bro havn slæbested,2.0,8,,"54.9338497, 9.8349409",node/4589096946 node/4589155633 way/119962127 way/463664938 way/463664939 way/463664940 way/463664941 way/463664942,ok,2026-09-24
k-node4811951902,,,Sommerlyst,Bøndergårde,,,,bro havn slæbested,2.0,3,,"56.0962038, 8.2339252",node/4811951902 way/223726624 way/632086884,ok,2026-09-24
k-node4925183296,,,Lyø Havn,Bådsted,,,,bro havn slæbested,2.0,5,,"55.0509564, 10.1580032",node/4925183296 way/178659454 way/178659455 way/36973934 way/37036314,ok,2026-09-24
k-node5550483432,,,Agernæs Havn,Brunshuse,,,,bro havn slæbested,2.0,7,,"55.2001464, 9.9872307",node/5550483432 way/312368996 way/312368997 way/312368998 way/312368999 way/312369000 way/579598524,ok,2026-09-24
k-node5742224519,,,Omø Lystbådehavn,Kirkehavn,,,,bro havn slæbested,2.0,4,,"55.1708412, 11.1592692",node/5742224519 way/1347811117 way/327389576 way/614378988,ok,2026-09-24
k-node5799186360,,,Østerby Havn Marina,Østerby Havn,,,,bro havn slæbested,2.0,13,,"57.3209389, 11.1229248",node/5799186360 way/407497132 way/407497134 way/407497136 way/407497137 way/407497139 way/407509564 way/407509565 way/407509566 way/407511870 way/478238557 way/478238558 way/478238559,ok,2026-09-24
k-node5812993183,,,Sjølla,Nexø,,,,badested,2.0,1,,"55.0753360, 15.1503918",node/5812993183,ok,2026-09-24
k-node5812993184,,,Ny Sjølla,Nexø,,,,badested,2.0,1,,"55.0768268, 15.1523542",node/5812993184,ok,2026-09-24
k-node6413664240,,,Rantzausminde Lystbådehavn,Rantzausminde,,,,bro havn slæbested,2.0,16,,"55.0339444, 10.5401292",node/6413664240 node/939082751 way/684539386 way/80498211 way/80498215 way/80498221 way/80498222 way/80498223 way/80498229 way/80498233 way/80498242 way/969883244 way/969883245 way/969883246 way/969883247 way/969883248,ok,2026-09-24
k-node6682265494,,,Kerteminde Havn,Kerteminde,,,,bro havn slæbested,2.0,12,,"55.4489408, 10.6621644",node/6682265494 way/1038337765 way/143499253 way/143499254 way/143499255 way/143499256 way/346568500 way/601154352 way/601154380 way/601154381 way/601154382 way/601405931,ok,2026-09-24
k-node6698878303,,,,Havnebyen,,,,badested,2.0,1,,"55.9712849, 11.3722980",node/6698878303,ok,2026-09-24
k-node6851312933,,,Sillerslev Havn,Sønderby,,,,bro havn slæbested,2.0,11,,"56.6808585, 8.7301558",node/6851312933 node/6851312942 node/6851312943 way/110961061 way/110961062 way/110961063 way/221598325 way/221598326 way/731580115 way/731580116 way/731580117,ok,2026-09-24
k-node798779462,,,Faaborg Sejlklub,Faaborg,,,,bro sejlklub slæbested,2.0,4,,"55.0977601, 10.2351758",node/798779462 way/379793106 way/379793109 way/379793479,ok,2026-09-24
k-node8386200684,nej,bro,Randers Motorbådsklub,Strømmen,,"Randers Motorbådsklub: lange broer med både ved Gudenåen, som har strøm.",2026-09-24,bro havn slæbested,2.0,4,,"56.4553257, 10.0374229",node/8386200684 way/902929339 way/902929340 way/914489934,ok,2026-09-24
k-node873850960,,,Hjortø Havn,Hjortø By,,,,bro havn slæbested,2.0,7,,"54.9665775, 10.4916719",node/873850960 way/1038340046 way/1083289908 way/1083289909 way/1179616579 way/1179616586 way/1179616588,ok,2026-09-24
k-node8853593824,måske,bro,Tunø Havn,Tunø By,"55.9483789, 10.4550360",Tunø Havn med broer (51–81 m) i et beskyttet bassin med få både. Klart vand. Svært at komme til (færge).,2026-09-24,bro havn slæbested,2.0,6,,"55.9482287, 10.4545532",node/8853593824 way/1358116006 way/1358116007 way/1358116016 way/1358116036 way/462938702,ok,2026-09-24
k-node8888642249,,,Blokhus Strand,Blokhus,,,,badested,2.0,1,,"57.2543955, 9.5798968",node/13899731534,ok,2026-09-24
k-node893194333,,,Vemmenæs Anløbsbro,Vemmenæs,,,,bro havn slæbested,2.0,7,,"54.9721197, 10.6773101",node/893194333 way/1038340050 way/231989595 way/231989596 way/231989597 way/231989598 way/434008728,ok,2026-09-24
k-node8985493719,,,Søfronten Lystbådehavn,Karrebæksminde,,,,bro havn slæbested,2.0,7,,"55.1770310, 11.6434960",node/8985493719 way/146787077 way/970874790 way/970874791 way/970874792 way/970874798 way/970874801,ok,2026-09-24
k-node9928952691,,,Vive Havn,Vive,,,,bro havn slæbested,2.0,6,,"56.6987804, 10.0444196",node/9928952691 way/229338590 way/374251581 way/374251583 way/374251585 way/374251586,ok,2026-09-24
k-node9939725197,måske,bro,Sejlklubben Bugten Kongsgaarde,Kongsgårde,"56.1457458, 10.5141127","Kongsgårde Bro (Mols) med en 127 m lang, bred bro ud til dybt vand. Åben bugt med læ ved østenvind.",2026-09-24,bro havn sejlklub,2.0,3,,"56.1455665, 10.5140591",node/9939725197 way/1034860596 way/170779970,ok,2026-09-24
k-relation1727410,,,Holtbjerg Sø,Birk,,,,badested,2.0,1,,"56.1258843, 9.0044088",relation/1727410,ok,2026-09-24
k-way1030388825,nej,bro,Ulstrup Marina,Ulstrup,,"Ulstrup Marina ved Gudenåen, som kun er ca. 50 m bred og har strøm.",2026-09-24,bro havn slæbested,2.0,6,,"56.3937542, 9.7959656",way/1030388825 way/1031913240 way/1034762226 way/1115981806 way/114428399 way/468076680,ok,2026-09-24
k-way103236501,,,Havnsø Havn,Havnsø,,,,bro havn slæbested,2.0,11,,"55.7535481, 11.3232013",way/103236501 way/103236502 way/1157452708 way/380911276 way/380911277 way/380911533 way/380911658 way/380942061 way/514760041 way/98184358 way/98184360,ok,2026-09-24
k-way1038334511,,,Stenværkshavn,Frederikssund,,,,bro havn slæbested,2.0,6,,"55.8334392, 12.0540585",way/1038334511 way/110867234 way/110867235 way/110867236 way/110867238 way/110867241,ok,2026-09-24
k-way1038336914,,,Aabenraa Lystbådehavn,Aabenraa,,,,bro havn slæbested,2.0,13,,"55.0357498, 9.4236437",way/1038336914 way/32808675 way/32808676 way/32808677 way/405650858 way/515858862 way/515858864 way/515858866 way/515858981 way/515858983 way/515862829 way/670416470 way/886932084,ok,2026-09-24
k-way110677876,,,Hundested Motor og Sejlklub,Hundested,,,,bro havn sejlklub,2.0,10,,"55.9651233, 11.8473029",way/110677876 way/110677878 way/1342493361 way/1342493366 way/392504508 way/430119484 way/430119487 way/430119489 way/564961018 way/911729913,ok,2026-09-24
k-way111486635,,,Jyllinge Fiskerihavn,Jyllinge,,,,bro havn slæbested,2.0,5,,"55.7521142, 12.1012488",way/111486635 way/1156050736 way/118952681 way/118952682 way/1349560823,ok,2026-09-24
k-way111487892,,,Jyllinge Lystbådehavn,Jyllinge,,,,bro havn slæbested,2.0,7,,"55.7452908, 12.0971668",way/111487892 way/111487893 way/26450678 way/26450733 way/26450737 way/26450738 way/26450741,ok,2026-09-24
k-way1179616578,,,Skarø Havn,Skarø By,,,,bro havn slæbested,2.0,6,,"55.0102362, 10.4721728",way/1179616578 way/221136346 way/221136347 way/221136348 way/667729730 way/667729731,ok,2026-09-24
k-way1194034572,,,Sejlklubben Mou Bro,Skellet,,,,bro havn sejlklub,2.0,11,,"56.9811807, 10.2279582",way/1194034572 way/1194034573 way/1194034574 way/1194034575 way/1194034576 way/215081756 way/215081757 way/215081758 way/468713041 way/469353419 way/469353420,ok,2026-09-24
k-way1204847905,,,,Strandhuse,,,,badested,2.0,1,,"55.4969170, 9.5491727",way/1204847905,ok,2026-09-24
k-way1272898728,,,Hadsund Lystbådehavn,Hadsund Syd,,,,bro havn slæbested,2.0,15,,"56.7102939, 10.1064621",way/1272898728 way/1272898729 way/1272898730 way/1272898731 way/1272898732 way/1272900376 way/1272900377 way/1272900378 way/1464202715 way/1464202716 way/1464202717 way/166885667 way/374251582 way/374251584 way/626588613,ok,2026-09-24
k-way128826486,,,Badesø i Stråsø plantage,Filsø,,,,badested,2.0,1,,"56.2803182, 8.4010375",way/128826486,ok,2026-09-24
k-way135231769,,,Arresø Sejlklub,Ramløse Søkrog,,,,bro havn sejlklub,2.0,4,,"56.0021744, 12.1096881",way/135231769 way/135231773 way/905296153 way/905296155,ok,2026-09-24
k-way140457960,,,Langø Havn,Langø,,,,bro havn slæbested,2.0,14,,"54.8165759, 11.0175684",way/140457960 way/140457962 way/140457964 way/140457966 way/140457967 way/502365909 way/502365964 way/502365967 way/502366912 way/502366913 way/502366914 way/502366915 way/627448367 way/627448368,ok,2026-09-24
k-way1422719083,,,Vindeby Havn,Vindeby,,,,bro havn slæbested,2.0,15,,"55.0488299, 10.6145518",way/1422719083 way/1425749782 way/1428223228 way/1428223229 way/1428223231 way/1428223232 way/312844999 way/312845003 way/33453198 way/33455961 way/503320443 way/580072771 way/770264303 way/864042445 way/866579039,ok,2026-09-24
k-way1464202686,,,Hadsund Fiskerihavn,Hadsund,,,,bro havn slæbested,2.0,8,,"56.7165554, 10.1248497",way/1464202686 way/166885675 way/468297979 way/468297980 way/468297984 way/641670487 way/641670493 way/641670494,ok,2026-09-24
k-way1467704136,,,Gamle Havn,Middelfart,,,,bro havn slæbested,2.0,5,,"55.5079556, 9.7247848",way/1467704136 way/1467704152 way/1467704153 way/238826565 way/555965419,ok,2026-09-24
k-way146786950,,,Næstved Sejlklub Yderhavnen,Karrebæksminde,,,,bro havn sejlklub,2.0,3,,"55.1759516, 11.6453418",way/146786950 way/310543687 way/970892861,ok,2026-09-24
k-way191305119,,,Færgehagen,Hadsund Syd,,,,bro havn slæbested,2.0,4,,"56.7111678, 10.1160456",way/191305119 way/648870404 way/648870405 way/648870406,ok,2026-09-24
k-way215077992,,,Slip,Aså,,,,bro havn slæbested,2.0,10,,"57.1448523, 10.4264278",way/215077992 way/407682738 way/407682740 way/407682741 way/407682742 way/407682743 way/407682744 way/407682750 way/407682751 way/510837307,ok,2026-09-24
k-way320172691,,,Hemmet Havn,Svink,,,,bro havn slæbested,2.0,3,,"55.8698206, 8.3283668",way/320172691 way/694342181 way/901161062,ok,2026-09-24
k-way379797019,,,Slipp,Dyreborg,,,,bro havn slæbested,2.0,6,,"55.0718609, 10.2171425",way/379797019 way/561722190 way/69354510 way/69354512 way/69354513 way/69354515,ok,2026-09-24
k-way388804314,nej,slæbested,Kongensbro,Truust,,Kanoopsamlingsplads ved Kongensbro på Gudenåen (ca. 40 m bred) med strøm.,2026-09-24,bro kanoplads slæbested,2.0,4,,"56.2970081, 9.6695964",node/1293777542 way/388804314 way/901163477 way/901497783,ok,2026-09-24
k-way437968525,,,Næstved Sejlklub,Stenbæksholm,,,,havn sejlklub slæbested,2.0,3,,"55.2078669, 11.7159643",way/437968525 way/627044831 way/627044860,ok,2026-09-24
k-way615211406,,,Boderne Havn,Boderne,,,,bro havn slæbested,2.0,6,,"55.0227208, 14.9048126",way/615211406 way/667489569 way/667489571 way/667489572 way/667489573 way/668266568,ok,2026-09-24
k-way662505907,,,Kragenæs Marina Lystcamp,Kragenæs,,,,bro havn sejlklub,2.0,4,,"54.9145219, 11.3586700",way/662505907 way/93413766 way/93413771 way/980458688,ok,2026-09-24
k-way76395258,,,Skavemose,Græm,,,,badested,2.0,1,,"56.2901706, 8.1360176",way/76395258,ok,2026-09-24
k-way838386580,,,Bredebro Svømmebad,Åspe,,,,badested,2.0,1,,"55.0501490, 8.8270920",way/838386580,ok,2026-09-24
k-node10188159237,,,,Ballen,,,,bro slæbested,1.5,2,,"55.8091189, 10.6453552",node/10188159237 way/1113597550,ok,2026-09-24
k-node1019253148,,,Dronningborg Lystbådehavn,Dronningborg,,,,bro havn,1.5,5,,"56.4669652, 10.0815113",node/1019253148 way/579194309 way/579194310 way/579194311 way/579194312,ok,2026-09-24
k-node1035635309,,,Lindholm Brygge Bådelaug,Lindholm,,,,bro havn,1.5,2,,"57.0634812, 9.9005161",node/1035635309 way/107102719,ok,2026-09-24
k-node10651231171,,,Østhavn,Hvide Sande,,,,bro havn,1.5,4,,"55.9993919, 8.1310898",node/10651231171 way/1219554529 way/1219554530 way/910312018,ok,2026-09-24
k-node10651231172,,,Sydhavn,Hvide Sande,,,,bro havn,1.5,5,,"56.0012457, 8.1250709",node/10651231172 way/208346360 way/72026191 way/72026196 way/72026202,ok,2026-09-24
k-node10659780046,,,Svinø Havn,Svinø Strand,,,,bro havn,1.5,3,,"55.1250770, 11.7205164",node/10659780046 way/294962090 way/503671544,ok,2026-09-24
k-node1086817186,,,,Åstrup,,,,bro slæbested,1.5,2,,"56.2451198, 10.3435736",node/1086817186 way/1173774178,ok,2026-09-24
k-node1089391060,,,33-01,Gilleleje,,,,bro slæbested,1.5,8,,"56.1263846, 12.3107465",node/1089391060 node/1089391292 way/215566150 way/93797642 way/93797650 way/93797651 way/93797656 way/93797658,ok,2026-09-24
k-node10959590876,,,Sk,Skovshoved,,,,bro slæbested,1.5,8,,"55.7596041, 12.6023732",node/10959590876 way/383657594 way/433067034 way/433067035 way/914082615 way/914082640 way/914082692 way/914082703,ok,2026-09-24
k-node11070269335,,,Egense Sejlklub,Hals,,,,bro sejlklub,1.5,4,,"56.9823905, 10.3049344",node/11070269335 way/431442101 way/96478138 way/96478139,ok,2026-09-24
k-node1117244668,,,Livø Lystbådehavn,Rønbjerg Huse,,,,bro havn,1.5,2,,"56.8864466, 9.0986511",node/1117244668 way/729885614,ok,2026-09-24
k-node11217932215,,,Rømø Havn,Havneby,,,,bro havn,1.5,4,,"55.0872815, 8.5687549",node/11217932215 way/434717724 way/434717725 way/434717726,ok,2026-09-24
k-node1126948265,,,Gyldendal Lystbådehavn,Gyldendal,,,,bro havn,1.5,4,,"56.5798631, 8.7098049",node/1126948265 way/730246055 way/97296036 way/97296039,ok,2026-09-24
k-node1129266217,,,Hejlsminde Havn,Hejlsminde,,,,bro havn,1.5,6,,"55.3608684, 9.6007124",node/1129266217 way/101321952 way/101321954 way/101321960 way/101321969 way/234238853,ok,2026-09-24
k-node1145581123,,,Sundsøre Lystbådehavn,Sundsøre,,,,bro havn,1.5,3,,"56.7095765, 9.1745989",node/1145581123 way/484233251 way/484233284,ok,2026-09-24
k-node11487102011,,,Render Havn,Hundested,,,,bro havn,1.5,6,,"55.9848175, 8.1396639",node/11487102011 way/902548104 way/902548105 way/902548106 way/902548107 way/902548108,ok,2026-09-24
k-node11487126341,,,Agersbæk Havn,Agersbæk,,,,bro havn,1.5,2,,"56.1539744, 8.2476717",node/11487126341 way/901468253,ok,2026-09-24
k-node11487142306,,,,Sønder Lyngvig,,,,bro havn,1.5,7,,"56.0238928, 8.1239881",node/11487142306 way/129996226 way/220213899 way/220213900 way/689436425 way/689436426 way/689436427,ok,2026-09-24
k-node11487142307,,,Haurvig Havn,Haurvig,,,,bro havn,1.5,2,,"55.9394234, 8.1682888",node/11487142307 way/901852904,ok,2026-09-24
k-node11487142308,,,Velling Havn,Velling,,,,bro havn,1.5,2,,"56.0403433, 8.3113528",node/11487142308 way/1234632540,ok,2026-09-24
k-node11487142309,,,Nymindegab Havn,Nymindegab,,,,bro havn,1.5,5,,"55.8189466, 8.1844660",node/11487142309 way/608895478 way/902614833 way/902614834 way/902614835,ok,2026-09-24
k-node11514195933,,,Ny Havn,Ringkøbing,,,,bro havn,1.5,2,,"56.0881452, 8.2391238",node/11514195933 way/685742761,ok,2026-09-24
k-node11597459635,,,Skive Jollehavn,Skive,,,,bro havn,1.5,3,,"56.5668259, 9.0543575",node/11597459635 way/573596225 way/97705646,ok,2026-09-24
k-node11637510975,,,,Bredballe,,,,bro havn,1.5,2,,"55.7053320, 9.6015770",node/11637510975 way/234894420,ok,2026-09-24
k-node11681285192,,,Varde Havn,Varde,,,,bro havn,1.5,16,,"55.6172668, 8.4772343",node/11681285192 way/902529990 way/902529991 way/902529992 way/902529993 way/902529994 way/902529995 way/902529996 way/902529997 way/902529998 way/902529999 way/902530000 way/902530001 way/902530002 way/902530003 way/902530004,ok,2026-09-24
k-node1170263993,,,,Sandersvig,,,,bro slæbested,1.5,2,,"55.3533190, 9.7130994",node/1170263993 way/233514292,ok,2026-09-24
k-node11736841544,,,,Arnbjerg,,,,bro slæbested,1.5,5,,"56.4313644, 9.4104434",node/11736841544 way/1206826119 way/1206826120 way/1206826122 way/397751972,ok,2026-09-24
k-node11765587407,,,Kappelsbjerg Lystbådebro,Middelfart,,,,bro havn,1.5,6,,"55.5069661, 9.7462628",node/11765587407 way/1060146718 way/120340711 way/454846442 way/454846443 way/694462870,ok,2026-09-24
k-node11777848554,,,Nyhavn,Aabenraa,,,,bro havn,1.5,2,,"55.0446039, 9.4279395",node/11777848554 way/489095172,ok,2026-09-24
k-node11782516854,,,Mündung der Krusau,Skomagerhuse,,,,bro havn,1.5,2,,"54.8322291, 9.4201226",node/11782516854 way/967621099,ok,2026-09-24
k-node11786220593,,,Gråsten Havn,Fisknæs,,,,bro havn,1.5,2,,"54.9187017, 9.5993053",node/11786220593 way/105901546,ok,2026-09-24
k-node11804640737,,,Seden strand,Seden Strand,,,,havn slæbested,1.5,2,,"55.4426896, 10.4536604",node/11804640737 way/433807081,ok,2026-09-24
k-node1181350043,,,Lohals Havn,Lohals,,,,bro havn,1.5,7,,"55.1332164, 10.9012146",node/1181350043 way/102334205 way/102334207 way/102334208 way/102334209 way/102334221 way/1085262016,ok,2026-09-24
k-node11821207747,,,Uggelhuse Jollehavn,Langkastrup,,,,havn slæbested,1.5,2,,"56.4732170, 10.2160368",node/11821207747 node/928572607,ok,2026-09-24
k-node11834794256,,,,Søgårde,,,,bro havn,1.5,6,,"56.1450492, 8.1932182",node/11834794256 way/901094817 way/901094818 way/901094819 way/901094820 way/901094821,ok,2026-09-24
k-node11847020920,,,,Rubjergskov,,,,bro havn,1.5,7,,"55.0623544, 10.6990557",node/11847020920 way/970603832 way/970603833 way/970603834 way/970603835 way/970603836 way/970603837,ok,2026-09-24
k-node1188019186,,,Strandbyen havn,Ommel,,,,havn slæbested,1.5,3,,"54.8751745, 10.4919540",node/1188019186 node/12956438064 way/840977593,ok,2026-09-24
k-node11917563572,,,,Midskov,,,,bro slæbested,1.5,2,,"55.5175518, 10.6142385",node/11917563572 way/1284604911,ok,2026-09-24
k-node11922131778,,,Brostedet,Vester Velling,,,,bro slæbested,1.5,2,,"56.4492554, 9.8317522",node/11922131778 way/1346601388,ok,2026-09-24
k-node1194007949,,,Rønbjerg Lystbådehavn,Rønbjerg Huse,,,,bro havn,1.5,10,,"56.8918034, 9.1663959",node/1194007949 way/1058977154 way/1058977156 way/1058977157 way/1058977158 way/1058977160 way/93942877 way/93942878 way/93942885 way/93942888,ok,2026-09-24
k-node1210973602,,,Brøndby Havn,Avedøre Holme,,,,bro havn,1.5,9,,"55.6089779, 12.4421170",node/1210973602 way/157759203 way/25544835 way/25544837 way/25544838 way/25544840 way/25544845 way/25544855 way/25544856,ok,2026-09-24
k-node1210973615,,,Vallensbæk Havn,Vallensbæk,,,,bro havn,1.5,7,,"55.6113689, 12.3958728",node/1210973615 way/157467591 way/26171984 way/26171987 way/26171989 way/26171999 way/26172017,ok,2026-09-24
k-node1222039954,på kortet,,Greve Marina,Ishøj,,,,bro havn,1.5,10,hundige-havn-hejren,"55.5948205, 12.3549188",node/1222039954 way/26174312 way/26174315 way/26174317 way/26174318 way/26174320 way/26174321 way/26174322 way/26174325 way/26174326,ok,2026-09-24
k-node12296002012,på kortet,,,Hattenæs,,,,bro slæbested,1.5,15,almind-soe-oestre-soebad,"56.1477651, 9.5592139",node/12296002012 node/9866883002 way/1165658627 way/1165658628 way/1165658629 way/1165658630 way/1165658631 way/1165658632 way/1165658633 way/1165658634 way/533339877 way/533339878 way/533339879 way/533339880 way/905682218,ok,2026-09-24
k-node12459439629,,,Garderhøjens Havn,Strøby Ladeplads,,,,havn slæbested,1.5,2,,"55.4000189, 12.3179295",node/12459439629 node/12459439630,ok,2026-09-24
k-node1246266860,,,Rosenvold Havn,Åhuse,,,,havn slæbested,1.5,2,,"55.6746087, 9.8138430",node/1246266860 way/108689043,ok,2026-09-24
k-node12471934053,,,Høvænge Havn,Høvænge,,,,havn slæbested,1.5,2,,"54.6597092, 11.6103642",node/12471934053 way/357095124,ok,2026-09-24
k-node12549433758,,,,Bakkebølle Strand,,,,bro slæbested,1.5,4,,"54.9746872, 11.9833337",node/12549433758 way/1345417232 way/1356014578 way/1356014579,ok,2026-09-24
k-node12552270940,,,,Bakkebølle Strand,,,,bro slæbested,1.5,2,,"54.9696265, 11.9964634",node/12552270940 way/1345417237,ok,2026-09-24
k-node12782095032,,,,Kalvehave,,,,bro slæbested,1.5,3,,"54.9958605, 12.1575618",node/12782095032 way/1319966739 way/1319966740,ok,2026-09-24
k-node12946590618,nej,andet,Nim Kano- og Shelterplads,Brestenbro,,Kano- og shelterplads ved et smalt vandløb (ca. 10 m) ved Nim.,2026-09-24,bro kanoplads,1.5,2,,"55.9395478, 9.6631610",node/12946590618 way/1408854452,ok,2026-09-24
k-node1299258041,,,Sejerø Lystbådehavn,Sejerby,,,,bro havn,1.5,5,,"55.8805970, 11.1346209",node/1299258041 way/356975786 way/356975788 way/380901382 way/380902615,ok,2026-09-24
k-node13019533921,,,Viborg Sejlklub,Hjarbæk,,,,bro sejlklub,1.5,2,,"56.5315020, 9.3205873",node/13019533921 way/112288173,ok,2026-09-24
k-node1339074499,,,,Lille Rørbæk,,,,bro havn,1.5,3,,"54.8087767, 11.6253859",node/1339074499 way/613994260 way/613994261,ok,2026-09-24
k-node13431060036,,,,Hadsund,,,,bro slæbested,1.5,17,,"56.7122280, 10.1099648",node/13431060036 way/1464202695 way/1464202696 way/1464202697 way/1464202698 way/1464202699 way/1464202700 way/1464202701 way/1464202702 way/1464202703 way/1464202704 way/1464202705 way/1464202706 way/1464202707 way/1464202708 way/1464202709 way/1464202710,ok,2026-09-24
k-node1346798291,,,Lemvig Marina,Holmsøre,,,,bro havn,1.5,3,,"56.5659222, 8.2980698",node/1346798291 way/136299728 way/136299731,ok,2026-09-24
k-node13633987637,,,Syrens Jolleplads,Stigsborg,,,,bro havn,1.5,4,,"57.0547174, 9.9448073",node/13633987637 way/1356214549 way/1356214550 way/1356214551,ok,2026-09-24
k-node1364430737,,,,Egernsund,,,,bro slæbested,1.5,7,,"54.9062759, 9.5991745",node/1364430737 way/325014989 way/348746182 way/348746191 way/348746195 way/348746206 way/348746207,ok,2026-09-24
k-node1366678238,,,Lundeborg Havn,Lundeborg,,,,bro havn,1.5,3,,"55.1387252, 10.7864132",node/1366678238 way/122254000 way/122254002,ok,2026-09-24
k-node1381017314,,,Sæby Havn,Sæby,,,,bro havn,1.5,10,,"57.3331620, 10.5324811",node/1381017314 way/28776980 way/343781125 way/343781126 way/343781128 way/37590452 way/40401687 way/40401689 way/40401690 way/615788597,ok,2026-09-24
k-node1381017368,,,,Sæby,,,,bro slæbested,1.5,4,,"57.3342440, 10.5308690",node/1381017368 way/343781127 way/343781130 way/343781131,ok,2026-09-24
k-node1383574901,på kortet,,,Vestbyen,,,,bro slæbested,1.5,3,aalborg-roklub,"57.0571594, 9.9039672",node/1383574901 node/3733150413 way/1427547064,ok,2026-09-24
k-node1390724814,,,Herslev Havn,Risgårde,,,,bro havn,1.5,2,,"55.6776505, 11.9893378",node/1390724814 way/117889420,ok,2026-09-24
k-node1494413656,,,Sørup Havn,Sørup,,,,bro havn,1.5,5,,"55.9690888, 12.3691126",node/1494413656 way/538558826 way/538558827 way/538558829 way/608012315,ok,2026-09-24
k-node1508513641,,,Mullerup Havn,Mullerup Havn,,,,bro havn,1.5,3,,"55.4936426, 11.1736531",node/1508513641 way/1489573939 way/216446801,ok,2026-09-24
k-node1524692810,,,Skærbæk Slæbested,Skærbæk,,,,bro slæbested,1.5,8,,"55.5132910, 9.6248600",node/1524692810 way/139107626 way/58509664 way/58509667 way/58509672 way/58509676 way/58509678 way/58509682,ok,2026-09-24
k-node1593045479,,,Thisted Sejlklub Kran,Thisted,,,,bro sejlklub,1.5,7,,"56.9515827, 8.6961776",node/1593045479 way/1009053528 way/1009053535 way/145997241 way/169542865 way/169542869 way/398036466,ok,2026-09-24
k-node1600327400,,,,Elvighøj,,,,bro slæbested,1.5,6,,"55.4975409, 9.5824568",node/1600327400 way/135045574 way/146798355 way/146798356 way/146798357 way/237100749,ok,2026-09-24
k-node1646262516,,,Bro 3,Rungsted,,,,bro slæbested,1.5,15,,"55.8831224, 12.5455234",node/1646262516 way/255105777 way/25563259 way/25563261 way/363728028 way/363728031 way/363728034 way/363728035 way/363728039 way/363728040 way/363728043 way/363728051 way/363728052 way/363728056 way/363728061,ok,2026-09-24
k-node1646262571,,,,Rungsted,,,,bro slæbested,1.5,8,,"55.8843957, 12.5443989",node/1646262571 node/1646262572 node/1646262575 way/363728045 way/363733954 way/364308494 way/364308496 way/914556645,ok,2026-09-24
k-node1646262900,,,Bro 4,Rungsted,,,,bro slæbested,1.5,12,,"55.8865533, 12.5443508",node/1646262900 way/25563272 way/25563274 way/316238097 way/316238099 way/363730242 way/363730246 way/363730247 way/363730249 way/363733160 way/363733169 way/914601195,ok,2026-09-24
k-node1651311344,,,Yachtklubben Furesøen,Holte,,,,bro havn,1.5,14,,"55.8086203, 12.4431739",node/1651311344 way/187833757 way/187833760 way/187833761 way/187833762 way/218602118 way/218603373 way/218604355 way/351265902 way/351265903 way/351265904 way/903719171 way/903719172 way/903719173,ok,2026-09-24
k-node1700084475,på kortet,,Bro 1,Ishøj,,,,bro slæbested,1.5,7,hundige-havn-hejren,"55.5968046, 12.3557105",node/1700084475 way/157755933 way/157755938 way/26174340 way/26174341 way/26174342 way/26174343,ok,2026-09-24
k-node1741672798,,,,Tange,,,,bro slæbested,1.5,3,,"56.3538783, 9.6009766",node/1741672798 way/903743279 way/903743280,ok,2026-09-24
k-node1787126936,på kortet,,Nyborg Lystbådehavn,Nyborg,,,,bro havn,1.5,8,nyborg-roklub,"55.3048747, 10.7885288",node/1787126936 way/126554091 way/126554095 way/126554099 way/1484516663 way/1484516664 way/211112004 way/211112005,ok,2026-09-24
k-node1787127955,,,Østerhavn,Nyborg,,,,bro havn,1.5,5,,"55.3093325, 10.7930564",node/1787127955 way/211113212 way/211113598 way/333837588 way/333837590,ok,2026-09-24
k-node1837527400,,,Middelfart city harbour,Middelfart,,,,bro havn,1.5,14,,"55.5062506, 9.7367267",node/1837527400 way/1480712763 way/1481605419 way/1481605420 way/238826563 way/47093438 way/47093439 way/47093441 way/555965420 way/694462866 way/694462867 way/694462868 way/914576874 way/973542407,ok,2026-09-24
k-node1860105280,,,Bøjden Bro,Kalvøre,,,,bro havn,1.5,2,,"55.1065399, 10.0962355",node/1860105280 way/175421672,ok,2026-09-24
k-node2062739924,,,,Lille Sørup,,,,bro slæbested,1.5,2,,"55.9803033, 12.3813102",node/2062739924 way/195862875,ok,2026-09-24
k-node2064782485,,,Skalø Havn,Vesterby,,,,bro havn,1.5,2,,"54.9565948, 11.3565446",node/2064782485 way/196111411,ok,2026-09-24
k-node2091204180,,,,Engesvang,,,,bro slæbested,1.5,3,,"56.1813347, 9.3449426",node/2091204180 way/362363475 way/362363476,ok,2026-09-24
k-node2127547206,,,Røsnæs Havn,Nyby,,,,havn slæbested,1.5,2,,"55.7517314, 10.9445644",node/2127547206 way/380910804,ok,2026-09-24
k-node2244771500,,,Sydhavn,Aabenraa,,,,bro havn,1.5,5,,"55.0408265, 9.4241642",node/2244771500 way/114372963 way/697166879 way/697166880 way/697166881,ok,2026-09-24
k-node2244875369,,,Thorsminde Vesthavn,Thorsminde,,,,bro havn,1.5,4,,"56.3679881, 8.1205201",node/2244875369 way/904011221 way/904011222 way/904011223,ok,2026-09-24
k-node2244979908,,,Strandby Lystbådehavn,Strandby,,,,bro havn,1.5,15,,"57.4940753, 10.5035011",node/2244979908 way/131638273 way/210138172 way/210138174 way/210138175 way/210138176 way/210138177 way/210138179 way/210138180 way/210138181 way/409322112 way/409322114 way/853712199 way/853712202 way/853712203,ok,2026-09-24
k-node2245007675,,,Egense Lystbådehavn,Hals,,,,bro havn,1.5,2,,"56.9838301, 10.3057102",node/2245007675 way/96478147,ok,2026-09-24
k-node2245007676,,,Hals Havn,Hals,,,,bro havn,1.5,3,,"56.9905968, 10.3080275",node/2245007676 way/304635580 way/304635582,ok,2026-09-24
k-node2246132459,,,Oddesund Lystbådehavn,Oddesund Nord,,,,bro havn,1.5,4,,"56.5827778, 8.5491471",node/2246132459 way/731973657 way/731973658 way/731973661,ok,2026-09-24
k-node2246194723,,,Glyngøre Havn,Glyngøre,,,,bro havn,1.5,2,,"56.7642246, 8.8639772",node/2246194723 way/215213917,ok,2026-09-24
k-node2246309396,,,Hjarbæk Havn,Hjarbæk,,,,bro havn,1.5,3,,"56.5312136, 9.3186211",node/2246309396 way/112288184 way/40398588,ok,2026-09-24
k-node2246883578,,,Bandholm Havn,Bandholm,,,,bro havn,1.5,2,,"54.8373730, 11.4893126",node/2246883578 way/659119625,ok,2026-09-24
k-node2246883580,,,Blans Havn,Blans,,,,bro havn,1.5,2,,"54.8687942, 11.4318531",node/2246883580 way/413743512,ok,2026-09-24
k-node2250367710,,,Hundested Lystbådehavn,Hundested,,,,bro havn,1.5,9,,"55.9651365, 11.8439340",node/2250367710 way/110677874 way/110677875 way/334938189 way/334938190 way/380909560 way/430119483 way/430119485 way/564961021,ok,2026-09-24
k-node2250720906,,,Gershøj Havn,Gershøj,,,,bro havn,1.5,5,,"55.7165009, 11.9806290",node/2250720906 way/650813175 way/650813176 way/721196376 way/721196377,ok,2026-09-24
k-node2250720935,,,Sønderby Lystbådehavn,Sønderby,,,,bro havn,1.5,2,,"55.7293086, 12.0347775",node/2250720935 way/626023686,ok,2026-09-24
k-node2250804895,,,Hørby Lystbådehavn,Markeslev,,,,bro havn,1.5,6,,"55.7347163, 11.7064883",node/2250804895 way/1351651250 way/488322459 way/918113568 way/918113569 way/94201553,ok,2026-09-24
k-node2257909740,,,Vesthavnen,Kalundborg,,,,bro havn,1.5,2,,"55.6776144, 11.0821987",node/2257909740 way/1269036986,ok,2026-09-24
k-node2258089305,,,Skælskør Lystbådehavn,Skælskør,,,,bro havn,1.5,9,,"55.2522224, 11.2876617",node/2258089305 way/226620043 way/226620051 way/98991559 way/98991560 way/98991561 way/98991569 way/98991571 way/98991576,ok,2026-09-24
k-node2258089306,,,Stavreby Havn,Stavreby Bådehavn,,,,bro havn,1.5,5,,"55.0795572, 12.1453676",node/2258089306 way/119387271 way/119387275 way/260688508 way/260688509,ok,2026-09-24
k-node2258312875,,,Faxe Ladeplads Lystbådehavn A.m.b.a.,Stubberup Enghave,,,,bro havn,1.5,12,,"55.2134312, 12.1599737",node/2258312875 way/112191054 way/112191056 way/224877412 way/224877414 way/224877416 way/498339823 way/498339824 way/498339825 way/498339826 way/498339827 way/498339828,ok,2026-09-24
k-node2258312928,på kortet,,,Ishøj,,,,bro slæbested,1.5,3,hundige-havn-hejren,"55.5948063, 12.3570389",node/2258312928 way/181220267 way/181220269,ok,2026-09-24
k-node2258312935,,,,Vallensbæk,,,,bro slæbested,1.5,7,,"55.6079198, 12.3885990",node/2258312935 node/8914183052 way/473763564 way/608834566 way/608834572 way/608834573 way/608834574,ok,2026-09-24
k-node2258312963,,,A,Vallensbæk,,,,bro slæbested,1.5,6,,"55.6124595, 12.3955515",node/2258312963 way/216494539 way/216494540 way/26171995 way/26172019 way/608505225,ok,2026-09-24
k-node2262667587,,,,Vestbyen,,,,bro slæbested,1.5,5,,"57.0593515, 9.8941897",node/2262667587 way/124271215 way/124271217 way/124271218 way/841997125,ok,2026-09-24
k-node2301951297,,,Drejø Gamle Havn,Drejø By,,,,havn slæbested,1.5,2,,"54.9744696, 10.4200325",node/2301951297 node/470285620,ok,2026-09-24
k-node2301951355,,,,Faaborg,,,,bro slæbested,1.5,7,,"55.0959642, 10.2332555",node/2301951355 way/221136349 way/379780169 way/379780171 way/379780173 way/379785890 way/379793105,ok,2026-09-24
k-node2318489731,,,,Laven,,,,bro havn,1.5,6,,"56.1245779, 9.7197674",node/2318489731 relation/12248028 way/901513363 way/901513364 way/901513365 way/901513366,ok,2026-09-24
k-node2443109565,,,,Strandhuse,,,,bro slæbested,1.5,2,,"55.1760044, 10.0740274",node/2443109565 way/775401008,ok,2026-09-24
k-node2443424933,,,Frederikssund Havn,Frederikssund,,,,bro havn,1.5,2,,"55.8361353, 12.0538902",node/2443424933 way/28355180,ok,2026-09-24
k-node2450380744,,,,Marstal,,,,bro slæbested,1.5,8,,"54.8570001, 10.5208185",node/2450380744 way/237087516 way/237087517 way/237087520 way/237087522 way/237087525 way/237087528 way/237087529,ok,2026-09-24
k-node2450632299,,,Sønderballe Bådehavn,Sønderballe Strand,,,,bro havn,1.5,4,,"55.1296379, 9.4805049",node/2450632299 way/101070565 way/237115172 way/295952349,ok,2026-09-24
k-node2464170622,,,,Handbjerg,,,,bro slæbested,1.5,4,,"56.4792165, 8.7202069",node/2464170622 way/308130178 way/308130181 way/785155164,ok,2026-09-24
k-node2552340361,,,Landgangen,Dragør,,,,bro slæbested,1.5,6,,"55.5894898, 12.6782759",node/2552340361 way/1206279094 way/316257380 way/366089804 way/367453690 way/367885715,ok,2026-09-24
k-node2662108560,,,Christianshavn,Christianshavn,,,,bro havn,1.5,2,,"55.6763771, 12.5969265",node/2662108560 way/429782295,ok,2026-09-24
k-node2742116869,,,,Klintholm Havn,,,,bro slæbested,1.5,7,,"54.9533441, 12.4671086",node/2742116869 node/5985168452 way/421590053 way/421590054 way/421592066 way/621702865 way/99167327,ok,2026-09-24
k-node281075199,,,Kalkbrænderihavnen,Østerbro,,,,bro havn,1.5,7,,"55.7114396, 12.5905124",node/281075199 way/25563167 way/25563168 way/25563170 way/25563171 way/25563172 way/25563178,ok,2026-09-24
k-node2870465634,,,Fåborg Lystbådehavn,Faaborg,,,,bro havn,1.5,5,,"55.0944711, 10.2386440",node/2870465634 way/27144321 way/27144323 way/65407695 way/65410442,ok,2026-09-24
k-node2870465635,,,Fåborg Lystbådehavn,Faaborg,,,,bro havn,1.5,12,,"55.0975557, 10.2326148",node/2870465635 way/379785892 way/379793104 way/379793107 way/65403945 way/65403946 way/65403948 way/65403949 way/65403950 way/65403952 way/65403953 way/65403955,ok,2026-09-24
k-node3232930570,,,Flakfortet Havn,Nordhavn,,,,bro havn,1.5,2,,"55.7028815, 12.7305075",node/3232930570 way/429464535,ok,2026-09-24
k-node3338465059,,,Harpøth Havn,Ballesig,,,,havn slæbested,1.5,2,,"56.3634187, 8.2224743",node/3338465059 way/300866656,ok,2026-09-24
k-node3341991869,,,Barakkebroen,Kastrup,,,,bro havn,1.5,4,,"55.6670328, 12.7416950",node/3341991869 way/444182301 way/503453672 way/503453673,ok,2026-09-24
k-node3402665440,,,Haderslev Sejlklub,Haderslev,,,,bro sejlklub,1.5,4,,"55.2472000, 9.4974120",node/3402665440 way/46138495 way/46138499 way/612285250,ok,2026-09-24
k-node3506049259,,,,Hals,,,,bro slæbested,1.5,4,,"56.9910459, 10.3109992",node/3506049259 way/1310992291 way/343778780 way/343778781,ok,2026-09-24
k-node3530583424,,,,Mørkholt Strand,,,,bro slæbested,1.5,2,,"55.6617307, 9.7281429",node/3530583424 way/232562022,ok,2026-09-24
k-node3545281715,,,,Sønderborg,,,,bro slæbested,1.5,4,,"54.9082005, 9.7808233",node/3545281715 way/349912032 way/349912036 way/349912065,ok,2026-09-24
k-node3545281726,,,,Skarrev,,,,bro slæbested,1.5,4,,"55.0472424, 9.4972050",node/3545281726 way/977573516 way/977573517 way/977573518,ok,2026-09-24
k-node3680869227,,,,Øster Hurup,,,,bro slæbested,1.5,5,,"56.8041430, 10.2791879",node/3680869227 way/363983323 way/363984831 way/363984832 way/363984834,ok,2026-09-24
k-node3680934544,,,Øster Hurup Havn,Øster Hurup,,,,bro havn,1.5,9,,"56.8053200, 10.2823823",node/3680934544 way/1266565677 way/1266565680 way/363984894 way/363985367 way/363985529 way/363985530 way/363986482 way/363988088,ok,2026-09-24
k-node3732565313,på kortet,,,Søholt,,,,bro slæbested,1.5,5,spot-20,"57.0589226, 9.8871041",node/3732565313 way/1161689939 way/1183861556 way/463241425 way/463241426,ok,2026-09-24
k-node3732565315,,,,Nørresundby,,,,bro slæbested,1.5,2,,"57.0616107, 9.9087941",node/3732565315 way/368453171,ok,2026-09-24
k-node374101107,,,4,Marstal,,,,bro slæbested,1.5,3,,"54.8509236, 10.5220039",node/374101107 way/158805322 way/58297671,ok,2026-09-24
k-node374203848,,,Troense lystbådehavn,Troense,,,,bro slæbested,1.5,3,,"55.0349053, 10.6423268",node/374203848 way/33605983 way/725690255,ok,2026-09-24
k-node383892898,,,Svendborg havn slæbested,Vindeby,,,,bro slæbested,1.5,7,,"55.0528447, 10.6098313",node/383892898 way/120395309 way/120395310 way/1346682173 way/1346682174 way/33604578 way/650996507,ok,2026-09-24
k-node3841894334,,,Odden Fiskeri Havn,Havnebyen,,,,bro havn,1.5,2,,"55.9725679, 11.3679257",node/3841894334 way/101799239,ok,2026-09-24
k-node3842050724,,,Nekselø Havn,Havnsø,,,,bro havn,1.5,8,,"55.7816452, 11.2970724",node/3842050724 way/181595150 way/181595246 way/380910365 way/380910366 way/380910367 way/380910368 way/380910431,ok,2026-09-24
k-node4110557351,,,Hou Lystbådehavn,Hou,,,,bro havn,1.5,3,,"55.9097889, 10.2551792",node/4110557351 way/1185205844 way/210634455,ok,2026-09-24
k-node4118605117,,,Øer Maritime Havn,Øerne,,,,bro havn,1.5,5,,"56.1514753, 10.6884896",node/4118605117 way/1125652149 way/371632378 way/371632404 way/371675848,ok,2026-09-24
k-node4200045758,,,,Gåbense,,,,bro slæbested,1.5,2,,"54.9426771, 11.8759723",node/4200045758 way/420016447,ok,2026-09-24
k-node4286220827,,,Mosede Havn,Greve Strand,,,,bro havn,1.5,10,,"55.5662613, 12.2873236",node/4286220827 way/1194331604 way/1194331606 way/1194331607 way/1194331608 way/151637257 way/429482688 way/429482691 way/429483810 way/648779442,ok,2026-09-24
k-node4289202854,,,Boels Bro,Munkebo,,,,havn slæbested,1.5,2,,"55.4750508, 10.5595547",node/4289202854 way/1038337764,ok,2026-09-24
k-node431046861,,,Tejn,Tejn,,,,bro havn,1.5,3,,"55.2483710, 14.8365560",node/431046861 way/449619322 way/558897868,ok,2026-09-24
k-node4321079125,,,Lohals havns slæbested,Lohals,,,,bro slæbested,1.5,9,,"55.1358219, 10.9026344",node/4321079125 way/102334200 way/102334222 way/1286690264 way/1286690269 way/1286690270 way/1286690271 way/1286690272 way/303531974,ok,2026-09-24
k-node4321091595,,,Slåenvængets slæbested,Bukkemose,,,,bro slæbested,1.5,2,,"54.7983317, 10.7619224",node/4321091595 way/860400204,ok,2026-09-24
k-node4337300231,,,,Strandhuse,,,,bro slæbested,1.5,15,,"55.0469189, 10.5931219",node/4337300231 node/4337300232 way/435771964 way/435771966 way/435771967 way/435928364 way/435928365 way/436082978 way/436082979 way/436082980 way/656520625 way/656520626 way/656520629 way/656520630 way/656520631,ok,2026-09-24
k-node470285840,,,Drejø Havn,Drejø By,,,,bro havn,1.5,3,,"54.9657792, 10.4365090",node/470285840 way/122200334 way/122200336,ok,2026-09-24
k-node474772172,,,Korshavn Bro,Korshavn,,,,bro havn,1.5,4,,"55.0126783, 10.3158308",node/474772172 way/1447972435 way/233510377 way/93193451,ok,2026-09-24
k-node474772197,,,Avernakø Bådehavn,Skovhuse,,,,bro havn,1.5,4,,"55.0398517, 10.2539236",node/474772197 way/93193428 way/93193478 way/93193543,ok,2026-09-24
k-node4749030898,,,,Vejlen,,,,bro slæbested,1.5,2,,"57.0932136, 9.8255219",node/4749030898 way/482028542,ok,2026-09-24
k-node4781468410,,,Haarum Havn,Harboøre,,,,havn slæbested,1.5,2,,"56.6291810, 8.2175414",node/4781468410 node/4781522009,ok,2026-09-24
k-node492049664,,,Vang Havn,Vang,,,,havn slæbested,1.5,2,,"55.2486807, 14.7362760",node/492049664 way/1420135887,ok,2026-09-24
k-node4924805392,,,Suså Havn,Næstved,,,,bro havn,1.5,2,,"55.2261243, 11.7566266",node/4924805392 way/327755782,ok,2026-09-24
k-node4996663090,,,,Lindholm,,,,bro slæbested,1.5,2,,"57.0691462, 9.8933672",node/4996663090 way/474621754,ok,2026-09-24
k-node5742208592,,,Guldborg Havn,Guldborg,,,,bro havn,1.5,9,,"54.8708965, 11.7466485",node/5742208592 way/1347768712 way/370297924 way/370297925 way/45743063 way/45743065 way/45743066 way/45743073 way/45743075,ok,2026-09-24
k-node5772159727,,,,Ørestad,,,,bro slæbested,1.5,4,,"55.6380708, 12.5436396",node/5772159727 way/4420261 way/4420264 way/4420265,ok,2026-09-24
k-node5772159728,,,,Ørestad,,,,bro slæbested,1.5,4,,"55.6391462, 12.5457444",node/5772159728 way/4238386 way/4420267 way/609381863,ok,2026-09-24
k-node5793591030,,,Udbyhøj Syd Lystbådehavn,Udbyhøj Vasehuse,,,,bro havn,1.5,6,,"56.6066897, 10.3017747",node/5793591030 way/170826441 way/170839430 way/363974278 way/363974279 way/772930472,ok,2026-09-24
k-node5961424943,,,,Vejle,,,,bro slæbested,1.5,3,,"55.7066957, 9.5528464",node/5961424943 way/278473585 way/631279060,ok,2026-09-24
k-node6040297827,,,,Horsens,,,,bro slæbested,1.5,3,,"55.8575301, 9.8680025",node/6040297827 way/641357424 way/641357425,ok,2026-09-24
k-node6130429584,,,,Kongsdal Huse,,,,bro slæbested,1.5,4,,"56.6838639, 10.0707548",node/6130429584 way/1418888443 way/1418888444 way/1418888445,ok,2026-09-24
k-node6152530978,,,,Bygholm Bakker,,,,bro slæbested,1.5,2,,"55.8707684, 9.8190415",node/6152530978 way/375642135,ok,2026-09-24
k-node6400141535,,,,Havneby,,,,bro slæbested,1.5,3,,"55.0859175, 8.5674349",node/6400141535 node/6400141537 way/434717723,ok,2026-09-24
k-node6419006717,,,Venø Havn,Venø By,,,,bro havn,1.5,5,,"56.5507738, 8.6147641",node/6419006717 way/509489512 way/509489513 way/509489514 way/509489515,ok,2026-09-24
k-node6449003338,,,,Maribo,,,,bro slæbested,1.5,4,,"54.7697559, 11.5032638",node/6449003338 way/120552131 way/120552133 way/903248857,ok,2026-09-24
k-node6477554491,,,,Rosnæs,,,,bro slæbested,1.5,5,,"54.8332514, 11.0932594",node/6477554491 way/228067542 way/228067546 way/627448369 way/627448372,ok,2026-09-24
k-node6524053459,,,Humlebæk Havn,Krogerup,,,,bro havn,1.5,3,,"55.9713293, 12.5472910",node/1201650054 way/216628493 way/304716311,ok,2026-09-24
k-node6699934632,,,Vejrø Havn,Vejrø,,,,bro havn,1.5,3,,"55.0352998, 11.3752884",node/6699934632 way/319214648 way/319214650,ok,2026-09-24
k-node6702605929,,,Håndværksdækket,Lemvig,,,,bro slæbested,1.5,8,,"56.5515370, 8.3083536",node/6702605929 way/1227206191 way/1227206194 way/1227206196 way/1227211207 way/286835365 way/286835366 way/712980641,ok,2026-09-24
k-node6773787427,på kortet,,,Randers,,,,bro slæbested,1.5,4,randers-roklub,"56.4626414, 10.0577636",node/6773787427 way/568946786 way/568946787 way/568946789,ok,2026-09-24
k-node711425917,,,Vedbæk Havn,Vedbæk,,,,bro havn,1.5,6,,"55.8496394, 12.5724656",node/711425917 way/25563236 way/25563237 way/262046838 way/262046845 way/388776978,ok,2026-09-24
k-node711568731,,,Høllet,Høllet,,,,bro havn,1.5,4,,"56.6658819, 9.9530075",node/711568731 way/679076183 way/955084131 way/955084132,ok,2026-09-24
k-node725174326,,,,Skærbæk,,,,bro slæbested,1.5,5,,"55.5133457, 9.6288034",node/725174326 way/58509661 way/58509662 way/58509666 way/58509668,ok,2026-09-24
k-node7733574539,,,,Rudbækshave,,,,bro slæbested,1.5,2,,"55.5376213, 9.7641427",node/7733574539 way/828423135,ok,2026-09-24
k-node7734662249,,,,Middelfart,,,,bro slæbested,1.5,7,,"55.4942620, 9.7184432",node/7734662249 way/828548112 way/828548113 way/828548114 way/828548115 way/828548116 way/828548117,ok,2026-09-24
k-node7734662251,på kortet,,,Middelfart,,,,bro slæbested,1.5,5,middelfart-kajakklub,"55.4935875, 9.7283065",node/7734662251 way/828548104 way/828548105 way/828548107 way/894657546,ok,2026-09-24
k-node8260017815,,,Esby havn,Esby,,,,bro havn,1.5,2,,"56.1286916, 10.5577756",node/8260017815 way/364556318,ok,2026-09-24
k-node8425433786,,,,Ebeltoft,,,,bro slæbested,1.5,7,,"56.1896451, 10.6692701",node/8425433786 way/1152749681 way/169045200 way/169045209 way/409081787 way/409081788 way/409081789,ok,2026-09-24
k-node8425433791,,,,Ebeltoft,,,,bro slæbested,1.5,2,,"56.1988367, 10.6724212",node/8425433791 way/907330673,ok,2026-09-24
k-node852554564,,,Svinø Broer,Gamborg,,,,bro havn,1.5,7,,"55.4589944, 9.7965052",node/852554564 way/71714224 way/71714225 way/71714228 way/71714234 way/71714241 way/71714243,ok,2026-09-24
k-node854305950,på kortet,,Middelfart Marina,Middelfart,,,,bro havn,1.5,8,middelfart-kajakklub,"55.4923228, 9.7268454",node/854305950 way/47095973 way/58485145 way/58485149 way/58485154 way/828548121 way/828548122 way/828548123,ok,2026-09-24
k-node8665846413,,,Assens Marina,Assens,,,,bro havn,1.5,6,,"55.2680080, 9.8856413",node/8665846413 way/121211142 way/121211148 way/121211150 way/121211153 way/121211154,ok,2026-09-24
k-node869562385,,,,Ærøskøbing,,,,bro slæbested,1.5,2,,"54.8907565, 10.4127328",node/869562385 way/73312891,ok,2026-09-24
k-node8747541802,,,,Sejs,,,,bro slæbested,1.5,16,,"56.1391713, 9.5928934",node/8747541802 way/1184552045 way/905664973 way/905664974 way/905664975 way/905664976 way/905664977 way/905664978 way/905664979 way/905664980 way/905664981 way/905682215 way/905683499 way/905683500 way/905683501 way/905683502,ok,2026-09-24
k-node8972495312,,,,Tange,,,,bro slæbested,1.5,3,,"56.3547831, 9.6036018",node/8972495312 way/903743281 way/903743282,ok,2026-09-24
k-node8972495335,,,Søhøjlandets Familiecamping,Pramdragerparken,,,,bro slæbested,1.5,3,,"56.2808473, 9.6635263",node/8972495335 way/495005216 way/495005217,ok,2026-09-24
k-node9053150211,,,,Loddenhøj,,,,bro slæbested,1.5,2,,"55.1058090, 9.5256595",node/9053150211 way/982183157,ok,2026-09-24
k-node9099932856,,,,Hemmet Strand,,,,bro slæbested,1.5,2,,"55.8831594, 8.3443364",node/9099932856 way/1314583378,ok,2026-09-24
k-node9273032812,,,,Virklund,,,,bro slæbested,1.5,4,,"56.1279441, 9.5529236",node/9273032812 way/1187423173 way/1187423174 way/1187423175,ok,2026-09-24
k-node9350434553,,,,Ørestad,,,,bro slæbested,1.5,3,,"55.6415639, 12.5411714",node/9350434553 node/9350434556 way/4238384,ok,2026-09-24
k-node935812864,,,,Ballen,,,,bro slæbested,1.5,3,,"55.0404038, 10.4592446",node/935812864 way/1447972434 way/239809477,ok,2026-09-24
k-node9360005861,,,,Stevnstrup,,,,bro slæbested,1.5,3,,"56.4461923, 9.9618503",node/9360005861 way/1063264006 way/1065854262,ok,2026-09-24
k-node939082727,,,Bro 3,Rantzausminde,,,,bro slæbested,1.5,11,,"55.0343033, 10.5428564",node/939082727 way/1346689922 way/163687130 way/163687131 way/80498206 way/80498208 way/80498213 way/80498224 way/80498227 way/80498230 way/80498235,ok,2026-09-24
k-node9555523286,,,Lystbådehavn,Hvide Sande,,,,bro havn,1.5,4,,"56.0084155, 8.1361549",node/9555523286 way/220214583 way/689057484 way/918223905,ok,2026-09-24
k-node9555527888,,,Vinterleje Havn,Sønder Haurvig,,,,bro havn,1.5,23,,"55.9187891, 8.1730346",node/9555527888 way/1045537063 way/1045537064 way/1045537065 way/901490614 way/901490615 way/901490616 way/901490617 way/901490618 way/901490619 way/901490620 way/901490621 way/901490622 way/901490623 way/901490625 way/901490626 way/901490627 way/901490628 way/901490629 way/901490630 way/901490631 way/901490632 way/901490633,ok,2026-09-24
k-node9626727041,,,Bjerregård Havn,Bjerregård,,,,bro havn,1.5,12,,"55.8804175, 8.1816997",node/9626727041 way/1046868420 way/1046933411 way/1046933412 way/1046933413 way/1046933414 way/1046933415 way/1046933416 way/1046933417 way/1046933418 way/1046933419 way/1046933420,ok,2026-09-24
k-node9718472828,,,,Vilsted,,,,bro slæbested,1.5,2,,"56.9011621, 9.2917816",node/9718472828 way/1057667292,ok,2026-09-24
k-node9811997210,,,,Sæby,,,,bro slæbested,1.5,11,,"57.3313909, 10.5344339",node/9811997210 way/1050965373 way/1068911604 way/1068911607 way/1068911608 way/1068911609 way/1068911610 way/1068911611 way/1068911613 way/1068911614 way/1068911615,ok,2026-09-24
k-node9907395340,,,Marina Minde Havn,Minde,,,,havn slæbested,1.5,2,,"54.8977084, 9.6188589",node/9907395340 way/673871962,ok,2026-09-24
k-relation12619319,på kortet,,Grenaa Marina,Klitten,,,,bro havn,1.5,2,grenaa-lagune-flydebro,"56.4046805, 10.9236300",relation/12619319 way/127868469,ok,2026-09-24
k-relation12624380,,,,Kolby Kås,,,,bro havn,1.5,5,,"55.7952434, 10.5283903",relation/12624380 way/103971936 way/213458333 way/213458337 way/216061872,ok,2026-09-24
k-relation16005679,,,Svendborg Havn,Svendborg,,,,bro havn,1.5,8,,"55.0613071, 10.6158755",relation/16005679 way/1360923255 way/464293557 way/464293558 way/464293565 way/578781572 way/578781600 way/837762111,ok,2026-09-24
k-relation16061250,,,Ring Andersen,Svendborg,,,,bro havn,1.5,6,,"55.0590266, 10.6159255",relation/16061250 way/1385546254 way/1387353252 way/495696558 way/539972415 way/539972423,ok,2026-09-24
k-way100430877,på kortet,,Egå Marina,Egå,,,,bro havn,1.5,8,egaa-marina-roklubben,"56.2100080, 10.2900607",way/100430877 way/100430886 way/100430906 way/565464675 way/88052838 way/88206472 way/88206474 way/913762782,ok,2026-09-24
k-way1011917690,på kortet,,C,Sankt Agnes Huse,,,,bro slæbested,1.5,10,spot-9,"55.6519651, 12.0748234",way/1011917690 way/1011917691 way/216408652 way/29089573 way/29089578 way/29089585 way/4327269 way/980076574 way/980076576 way/980076579,ok,2026-09-24
k-way101219786,,,Kalvø Havn,Kalvø,,,,bro havn,1.5,4,,"55.1221037, 9.4658605",way/101219786 way/1038336915 way/1075838466 way/286306990,ok,2026-09-24
k-way1015324631,på kortet,,,Sankt Agnes Huse,,,,bro slæbested,1.5,10,spot-9,"55.6510700, 12.0796172",way/1015324631 way/1015324632 way/1015324633 way/112279662 way/112279668 way/216408649 way/226332096 way/226332097 way/226332150 way/226332151,ok,2026-09-24
k-way1025798932,,,Remmerstrand Jollehavn,Remmer Strand,,,,bro havn,1.5,2,,"56.5476790, 8.4960661",way/1025798932 way/445998769,ok,2026-09-24
k-way1031097321,,,,Langå,,,,bro slæbested,1.5,8,,"56.3852806, 9.9089750",way/1031097321 way/1031097322 way/738037265 way/902625523 way/902625524 way/902625525 way/902625526 way/902625527,ok,2026-09-24
k-way1031099423,,,,Stevnstrup,,,,bro slæbested,1.5,9,,"56.4323904, 9.9657764",way/1031099423 way/1034762855 way/1179988362 way/1179988363 way/902546069 way/902546070 way/902546071 way/902546072 way/902546073,ok,2026-09-24
k-way1034860594,,,Knebelbro Jolle- og Bådehavn,Knebelbro,,,,bro havn,1.5,8,,"56.2043143, 10.4721018",way/1034860594 way/363940149 way/363940150 way/363940152 way/93338928 way/93338932 way/93338942 way/93338944,ok,2026-09-24
k-way1034860595,,,Skødshoved Bro og Jollehavn,Skødshoved Strand,,,,bro havn,1.5,4,,"56.1812289, 10.3741879",way/1034860595 way/155818602 way/155818604 way/155818605,ok,2026-09-24
k-way1035013990,,,Nykøbing Sjælland Lystbådehavn,Moseby,,,,bro havn,1.5,14,,"55.9137611, 11.6718473",way/1035013990 way/1389288035 way/1490453457 way/216429341 way/216429342 way/216429344 way/216429346 way/380870256 way/914970814 way/97706632 way/97706633 way/97706636 way/97706637 way/97706638,ok,2026-09-24
k-way1035013991,,,Nykøbing Sjælland Lystbådehavn,Nykøbing Sjælland,,,,bro havn,1.5,3,,"55.9155232, 11.6759546",way/1035013991 way/216429338 way/216429343,ok,2026-09-24
k-way1036638267,,,Borgmesterbroen,Silkeborg,,,,bro havn,1.5,16,,"56.1652610, 9.5547394",way/1036638267 way/386865877 way/905281666 way/905281673 way/905281674 way/905281675 way/905281676 way/905281677 way/905281678 way/905281679 way/905281680 way/905281681 way/905281682 way/905281683 way/905281684 way/905281685,ok,2026-09-24
k-way1036638895,,,Stinesminde Havn,Stinesminde,,,,bro havn,1.5,2,,"56.6713114, 9.9703174",way/1036638895 way/1464202725,ok,2026-09-24
k-way1036638896,,,Als Odde Bro,Als Odde,,,,bro havn,1.5,2,,"56.7051739, 10.3286324",way/1036638896 way/125566977,ok,2026-09-24
k-way1038329052,,,Vasebro,Kobæk Strand,,,,bro havn,1.5,3,,"55.2458729, 11.2465002",way/1038329052 way/350505931 way/350505933,ok,2026-09-24
k-way1038330521,,,Lund Havn,Lund,,,,bro havn,1.5,2,,"55.2379252, 12.3021438",way/1038330521 way/114119350,ok,2026-09-24
k-way1038330524,,,Masnedø Marinecenter,Masnedø,,,,bro havn,1.5,2,,"54.9947134, 11.8912643",way/1038330524 way/1497616634,ok,2026-09-24
k-way1038334508,,,Holbæk Gammel Havn,Holbæk,,,,bro havn,1.5,5,,"55.7205257, 11.7099573",way/1038334508 way/1477368763 way/256153332 way/405283131 way/405283132,ok,2026-09-24
k-way1038334512,,,Jyllinge Nordhavn,Jyllinge,,,,bro havn,1.5,4,,"55.7614538, 12.0945056",way/1038334512 way/111486629 way/111486633 way/111486634,ok,2026-09-24
k-way1038336907,,,Ribe Havn,Ribe,,,,bro havn,1.5,5,,"55.3295631, 8.7630907",way/1038336907 way/1321685539 way/1321685540 way/1491071547 way/1491071548,ok,2026-09-24
k-way1038336909,,,Marina Fiskenæs,Fisknæs,,,,bro havn,1.5,8,,"54.9179045, 9.6043192",way/1038336909 way/105901537 way/105901538 way/105901542 way/105901552 way/105901557 way/105901564 way/105901568,ok,2026-09-24
k-way1038336910,,,Egernsund Havn,Egernsund,,,,bro havn,1.5,9,,"54.9085657, 9.6024899",way/1038336910 way/348746179 way/348746181 way/348746188 way/348746194 way/348746197 way/348746202 way/348746203 way/348746204,ok,2026-09-24
k-way1038336911,,,Marina Toft,Egernsund,,,,bro havn,1.5,9,,"54.9093522, 9.5991540",way/1038336911 way/129400792 way/129400793 way/129400796 way/129400801 way/129400803 way/129400805 way/129400813 way/129400816,ok,2026-09-24
k-way1038336916,,,Haderslev Havn,Haderslev,,,,bro havn,1.5,4,,"55.2482766, 9.4997630",way/1038336916 way/46138496 way/46138497 way/46138498,ok,2026-09-24
k-way1038337763,,,Sejl- og Motorbådsklubben Frem,City Campus,,,,bro havn,1.5,5,,"55.4104034, 10.3761533",way/1038337763 way/332388757 way/332388758 way/332388759 way/392310469,ok,2026-09-24
k-way1038340041,,,Vindebyøre Bro,Vindebyøre,,,,bro havn,1.5,3,,"55.0556818, 10.6309623",way/1038340041 way/285819400 way/285819417,ok,2026-09-24
k-way1038340042,,,Christiansminde Bro,Vindebyøre,,,,bro havn,1.5,3,,"55.0595751, 10.6349977",way/1038340042 way/307684901 way/435208635,ok,2026-09-24
k-way1038340043,,,Svendborg Sund Marina,Christiansminde,,,,bro havn,1.5,5,,"55.0549953, 10.6436774",way/1038340043 way/1336064628 way/1336064629 way/1336067008 way/1336067009,ok,2026-09-24
k-way1038340047,,,Skovballe Havn,Skovballe,,,,havn slæbested,1.5,2,,"54.9659192, 10.5425340",way/1038340047 way/434000972,ok,2026-09-24
k-way1038340049,,,Søby Lystbådehavn,Søby,,,,bro havn,1.5,3,,"54.9425492, 10.2607188",way/1038340049 way/1359289839 way/1359289841,ok,2026-09-24
k-way1038341975,,,Lergravsbroen,Strandby,,,,bro havn,1.5,4,,"54.7540433, 11.8752829",way/1038341975 way/118945696 way/118945698 way/118945699,ok,2026-09-24
k-way1038341981,,,Dybvig Havn,Østerby,,,,bro havn,1.5,3,,"54.9445082, 11.4353997",way/1038341981 way/351249804 way/605005984,ok,2026-09-24
k-way1038343414,,,Bakkerne Bådehavn,Øster Sømarken,,,,bro havn,1.5,4,,"54.9994051, 14.9896198",way/1038343414 way/1053105231 way/40492437 way/40492439,ok,2026-09-24
k-way1039251394,,,Hardeshøj Færgebro,Hardeshøj,,,,bro havn,1.5,3,,"55.0086125, 9.6926841",way/1039251394 way/293601397 way/433222809,ok,2026-09-24
k-way1039251395,,,Mjelsvig Bådehavn,Mjels,,,,bro havn,1.5,6,,"55.0320230, 9.7154407",way/1039251395 way/98643451 way/98643452 way/98643453 way/98643454 way/98643456,ok,2026-09-24
k-way1041021858,,,Varde Havn,Varde,,,,bro havn,1.5,8,,"55.6180503, 8.4815106",way/1041021858 way/902530012 way/902533896 way/902533897 way/902533898 way/902533899 way/902533900 way/902536171,ok,2026-09-24
k-way104574092,,,Ballen Havn,Ballen,,,,bro havn,1.5,6,,"55.8158856, 10.6392889",way/104574092 way/104574096 way/1113710660 way/215797807 way/374564498 way/611817833,ok,2026-09-24
k-way1053895415,på kortet,,,Houlkær,,,,bro slæbested,1.5,7,noerresoebadet-viborg,"56.4624077, 9.4238591",way/1053895415 way/1206798477 way/1206798478 way/1206798479 way/1206798480 way/1206798481 way/1206799279,ok,2026-09-24
k-way106446310,,,Kytterup Havn,Ulfborg Kirkeby,,,,bro havn,1.5,21,,"56.3108645, 8.2946075",way/106446310 way/903632175 way/903632176 way/903632177 way/903632178 way/903632179 way/903632180 way/903632181 way/903632182 way/903632183 way/903632184 way/903632185 way/903632186 way/903632187 way/903632188 way/903632189 way/903632190 way/903632191 way/903632192 way/903632193 way/903632194,ok,2026-09-24
k-way1066789135,,,Christian Sørens Havn,Karrebæksminde,,,,bro havn,1.5,2,,"55.1811158, 11.6557992",way/1066789135 way/975592132,ok,2026-09-24
k-way1075372033,,,Gudhjem Havn,Gudhjem,,,,havn slæbested,1.5,2,,"55.2127207, 14.9707666",way/1075372033 way/669329891,ok,2026-09-24
k-way1075569650,,,,Sæne,,,,bro slæbested,1.5,3,,"55.2790937, 14.7558328",way/1075569650 way/241076432 way/40551122,ok,2026-09-24
k-way108149633,,,Slip,Hou,,,,bro slæbested,1.5,5,,"57.0556678, 10.3771568",way/108149633 way/108149638 way/108149656 way/408278183 way/408278184,ok,2026-09-24
k-way108848977,,,,Amagerbro,,,,bro slæbested,1.5,4,,"55.6798960, 12.6206719",way/108848977 way/108849008 way/108849043 way/1427084111,ok,2026-09-24
k-way108848978,,,Bådelaug Havnestad,Ballonparken,,,,bro havn,1.5,4,,"55.6600497, 12.5677337",way/108848978 way/108849019 way/227540740 way/27001518,ok,2026-09-24
k-way108849059,,,Teglværkshavnen,Vesterbro,,,,bro havn,1.5,3,,"55.6501553, 12.5465411",way/108849059 way/1150227847 way/614133742,ok,2026-09-24
k-way1099467383,,,Rudkøbing Sejlklub,Rudkøbing,,,,bro sejlklub,1.5,8,,"54.9416085, 10.7127490",way/1099467383 way/1099467396 way/1099467397 way/133535153 way/133535156 way/133535161 way/1424658928 way/616898050,ok,2026-09-24
k-way110668771,,,,Hellerup,,,,bro slæbested,1.5,7,,"55.7318192, 12.5805767",way/110668771 way/110668778 way/110668779 way/110668785 way/429845233 way/429845235 way/429845238,ok,2026-09-24
k-way110693889,,,Gæstebro 2,Lynæs,,,,bro slæbested,1.5,6,,"55.9422822, 11.8657266",way/110693889 way/110693899 way/110693905 way/110693914 way/1161754413 way/331500250,ok,2026-09-24
k-way110768962,på kortet,,,Hanehoved,,,,bro slæbested,1.5,7,frederiksvaerk-ro-og-kajakklub,"55.9653975, 12.0014267",way/110768962 way/110768965 way/110768980 way/110768983 way/110768984 way/229844555 way/26584741,ok,2026-09-24
k-way1116944773,,,Felsted Kog Havn,Nørhede,,,,bro havn,1.5,20,,"56.3201417, 8.2366031",way/1116944773 way/903317069 way/903317070 way/903317071 way/903317072 way/903317073 way/903317074 way/903317075 way/903317076 way/903317077 way/903317078 way/903317079 way/903317080 way/903317081 way/903317082 way/903317083 way/903317084 way/903317085 way/903317086 way/903317087,ok,2026-09-24
k-way1116944794,,,Sandholm Havn,Nørhede,,,,bro havn,1.5,15,,"56.3218240, 8.2005167",way/1116944794 way/901530721 way/901530722 way/901530723 way/901530724 way/901530725 way/901530726 way/901530727 way/901530728 way/901530729 way/901530730 way/901530731 way/901530732 way/901530733 way/901530734,ok,2026-09-24
k-way1118165279,,,Kyndby Huse Bådhavn,Kyndby Huse,,,,havn slæbested,1.5,2,,"55.8094171, 11.8796968",way/1118165279 way/653210757,ok,2026-09-24
k-way1118749834,,,,Sølyst,,,,bro slæbested,1.5,4,,"55.4687318, 9.7559804",way/1118749834 way/1484710551 way/1485492863 way/1485492864,ok,2026-09-24
k-way1128139972,på kortet,,,Virksund,,,,bro slæbested,1.5,5,virksund-lystbaadhavn,"56.6076037, 9.2907681",way/1128139972 way/387138487 way/387138491 way/488651872 way/488651873,ok,2026-09-24
k-way112941457,,,,Nysø,,,,bro havn,1.5,8,,"55.1243622, 12.0412782",way/112941457 way/112941458 way/119423308 way/119423313 way/1508388702 way/385184804 way/385184805 way/385184808,ok,2026-09-24
k-way113139461,,,Sukkerfabrikshavn,Stege,,,,bro havn,1.5,7,,"54.9821760, 12.2788338",way/113139461 way/385140857 way/520035339 way/914896783 way/914896784 way/914896785 way/914896786,ok,2026-09-24
k-way1133982587,,,Masnedø Jernhavn,Masnedø,,,,bro havn,1.5,3,,"54.9818448, 11.8861844",way/1133982587 way/617838652 way/617838653,ok,2026-09-24
k-way1138315813,,,,Doverodde,,,,bro slæbested,1.5,5,,"56.7172293, 8.4698799",way/1138315813 way/1490535060 way/1490535061 way/1490535062 way/768480751,ok,2026-09-24
k-way114372965,,,,Aabenraa,,,,bro slæbested,1.5,2,,"55.0388407, 9.4227149",way/114372965 way/489095169,ok,2026-09-24
k-way116537080,,,Ny Marina,Juelsminde,,,,bro havn,1.5,4,,"55.7166087, 10.0115406",way/116537080 way/116537085 way/116537091 way/77512517,ok,2026-09-24
k-way116537089,,,Sandbjerg Marina,Sandbjergvig,,,,bro havn,1.5,5,,"55.7170317, 10.0085963",way/116537089 way/116537094 way/1191403174 way/1191433305 way/77540802,ok,2026-09-24
k-way116537090,,,Østhavn,Juelsminde,,,,bro havn,1.5,4,,"55.7158042, 10.0182667",way/116537090 way/958077027 way/958077028 way/958077029,ok,2026-09-24
k-way1179935039,på kortet,,Slip,Ølby Lyng,,,,bro slæbested,1.5,5,koege-havn,"55.4715309, 12.1975664",way/1179935039 way/1349006314 way/1349006315 way/429477488 way/429477490,ok,2026-09-24
k-way1183647668,,,,Vellerup Sommerby,,,,bro slæbested,1.5,7,,"55.7565707, 11.8488233",way/1183647668 way/215606671 way/215606674 way/215606678 way/215606680 way/650787908 way/650787909,ok,2026-09-24
k-way118757048,,,Skaven Lystbådehavn,Skaven Strand,,,,bro havn,1.5,4,,"55.8931958, 8.3590929",way/118757048 way/120140122 way/120140123 way/120140130,ok,2026-09-24
k-way1190185257,på kortet,,Marina Fjordparken,Søholt,,,,bro havn,1.5,7,aalborg-sejlklub,"57.0562359, 9.8763629",way/1190185257 way/1417684463 way/1417684464 way/91266561 way/91266574 way/91266601 way/91266602,ok,2026-09-24
k-way119926061,på kortet,,Ærøskøbing Lystbådehavn,Ærøskøbing,,,,bro havn,1.5,8,spot-8,"54.8933198, 10.4100834",way/119926061 way/119926062 way/119926066 way/501949880 way/73312888 way/73312893 way/73312898 way/914923066,ok,2026-09-24
k-way119962124,,,Bro B,Augustenborg,,,,bro havn,1.5,7,,"54.9424546, 9.8719515",way/119962124 way/584751747 way/85612101 way/85612103 way/85612104 way/85612105 way/85666268,ok,2026-09-24
k-way120234729,,,Nold's Havn,Ålestokshuse,,,,bro havn,1.5,5,,"55.2163822, 11.7415244",way/120234729 way/120234730 way/26848395 way/501774238 way/501774241,ok,2026-09-24
k-way120356461,,,Sejlklubben Lynetten,Indre By,,,,bro sejlklub,1.5,8,,"55.6891819, 12.6184051",way/120356461 way/1302753320 way/1302753321 way/25544369 way/25544371 way/429511358 way/591403734 way/591403735,ok,2026-09-24
k-way121211145,på kortet,,,Assens,,,,bro slæbested,1.5,4,spot-19,"55.2690731, 9.8850799",way/121211145 way/317011883 way/317011886 way/317011887,ok,2026-09-24
k-way1214497566,på kortet,,,Stige,,,,bro havn,1.5,4,odense-kajakklub-2,"55.4388666, 10.4206965",way/1214497566 way/1214497569 way/1214497570 way/1214497571,ok,2026-09-24
k-way1229962963,,,Helmklink Havn,Nørre Fjand,,,,bro havn,1.5,43,,"56.3308118, 8.1466977",way/300868443 way/901504014 way/901504015 way/901504016 way/901504017 way/901504018 way/901504019 way/901504020 way/901504021 way/901504022 way/901504023 way/901504024 way/901504025 way/901504026 way/901504027 way/901504028 way/901504029 way/901504030 way/901504031 way/901504032 way/901504033 way/901504034 way/901504035 way/901504036 way/901504037 way/901504038 way/901504039 way/901504040 way/901504041 way/901504042 way/901504043 way/901504044 way/901504045 way/901504046 way/901504047 way/901504048 way/901504049 way/901504050 way/901504051 way/901504052 way/901504053 way/901504054 way/901504055,ok,2026-09-24
k-way124423163,,,Ringkøbing Jollehavn,Ringkøbing,,,,bro havn,1.5,6,,"56.0858789, 8.2437242",way/124423163 way/124423174 way/223896090 way/426200359 way/902545418 way/902574094,ok,2026-09-24
k-way1251320474,,,Thorsminde Jollehavn,Thorsminde,,,,bro havn,1.5,7,,"56.3713526, 8.1259945",way/1251320474 way/234239255 way/903669337 way/903672371 way/903672372 way/903672373 way/903672374,ok,2026-09-24
k-way126268885,,,Jacobshavn,Appenæs Hoved,,,,bro havn,1.5,3,,"55.1984603, 11.7470147",way/126268885 way/126268886 way/26451155,ok,2026-09-24
k-way1290067986,,,Endelave Havn,Endelave By,,,,bro havn,1.5,12,,"55.7621961, 10.2705614",way/1290067986 way/1290067987 way/208442570 way/208442572 way/208442573 way/208442575 way/208442577 way/38249181 way/38249182 way/676727097 way/676727098 way/676727099,ok,2026-09-24
k-way1302706859,,,Hirsholm Havn,Hirsholm,,,,bro havn,1.5,3,,"57.4841572, 10.6226616",way/1302706859 way/594889762 way/81672319,ok,2026-09-24
k-way1311169354,,,Anholt havn,Anholt,,,,bro havn,1.5,5,,"56.7154039, 11.5142604",way/1311169354 way/408150399 way/674059701 way/93299940 way/93299945,ok,2026-09-24
k-way1321559902,,,Kloster Havn,Nørgård,,,,bro havn,1.5,3,,"56.2958650, 8.2775197",way/300868347 way/602875741 way/602875743,ok,2026-09-24
k-way1321563368,,,Stauning Havn,Stauning,,,,bro havn,1.5,5,,"55.9541834, 8.3709409",way/133336541 way/133336561 way/133336562 way/133336563 way/276402408,ok,2026-09-24
k-way1321879911,,,Nørre Lyngvig Havn,Nørre Lyngvig,,,,bro havn,1.5,18,,"56.0536580, 8.1267246",way/289607306 way/901564965 way/901564966 way/901564967 way/901564968 way/901564969 way/901564970 way/901564971 way/901564972 way/901564973 way/901564974 way/901564975 way/901564976 way/901564977 way/901564978 way/901564979 way/901564980 way/901564981,ok,2026-09-24
k-way1332440159,,,,Skibhusene,,,,bro slæbested,1.5,2,,"55.4314454, 10.4233146",way/1332440159 way/1332440161,ok,2026-09-24
k-way1341755880,,,Langebro Pier,Fredericia,,,,bro slæbested,1.5,2,,"55.5594170, 9.7535930",way/1341755880 way/1426702447,ok,2026-09-24
k-way1344794989,,,Klintholm Havn,Klintholm Havn,,,,bro havn,1.5,10,,"54.9532732, 12.4643022",way/1344794989 way/1344794990 way/268920109 way/268920110 way/268920118 way/41602282 way/421592067 way/421592069 way/634149535 way/913804412,ok,2026-09-24
k-way1346653412,,,Åbyskov slæbested,Åbyskov,,,,bro slæbested,1.5,3,,"55.0672275, 10.7351200",way/1346653412 way/1346653413 way/433984466,ok,2026-09-24
k-way1348306892,,,Sandager Havn,Sandager,,,,bro havn,1.5,2,,"54.6626629, 11.6005827",way/1348306892 way/357095126,ok,2026-09-24
k-way1349862063,,,Lyndby Havn,Lyndby,,,,bro havn,1.5,7,,"55.6687746, 11.9393970",way/1349862063 way/612354358 way/612354359 way/612354360 way/612354362 way/612354363 way/725027876,ok,2026-09-24
k-way135231775,,,,Ramløse Søkrog,,,,bro slæbested,1.5,2,,"56.0011743, 12.1105473",way/135231775 way/905296154,ok,2026-09-24
k-way1359289838,,,Inderhavn,Søby,,,,bro havn,1.5,3,,"54.9418224, 10.2592985",way/1359289838 way/1359289840 way/1359289881,ok,2026-09-24
k-way137989797,,,Søndre Bådehavn,Rønne,,,,havn slæbested,1.5,2,,"55.0983513, 14.6960977",way/137989797 way/942403560,ok,2026-09-24
k-way1387950867,,,Østby Havn,Hammer,,,,bro havn,1.5,2,,"55.7528542, 12.0633113",way/1387950867 way/215597388,ok,2026-09-24
k-way1414607928,,,,Gøgebakke,,,,bro slæbested,1.5,2,,"55.9346241, 11.9262041",way/1414607928 way/652297353,ok,2026-09-24
k-way1426045160,,,Bro 4,Korsør,,,,bro slæbested,1.5,6,,"55.3280587, 11.1324891",way/1426045160 way/228929974 way/228929975 way/381164494 way/381164495 way/942446199,ok,2026-09-24
k-way1464202684,,,,Hadsund,,,,bro slæbested,1.5,10,,"56.7171615, 10.1279990",way/1464202684 way/1464202685 way/468297989 way/468297991 way/468297994 way/468297999 way/641670485 way/641670491 way/641670492 way/641670495,ok,2026-09-24
k-way1497700064,,,Kleven Havn,Ommel,,,,bro havn,1.5,6,,"54.8698557, 10.4807999",way/1497700064 way/1497700066 way/1497700067 way/1497912950 way/1497912951 way/239450421,ok,2026-09-24
k-way150341228,,,,,,,,bro slæbested,1.5,3,,"55.3212142, 15.1833117",way/150341228 way/226053980 way/682933710,ok,2026-09-24
k-way169045202,på kortet,,Ebeltoft Skudehavn,Ebeltoft,,,,bro havn,1.5,7,ebeltoft-havn,"56.1916740, 10.6688283",way/169045202 way/169045206 way/169045210 way/613270755 way/613270756 way/613270757 way/613270760,ok,2026-09-24
k-way173084976,på kortet,,Træskibshavnen,Aarhus,,,,bro havn,1.5,3,aarhus-sejlsportscenter,"56.1693777, 10.2230319",way/173084976 way/407480784 way/595219819,ok,2026-09-24
k-way208912919,,,Femø Havn,Sønderby,,,,bro havn,1.5,4,,"54.9721544, 11.5145147",way/208912919 way/502371233 way/502371263 way/615934802,ok,2026-09-24
k-way215077991,,,Neppens Havn,Bangsbostrand,,,,bro havn,1.5,6,,"57.4196203, 10.5285782",way/215077991 way/470500043 way/470501095 way/470501096 way/470505611 way/918509829,ok,2026-09-24
k-way215077995,,,Frederikshavn Marina,Bangsbostrand,,,,bro havn,1.5,27,,"57.4251138, 10.5305354",way/215077995 way/520651369 way/520651370 way/520651371 way/520651372 way/520651374 way/520651383 way/520651384 way/520655116 way/548128292 way/77934542 way/77934543 way/77934544 way/77934553 way/77934554 way/77934556 way/77934562 way/77934563 way/77934564 way/77934568 way/77934569 way/77934575 way/77934576 way/77934578 way/77934582 way/77934583 way/77934586,ok,2026-09-24
k-way215082351,,,Tunnelhavnen,Stigsborg,,,,bro havn,1.5,3,,"57.0587000, 9.9554529",way/215082351 way/215082352 way/599243128,ok,2026-09-24
k-way215566146,,,Hornbæk Havn,Hornbæk,,,,bro havn,1.5,10,,"56.0950336, 12.4590494",way/215566146 way/215566147 way/215566148 way/380985126 way/380985646 way/380985647 way/381075158 way/381082138 way/381082141 way/916129287,ok,2026-09-24
k-way215606676,,,Nordhammer Bådelaug,Vellerup Sommerby,,,,bro havn,1.5,3,,"55.7571768, 11.8507948",way/215606676 way/215606677 way/672866702,ok,2026-09-24
k-way220214581,,,Fjordhavn,Hvide Sande,,,,bro havn,1.5,16,,"56.0083235, 8.1340118",way/220214581 way/595919321 way/902617576 way/902617577 way/902617584 way/902626590 way/902626591 way/902626592 way/902626593 way/902626594 way/902626595 way/918223900 way/918223901 way/918223902 way/918223903 way/918223904,ok,2026-09-24
k-way221619743,,,Jegindø Havn,Bøl,,,,bro havn,1.5,3,,"56.6517610, 8.6363047",way/221619743 way/617288969 way/617288972,ok,2026-09-24
k-way222563907,,,Gåbense Lystbådehavn,Gåbense,,,,bro havn,1.5,5,,"54.9432215, 11.8795856",way/222563907 way/222563908 way/420016449 way/420016450 way/723790163,ok,2026-09-24
k-way25544372,,,Margretheholms Havn,Indre By,,,,bro havn,1.5,6,,"55.6880873, 12.6176085",way/25544372 way/25544373 way/25544374 way/429511356 way/429511357 way/450128288,ok,2026-09-24
k-way26451082,,,Ydernæs Fritidshavn,Stenbæksholm,,,,bro havn,1.5,3,,"55.2061380, 11.7196414",way/26451082 way/627044857 way/627044858,ok,2026-09-24
k-way266535063,,,Bådklubben Vidå,Ny Møllehus,,,,bro havn,1.5,26,,"54.9125048, 8.8341934",way/266535063 way/266535065 way/903659580 way/903659581 way/903659582 way/903659583 way/903659584 way/903659585 way/903659586 way/903659587 way/903659588 way/903659589 way/903659590 way/903659591 way/903659592 way/903659593 way/903659594 way/903659595 way/903659596 way/903659597 way/903659598 way/903659599 way/903659600 way/903659601 way/903659602 way/98649436,ok,2026-09-24
k-way292604495,,,,Kalundborg,,,,bro slæbested,1.5,4,,"55.6691056, 11.1030545",way/292604495 way/292604496 way/292604497 way/292604498,ok,2026-09-24
k-way294947080,,,,Agersø,,,,bro slæbested,1.5,5,,"55.2112928, 11.1976315",way/294947080 way/294947082 way/294947085 way/294947092 way/502359796,ok,2026-09-24
k-way300866599,,,Damhus Å Havn,Ballesig,,,,bro havn,1.5,25,,"56.3508986, 8.2441797",way/300866599 way/903265997 way/903265998 way/903265999 way/903266000 way/903266001 way/903266002 way/903266003 way/903266004 way/903266005 way/903266006 way/903266007 way/903266008 way/903266009 way/903266010 way/903266011 way/903266012 way/903266013 way/903266014 way/903266015 way/903266016 way/903266017 way/903266018 way/903266019 way/903266020,ok,2026-09-24
k-way301129545,,,Hesnæs Havn,Hesnæs,,,,bro havn,1.5,3,,"54.8231595, 12.1380217",way/301129545 way/301129547 way/301129548,ok,2026-09-24
k-way307885024,,,Bro 4c,Høruphav,,,,bro havn,1.5,8,,"54.9068235, 9.8871585",way/307885024 way/38236312 way/38236319 way/38236321 way/38236322 way/38236323 way/615198217 way/837256151,ok,2026-09-24
k-way312845006,,,Svendborg Lystbådehavn,Vindeby,,,,bro havn,1.5,3,,"55.0520388, 10.6115146",way/312845006 way/33604522 way/33604691,ok,2026-09-24
k-way32237193,,,Aalborg Skudehavn,Vestbyen,,,,bro havn,1.5,3,,"57.0584445, 9.8965585",way/32237193 way/999573014 way/999573015,ok,2026-09-24
k-way346568682,,,Kerteminde Jollehavn,Kerteminde,,,,bro havn,1.5,5,,"55.4498557, 10.6655176",way/346568682 way/346568683 way/601304888 way/847804905 way/918227579,ok,2026-09-24
k-way353585058,,,Nørre Uttrup Lystbådehavn,Nørre Uttrup,,,,bro havn,1.5,6,,"57.0707211, 9.9579881",way/353585058 way/468333674 way/468333676 way/97986096 way/97986152 way/97986169,ok,2026-09-24
k-way367453688,,,Rælingen,Dragør,,,,bro havn,1.5,3,,"55.5910625, 12.6796587",way/367453688 way/367453689 way/450128284,ok,2026-09-24
k-way370501638,,,,Haderslev,,,,bro slæbested,1.5,2,,"55.2483338, 9.4962885",way/370501638 way/612285246,ok,2026-09-24
k-way379780174,,,Slippen,Faaborg,,,,bro slæbested,1.5,2,,"55.0949774, 10.2341358",way/379780174 way/379780175,ok,2026-09-24
k-way380901789,,,Slip,Sejerby,,,,bro slæbested,1.5,2,,"55.8806759, 11.1368491",way/380901789 way/380901792,ok,2026-09-24
k-way381162872,,,Korsør Lystbådehavn,Korsør,,,,bro havn,1.5,2,,"55.3284991, 11.1301120",way/381162872 way/615528650,ok,2026-09-24
k-way383657592,,,Skovshoved Havn,Skovshoved,,,,bro havn,1.5,9,,"55.7615036, 12.6018907",way/383657592 way/383657596 way/383657597 way/383657598 way/383657600 way/43109706 way/43109707 way/433067036 way/518609460,ok,2026-09-24
k-way393319586,på kortet,,Slip,Ærøskøbing,,,,bro slæbested,1.5,3,spot-8,"54.8945223, 10.4087018",way/393319586 way/409277805 way/409277806,ok,2026-09-24
k-way407682739,,,Slip,Aså,,,,bro slæbested,1.5,3,,"57.1432320, 10.4263056",way/407682739 way/407682745 way/407682752,ok,2026-09-24
k-way40945708,,,Honnørkajen,Åstrup,,,,bro havn,1.5,12,,"56.2436315, 10.3426586",way/40945708 way/40945718 way/40953587 way/40953588 way/40953650 way/40987611 way/531677392 way/531687628 way/531687636 way/531687638 way/531687639 way/531687640,ok,2026-09-24
k-way429472083,på kortet,,,Køge,,,,bro slæbested,1.5,3,koege-havn,"55.4701018, 12.1954403",way/429472083 way/429472085 way/429473025,ok,2026-09-24
k-way439065243,,,Askø Havn,Askø By,,,,bro havn,1.5,5,,"54.8848546, 11.4826073",way/439065243 way/439065244 way/604394519 way/914558538 way/914558539,ok,2026-09-24
k-way45357202,,,Sortsø Fritidshavn,Sortsø,,,,bro havn,1.5,2,,"54.9153794, 11.9822584",way/45357202 way/546792390,ok,2026-09-24
k-way468333667,,,Sundby-Hvorup Sejlklub,Nørre Uttrup,,,,bro sejlklub,1.5,3,,"57.0700113, 9.9551043",way/468333667 way/483413469 way/97986148,ok,2026-09-24
k-way488651866,,,Kvols Havn,Kvols,,,,havn slæbested,1.5,2,,"56.5263538, 9.3002386",way/488651866 way/488651867,ok,2026-09-24
k-way524171926,,,0,Dragerup,,,,bro slæbested,1.5,4,,"55.7224040, 11.7593483",way/524171926 way/524171927 way/524171928 way/524171929,ok,2026-09-24
k-way628595856,,,,Gedser,,,,bro slæbested,1.5,2,,"54.5722315, 11.9300522",way/628595856 way/628595857,ok,2026-09-24
k-way631279059,på kortet,,Vejle Lystbådehavn,Vejle,,,,bro havn,1.5,3,vejle-kajakklub,"55.7062785, 9.5556276",way/631279059 way/659680073 way/92106569,ok,2026-09-24
k-way651553705,,,,Kignæsbakkerne,,,,bro slæbested,1.5,2,,"55.8556757, 12.0119378",way/651553705 way/651553706,ok,2026-09-24
k-way656703363,,,Ristinge Havn,Ristinge,,,,havn slæbested,1.5,2,,"54.8328373, 10.6373800",way/656703363 way/656703364,ok,2026-09-24
k-way65973881,nej,andet,Sminge Kanoteltplads,Sminge,,Kanoteltplads ved en smal del af Gudenåen (ca. 30 m) med strøm.,2026-09-24,bro kanoplads,1.5,2,,"56.2173376, 9.6710752",way/65973881 way/739846212,ok,2026-09-24
k-way665873478,,,Arnager Havn,Arnager,,,,bro havn,1.5,2,,"55.0509917, 14.7807540",way/665873478 way/667524054,ok,2026-09-24
k-way669255549,,,Allinge Havn,Allinge-Sandvig,,,,bro havn,1.5,2,,"55.2784930, 14.8015817",way/669255549 way/96792108,ok,2026-09-24
k-way669329889,,,Nørresand Havn,Gudhjem,,,,bro havn,1.5,2,,"55.2148225, 14.9667788",way/669329889 way/669329890,ok,2026-09-24
k-way690048189,,,Vilsund Havn,Vilsund Vest,,,,bro havn,1.5,2,,"56.8828295, 8.6286102",way/690048189 way/99209740,ok,2026-09-24
k-way69748591,,,Hjarnø Havn,Snaptun,,,,bro havn,1.5,2,,"55.8221336, 10.0643967",way/69748591 way/77512510,ok,2026-09-24
k-way734364266,,,Kongebro Havn,Snoghøj,,,,bro havn,1.5,2,,"55.5124640, 9.7093376",way/734364266 way/915765954,ok,2026-09-24
k-way799817681,,,Rendbjerg Jollehavn,Rendbjerg,,,,bro havn,1.5,7,,"54.8944134, 9.6273904",way/799817681 way/824105399 way/824105400 way/824105401 way/824105402 way/828928708 way/828928709,ok,2026-09-24
k-way836205118,,,,Thyborøn,,,,bro slæbested,1.5,4,,"56.6932068, 8.2210671",way/836205118 way/836205119 way/836205120 way/836205121,ok,2026-09-24
k-way916133338,,,Gilleleje Havn,Gilleleje,,,,bro havn,1.5,3,,"56.1277810, 12.3106024",way/916133338 way/93834812 way/93834813,ok,2026-09-24
k-node1023688711,,,Løger Odde Kano og Kajakrasteplads,Elvighøj,,,,kanoplads,1.0,1,,"55.4925755, 9.5696068",node/1023688711,ok,2026-09-24
k-node1028000926,,,,Rudbækshave,,,,havn,1.0,1,,"55.5400877, 9.7611915",node/1028000926,ok,2026-09-24
k-node10651231174,,,Nordhavn,Hvide Sande,,,,havn,1.0,1,,"56.0041193, 8.1220561",node/10651231174,ok,2026-09-24
k-node1072891408,,,Kindvig havn,Kindvig Enge,,,,havn,1.0,1,,"55.0478729, 12.1292148",node/1072891408,ok,2026-09-24
k-node10807974358,,,,Vinding,,,,slæbested,1.0,1,,"55.6943270, 9.5688437",node/10807974358,ok,2026-09-24
k-node10807974365,,,,Ravnsbæk,,,,slæbested,1.0,1,,"55.6913863, 9.5987140",node/10807974365,ok,2026-09-24
k-node10807974366,,,,Ravnsbæk,,,,slæbested,1.0,1,,"55.6916065, 9.6014522",node/10807974366,ok,2026-09-24
k-node1103583550,,,Kindvig Lystbådehavn,Kindvig Strand,,,,havn,1.0,1,,"55.0508169, 12.1276714",node/1103583550,ok,2026-09-24
k-node11049486375,,,,Sandbjergvig,,,,slæbested,1.0,1,,"55.7164216, 10.0035933",node/11049486375,ok,2026-09-24
k-node11112544596,,,,Lendrup Huse,,,,slæbested,1.0,1,,"56.9376457, 9.2061653",node/11112544596,ok,2026-09-24
k-node11112544597,,,,Lendrup Huse,,,,slæbested,1.0,1,,"56.9386652, 9.2076807",node/11112544597,ok,2026-09-24
k-node1131158564,,,Nykøbing Sjælland Lystbådehavn,Moseby,,,,havn,1.0,1,,"55.9134523, 11.6767516",node/1131158564,ok,2026-09-24
k-node11487085207,,,Bork Hytteby Havn,Bork Hytteby,,,,havn,1.0,1,,"55.8322288, 8.2640895",node/11487085207,ok,2026-09-24
k-node11514190564,,,Vesthavn,Hvide Sande,,,,havn,1.0,1,,"56.0016104, 8.1190939",node/11514190564,ok,2026-09-24
k-node11573902592,,,Harrevig Kajaklejrplads,Vile Strandgård,,,,kanoplads,1.0,1,,"56.6975780, 8.8829492",node/11573902592,ok,2026-09-24
k-node11597459634,,,Skive Sydhavn,Skive,,,,havn,1.0,1,,"56.5698338, 9.0530861",node/11597459634,ok,2026-09-24
k-node11637375840,,,Bådelauget Bøgeskov,Bøgeskov Strand,,,,havn,1.0,1,,"55.6271366, 9.7480562",node/11637375840,ok,2026-09-24
k-node11641013271,,,Ørndalens Bådelaug,Vindø,,,,havn,1.0,1,,"56.6370936, 9.8405100",node/11641013271,ok,2026-09-24
k-node11778274800,,,Ensted Havn,Styrt-om,,,,havn,1.0,1,,"55.0257896, 9.4392473",node/11778274800,ok,2026-09-24
k-node11810398403,,,,Hou,,,,slæbested,1.0,1,,"55.9110514, 10.2488762",node/11810398403,ok,2026-09-24
k-node11818253411,,,,Skalmstrup,,,,havn,1.0,1,,"56.5428351, 10.2151364",node/11818253411,ok,2026-09-24
k-node11933113734,,,,Lille Rørbæk,,,,slæbested,1.0,1,,"55.7806753, 12.0893531",node/11933113734,ok,2026-09-24
k-node12450602714,nej,andet,Alling Vest Kanolejrplads,Birkhede,,Kanolejrplads ved Gudenåen nær Alling uden synlig bro. Kun bred mellem træerne.,2026-09-24,kanoplads,1.0,2,,"56.1061631, 9.7215470",node/12450602714 way/530286754,ok,2026-09-24
k-node12771930929,,,"Lundø, Jelse Odde, Kajaklejrplads øst",Grønning Strand,,,,kanoplads,1.0,1,,"56.6497710, 9.1557682",node/12771930929,ok,2026-09-24
k-node12791980706,,,,Snogebæk,,,,slæbested,1.0,1,,"55.0255599, 15.1202732",node/12791980706,ok,2026-09-24
k-node12956386526,,,,Marstal,,,,slæbested,1.0,1,,"54.8610552, 10.5169082",node/12956386526,ok,2026-09-24
k-node13019563493,,,Nibe Sejlklub,Nibe,,,,sejlklub,1.0,1,,"56.9885289, 9.6344491",node/13019563493,ok,2026-09-24
k-node13019564282,,,Gjøl Sejlklub,Gjøl,,,,sejlklub,1.0,1,,"57.0627709, 9.7020275",node/13019564282,ok,2026-09-24
k-node13020819272,,,Natur og sejlklub 2,Nybro,,,,sejlklub,1.0,1,,"55.7662819, 12.4721715",node/13020819272,ok,2026-09-24
k-node13048551074,,,Ørodde Havn,Nykøbing Mors,,,,havn,1.0,1,,"56.7872617, 8.8763851",node/13048551074,ok,2026-09-24
k-node1316569285,,,,Juelsminde,,,,slæbested,1.0,1,,"55.7141346, 10.0152367",node/1316569285,ok,2026-09-24
k-node1365307222,,,Nakskov,Færgeland,,,,havn,1.0,1,,"54.8291070, 11.1349150",node/1365307222,ok,2026-09-24
k-node14002507583,,,,Feggesund Nord,,,,slæbested,1.0,1,,"56.9749813, 8.9217129",node/14002507583,ok,2026-09-24
k-node1487187786,,,Hvide Sande Havn,Hvide Sande,,,,havn,1.0,1,,"56.0024419, 8.1250650",node/1487187786,ok,2026-09-24
k-node1508513642,,,Mullerup Havns slæbested,Mullerup Havn,,,,slæbested,1.0,1,,"55.4935409, 11.1756574",node/1508513642,ok,2026-09-24
k-node1917793950,,,,Dybbøløsten,,,,slæbested,1.0,1,,"54.9216845, 9.7690443",node/1917793950,ok,2026-09-24
k-node22034196,,,Stengade Strandvejs slæbested,Stengade Strand,,,,slæbested,1.0,1,,"54.9565722, 10.8489102",node/22034196,ok,2026-09-24
k-node2244771486,,,Gammelhavn,Aabenraa,,,,havn,1.0,1,,"55.0421427, 9.4254748",node/2244771486,ok,2026-09-24
k-node2244875368,,,Hanstholm Havn,Hanstholm,,,,havn,1.0,1,,"57.1252672, 8.5931276",node/2244875368,ok,2026-09-24
k-node2246132458,,,Humlum Fiskerleje & Camping Havn,Humlum,,,,havn,1.0,1,,"56.5486386, 8.5742204",node/2246132458,ok,2026-09-24
k-node2246883600,,,Urne Havn,Nøbbet Østerskov,,,,havn,1.0,1,,"54.9518843, 11.2846739",node/2246883600,ok,2026-09-24
k-node2250804861,,,Ejby Havn,Ejby,,,,havn,1.0,1,,"55.6954663, 11.8373410",node/2250804861,ok,2026-09-24
k-node2250804900,,,Kignæs Havn,Kignæsbakkerne,,,,havn,1.0,1,,"55.8573647, 12.0092679",node/2250804900,ok,2026-09-24
k-node2293616127,,,,Ibsted,,,,slæbested,1.0,1,,"56.6443832, 8.5813017",node/2293616127,ok,2026-09-24
k-node2391247135,,,Fedhavnen,Feddet,,,,havn,1.0,1,,"55.1704207, 12.0911660",node/2391247135,ok,2026-09-24
k-node2431880422,,,Kanorasteplads - Primitiv Teltplads,Gram,,,,kanoplads,1.0,1,,"55.2966703, 9.0265873",node/2431880422,ok,2026-09-24
k-node2454663065,,,,Bukkemose,,,,slæbested,1.0,1,,"54.7935231, 10.7591878",node/2454663065,ok,2026-09-24
k-node2754565792,på kortet,,,Bovns,,,,slæbested,1.0,1,ravnsoe,"56.1038626, 9.8239375",node/2754565792,ok,2026-09-24
k-node2870465641,,,Rødbyhavn Trafikhavn,Rødbyhavn,,,,havn,1.0,1,,"54.6526345, 11.3465305",node/2870465641,ok,2026-09-24
k-node3005494016,,,Alssundbroen,Stovgård,,,,slæbested,1.0,1,,"54.9237081, 9.7701737",node/3005494016,ok,2026-09-24
k-node318273275,,,Herning Sejlklub,Sunds,,,,sejlklub,1.0,1,,"56.2148362, 9.0119816",node/318273275,ok,2026-09-24
k-node3201932151,,,,Tjørring,,,,slæbested,1.0,1,,"56.1553654, 8.9452862",node/3201932151,ok,2026-09-24
k-node3269034616,,,,Grønsund,,,,slæbested,1.0,1,,"54.8873683, 12.1165826",node/3269034616,ok,2026-09-24
k-node3511166982,,,,Dragør,,,,slæbested,1.0,1,,"55.6014780, 12.7515194",node/3511166982,ok,2026-09-24
k-node3748274247,,,,Havbakken,,,,slæbested,1.0,1,,"55.2309459, 9.7051876",node/3748274247,ok,2026-09-24
k-node3885738285,,,Løgstør Sejlklub,Løgstør,,,,sejlklub,1.0,1,,"56.9672735, 9.2461006",node/3885738285,ok,2026-09-24
k-node3995448650,,,,Svaneke,,,,slæbested,1.0,1,,"55.1352823, 15.1448644",node/3995448650,ok,2026-09-24
k-node4104399708,,,,Sønder Aggersund,,,,slæbested,1.0,1,,"56.9961303, 9.2920611",node/4104399708,ok,2026-09-24
k-node416391190,,,Stenderuphage,Gammel Ålbo,,,,slæbested,1.0,1,,"55.4591587, 9.6927131",node/416391190,ok,2026-09-24
k-node4296882194,,,,Horsens,,,,slæbested,1.0,1,,"55.8537763, 9.8668869",node/4296882194,ok,2026-09-24
k-node431046816,,,Balka Havn,Balka,,,,havn,1.0,1,,"55.0396522, 15.1111298",node/431046816,ok,2026-09-24
k-node431046832,,,Årsdale Havn,Årsdale,,,,havn,1.0,1,,"55.1076360, 15.1455310",node/431046832,ok,2026-09-24
k-node431046893,,,Teglkås Bådehavn,Teglkås,,,,havn,1.0,1,,"55.2227540, 14.7119910",node/431046893,ok,2026-09-24
k-node4312509098,,,,Smedegårde,,,,slæbested,1.0,1,,"55.7356957, 11.8598428",node/4312509098,ok,2026-09-24
k-node4321076392,,,,Snøde Udflyttere,,,,slæbested,1.0,1,,"55.0910041, 10.9368545",node/4321076392,ok,2026-09-24
k-node4349868002,,,,Fisknæs,,,,slæbested,1.0,1,,"54.9153471, 9.6074461",node/4349868002,ok,2026-09-24
k-node4443026251,på kortet,,Gundestrup Marina,Gundestrup,,,,havn,1.0,1,fk-odsherred-kajak,"55.7793551, 11.6160560",node/4443026251,ok,2026-09-24
k-node461095822,,,,Stauns,,,,slæbested,1.0,1,,"55.8975534, 10.6155789",node/461095822,ok,2026-09-24
k-node4856262633,,,,Tormaj,,,,slæbested,1.0,1,,"55.1665120, 9.5307040",node/4856262633,ok,2026-09-24
k-node5012041395,,,,Nexø,,,,slæbested,1.0,2,,"55.0658280, 15.1358389",node/5012041395 node/5012041396,ok,2026-09-24
k-node5166478433,,,Knebel,Knebel,,,,slæbested,1.0,1,,"56.2169743, 10.4740528",node/5166478433,ok,2026-09-24
k-node5605381864,,,Holbæk Sejlklub,Dragerup,,,,sejlklub,1.0,1,,"55.7205032, 11.7567524",node/5605381864,forsvundet,2026-09-24
k-node6130333655,,,,Nibe,,,,slæbested,1.0,1,,"56.9854144, 9.6300773",node/6130333655,ok,2026-09-24
k-node6130391023,,,,Klitgårds Fiskerleje,,,,slæbested,1.0,1,,"57.0270929, 9.6713165",node/6130391023,ok,2026-09-24
k-node725519853,,,,Herrup,,,,slæbested,1.0,1,,"56.4202205, 8.9350186",node/725519853,ok,2026-09-24
k-node746332824,,,Esbjerg Havn,Strandby,,,,havn,1.0,1,,"55.4681437, 8.4302677",node/746332824,ok,2026-09-24
k-node845838845,,,,Bork Hytteby,,,,bro,1.0,2,,"55.8377816, 8.2652672",node/845838845 way/70979262,ok,2026-09-24
k-node8955375975,,,,Eskov Strandpark,,,,slæbested,1.0,1,,"56.7895365, 9.1022305",node/8955375975,ok,2026-09-24
k-node9010464136,,,,Fredsted,,,,bro,1.0,1,,"55.2389552, 9.4536231",node/9010464136,ok,2026-09-24
k-node9010464137,,,,Fredsted,,,,bro,1.0,1,,"55.2393316, 9.4511918",node/9010464137,ok,2026-09-24
k-node9119557204,,,,Kallø,,,,slæbested,1.0,1,,"54.8523606, 11.6286762",node/9119557204,ok,2026-09-24
k-node9584470867,,,Nyborg Marina,Nyborg,,,,havn,1.0,1,,"55.3065096, 10.7915259",node/9584470867,ok,2026-09-24
k-node984697582,,,Holstebro-Struer Havn,Struer,,,,havn,1.0,1,,"56.4938740, 8.5972853",node/984697582,ok,2026-09-24
k-node9939759149,,,,Ebeltoft,,,,slæbested,1.0,1,,"56.2002286, 10.6755069",node/9939759149,ok,2026-09-24
k-relation10600468,,,Odense Motorbådshavn,Næsby,,,,havn,1.0,1,,"55.4157955, 10.3755742",relation/10600468,ok,2026-09-24
k-relation12446144,,,,Hellerup,,,,bro,1.0,2,,"55.7277492, 12.5819131",relation/12446144 way/466651566,ok,2026-09-24
k-relation12638571,,,,Ørestad,,,,bro,1.0,1,,"55.6355104, 12.5821092",relation/12638571,ok,2026-09-24
k-relation17516173,,,Krible Krable Broen,Jyderup,,,,bro,1.0,3,,"55.6535506, 11.3944149",relation/17516173 way/1266092727 way/303596077,ok,2026-09-24
k-relation18693939,,,,Stauns,,,,bro,1.0,1,,"55.9107037, 10.6415950",relation/18693939,ok,2026-09-24
k-relation19875651,,,,Snøde,,,,bro,1.0,1,,"55.0800008, 10.9078321",relation/19875651,ok,2026-09-24
k-relation6476337,,,Nyhavn,Indre By,,,,havn,1.0,1,,"55.6797366, 12.5909092",relation/6476337,ok,2026-09-24
k-relation8462956,,,,Ørestad,,,,bro,1.0,2,,"55.6410343, 12.5454387",relation/8462956 way/4238383,ok,2026-09-24
k-way1002322655,,,Varbjerg Havn,Varbjerg Strand,,,,havn,1.0,1,,"55.5163579, 9.9518993",way/55294642,ok,2026-09-24
k-way1002330354,,,,Bogense,,,,bro,1.0,4,,"55.5670887, 10.0819573",way/1002330354 way/1002330359 way/120297457 way/253813584,ok,2026-09-24
k-way1002330369,,,,Bogense,,,,bro,1.0,13,,"55.5677715, 10.0784311",way/1002330369 way/1002330370 way/1002330371 way/1002330372 way/1002330373 way/1002426582 way/1002426583 way/120297455 way/120297456 way/120297458 way/253813589 way/253813602 way/253813611,ok,2026-09-24
k-way1002341545,,,,Bogense,,,,bro,1.0,3,,"55.5672443, 10.0758090",way/1002341545 way/1272217630 way/1272217631,ok,2026-09-24
k-way1003038905,,,,Brødløse,,,,bro,1.0,2,,"57.0985669, 9.0597365",way/1003038905 way/1003038907,ok,2026-09-24
k-way1003038926,,,,Brødløse,,,,bro,1.0,4,,"57.0965091, 9.0625295",way/1003038926 way/1003038930 way/1003038931 way/1003038932,ok,2026-09-24
k-way1003038933,,,,Brødløse,,,,bro,1.0,2,,"57.0969223, 9.0603422",way/1003038933 way/1003038939,ok,2026-09-24
k-way100410871,,,,Stevningnor,,,,bro,1.0,2,,"54.9947321, 9.7895177",way/100410871 way/1427580235,ok,2026-09-24
k-way1004748413,,,,Amtoft,,,,bro,1.0,6,,"57.0059577, 8.9432242",way/1004748413 way/1004748414 way/425131870 way/425131874 way/99467427 way/99467435,ok,2026-09-24
k-way1005049439,,,,Virklund,,,,bro,1.0,3,,"56.1260206, 9.5299268",way/1005049439 way/1005049440 way/1005049441,ok,2026-09-24
k-way1005840575,,,,Tebstrup,,,,bro,1.0,1,,"55.9797990, 9.8770924",way/1005840575,ok,2026-09-24
k-way100595263,,,,Ørbyhage,,,,bro,1.0,2,,"55.2813381, 9.6500693",way/100595263 way/100595265,ok,2026-09-24
k-way1006769966,,,,Ugledige,,,,bro,1.0,1,,"55.0710814, 12.0047096",way/1006769966,ok,2026-09-24
k-way101070532,,,,Sønderballe Strand,,,,bro,1.0,3,,"55.1311333, 9.4767763",way/101070532 way/101070557 way/101070570,ok,2026-09-24
k-way1012165228,,,,Saltum,,,,bro,1.0,1,,"57.2765007, 9.6937698",way/1012165228,ok,2026-09-24
k-way101219781,,,,Kalvø,,,,bro,1.0,4,,"55.1222080, 9.4681740",way/101219781 way/101219783 way/101219785 way/286306984,ok,2026-09-24
k-way1012393958,på kortet,,,Fiskerhuse,,,,bro,1.0,1,vessoe,"56.0731968, 9.7839161",way/1012393958,ok,2026-09-24
k-way1014001535,,,,Hvide Sande,,,,bro,1.0,1,,"56.0185779, 8.1306133",way/1014001535,ok,2026-09-24
k-way1014261535,på kortet,,,Nykøbing Falster,,,,bro,1.0,6,spot,"54.7726493, 11.8621773",way/1014261535 way/698045398 way/698045399 way/698045400 way/698045401 way/698045402,ok,2026-09-24
k-way101533339,,,,Thyborøn,,,,bro,1.0,6,,"56.7050447, 8.2222418",way/101533339 way/101533340 way/101533341 way/101533347 way/101533354 way/101533359,ok,2026-09-24
k-way1018178835,,,,Nordhavn,,,,bro,1.0,7,,"55.7236820, 12.6038304",way/1018178835 way/1022289599 way/1022289600 way/1022289601 way/25556714 way/25556748 way/342360288,ok,2026-09-24
k-way1018884177,på kortet,,,Stege,,,,bro,1.0,2,spot-6,"54.9825000, 12.2860776",way/1018884177 way/1018884181,ok,2026-09-24
k-way1021941452,,,,Gellerup,,,,bro,1.0,2,,"56.1444513, 10.1403317",way/1021941452 way/1021941453,ok,2026-09-24
k-way1022190486,,,,Elvighøj,,,,bro,1.0,1,,"55.4982701, 9.5855753",way/1022190486,ok,2026-09-24
k-way1022190487,,,,Elvighøj,,,,bro,1.0,4,,"55.4980273, 9.5789608",way/1022190487 way/237100746 way/237100747 way/237100748,ok,2026-09-24
k-way1022190488,,,,Elvighøj,,,,bro,1.0,2,,"55.5018835, 9.5860165",way/1022190488 way/1022190489,ok,2026-09-24
k-way1022190490,,,,Elvighøj,,,,bro,1.0,1,,"55.5060971, 9.5829024",way/1022190490,ok,2026-09-24
k-way1022297351,,,,Dråby,,,,bro,1.0,1,,"56.2303749, 10.7188223",way/1022297351,ok,2026-09-24
k-way1022299012,,,,Dråby,,,,bro,1.0,1,,"56.2276296, 10.7189874",way/1022299012,ok,2026-09-24
k-way102261431,,,,Mørkholt Strand,,,,slæbested,1.0,1,,"55.6624583, 9.7255830",way/102261431,ok,2026-09-24
k-way102319922,,,,Mørkholt Strand,,,,bro,1.0,2,,"55.6499987, 9.7423294",way/102319922 way/232562023,ok,2026-09-24
k-way102319930,,,,Hvidbjerg Strand,,,,bro,1.0,1,,"55.6470427, 9.7429702",way/102319930,ok,2026-09-24
k-way1023331848,,,,Nykøbing Mors,,,,bro,1.0,1,,"56.7924799, 8.8558729",way/1023331848,ok,2026-09-24
k-way102334203,,,,Lohals,,,,bro,1.0,3,,"55.1345517, 10.9018899",way/102334203 way/102334204 way/303553115,ok,2026-09-24
k-way1023992518,,,,Tjørring,,,,bro,1.0,2,,"56.1563879, 8.9538571",way/1023992518 way/1023992519,ok,2026-09-24
k-way1025163574,,,,Stevnstrup,,,,bro,1.0,1,,"56.4274774, 9.9698611",way/1025163574,ok,2026-09-24
k-way1025849758,,,,Branden,,,,bro,1.0,1,,"56.8040751, 9.0223756",way/1025849758,ok,2026-09-24
k-way1025849759,,,,Branden,,,,bro,1.0,3,,"56.8032819, 9.0169121",way/1025849759 way/390132110 way/390132112,ok,2026-09-24
k-way102609863,,,,Agger,,,,bro,1.0,2,,"56.7767910, 8.2546634",way/102609863 way/102609867,ok,2026-09-24
k-way1026728112,,,,Engmarken,,,,bro,1.0,1,,"56.1719113, 10.1153465",way/1026728112,ok,2026-09-24
k-way1028930681,,,,Ebeltoft,,,,bro,1.0,1,,"56.2023883, 10.6759385",way/1028930681,ok,2026-09-24
k-way1030135849,,,,Attrup,,,,bro,1.0,1,,"57.0367540, 9.4560940",way/1030135849,ok,2026-09-24
k-way1030330649,,,,Virkelyst,,,,bro,1.0,1,,"56.3767642, 9.7045395",way/1030330649,ok,2026-09-24
k-way1031086731,,,,Ulstrup,,,,bro,1.0,1,,"56.3923045, 9.7723479",way/1031086731,ok,2026-09-24
k-way1031095254,,,,Langå,,,,bro,1.0,1,,"56.3820361, 9.8960220",way/1031095254,ok,2026-09-24
k-way1031097323,,,,Langå,,,,bro,1.0,11,,"56.3873848, 9.9092409",way/1031097323 way/1031097324 way/902625528 way/902625529 way/902625530 way/902625531 way/902625532 way/902625533 way/902625534 way/902625535 way/902625536,ok,2026-09-24
k-way1032785615,,,,Næsset,,,,bro,1.0,3,,"56.0386547, 9.9410496",way/1032785615 way/1381929758 way/902552175,ok,2026-09-24
k-way1032794063,,,,Fuldbro Mølle,,,,bro,1.0,1,,"56.0272000, 9.8307220",way/1032794063,ok,2026-09-24
k-way1033236367,,,,Holbæk,,,,bro,1.0,4,,"55.7206751, 11.7216227",way/1033236367 way/1033236368 way/1033236369 way/1033236370,ok,2026-09-24
k-way1033814599,,,,Randers,,,,bro,1.0,1,,"56.4612986, 10.0091969",way/1033814599,ok,2026-09-24
k-way1033814608,,,,Randers,,,,bro,1.0,1,,"56.4610066, 10.0129160",way/1033814608,ok,2026-09-24
k-way1033814611,,,,Randers,,,,bro,1.0,1,,"56.4592316, 10.0068222",way/1033814611,ok,2026-09-24
k-way1033825857,,,,Skælskør,,,,bro,1.0,1,,"55.2474769, 11.2764308",way/1033825857,ok,2026-09-24
k-way1033973410,,,,Skælskør,,,,bro,1.0,2,,"55.2579309, 11.2843696",way/1033973410 way/1201025935,ok,2026-09-24
k-way1035915504,,,,Aarhus,,,,bro,1.0,1,,"56.1581232, 10.2152832",way/1035915504,ok,2026-09-24
k-way1036639243,,,Grønlandshavnen,Vejrholm,,,,havn,1.0,1,,"57.0492951, 10.0572500",way/1036639243,ok,2026-09-24
k-way1037429254,,,,Strandhuse,,,,bro,1.0,1,,"55.4990915, 9.5083630",way/1037429254,ok,2026-09-24
k-way1037429255,,,,Strandhuse,,,,bro,1.0,3,,"55.4994000, 9.5103116",way/1037429255 way/1037429256 way/1037429257,ok,2026-09-24
k-way1037429258,på kortet,,,Strandhuse,,,,bro,1.0,1,kolding-roklub,"55.5000628, 9.5123894",way/1037429258,ok,2026-09-24
k-way1037429263,på kortet,,,Strandhuse,,,,bro,1.0,2,kolding-roklub,"55.4997814, 9.5164385",way/1037429263 way/1037429264,ok,2026-09-24
k-way1037429265,,,,Strandhuse,,,,bro,1.0,7,,"55.4987970, 9.5185124",way/1037429265 way/1037429266 way/1037429267 way/1037429268 way/1037429269 way/1037429270 way/1037429271,ok,2026-09-24
k-way1037429272,,,,Strandhuse,,,,bro,1.0,1,,"55.4981324, 9.5203466",way/1037429272,ok,2026-09-24
k-way1037429273,,,,Strandhuse,,,,bro,1.0,6,,"55.4975929, 9.5219990",way/1037429273 way/1037429274 way/1037429275 way/1037429276 way/1037429277 way/1037429278,ok,2026-09-24
k-way1037429279,,,,Strandhuse,,,,bro,1.0,8,,"55.4975870, 9.5240187",way/1037429279 way/1037429280 way/1037429281 way/1037429282 way/1037429283 way/1037429284 way/1037429285 way/1037429286,ok,2026-09-24
k-way1037429287,,,,Strandhuse,,,,bro,1.0,9,,"55.4980927, 9.5261104",way/1037429287 way/1037429288 way/1037429289 way/1037429290 way/1037429291 way/1037429292 way/1037429293 way/1037429294 way/1037429295,ok,2026-09-24
k-way1037429296,,,,Strandhuse,,,,bro,1.0,5,,"55.4981483, 9.5284765",way/1037429296 way/1037429297 way/1037429298 way/1037429299 way/1037429300,ok,2026-09-24
k-way1037429301,,,,Strandhuse,,,,bro,1.0,5,,"55.4978604, 9.5305740",way/1037429301 way/1037429316 way/1037429317 way/1037429318 way/1037429319,ok,2026-09-24
k-way1037429302,,,,Strandhuse,,,,bro,1.0,5,,"55.4963682, 9.5407680",way/1037429302 way/1037429303 way/1037429304 way/1037429305 way/1037429306,ok,2026-09-24
k-way1037429307,,,,Strandhuse,,,,bro,1.0,4,,"55.4965170, 9.5384925",way/1037429307 way/1037429308 way/1037429309 way/1037429310,ok,2026-09-24
k-way1037429311,,,,Strandhuse,,,,bro,1.0,4,,"55.4970115, 9.5353341",way/1037429311 way/1037429312 way/1037429313 way/1037429314,ok,2026-09-24
k-way1037429315,,,,Strandhuse,,,,bro,1.0,1,,"55.4974130, 9.5330542",way/1037429315,ok,2026-09-24
k-way1038166818,,,,Skodsborg,,,,bro,1.0,4,,"55.8147266, 12.5765049",way/1038166818 way/1038166820 way/1349200217 way/914082655,ok,2026-09-24
k-way1038326485,,,Nordre Inderhavn,Thyborøn,,,,havn,1.0,1,,"56.7061980, 8.2221891",way/1038326485,ok,2026-09-24
k-way1038340044,,,Vesterøn Havn,Lehnskov Huse,,,,havn,1.0,1,,"55.0324372, 10.5322137",way/1038340044,ok,2026-09-24
k-way1038340045,,,Bjørnø Landingsbro,Bjørnø By,,,,havn,1.0,1,,"55.0674431, 10.2516230",way/1038340045,ok,2026-09-24
k-way1038341979,,,Oreby Bro,Strandhuse,,,,havn,1.0,1,,"54.8267260, 11.5934989",way/1038341979,ok,2026-09-24
k-way1038341984,,,Lundehøje Havn,Sjælstofteskov,,,,havn,1.0,2,,"54.6366681, 11.5115233",way/1038341984 way/357095116,ok,2026-09-24
k-way1038343415,,,Haralds Havn,Kalshavebæk,,,,havn,1.0,1,,"55.1660243, 15.0513291",way/1038343415,ok,2026-09-24
k-way1040118355,,,,Farum,,,,bro,1.0,3,,"55.8068313, 12.3861556",way/1040118355 way/747024854 way/904096325,ok,2026-09-24
k-way1042620163,,,,Viby J.,,,,bro,1.0,1,,"56.1404449, 10.1444045",way/1042620163,ok,2026-09-24
k-way1042650474,,,,Åbyhøj,,,,bro,1.0,1,,"56.1430333, 10.1734415",way/1042650474,ok,2026-09-24
k-way1043569667,,,,Agersbæk,,,,bro,1.0,1,,"56.1538747, 8.2173960",way/1043569667,ok,2026-09-24
k-way1043569668,,,,Søgårde,,,,bro,1.0,1,,"56.1512235, 8.2175696",way/1043569668,ok,2026-09-24
k-way1044756231,,,,Horndrup,,,,bro,1.0,1,,"56.0107932, 9.8914566",way/1044756231,ok,2026-09-24
k-way1044756232,,,,Båstrup,,,,bro,1.0,3,,"56.0123894, 9.9427043",way/1044756232 way/1044756233 way/901864537,ok,2026-09-24
k-way1044756234,,,,Skårup,,,,bro,1.0,1,,"56.0198425, 9.9552335",way/1044756234,ok,2026-09-24
k-way1044756235,,,,Skårup,,,,bro,1.0,1,,"56.0203487, 9.9699395",way/1044756235,ok,2026-09-24
k-way1044756237,,,,Næsset,,,,bro,1.0,1,,"56.0374934, 9.9413915",way/1044756237,ok,2026-09-24
k-way104574091,,,,Ballen,,,,bro,1.0,2,,"55.8165245, 10.6418605",way/104574091 way/104574095,ok,2026-09-24
k-way1046823486,,,,Skårup,,,,bro,1.0,1,,"56.0110723, 9.9744088",way/1046823486,ok,2026-09-24
k-way1046937309,,,,Århusbakken,,,,bro,1.0,16,,"56.1583716, 9.5648073",way/1046937309 way/425831573 way/425831577 way/425831579 way/425831595 way/425831600 way/425831603 way/425833181 way/425833182 way/425833187 way/425833189 way/425833190 way/425833191 way/425833192 way/425833195 way/425833197,ok,2026-09-24
k-way1046937315,,,,Svejbæk,,,,bro,1.0,27,,"56.1264375, 9.6383316",way/1046937315 way/276815654 way/276815657 way/276815662 way/276815679 way/276815687 way/276815691 way/276815693 way/276815701 way/429900567 way/429900572 way/429900573 way/429900574 way/429900578 way/429900580 way/429900581 way/429900582 way/429900583 way/429900585 way/429900587 way/738902151 way/904058644 way/904058645 way/904058646 way/904940769 way/915691396 way/915691397,ok,2026-09-24
k-way1047622627,,,,Ålbæk,,,,bro,1.0,3,,"57.5919734, 10.4292554",way/1047622627 way/1047622628 way/409319063,ok,2026-09-24
k-way1049609956,,,,Landsbyen Sølund,,,,bro,1.0,5,,"56.0309757, 9.9268683",way/1049609956 way/901926892 way/901926893 way/901926894 way/901926895,ok,2026-09-24
k-way105040511,,,,Brøndby Strand,,,,bro,1.0,1,,"55.6153509, 12.4252869",way/105040511,ok,2026-09-24
k-way1050545428,på kortet,,,Struer,,,,bro,1.0,4,spot-17,"56.4941041, 8.5897532",way/1050545428 way/1050545429 way/171026426 way/454730422,ok,2026-09-24
k-way1051015654,,,,Thorøhuse,,,,bro,1.0,3,,"55.2445195, 9.8888821",way/1051015654 way/549714786 way/549714788,ok,2026-09-24
k-way1051015655,,,,Thorøhuse,,,,bro,1.0,1,,"55.2418782, 9.8919220",way/1051015655,ok,2026-09-24
k-way1051228092,,,,Dons,,,,bro,1.0,1,,"55.5678025, 9.4315650",way/1051228092,ok,2026-09-24
k-way1051228093,,,,Vester Nebel,,,,bro,1.0,1,,"55.5598218, 9.4224879",way/1051228093,ok,2026-09-24
k-way1051362834,,,,Masnedø,,,,bro,1.0,1,,"54.9943458, 11.8735482",way/1051362834,ok,2026-09-24
k-way1052002247,,,,Næsset,,,,bro,1.0,3,,"56.0354506, 9.9460414",way/1052002247 way/902545137 way/902545138,ok,2026-09-24
k-way1052622515,,,,Nordhavn,,,,bro,1.0,1,,"55.7117764, 12.5959964",way/1052622515,ok,2026-09-24
k-way1052669293,,,,Jyderup,,,,bro,1.0,2,,"55.6571912, 11.3914837",way/1052669293 way/1276219508,ok,2026-09-24
k-way105280287,,,,Strynø By,,,,bro,1.0,1,,"54.8977491, 10.6004461",way/105280287,ok,2026-09-24
k-way1053899508,på kortet,,,Overlund,,,,bro,1.0,6,viborg-roklub,"56.4591791, 9.4219483",way/1053899508 way/1053899509 way/1053899510 way/1211819162 way/1211819163 way/481816482,ok,2026-09-24
k-way1054179022,,,Kildekrattet,Overlund,,,,bro,1.0,3,,"56.4591780, 9.4319287",way/1054179022 way/1211818874 way/1211818875,ok,2026-09-24
k-way1055669178,,,,Vejlby,,,,bro,1.0,1,,"56.1867275, 10.2034504",way/1055669178,ok,2026-09-24
k-way105574991,,,,Nexø,,,,bro,1.0,2,,"55.0589296, 15.1370456",way/105574991 way/105574995,ok,2026-09-24
k-way105666969,på kortet,,,Kalundborg,,,,bro,1.0,2,kalundborg-roklub,"55.6776318, 11.0719431",way/105666969 way/105666975,ok,2026-09-24
k-way1057547273,,,,Korselitse,,,,bro,1.0,1,,"54.7681825, 12.0191553",way/1057547273,ok,2026-09-24
k-way1057562506,,,,Søndermarken,,,,bro,1.0,2,,"56.4337348, 9.4060737",way/1057562506 way/1057562507,ok,2026-09-24
k-way1057667273,,,,Ranum,,,,bro,1.0,3,,"56.8857448, 9.2505029",way/1057667273 way/1057667274 way/1057667275,ok,2026-09-24
k-way1057810385,,,,Hinnerup,,,,bro,1.0,4,,"56.2609663, 10.0651517",way/1057810385 way/1057810386 way/1057810387 way/1057810389,ok,2026-09-24
k-way1057810388,,,,Hinnerup,,,,bro,1.0,1,,"56.2619840, 10.0661272",way/1057810388,ok,2026-09-24
k-way1057855372,,,,Østergårde,,,,bro,1.0,1,,"56.6999804, 10.0686892",way/1057855372,ok,2026-09-24
k-way105901558,,,,Fisknæs,,,,bro,1.0,2,,"54.9142608, 9.6081870",way/105901558 way/105901566,ok,2026-09-24
k-way1059043406,,,,Nørre Ørum,,,,bro,1.0,8,,"56.5762545, 9.2427309",way/1059043406 way/1059043413 way/1059043414 way/1059043415 way/1059043416 way/1059043417 way/1059043418 way/1059043419,ok,2026-09-24
k-way1059043407,,,,Nørre Ørum,,,,bro,1.0,6,,"56.5768746, 9.2456076",way/1059043407 way/1059043408 way/1059043409 way/1059043410 way/1059043411 way/1059043412,ok,2026-09-24
k-way1059043426,,,,Kvostedlund,,,,bro,1.0,2,,"56.5508028, 9.2326481",way/1059043426 way/1059043427,ok,2026-09-24
k-way1059273016,,,,Sebbersund,,,,bro,1.0,1,,"56.9619937, 9.5706227",way/1059273016,ok,2026-09-24
k-way1059388636,,,,Sejs,,,,bro,1.0,19,,"56.1345851, 9.6077594",way/1059388636 way/895977738 way/895977739 way/905369837 way/905369838 way/905369839 way/905369840 way/905369841 way/905369842 way/905369843 way/905369844 way/905369845 way/905369846 way/905369847 way/905369848 way/905369849 way/905369850 way/905369851 way/905369852,ok,2026-09-24
k-way1059580812,,,,Frederiksbjerg,,,,bro,1.0,1,,"56.1420314, 10.1876824",way/1059580812,ok,2026-09-24
k-way1059829539,,,,Vallensbæk Nordmark,,,,bro,1.0,2,,"55.6434529, 12.3454599",way/1059829539 way/224057382,ok,2026-09-24
k-way1060146691,,,,Rudbækshave,,,,bro,1.0,2,,"55.5295623, 9.7685998",way/1060146691 way/1060146692,ok,2026-09-24
k-way1060146693,,,,Rudbækshave,,,,bro,1.0,3,,"55.5309888, 9.7689773",way/1060146693 way/1060146694 way/1060146695,ok,2026-09-24
k-way1060146696,,,,Rudbækshave,,,,bro,1.0,4,,"55.5322940, 9.7693302",way/1060146696 way/1060146697 way/1060146698 way/1060146699,ok,2026-09-24
k-way1060146700,,,,Rudbækshave,,,,bro,1.0,1,,"55.5334632, 9.7689701",way/1060146700,ok,2026-09-24
k-way1060146702,,,,Rudbækshave,,,,bro,1.0,1,,"55.5260330, 9.7673176",way/1060146702,ok,2026-09-24
k-way1060146703,,,,Rudbækshave,,,,bro,1.0,2,,"55.5239115, 9.7660192",way/1060146703 way/1060146704,ok,2026-09-24
k-way1060146705,,,,Rudbækshave,,,,bro,1.0,3,,"55.5228367, 9.7653584",way/1060146705 way/1060146706 way/1060146707,ok,2026-09-24
k-way1060146708,,,Bro 10,Rudbækshave,,,,bro,1.0,2,,"55.5220145, 9.7640382",way/1060146708 way/1060146709,ok,2026-09-24
k-way1060146710,,,,Lyng,,,,bro,1.0,1,,"55.5155916, 9.7578848",way/1060146710,ok,2026-09-24
k-way1060146711,,,,Lyng,,,,bro,1.0,2,,"55.5139475, 9.7573158",way/1060146711 way/1060146712,ok,2026-09-24
k-way1060146713,,,,Lyng,,,,bro,1.0,1,,"55.5116388, 9.7557275",way/1060146713,ok,2026-09-24
k-way1060146714,,,,Middelfart,,,,bro,1.0,3,,"55.5098824, 9.7535902",way/1060146714 way/1060146715 way/1060146716,ok,2026-09-24
k-way1060146717,,,,Middelfart,,,,bro,1.0,1,,"55.5090331, 9.7524102",way/1060146717,ok,2026-09-24
k-way1061610861,,,,Haar,,,,bro,1.0,1,,"56.2828893, 10.0725617",way/1061610861,ok,2026-09-24
k-way10627901,,,Kongedyb,Amagerbro,,,,bro,1.0,2,,"55.6845000, 12.6388754",way/10627901 way/4221159,ok,2026-09-24
k-way1063142893,,,,Sædding,,,,bro,1.0,2,,"56.0538181, 8.5252557",way/1063142893 way/1063142894,ok,2026-09-24
k-way1063259252,,,,Randers,,,,bro,1.0,2,,"56.4591115, 10.0130526",way/1063259252 way/1063263983,ok,2026-09-24
k-way1063259253,,,,Randers,,,,bro,1.0,2,,"56.4588554, 10.0168121",way/1063259253 way/1063259254,ok,2026-09-24
k-way1063289466,,,,Strømmen,,,,bro,1.0,1,,"56.4566246, 10.0427186",way/1063289466,ok,2026-09-24
k-way1065062901,,,,Galten,,,,bro,1.0,2,,"56.1493828, 9.8995875",way/1065062901 way/1065062902,ok,2026-09-24
k-way1065427264,på kortet,,,Brabrand,,,,bro,1.0,3,brabrand-soe-rostadion,"56.1505430, 10.1068145",way/1065427264 way/1065427265 way/1118013249,ok,2026-09-24
k-way1065857869,,,,Virkelyst,,,,bro,1.0,1,,"56.3733446, 9.6811091",way/1065857869,ok,2026-09-24
k-way1065858038,,,,Bjerringbro,,,,bro,1.0,1,,"56.3732894, 9.6652769",way/1065858038,ok,2026-09-24
k-way1066014724,,,,Virkelyst,,,,bro,1.0,1,,"56.3756727, 9.6880503",way/1066014724,ok,2026-09-24
k-way1066021420,,,,Brabrand,,,,bro,1.0,1,,"56.1477881, 10.0880913",way/1066021420,ok,2026-09-24
k-way1066936419,,,,Gedser,,,,bro,1.0,1,,"54.5714478, 11.9248396",way/1066936419,ok,2026-09-24
k-way1066962716,,,,Birkhede,,,,bro,1.0,5,,"56.1017765, 9.7466761",way/1066962716 way/233029312 way/233029343 way/848867052 way/933318988,ok,2026-09-24
k-way1066996601,,,,Ryebro,,,,bro,1.0,1,,"56.0575968, 9.6910963",way/1066996601,ok,2026-09-24
k-way1066996609,,,,Ryebro,,,,bro,1.0,1,,"56.0578815, 9.6990271",way/1066996609,ok,2026-09-24
k-way1067156289,,,,Næsby,,,,bro,1.0,3,,"55.7961523, 11.8226423",way/1067156289 way/1290612676 way/546429995,ok,2026-09-24
k-way1067497504,,,,Cortex Park,,,,bro,1.0,2,,"55.3726355, 10.4292612",way/1067497504 way/1067497505,ok,2026-09-24
k-way1067546757,,,,City Campus,,,,bro,1.0,1,,"55.4084747, 10.3813078",way/1067546757,ok,2026-09-24
k-way1067687465,,,,Skærbæk,,,,bro,1.0,4,,"56.1755006, 9.6124960",way/1067687465 way/1067687466 way/903699696 way/903699697,ok,2026-09-24
k-way1067687476,,,,Resenbro,,,,bro,1.0,5,,"56.1805291, 9.6368558",way/1067687476 way/903022431 way/903022432 way/903022433 way/903022434,ok,2026-09-24
k-way1067687477,,,,Resenbro,,,,bro,1.0,9,,"56.1825578, 9.6436828",way/1067687477 way/903022419 way/903022420 way/903022421 way/903022422 way/903022423 way/903022424 way/903022425 way/903022426,ok,2026-09-24
k-way1068011423,,,Q,Brøndby Strand,,,,bro,1.0,2,,"55.6078832, 12.4411871",way/1068011423 way/157759205,ok,2026-09-24
k-way1068142173,,,,Vestergårde,,,,bro,1.0,1,,"57.1244420, 9.7449243",way/1068142173,ok,2026-09-24
k-way1068911600,,,,Sæby,,,,bro,1.0,1,,"57.3302583, 10.5355574",way/1068911600,ok,2026-09-24
k-way1068911602,,,,Sæby,,,,bro,1.0,4,,"57.3301898, 10.5327954",way/1068911602 way/1068911603 way/1068911605 way/1068911606,ok,2026-09-24
k-way106935148,,,,Båstrup,,,,bro,1.0,2,,"56.0168999, 9.9380748",way/106935148 way/901865631,ok,2026-09-24
k-way106963463,,,,Dyves Bro,,,,bro,1.0,2,,"55.2080447, 11.6917786",way/106963463 way/106963466,ok,2026-09-24
k-way106963468,,,,Dyves Bro,,,,bro,1.0,1,,"55.2082713, 11.6942395",way/106963468,ok,2026-09-24
k-way1069679674,,,,Ryebro,,,,bro,1.0,1,,"56.0643674, 9.6564558",way/1069679674,ok,2026-09-24
k-way1069697983,,,,Løndal,,,,bro,1.0,1,,"56.0615743, 9.5985133",way/1069697983,ok,2026-09-24
k-way1069697999,,,,Løndal,,,,bro,1.0,1,,"56.0625180, 9.6016680",way/1069697999,ok,2026-09-24
k-way1069698014,,,,Vængsø,,,,bro,1.0,1,,"56.0627099, 9.6348526",way/1069698014,ok,2026-09-24
k-way1071663490,,,,Lilballe,,,,bro,1.0,1,,"55.5436181, 9.4813693",way/1071663490,ok,2026-09-24
k-way1073914506,,,,Fredericia,,,,bro,1.0,3,,"55.5602207, 9.7567203",way/1073914506 way/1073914507 way/653562717,ok,2026-09-24
k-way107407629,,,,Ertebølle,,,,bro,1.0,1,,"56.8187109, 9.1847393",way/107407629,ok,2026-09-24
k-way1075890173,,,,Hattenæs,,,,bro,1.0,9,,"56.1489623, 9.5613895",way/1075890173 way/1075890174 way/1165658622 way/1165658623 way/1165658624 way/1165658625 way/1165658626 way/533339875 way/533339876,ok,2026-09-24
k-way1075890183,,,,Hattenæs,,,,bro,1.0,3,,"56.1526049, 9.5685722",way/1075890183 way/1075890184 way/905031533,ok,2026-09-24
k-way1076125586,,,,Vesterbro,,,,bro,1.0,6,,"55.6587538, 12.5613786",way/1076125586 way/1076125587 way/1076125588 way/1076125593 way/1076125594 way/26200590,ok,2026-09-24
k-way1076125589,,,,Vesterbro,,,,bro,1.0,4,,"55.6575042, 12.5613014",way/1076125589 way/1076125590 way/1076125591 way/1076125592,ok,2026-09-24
k-way1076125599,på kortet,,,Vesterbro,,,,bro,1.0,3,amager-ro-og-kajakklub,"55.6550242, 12.5608166",way/1076125599 way/1191233378 way/1191233380,ok,2026-09-24
k-way1076180558,,,,Jystrup,,,,bro,1.0,2,,"55.5163572, 11.8666554",way/1076180558 way/1076180559,ok,2026-09-24
k-way1076180560,,,,Jystrup,,,,bro,1.0,1,,"55.5174193, 11.8698346",way/1076180560,ok,2026-09-24
k-way1076328635,,,,Ebeltoft,,,,bro,1.0,1,,"56.1992877, 10.6773510",way/1076328635,ok,2026-09-24
k-way107683859,,,Christiansø Havn,,,,,havn,1.0,1,,"55.3199966, 15.1851738",way/1038343416,ok,2026-09-24
k-way1077792667,,,,Sydbyen,,,,bro,1.0,1,,"56.1518110, 9.5581549",way/1077792667,ok,2026-09-24
k-way1078507658,,,,Sennels,,,,bro,1.0,1,,"56.9668339, 8.8001715",way/1078507658,ok,2026-09-24
k-way1079158623,,,,Bistrup,,,,bro,1.0,3,,"55.8134584, 12.4196714",way/1079158623 way/625779463 way/625779464,ok,2026-09-24
k-way1079333796,,,,Sejs,,,,bro,1.0,1,,"56.1246685, 9.6050133",way/1079333796,ok,2026-09-24
k-way1080219220,på kortet,,Sønder Ege Strand,Ry,,,,bro,1.0,1,soender-ege-ved-knud-soe-1,"56.0991864, 9.7630582",way/1080219220,ok,2026-09-24
k-way1080219222,på kortet,,,Tørring,,,,bro,1.0,3,soender-ege-ved-knud-soe-2,"56.0990403, 9.7609874",way/1080219222 way/233029316 way/233029319,ok,2026-09-24
k-way1080242487,på kortet,,,Tulstrup,,,,bro,1.0,5,knudhule-badebro,"56.1030174, 9.7838600",way/1080242487 way/232999659 way/848867036 way/848867037 way/848867038,ok,2026-09-24
k-way1080680341,,,,Nivå,,,,bro,1.0,1,,"55.9367372, 12.5121835",way/1080680341,ok,2026-09-24
k-way108128549,,,,Lundehuse,,,,bro,1.0,4,,"55.8378003, 12.0365671",way/108128549 way/108128551 way/108128552 way/473419956,ok,2026-09-24
k-way1083764476,,,,Lysbro,,,,bro,1.0,1,,"56.1589575, 9.4931395",way/1083764476,ok,2026-09-24
k-way1084383717,,,,Knebel,,,,bro,1.0,1,,"56.2148108, 10.4758202",way/1084383717,ok,2026-09-24
k-way1085617859,,,,Akkerup,,,,bro,1.0,1,,"55.2227669, 10.1439435",way/1085617859,ok,2026-09-24
k-way1085741302,måske,flydebro,,Øerne,"56.1527636, 10.6877942","Flydebro ved boligområdet Ebeltoft Øer med roligt lagunevand, men området er sandsynligvis privat (beboernes bådpladser).",2026-09-24,bro,1.0,8,,"56.1527696, 10.6877942",way/1208012267 way/1208012268 way/371632366 way/371632386 way/371632394 way/371632409 way/371675847 way/371675850,ok,2026-09-24
k-way108702682,,,,Egenæs Huse,,,,bro,1.0,1,,"55.8010894, 11.6470737",way/108702682,ok,2026-09-24
k-way108702686,,,,Egenæs Huse,,,,bro,1.0,1,,"55.7996316, 11.6468570",way/108702686,ok,2026-09-24
k-way108720356,,,,Hølkerup,,,,bro,1.0,2,,"55.8247856, 11.7343807",way/108720356 way/108720358,ok,2026-09-24
k-way108720361,,,,Moseby,,,,bro,1.0,1,,"55.9059180, 11.6714229",way/108720361,ok,2026-09-24
k-way108720366,,,,Kildehuse,,,,bro,1.0,1,,"55.8827656, 11.6687659",way/108720366,ok,2026-09-24
k-way108740495,,,,Rørvig,,,,bro,1.0,5,,"55.9442005, 11.7685935",way/108740495 way/380897636 way/380897914 way/380898652 way/465491184,ok,2026-09-24
k-way108848986,,,Bro 2,Dragør,,,,bro,1.0,9,,"55.5934338, 12.6806084",way/108848986 way/108848998 way/25544814 way/366089808 way/367503941 way/367885598 way/429006977 way/595704469 way/911210130,ok,2026-09-24
k-way108848994,,,,Sundbyøster,,,,slæbested,1.0,1,,"55.6544454, 12.6463835",way/108848994,ok,2026-09-24
k-way108849000,,,,Kastrup,,,,bro,1.0,3,,"55.6414414, 12.6542642",way/108849000 way/108849002 way/108849061,ok,2026-09-24
k-way108849004,,,,Dragør,,,,bro,1.0,2,,"55.6108494, 12.6800777",way/108849004 way/1269076642,ok,2026-09-24
k-way108849005,,,,Amagerbro,,,,bro,1.0,7,,"55.6811707, 12.6233368",way/108849005 way/108849031 way/108849050 way/139092213 way/1427084109 way/1427084110 way/526862535,ok,2026-09-24
k-way108849044,,,,Sundbyøster,,,,bro,1.0,4,,"55.6685061, 12.6325410",way/108849044 way/108849066 way/108849077 way/507791797,ok,2026-09-24
k-way108849049,,,,Sundbyøster,,,,bro,1.0,4,,"55.6671905, 12.6335246",way/108849049 way/507791796 way/507791806 way/507791807,ok,2026-09-24
k-way108849071,,,,Østerbro,,,,bro,1.0,1,,"55.6975329, 12.6097016",way/108849071,ok,2026-09-24
k-way108849086,,,,Sundbyøster,,,,bro,1.0,3,,"55.6647624, 12.6312621",way/429460975 way/429460976 way/429460978,ok,2026-09-24
k-way1089712148,,,,Avedøre,,,,bro,1.0,1,,"55.6233398, 12.4770006",way/1089712148,ok,2026-09-24
k-way1090509626,,,,Krogerup,,,,bro,1.0,3,,"55.9761118, 12.5478157",way/1090509626 way/673916442 way/914340085,ok,2026-09-24
k-way1090672875,,,,Tibberup,,,,bro,1.0,5,,"55.9808304, 12.5523352",way/1090672875 way/1349206864 way/673916453 way/673916455 way/673916456,ok,2026-09-24
k-way1092331028,,,,Nordhavn,,,,bro,1.0,2,,"55.7194564, 12.6670318",way/1092331028 way/1450572617,ok,2026-09-24
k-way1093679923,,,,Tange,,,,bro,1.0,3,,"55.6498210, 8.5777926",way/1093679923 way/1231699105 way/630192450,ok,2026-09-24
k-way1094084302,,,,Køge,,,,bro,1.0,2,,"55.4554889, 12.1965538",way/1094084302 way/1094084303,ok,2026-09-24
k-way109443806,,,,Tjørring,,,,bro,1.0,1,,"56.1527152, 8.9522910",way/109443806,ok,2026-09-24
k-way1095579165,,,,Nexø,,,,bro,1.0,1,,"55.0683580, 15.1378311",way/1095579165,ok,2026-09-24
k-way109593829,,,,Tempelhuse,,,,bro,1.0,1,,"55.6700098, 11.7832014",way/109593829,ok,2026-09-24
k-way1098510926,,,,Vesterbro,,,,bro,1.0,4,,"55.6492655, 12.5555761",way/1098510926 way/644353579 way/644353581 way/644353583,ok,2026-09-24
k-way1098688522,,,,Peløkke,,,,bro,1.0,3,,"54.9510829, 10.7017571",way/1098688522 way/1098688523 way/1098688524,ok,2026-09-24
k-way1098776786,,,,Årslev Mark,,,,bro,1.0,1,,"56.1386164, 10.0757801",way/1098776786,ok,2026-09-24
k-way1099451866,,,,Nyhave Huse,,,,bro,1.0,2,,"55.5250618, 9.7412360",way/1099451866 way/400618666,ok,2026-09-24
k-way1099457917,,,,Ribergårde,,,,bro,1.0,1,,"57.2712580, 9.6457977",way/963903137,ok,2026-09-24
k-way1099467398,,,,Rudkøbing,,,,bro,1.0,4,,"54.9424776, 10.7116245",way/1099467398 way/1099467400 way/1429486839 way/1429486840,ok,2026-09-24
k-way1103604266,,,,Gammel Kalvehave,,,,bro,1.0,1,,"54.9945886, 12.1335160",way/1103604266,ok,2026-09-24
k-way1104785043,,,,Stensby,,,,bro,1.0,1,,"54.9704491, 12.0771288",way/1104785043,ok,2026-09-24
k-way1104812251,,,,Abbetved,,,,bro,1.0,2,,"55.6165412, 11.9432460",way/1104812251 way/606598428,ok,2026-09-24
k-way1104876872,,,,Stenbjerg,,,,bro,1.0,1,,"55.9433875, 9.7551213",way/1104876872,ok,2026-09-24
k-way110657678,,,,Yderby Lyng,,,,bro,1.0,1,,"56.0050696, 11.2834686",way/110657678,ok,2026-09-24
k-way110693894,,,Bro 15,Lynæs,,,,bro,1.0,3,,"55.9437372, 11.8674931",way/110693894 way/110693895 way/110693912,ok,2026-09-24
k-way1107026806,,,,Langkastrup,,,,bro,1.0,4,,"56.4722172, 10.2072345",way/1107026806 way/1107026807 way/1107026808 way/79552880,ok,2026-09-24
k-way1107090635,,,,Stavtrup,,,,bro,1.0,3,,"56.1438206, 10.1152211",way/1107090635 way/1107090636 way/1107090637,ok,2026-09-24
k-way110860416,,,,Grævlingehøj,,,,bro,1.0,1,,"55.9338692, 12.0328536",way/110860416,ok,2026-09-24
k-way110860421,,,,Grævlingehøj,,,,bro,1.0,1,,"55.9299444, 12.0376253",way/110860421,ok,2026-09-24
k-way110867229,,,,Lundehuse,,,,bro,1.0,1,,"55.8434746, 12.0415763",way/110867229,ok,2026-09-24
k-way110888807,,,,Frederikssund,,,,bro,1.0,1,,"55.8252499, 12.0624260",way/110888807,ok,2026-09-24
k-way111122955,,,,Gammelby,,,,bro,1.0,1,,"55.4630720, 8.4900590",way/111122955,ok,2026-09-24
k-way1111594210,,,,Mejrup Kirkeby,,,,bro,1.0,3,,"56.3488232, 8.6893250",way/1111594210 way/1111594219 way/1111594221,ok,2026-09-24
k-way1113597551,,,,Ballen,,,,bro,1.0,1,,"55.8067481, 10.6454312",way/1113597551,ok,2026-09-24
k-way1113614383,,,Dampskibsbroen,Løkken,,,,bro,1.0,2,,"55.8424634, 10.0384489",way/1113614383 way/1113614384,ok,2026-09-24
k-way111585325,,,,Vesterbro,,,,bro,1.0,11,,"55.6471060, 12.5508883",way/111585325 way/111585339 way/623826678 way/918516681 way/918516682 way/918516687 way/918516688 way/918516689 way/918516690 way/918516691 way/926987766,ok,2026-09-24
k-way1116255784,,,,Vrold,,,,bro,1.0,2,,"56.0166610, 9.8941771",way/1116255784 way/901864545,ok,2026-09-24
k-way111666977,,,,Jyllinge,,,,bro,1.0,3,,"55.7466227, 12.0967479",way/111666977 way/111666978 way/1349560836,ok,2026-09-24
k-way111666979,,,,Jyllinge,,,,bro,1.0,1,,"55.7471889, 12.0984255",way/111666979,ok,2026-09-24
k-way1116840993,,,,Tingstrup,,,,bro,1.0,1,,"56.9648250, 8.6803555",way/1116840993,ok,2026-09-24
k-way1118096125,,,,Skotterup,,,,bro,1.0,11,,"55.9970074, 12.5665770",way/1118096125 way/1118096126 way/1118096127 way/1118096128 way/143764341 way/143764342 way/143764361 way/143764390 way/486939243 way/914340048 way/914340073,ok,2026-09-24
k-way1118096129,,,,Skotterup,,,,bro,1.0,8,,"55.9984927, 12.5692030",way/1118096129 way/1349221390 way/143764352 way/143764367 way/143764381 way/143764382 way/143764383 way/486939244,ok,2026-09-24
k-way1118096130,,,,Skotterup,,,,bro,1.0,9,,"56.0007235, 12.5729063",way/1118096130 way/1349221391 way/1349221392 way/143764366 way/143764375 way/143764387 way/143764398 way/486939248 way/914340077,ok,2026-09-24
k-way1118142516,,,,Højbo,,,,bro,1.0,1,,"55.3124596, 11.9333915",way/1118142516,ok,2026-09-24
k-way112021589,,,,Sottrupskov,,,,bro,1.0,2,,"54.9711262, 9.7459634",way/112021589 way/234399787,ok,2026-09-24
k-way1121198959,,,,Gammel Ålbo,,,,bro,1.0,2,,"55.4685053, 9.6806766",way/1121198959 way/237133600,ok,2026-09-24
k-way112279664,,,,Haraldsborg,,,,bro,1.0,5,,"55.6566603, 12.0853171",way/112279664 way/603573933 way/603573935 way/87324446 way/915616764,ok,2026-09-24
k-way1124641812,,,,Gammel Ålbo,,,,bro,1.0,1,,"55.4539214, 9.6872696",way/1124641812,ok,2026-09-24
k-way112503666,,,Bro 3D,Bønnerup Strand,,,,bro,1.0,5,,"56.5331985, 10.7106334",way/112503666 way/363952146 way/363958061 way/502479859 way/502479860,ok,2026-09-24
k-way1125258425,,,,Tåstrup,,,,bro,1.0,1,,"54.9822947, 12.3253860",way/1125258425,ok,2026-09-24
k-way1125858410,,,,Skibelund,,,,bro,1.0,1,,"55.4302813, 9.6184374",way/1125858410,ok,2026-09-24
k-way1125858411,,,,Binderup Strand,,,,bro,1.0,1,,"55.4304632, 9.6148221",way/1125858411,ok,2026-09-24
k-way1126227624,,,,Fuldbro Mølle,,,,bro,1.0,2,,"56.0246766, 9.8342290",way/1126227624 way/1126227626,ok,2026-09-24
k-way112629639,,,,Fakkegrav,,,,bro,1.0,1,,"55.6808602, 9.7775541",way/112629639,ok,2026-09-24
k-way112629701,,,,Fakkegrav,,,,bro,1.0,1,,"55.6807957, 9.7589634",way/112629701,ok,2026-09-24
k-way1126477721,,,,Kastrup,,,,bro,1.0,1,,"55.6385411, 12.6570150",way/1126477721,ok,2026-09-24
k-way1126966536,,,,Tvillingehusene,,,,bro,1.0,1,,"55.6779342, 12.2369836",way/1126966536,ok,2026-09-24
k-way112707861,,,,Daugård Strand,,,,bro,1.0,1,,"55.7026217, 9.7029331",way/112707861,ok,2026-09-24
k-way112707865,,,,Daugård Strand,,,,bro,1.0,1,,"55.7029464, 9.7001584",way/112707865,ok,2026-09-24
k-way1127375020,,,,Silkeborg,,,,bro,1.0,5,,"56.1691633, 9.5425419",way/1127375020 way/1127375021 way/1127375022 way/1127375023 way/1127375024,ok,2026-09-24
k-way1127375026,,,,Silkeborg,,,,bro,1.0,2,,"56.1700469, 9.5437621",way/1127375026 way/1127375027,ok,2026-09-24
k-way1127957498,,,,Næstved,,,,bro,1.0,1,,"55.2344011, 11.7510280",way/1127957498,ok,2026-09-24
k-way1127959291,,,,Holløsebro,,,,bro,1.0,2,,"55.3014800, 11.6887784",way/1127959291 way/1127959292,ok,2026-09-24
k-way1128504978,,,,Busene,,,,bro,1.0,1,,"54.9825224, 12.5238773",way/1128504978,ok,2026-09-24
k-way1133424137,,,,Hunderup,,,,bro,1.0,1,,"55.3843326, 10.4017899",way/1133424137,ok,2026-09-24
k-way1136433772,,,,Broballe,,,,bro,1.0,1,,"55.0250871, 9.7493044",way/1136433772,ok,2026-09-24
k-way1136687518,,,,Viborg,,,,bro,1.0,3,,"56.4501888, 9.4205030",way/1136687518 way/202769822 way/202769823,ok,2026-09-24
k-way1137895955,,,,Stjovl,,,,bro,1.0,1,,"54.9546662, 10.6276319",way/1137895955,ok,2026-09-24
k-way1138336291,,,,Fårtoft,,,,bro,1.0,1,,"56.9491812, 8.7336245",way/1138336291,ok,2026-09-24
k-way113835516,,,,Stubbekøbing,,,,bro,1.0,1,,"54.8906638, 12.0496081",way/113835516,ok,2026-09-24
k-way1138778368,,,,Ajstrup Strand,,,,bro,1.0,1,,"56.0402330, 10.2709166",way/1138778368,ok,2026-09-24
k-way1139043210,,,,Kobberholm,,,,bro,1.0,2,,"54.9350495, 9.6272247",way/1139043210 way/350029443,ok,2026-09-24
k-way1143632842,,,,Allikebakke,,,,bro,1.0,1,,"55.9864474, 12.3012898",way/1143632842,ok,2026-09-24
k-way1144669712,på kortet,,,Strømmen,,,,bro,1.0,2,randers-roklub,"56.4604998, 10.0524457",way/1144669712 way/921604525,ok,2026-09-24
k-way1146766484,,,,Lærkelunden,,,,bro,1.0,4,,"56.1530816, 10.6844114",way/1146766484 way/371632364 way/371632385 way/371632393,ok,2026-09-24
k-way1147526175,,,,Øerne,,,,bro,1.0,9,,"56.1520855, 10.6931300",way/1147526175 way/371632374 way/371632381 way/371632388 way/371632400 way/371632401 way/371632406 way/371675849 way/371675851,ok,2026-09-24
k-way114790681,,,,Kolding,,,,bro,1.0,18,,"55.4892240, 9.4949828",way/114790681 way/1162270360 way/1162270361 way/1162270362 way/1162270363 way/1162270364 way/643511090 way/717593659 way/852996411 way/852996412 way/852996413 way/852996419 way/852996421 way/852996423 way/852996425 way/87223633 way/87223634 way/87223636,ok,2026-09-24
k-way1148233153,,,,Thorsminde,,,,bro,1.0,2,,"56.3726402, 8.1199566",way/1148233153 way/903779864,ok,2026-09-24
k-way1148520931,,,,Christiansminde,,,,bro,1.0,4,,"55.0537733, 10.6563194",way/1148520931 way/1148520932 way/1148520933 way/1148520934,ok,2026-09-24
k-way1148734065,,,,Nysted,,,,bro,1.0,3,,"54.6565784, 11.7312760",way/1148734065 way/37005737 way/37005738,ok,2026-09-24
k-way1149612334,,,,Sandager,,,,bro,1.0,1,,"54.8790866, 9.5653196",way/1149612334,ok,2026-09-24
k-way1149866023,,,,Mamrelund,,,,bro,1.0,2,,"56.4645063, 10.3173957",way/1149866023 way/1149866026,ok,2026-09-24
k-way1149866024,,,,Mamrelund,,,,bro,1.0,2,,"56.4655265, 10.3167386",way/1149866024 way/1149866025,ok,2026-09-24
k-way1149977009,,,,Randers,,,,bro,1.0,6,,"56.4592514, 10.0408827",way/1149977009 way/1149977010 way/1149977011 way/1149977012 way/1149977013 way/1149977014,ok,2026-09-24
k-way1150660409,,,,Randers,,,,bro,1.0,1,,"56.4591376, 10.0432722",way/1150660409,ok,2026-09-24
k-way1154132227,,,,Østerbro,,,,bro,1.0,1,,"55.7152648, 12.5677870",way/1154132227,ok,2026-09-24
k-way115466423,,,Stevns Pier,Mandehoved,,,,bro,1.0,1,,"55.3222376, 12.4561240",way/115466423,ok,2026-09-24
k-way115544750,,,,Strandby,,,,bro,1.0,1,,"54.7475175, 11.8658714",way/115544750,ok,2026-09-24
k-way1158743161,,,,Egå Bro,,,,bro,1.0,3,,"56.2075688, 10.2871291",way/1158743161 way/565474292 way/88206838,ok,2026-09-24
k-way1159306228,,,,Næsset,,,,bro,1.0,1,,"55.8440286, 9.8947147",way/1159306228,ok,2026-09-24
k-way1161004607,,,,Gadehuse,,,,bro,1.0,1,,"55.2010612, 11.2548270",way/1161004607,ok,2026-09-24
k-way1162270353,,,,Kolding,,,,bro,1.0,8,,"55.4886730, 9.4910716",way/1162270353 way/1162270354 way/1162270355 way/1162270356 way/1162270357 way/1162270358 way/1162270359 way/852996414,ok,2026-09-24
k-way1162980085,,,,Stavnsholt,,,,bro,1.0,1,,"55.8231853, 12.3904852",way/1162980085,ok,2026-09-24
k-way116433522,,,,Barsø Landing,,,,bro,1.0,1,,"55.1193747, 9.4954706",way/116433522,ok,2026-09-24
k-way1164395425,,,,Sankt Jørgensmark,,,,bro,1.0,1,,"55.4073718, 10.4058778",way/1164395425,ok,2026-09-24
k-way1164792434,,,,Dania,,,,bro,1.0,5,,"56.6908754, 10.0571585",way/1164792434 way/1164792435 way/1164792437 way/1164792438 way/1164792439,ok,2026-09-24
k-way1164792436,,,,Dania,,,,bro,1.0,1,,"56.6903482, 10.0589019",way/1164792436,ok,2026-09-24
k-way116537095,,,,Juelsminde,,,,bro,1.0,1,,"55.7158881, 10.0135721",way/116537095,ok,2026-09-24
k-way1165569093,,,,Biskorup,,,,bro,1.0,1,,"55.4178310, 10.4307915",way/1165569093,ok,2026-09-24
k-way116660976,,,,Dalsgård,,,,bro,1.0,1,,"54.8922920, 9.5785624",way/116660976,ok,2026-09-24
k-way117101402,,,,Enø by,,,,bro,1.0,1,,"55.1732330, 11.6785636",way/117101402,ok,2026-09-24
k-way1174250250,,,,Sverkilstrup,,,,bro,1.0,1,,"55.9596300, 11.9591402",way/1174250250,ok,2026-09-24
k-way1175531191,,,,Odense,,,,bro,1.0,2,,"55.3919894, 10.3813940",way/1175531191 way/1175531192,ok,2026-09-24
k-way1175724166,,,,Tjørring,,,,slæbested,1.0,1,,"56.1584570, 8.9422900",way/1175724166,ok,2026-09-24
k-way1176005775,på kortet,,,Kerteminde,,,,bro,1.0,3,kerteminde-havn-2,"55.4519576, 10.6682499",way/1176005775 way/237099213 way/601154370,ok,2026-09-24
k-way1179916223,på kortet,,,Køge,,,,bro,1.0,2,koege-havn,"55.4696417, 12.2008169",way/1179916223 way/1179916224,ok,2026-09-24
k-way1180912583,,,,Thisted,,,,bro,1.0,1,,"56.9544457, 8.6950895",way/1180912583,ok,2026-09-24
k-way1181167116,,,,Harboøre,,,,bro,1.0,1,,"56.6140816, 8.1725952",way/1181167116,ok,2026-09-24
k-way118165253,,,,Frederiksberg,,,,bro,1.0,1,,"55.4198965, 11.5633933",way/118165253,ok,2026-09-24
k-way1181987979,,,,Sjelborg,,,,bro,1.0,1,,"55.5226183, 8.3534215",way/1181987979,ok,2026-09-24
k-way1183494854,,,,Esby,,,,bro,1.0,1,,"56.1115353, 10.5548542",way/1183494854,ok,2026-09-24
k-way1183732025,,,,Vesterlund,,,,bro,1.0,1,,"55.8078274, 8.2097751",way/1183732025,ok,2026-09-24
k-way1184552049,,,,Hattenæs,,,,bro,1.0,1,,"56.1402163, 9.5832897",way/1184552049,ok,2026-09-24
k-way1184783554,,,,Thyborøn,,,,bro,1.0,2,,"56.6877600, 8.2226047",way/1184783554 way/219772347,ok,2026-09-24
k-way1184841689,,,,Halkær,,,,bro,1.0,1,,"56.9172095, 9.5779002",way/1184841689,ok,2026-09-24
k-way118506509,,,,Thyborøn,,,,bro,1.0,1,,"56.6623805, 8.2158630",way/118506509,ok,2026-09-24
k-way1185234957,,,,Hvalpsund,,,,bro,1.0,1,,"56.7055188, 9.2014193",way/1185234957,ok,2026-09-24
k-way1185316345,,,,Korshøj,,,,bro,1.0,2,,"55.7123122, 9.6686563",way/1185316345 way/1500321027,ok,2026-09-24
k-way1185317078,,,,Korshøj,,,,bro,1.0,1,,"55.7108762, 9.6817440",way/1185317078,ok,2026-09-24
k-way1185721089,,,,Ans,,,,bro,1.0,1,,"56.3120676, 9.5900426",way/1185721089,ok,2026-09-24
k-way118606866,,,,Gammel Laven,,,,bro,1.0,3,,"56.1239797, 9.6765007",way/118606866 way/118606868 way/118606869,ok,2026-09-24
k-way118606867,på kortet,,,Gammel Laven,,,,bro,1.0,3,juulsborg,"56.1222643, 9.6833646",way/118606867 way/901461931 way/901461932,ok,2026-09-24
k-way1186165746,,,,Ballonparken,,,,bro,1.0,1,,"55.6614477, 12.5910163",way/1186165746,ok,2026-09-24
k-way1186237116,,,,Borre,,,,bro,1.0,1,,"56.3120720, 9.6695767",way/1186237116,ok,2026-09-24
k-way1186490972,,,,Als,,,,bro,1.0,1,,"56.7559153, 10.2995977",way/1186490972,ok,2026-09-24
k-way1186508869,,,,Haslevgårde Strand,,,,bro,1.0,1,,"56.7861978, 10.2853020",way/1186508869,ok,2026-09-24
k-way1186557384,,,,Barsø Landing,,,,bro,1.0,1,,"55.1144589, 9.5027846",way/1186557384,ok,2026-09-24
k-way1186557385,,,,Barsø Landing,,,,bro,1.0,1,,"55.1132418, 9.5036227",way/1186557385,ok,2026-09-24
k-way1186742750,,,,Glyngøre,,,,bro,1.0,1,,"56.7599430, 8.8730837",way/1186742750,ok,2026-09-24
k-way1186981460,,,,Virklund,,,,bro,1.0,5,,"56.1254148, 9.5335206",way/1186981460 way/1186981461 way/1186981462 way/1186981463 way/1186981464,ok,2026-09-24
k-way1186981465,,,,Virklund,,,,bro,1.0,12,,"56.1265308, 9.5340939",way/1186981465 way/1186981466 way/1186981467 way/1186981468 way/1186981469 way/1186981470 way/1186981471 way/1186981472 way/1186981473 way/1186981474 way/1186981475 way/1186981476,ok,2026-09-24
k-way1186981477,,,,Virklund,,,,bro,1.0,9,,"56.1271714, 9.5357665",way/1186981477 way/1186981478 way/1186981479 way/1186981480 way/1186981481 way/1186981482 way/1186981483 way/1186981484 way/1186981485,ok,2026-09-24
k-way1186981486,,,,Virklund,,,,bro,1.0,6,,"56.1280936, 9.5368084",way/1186981486 way/1186981487 way/1186981488 way/1186981489 way/1186981490 way/1186981491,ok,2026-09-24
k-way1186981492,,,,Virklund,,,,bro,1.0,3,,"56.1284148, 9.5387225",way/1186981492 way/1186981493 way/1186981494,ok,2026-09-24
k-way1186981495,,,,Virklund,,,,bro,1.0,5,,"56.1285804, 9.5411644",way/1186981495 way/1186981496 way/1186981497 way/1186981498 way/1186981499,ok,2026-09-24
k-way1186981500,,,,Virklund,,,,bro,1.0,4,,"56.1283383, 9.5437868",way/1186981500 way/1186981501 way/1186981502 way/1186981503,ok,2026-09-24
k-way1187423163,,,,Virklund,,,,bro,1.0,12,,"56.1279788, 9.5483439",way/1187423163 way/1187423164 way/1187423165 way/1187423166 way/1187423167 way/1187423168 way/967827053 way/967827054 way/967827055 way/967827056 way/967827057 way/967827058,ok,2026-09-24
k-way1187423169,,,,Virklund,,,,bro,1.0,4,,"56.1285411, 9.5503148",way/1187423169 way/1187423170 way/1187423171 way/1187423172,ok,2026-09-24
k-way1187423176,,,,Virklund,,,,bro,1.0,1,,"56.1284346, 9.5548100",way/1187423176,ok,2026-09-24
k-way118781109,,,,Hestehave,,,,bro,1.0,2,,"55.0627627, 10.3751574",way/118781109 way/545724012,ok,2026-09-24
k-way1188132564,,,,Voldby,,,,bro,1.0,2,,"56.1249043, 9.5763614",way/1188132564 way/1188404398,ok,2026-09-24
k-way1189505386,,,,Skærbæk,,,,bro,1.0,3,,"55.5122504, 9.6331590",way/1189505386 way/137149845 way/137149852,ok,2026-09-24
k-way1189736685,,,,Vesterbro,,,,bro,1.0,1,,"55.6503662, 12.5571315",way/1189736685,ok,2026-09-24
k-way118991394,,,,Kalundborg,,,,bro,1.0,1,,"55.6666212, 11.0910977",way/118991394,ok,2026-09-24
k-way1190159223,,,,Klosterfælled,,,,bro,1.0,2,,"56.0596644, 9.7182035",way/1190159223 way/1190159224,ok,2026-09-24
k-way1190175726,,,,Birgittelyst,,,,bro,1.0,1,,"56.4051677, 9.3858624",way/1190175726,ok,2026-09-24
k-way1190750161,,,,Holm,,,,bro,1.0,1,,"54.9607327, 9.4205421",way/1190750161,ok,2026-09-24
k-way1191233376,,,,Vesterbro,,,,bro,1.0,1,,"55.6556865, 12.5592898",way/1191233376,ok,2026-09-24
k-way1191246765,,,,Kongsgårde,,,,bro,1.0,1,,"56.1462965, 10.5182197",way/1191246765,ok,2026-09-24
k-way1191416916,,,,Hosby,,,,bro,1.0,1,,"55.7405392, 10.0431656",way/1191416916,ok,2026-09-24
k-way1191559704,,,,Holmsøre,,,,bro,1.0,1,,"56.5766772, 8.2864359",way/1191559704,ok,2026-09-24
k-way1191559705,,,,Gjellerodde,,,,bro,1.0,1,,"56.5805951, 8.2836753",way/1191559705,ok,2026-09-24
k-way1191916282,,,,Sminge,,,,bro,1.0,4,,"56.2138974, 9.6670492",way/1191916282 way/739846208 way/739846209 way/739846210,ok,2026-09-24
k-way1192335092,,,,Snaptun,,,,bro,1.0,6,,"55.8233880, 10.0510129",way/1192335092 way/1192335093 way/1192335094 way/1192335095 way/70142101 way/70142102,ok,2026-09-24
k-way1193132352,,,,Bøndergårde,,,,bro,1.0,1,,"56.1156514, 8.2330403",way/1193132352,ok,2026-09-24
k-way1193300313,,,,Resenbro,,,,bro,1.0,2,,"56.1943260, 9.6557651",way/1193300313 way/969588440,ok,2026-09-24
k-way1193300331,,,,Resenbro,,,,bro,1.0,2,,"56.1962049, 9.6533559",way/1193300331 way/903022413,ok,2026-09-24
k-way1193672477,,,,Egernsund,,,,bro,1.0,2,,"54.9094784, 9.6043145",way/1193672477 way/348746208,ok,2026-09-24
k-way1194551033,,,,Abildskov,,,,bro,1.0,1,,"55.2601062, 10.1789385",way/1194551033,ok,2026-09-24
k-way1195564924,,,,Skolevangen,,,,bro,1.0,8,,"56.1760332, 10.2317135",way/1195564924 way/1195564927 way/1198777394 way/1198777407 way/1198777409 way/1207505092 way/1293826058 way/934754817,ok,2026-09-24
k-way1195763065,,,,Ny Frederiksdal,,,,bro,1.0,4,,"55.7689862, 12.4574624",way/1195763065 way/1195763066 way/1195763067 way/408828405,ok,2026-09-24
k-way1196309519,,,,Løgstør,,,,bro,1.0,9,,"56.9655903, 9.2418871",way/1196309519 way/1196309521 way/1196309523 way/1196309525 way/495735330 way/495735335 way/495735336 way/495735337 way/706186315,ok,2026-09-24
k-way1196309528,,,,Løgstør,,,,bro,1.0,3,,"56.9642522, 9.2407664",way/1196309528 way/1196309529 way/495735338,ok,2026-09-24
k-way1198922553,,,,Ornum Strand,,,,bro,1.0,1,,"55.5482261, 11.1530717",way/1198922553,ok,2026-09-24
k-way119905554,,,,Hasselø Plantage,,,,bro,1.0,1,,"54.7310272, 11.8655719",way/119905554,ok,2026-09-24
k-way1199235476,,,,Kegnæsgård,,,,bro,1.0,2,,"54.8784415, 9.9799672",way/1199235476 way/1199235480,ok,2026-09-24
k-way1199454698,,,,Tebbestrup Kær,,,,bro,1.0,1,,"56.4577127, 10.0025172",way/1199454698,ok,2026-09-24
k-way1199454699,,,,Tebbestrup Kær,,,,bro,1.0,1,,"56.4581251, 9.9968764",way/1199454699,ok,2026-09-24
k-way1199499546,,,,Sletten,,,,bro,1.0,3,,"55.9475975, 12.5307473",way/1199499546 way/914082610 way/914082669,ok,2026-09-24
k-way1199499547,,,,Sletten,,,,bro,1.0,5,,"55.9462519, 12.5299661",way/1199499547 way/914082598 way/914082603 way/914082656 way/914082662,ok,2026-09-24
k-way119962132,,,,Kær,,,,bro,1.0,1,,"54.9455583, 9.8173831",way/119962132,ok,2026-09-24
k-way119999196,,,,Sønderborg,,,,bro,1.0,2,,"54.9173757, 9.7749767",way/119999196 way/119999199,ok,2026-09-24
k-way119999198,,,,Sønderborg,,,,bro,1.0,4,,"54.9115386, 9.7819154",way/119999198 way/349912053 way/903113482 way/903113483,ok,2026-09-24
k-way1201008597,,,,Kollund Strand,,,,bro,1.0,1,,"54.8382834, 9.4539093",way/1201008597,ok,2026-09-24
k-way1201148806,,,,Aarhus,,,,bro,1.0,3,,"56.1658679, 10.2321281",way/1201148806 way/1208844977 way/1225409614,ok,2026-09-24
k-way1201709482,,,,Stolbro,,,,bro,1.0,1,,"54.9800855, 9.8181025",way/1201709482,ok,2026-09-24
k-way1201853470,,,,Vester Gjerndrup,,,,bro,1.0,1,,"55.5186299, 9.0121735",way/1201853470,ok,2026-09-24
k-way1202005383,,,,Stolbro,,,,bro,1.0,1,,"54.9797283, 9.8204553",way/1202005383,ok,2026-09-24
k-way1202752577,,,,Lystrup,,,,bro,1.0,1,,"56.2371798, 10.2432540",way/1202752577,ok,2026-09-24
k-way120278035,,,,Langø,,,,bro,1.0,1,,"54.8385632, 11.0247794",way/120278035,ok,2026-09-24
k-way1202909449,,,,Østerbro,,,,bro,1.0,1,,"55.7054533, 12.5923316",way/1202909449,ok,2026-09-24
k-way1203870368,,,,Låsby,,,,bro,1.0,4,,"56.1521284, 9.8100374",way/1203870368 way/1204136953 way/1204136954 way/1204136956,ok,2026-09-24
k-way120393645,,,,Tved,,,,bro,1.0,1,,"55.4848618, 9.5103843",way/120393645,ok,2026-09-24
k-way1204136955,,,,Låsby,,,,bro,1.0,1,,"56.1509298, 9.8104681",way/1204136955,ok,2026-09-24
k-way1204638744,,,,Hinnum,,,,bro,1.0,1,,"55.7467418, 8.9766670",way/1204638744,ok,2026-09-24
k-way1204918261,,,,Mindegården,,,,bro,1.0,1,,"55.3656575, 9.6060788",way/1204918261,ok,2026-09-24
k-way1204918262,,,,Mindegården,,,,bro,1.0,1,,"55.3681924, 9.6101383",way/1204918262,ok,2026-09-24
k-way1204918263,,,,Hejlsminde,,,,bro,1.0,3,,"55.3641610, 9.6035176",way/1204918263 way/1204918267 way/1204918268,ok,2026-09-24
k-way1204918264,,,,Mindegården,,,,bro,1.0,1,,"55.3694033, 9.6124846",way/1204918264,ok,2026-09-24
k-way1204918265,,,,Teglgården,,,,bro,1.0,1,,"55.3712834, 9.6146728",way/1204918265,ok,2026-09-24
k-way1204919199,,,,Fitting,,,,bro,1.0,1,,"55.6086817, 9.1254644",way/1204919199,ok,2026-09-24
k-way1205148043,,,,Åbyhøj,,,,bro,1.0,2,,"56.1493701, 10.1668031",way/1205148043 way/1205148045,ok,2026-09-24
k-way1205173066,,,,Brabrand,,,,bro,1.0,2,,"56.1502527, 10.1005898",way/1205173066 way/1205173067,ok,2026-09-24
k-way1205400859,,,,Ballonparken,,,,bro,1.0,1,,"55.6581955, 12.5877164",way/1205400859,ok,2026-09-24
k-way1205490203,,,,Båring Ege,,,,bro,1.0,1,,"55.5104225, 9.9322048",way/1205490203,ok,2026-09-24
k-way1206117617,,,,Sundbyvester,,,,bro,1.0,1,,"55.6505016, 12.5850635",way/1206117617,ok,2026-09-24
k-way1206798470,,,,Viborg,,,,bro,1.0,1,,"56.4450299, 9.4097000",way/1206798470,ok,2026-09-24
k-way1206798476,,,,Viborg,,,,bro,1.0,1,,"56.4524344, 9.4186937",way/1206798476,ok,2026-09-24
k-way1206798482,på kortet,,,Houlkær,,,,bro,1.0,8,noerresoebadet-viborg,"56.4637732, 9.4240738",way/1206798482 way/1206798483 way/1206798484 way/1206798485 way/1206798486 way/1206798487 way/1206798488 way/1206798489,ok,2026-09-24
k-way1206798490,,,,Houlkær,,,,bro,1.0,5,,"56.4649888, 9.4249382",way/1206798490 way/1206798491 way/1206798492 way/1206798493 way/1206798494,ok,2026-09-24
k-way1206798495,,,,Houlkær,,,,bro,1.0,4,,"56.4661311, 9.4253329",way/1206798495 way/1206798496 way/1206798497 way/1206798498,ok,2026-09-24
k-way1206798499,,,,Houlkær,,,,bro,1.0,5,,"56.4672628, 9.4257485",way/1206798499 way/1206798500 way/1206798501 way/1206798502 way/1206798503,ok,2026-09-24
k-way1206798506,,,,Houlkær,,,,bro,1.0,4,,"56.4669784, 9.4347158",way/1206798506 way/1206798508 way/1206798509 way/1207112690,ok,2026-09-24
k-way1206826121,,,,Arnbjerg,,,,bro,1.0,1,,"56.4307929, 9.4124837",way/1206826121,ok,2026-09-24
k-way1206826277,,,,Arnbjerg,,,,bro,1.0,2,,"56.4325032, 9.4164134",way/1206826277 way/1206826278,ok,2026-09-24
k-way1206826279,,,,Arnbjerg,,,,bro,1.0,1,,"56.4335975, 9.4172207",way/1206826279,ok,2026-09-24
k-way120725196,,,,Sanddal,,,,bro,1.0,11,,"55.5543816, 9.7298222",way/120725196 way/120725197 way/120725198 way/120725199 way/145009218 way/145009219 way/158278836 way/202372547 way/202390728 way/202390729 way/742629605,ok,2026-09-24
k-way1207254777,,,,Lysgård,,,,bro,1.0,4,,"55.4123140, 12.2658665",way/1207254777 way/1207254780 way/1207254781 way/1207254787,ok,2026-09-24
k-way1207254783,,,,Lysgård,,,,bro,1.0,2,,"55.4113172, 12.2686631",way/1207254783 way/1207254784,ok,2026-09-24
k-way1207254785,,,,Strøby Egede,,,,bro,1.0,1,,"55.4139958, 12.2607140",way/1207254785,ok,2026-09-24
k-way1207255989,,,,Lysgård,,,,bro,1.0,1,,"55.4086414, 12.2782393",way/1207255989,ok,2026-09-24
k-way1207255990,,,,Strøby Ladeplads,,,,bro,1.0,2,,"55.4034957, 12.2937983",way/1207255990 way/1207255992,ok,2026-09-24
k-way1207255991,,,,Strøby Ladeplads,,,,bro,1.0,2,,"55.4052726, 12.2889256",way/1207255991 way/1238244228,ok,2026-09-24
k-way1207255993,,,,Strøby Ladeplads,,,,bro,1.0,3,,"55.4005731, 12.3052988",way/1207255993 way/1207255998 way/1207256003,ok,2026-09-24
k-way1207255999,,,,Strøby Ladeplads,,,,bro,1.0,1,,"55.4013179, 12.3010583",way/1207255999,ok,2026-09-24
k-way1207256002,,,,Strøby Ladeplads,,,,bro,1.0,1,,"55.4007924, 12.3029036",way/1207256002,ok,2026-09-24
k-way1208703603,,,,Gladsaxe,,,,bro,1.0,1,,"55.7252577, 12.4759009",way/1208703603,ok,2026-09-24
k-way1208749951,på kortet,,,Brabrand,,,,bro,1.0,1,brabrand-soe-rostadion,"56.1502677, 10.1049163",way/1208749951,ok,2026-09-24
k-way1209065598,,,,Asmild,,,,bro,1.0,1,,"56.4347384, 9.4266802",way/1209065598,ok,2026-09-24
k-way120943760,,,,Nordby,,,,bro,1.0,1,,"55.4502278, 8.4083695",way/120943760,ok,2026-09-24
k-way120943762,,,,Nordby,,,,bro,1.0,1,,"55.4518582, 8.4091983",way/120943762,ok,2026-09-24
k-way1209685647,,,,Livbjerggård Strand,,,,bro,1.0,1,,"56.4708679, 8.6826282",way/1209685647,ok,2026-09-24
k-way1210442377,,,,Hillerød,,,,bro,1.0,1,,"55.9327370, 12.2995858",way/1210442377,ok,2026-09-24
k-way1210581871,,,,Hovedsbanke,,,,bro,1.0,1,,"55.6899466, 9.9033039",way/1210581871,ok,2026-09-24
k-way1210700785,,,,Pindsmølle,,,,bro,1.0,3,,"56.0394450, 9.6922681",way/1210700785 way/1210741819 way/1210741820,ok,2026-09-24
k-way1210711311,,,,Pindsmølle,,,,bro,1.0,1,,"56.0407044, 9.6939631",way/1210711311,ok,2026-09-24
k-way1210757634,,,,Skanderborg,,,,bro,1.0,17,,"56.0299334, 9.9281473",way/833166350 way/833166351 way/833166352 way/833166353 way/901926881 way/901926882 way/901926883 way/901926884 way/901926885 way/901926886 way/901926887 way/901926888 way/901926889 way/901926890 way/901926891 way/983859926 way/983859927,ok,2026-09-24
k-way1210769346,,,,Havneby,,,,bro,1.0,3,,"55.0862918, 8.5702289",way/1210769346 way/1210769348 way/210640865,ok,2026-09-24
k-way1210924273,,,,Gammelstrup,,,,bro,1.0,3,,"55.9771867, 9.7003655",way/1210924273 way/1346584896 way/1346844018,ok,2026-09-24
k-way1211818876,,,,Houlkær,,,,bro,1.0,5,,"56.4604695, 9.4328426",way/1211818876 way/1211818877 way/1211818878 way/1211818879 way/1211818880,ok,2026-09-24
k-way1211818881,,,,Houlkær,,,,bro,1.0,1,,"56.4615539, 9.4334364",way/1211818881,ok,2026-09-24
k-way1211819164,,,,Overlund,,,,bro,1.0,3,,"56.4576886, 9.4202460",way/1211819164 way/1211819165 way/1211819166,ok,2026-09-24
k-way1211819167,på kortet,,,Viborg,,,,bro,1.0,2,viborg-baadelaug,"56.4565082, 9.4192891",way/1211819167 way/1413781665,ok,2026-09-24
k-way121202079,,,,Rud,,,,bro,1.0,1,,"55.4154399, 9.8260220",way/121202079,ok,2026-09-24
k-way121211144,,,,Assens,,,,bro,1.0,3,,"55.2664014, 9.8858296",way/121211144 way/121211147 way/121211151,ok,2026-09-24
k-way121390839,,,,Fruens Bøge,,,,bro,1.0,1,,"55.3738088, 10.3747598",way/121390839,ok,2026-09-24
k-way1214508405,,,,Stige,,,,bro,1.0,2,,"55.4376777, 10.4228339",way/1214508405 way/1214508406,ok,2026-09-24
k-way1214516517,på kortet,,,Ry,,,,bro,1.0,7,soender-ege-ved-knud-soe,"56.0982002, 9.7661085",way/1214516517 way/1214516518 way/1214516519 way/1214516520 way/1214516521 way/1214516522 way/1214516523,ok,2026-09-24
k-way1214516524,på kortet,,,Ry,,,,bro,1.0,5,soender-ege-ved-knud-soe,"56.0984204, 9.7680073",way/1214516524 way/1214516525 way/1214516526 way/1214516527 way/1214516528,ok,2026-09-24
k-way1214516529,,,,Ry,,,,bro,1.0,1,,"56.0973862, 9.7721908",way/1214516529,ok,2026-09-24
k-way121480700,,,,Faaborg,,,,bro,1.0,1,,"55.0994468, 10.2259027",way/121480700,ok,2026-09-24
k-way121480714,,,,Faaborg,,,,bro,1.0,1,,"55.1006123, 10.2289292",way/121480714,ok,2026-09-24
k-way1214984613,,,Bro 200,Anholt,,,,bro,1.0,6,,"56.7140876, 11.5114878",way/1214984613 way/1214984614 way/1214984615 way/93299942 way/93299944 way/93299946,ok,2026-09-24
k-way1215018243,,,,Bredballe,,,,bro,1.0,4,,"55.7068932, 9.5996837",way/1215018243 way/234894418 way/556997952 way/87696698,ok,2026-09-24
k-way1215018244,,,,Bredballe,,,,bro,1.0,4,,"55.7070602, 9.5963470",way/1215018244 way/1215018245 way/556997950 way/556997951,ok,2026-09-24
k-way1215018246,,,,Bredballe,,,,bro,1.0,2,,"55.7057798, 9.5942400",way/1215018246 way/1215018247,ok,2026-09-24
k-way1215018248,,,,Bredballe,,,,bro,1.0,3,,"55.7061899, 9.5913102",way/1215018248 way/1215018249 way/87700943,ok,2026-09-24
k-way1215021750,,,,Ibæk,,,,bro,1.0,1,,"55.6929269, 9.6087157",way/1215021750,ok,2026-09-24
k-way1215722447,,,,Drejet,,,,bro,1.0,1,,"55.3735563, 10.7741200",way/1215722447,ok,2026-09-24
k-way1219535059,,,,Haderslev,,,,bro,1.0,1,,"55.2518611, 9.5111876",way/1219535059,ok,2026-09-24
k-way1219570736,,,,Lysbro,,,,bro,1.0,1,,"56.1553862, 9.5137835",way/1219570736,ok,2026-09-24
k-way1219870481,,,,Indre By,,,,bro,1.0,1,,"55.6893024, 12.6229912",way/1219870481,ok,2026-09-24
k-way1219870482,,,,Indre By,,,,bro,1.0,1,,"55.6881421, 12.6205114",way/1219870482,ok,2026-09-24
k-way122203095,,,Sejlskibsbroen,Svendborg,,,,bro,1.0,6,,"55.0567716, 10.6147640",way/122203095 way/231447938 way/231447939 way/650996517 way/914683870 way/914683872,ok,2026-09-24
k-way1224026964,,,,Tved,,,,bro,1.0,1,,"55.4922865, 9.5021114",way/1224026964,ok,2026-09-24
k-way1224026967,,,,Kolding,,,,bro,1.0,1,,"55.4960826, 9.4988038",way/1224026967,ok,2026-09-24
k-way1225050915,,,,Lønborg,,,,bro,1.0,1,,"55.9181629, 8.4086651",way/1225050915,ok,2026-09-24
k-way122528963,,,,Strynø By,,,,bro,1.0,1,,"54.9126468, 10.5902632",way/122528963,ok,2026-09-24
k-way122539713,,,,Strynø By,,,,bro,1.0,1,,"54.9178813, 10.6053816",way/122539713,ok,2026-09-24
k-way122539714,,,,Strynø By,,,,bro,1.0,1,,"54.9187411, 10.6089907",way/122539714,ok,2026-09-24
k-way1225864074,,,,Boes,,,,bro,1.0,1,,"56.0495085, 9.7765585",way/1225864074,ok,2026-09-24
k-way1227086396,,,,Svineholm,,,,bro,1.0,1,,"55.7909120, 12.0566550",way/1227086396,ok,2026-09-24
k-way1227220800,,,,Mejdal,,,,bro,1.0,1,,"56.3524755, 8.6396073",way/1227220800,ok,2026-09-24
k-way1227329448,,,,Lemvig,,,,bro,1.0,1,,"56.5518723, 8.3317067",way/1227329448,ok,2026-09-24
k-way1227948930,,,,Skovby,,,,bro,1.0,2,,"54.7465641, 11.5546844",way/1227948930 way/1227948931,ok,2026-09-24
k-way1227948932,,,,Mallehøj,,,,bro,1.0,1,,"54.7545545, 11.4933508",way/1227948932,ok,2026-09-24
k-way1227948933,,,,Maribo,,,,bro,1.0,1,,"54.7692970, 11.4948217",way/1227948933,ok,2026-09-24
k-way1227948935,,,,Maribo,,,,bro,1.0,1,,"54.7679180, 11.5078575",way/1227948935,ok,2026-09-24
k-way1227948936,,,,Maribo,,,,bro,1.0,5,,"54.7658930, 11.5105550",way/1227948936 way/1227948937 way/903248855 way/903248856 way/904100379,ok,2026-09-24
k-way1228090067,,,,Håred,,,,bro,1.0,1,,"54.7573795, 11.4907312",way/1228090067,ok,2026-09-24
k-way1228463172,,,,Birgittelyst,,,,bro,1.0,2,,"56.4049316, 9.4003525",way/1228463172 way/1228463173,ok,2026-09-24
k-way1228465386,,,,Birgittelyst,,,,bro,1.0,1,,"56.4067824, 9.3812127",way/1228465386,ok,2026-09-24
k-way1228465387,,,,Birgittelyst,,,,bro,1.0,2,,"56.4051402, 9.3803290",way/1228465387 way/494828034,ok,2026-09-24
k-way1228465388,,,,Birgittelyst,,,,bro,1.0,1,,"56.4045557, 9.3879786",way/1228465388,ok,2026-09-24
k-way1228465397,,,,Tostrup,,,,bro,1.0,1,,"56.3964990, 9.4152943",way/1228465397,ok,2026-09-24
k-way1228465399,,,,Rindsholm,,,,bro,1.0,1,,"56.4020120, 9.4191057",way/1228465399,ok,2026-09-24
k-way1228980937,,,,Vollerup Overdrev,,,,bro,1.0,1,,"55.7349545, 11.0784362",way/1228980937,ok,2026-09-24
k-way1228980944,,,,Svenstrup Overdrev,,,,bro,1.0,1,,"55.7372124, 11.0885031",way/1228980944,ok,2026-09-24
k-way1228980945,,,,Vollerup Overdrev,,,,bro,1.0,1,,"55.7354054, 11.0817970",way/1228980945,ok,2026-09-24
k-way1228980946,,,,Vollerup Overdrev,,,,bro,1.0,1,,"55.7360062, 11.0844744",way/1228980946,ok,2026-09-24
k-way1230790734,,,,Gellerup,,,,bro,1.0,1,,"56.1499441, 10.1415983",way/1230790734,ok,2026-09-24
k-way1231871235,,,,Birkeby,,,,bro,1.0,1,,"55.9529798, 8.7237260",way/1231871235,ok,2026-09-24
k-way1231885242,,,,Mejrup Kirkeby,,,,bro,1.0,1,,"56.3502657, 8.6867274",way/1231885242,ok,2026-09-24
k-way1232385136,,,,Skarrild,,,,bro,1.0,1,,"55.9756228, 8.8971332",way/1232385136,ok,2026-09-24
k-way1232387484,,,,Sønder Felding,,,,bro,1.0,1,,"55.9417935, 8.7863657",way/1232387484,ok,2026-09-24
k-way123318934,,,,Nab,,,,bro,1.0,1,,"55.0522919, 10.3312936",way/123318934,ok,2026-09-24
k-way1234242472,,,,Handrup Strand,,,,bro,1.0,1,,"56.2264903, 10.6358517",way/1234242472,ok,2026-09-24
k-way1235903928,,,,Fuglevad,,,,bro,1.0,1,,"56.1508372, 10.5461592",way/1235903928,ok,2026-09-24
k-way1236588961,,,,Vorgod,,,,bro,1.0,1,,"56.0874509, 8.7086179",way/1236588961,ok,2026-09-24
k-way1236593784,,,,Barde,,,,bro,1.0,1,,"56.1140403, 8.6923815",way/1236593784,ok,2026-09-24
k-way1236706018,,,,Vestbirk,,,,bro,1.0,1,,"55.9641319, 9.7169364",way/1236706018,ok,2026-09-24
k-way1236781401,,,,Skive,,,,bro,1.0,1,,"56.5672398, 9.0370941",way/1236781401,ok,2026-09-24
k-way1236781410,,,,Skive,,,,bro,1.0,1,,"56.5640942, 9.0312283",way/1236781410,ok,2026-09-24
k-way1237488872,,,Rungsted Sejlklub,Rungsted,,,,sejlklub,1.0,1,,"55.8859146, 12.5464327",way/1237488872,ok,2026-09-24
k-way1237546197,,,,Vranderup,,,,bro,1.0,1,,"55.5063214, 9.4198131",way/1237546197,ok,2026-09-24
k-way1239421702,,,,Fussingø,,,,bro,1.0,1,,"56.4747338, 9.8477567",way/1239421702,ok,2026-09-24
k-way1239601543,,,,Kås,,,,bro,1.0,1,,"55.2398180, 14.8678259",way/1239601543,ok,2026-09-24
k-way1239986546,,,,Silkeborg,,,,bro,1.0,9,,"56.1746966, 9.5438536",way/1239986546 way/1239986547 way/1239986548 way/1239986549 way/1239986550 way/1239986551 way/1239986552 way/1239986553 way/1239986554,ok,2026-09-24
k-way1239986555,,,,Silkeborg,,,,bro,1.0,3,,"56.1751897, 9.5417896",way/1239986555 way/1239986556 way/1239986557,ok,2026-09-24
k-way1240397194,,,,Ørestad,,,,bro,1.0,1,,"55.6437756, 12.5477260",way/1240397194,ok,2026-09-24
k-way1240456880,,,Hundborgmolen,Hundborg,,,,bro,1.0,1,,"56.9266943, 8.5233741",way/1240456880,ok,2026-09-24
k-way1240500509,,,,Hurup,,,,bro,1.0,1,,"56.7507679, 8.4192083",way/1240500509,ok,2026-09-24
k-way1240709701,,,,Hurup,,,,bro,1.0,1,,"56.7563167, 8.3892496",way/1240709701,ok,2026-09-24
k-way1240763851,,,,Oure,,,,bro,1.0,2,,"55.1154243, 10.7295293",way/1240763851 way/1240763852,ok,2026-09-24
k-way1242190771,,,,Landsbyen Sølund,,,,bro,1.0,1,,"56.0305630, 9.9162818",way/1242190771,ok,2026-09-24
k-way1242769793,,,,Vejlby Strand,,,,bro,1.0,1,,"56.5648599, 8.1326474",way/1242769793,ok,2026-09-24
k-way1243119946,,,,Brede,,,,bro,1.0,1,,"55.7850223, 12.4969183",way/1243119946,ok,2026-09-24
k-way1244696204,,,,Dragsmur,,,,bro,1.0,1,,"56.1717138, 10.5229849",way/1244696204,ok,2026-09-24
k-way1244820604,,,,Skovgårde Strand,,,,bro,1.0,1,,"56.5128185, 10.5255619",way/1244820604,ok,2026-09-24
k-way124537429,,,,Fredericia,,,,bro,1.0,1,,"55.5563848, 9.7647066",way/124537429,ok,2026-09-24
k-way124537430,,,,Fredericia,,,,bro,1.0,2,,"55.5558702, 9.7667607",way/124537430 way/124537432,ok,2026-09-24
k-way1245637129,,,,Birkelse,,,,bro,1.0,1,,"57.1470506, 9.6894881",way/1245637129,ok,2026-09-24
k-way1247431118,,,,Midtholm,,,,bro,1.0,1,,"54.9027296, 9.1464802",way/1247431118,ok,2026-09-24
k-way1247431120,,,,Porsbøl,,,,bro,1.0,2,,"54.9641898, 9.2890479",way/1247431120 way/1247431122,ok,2026-09-24
k-way1247431126,,,,Porsbøl,,,,bro,1.0,1,,"54.9666622, 9.2892046",way/1247431126,ok,2026-09-24
k-way1252998662,,,,Varde,,,,bro,1.0,1,,"55.6194597, 8.4911645",way/1252998662,ok,2026-09-24
k-way1256805445,,,,Lusig,,,,bro,1.0,1,,"55.0091013, 9.7280958",way/1256805445,ok,2026-09-24
k-way1257924896,,,,Kollund Mark,,,,bro,1.0,1,,"54.8575355, 9.4440677",way/1257924896,ok,2026-09-24
k-way1262104199,,,,Bolbro,,,,bro,1.0,1,,"55.3905551, 10.3528260",way/1262104199,ok,2026-09-24
k-way1263158097,,,,Thurø By,,,,bro,1.0,8,,"55.0405689, 10.6617953",way/1263158097 way/180568974 way/180568975 way/180568976 way/180569836 way/180569854 way/380586432 way/380586435,ok,2026-09-24
k-way1264766092,,,,Hou,,,,bro,1.0,1,,"57.0565419, 10.3816328",way/1264766092,ok,2026-09-24
k-way126546304,,,,Stovgård,,,,bro,1.0,1,,"54.9267043, 9.7585786",way/126546304,ok,2026-09-24
k-way126554098,på kortet,,,Nyborg,,,,bro,1.0,2,nyborg-roklub,"55.3071461, 10.7871294",way/126554098 way/211112007,ok,2026-09-24
k-way1265772867,,,,Jyderup,,,,bro,1.0,1,,"55.6559972, 11.3939192",way/1265772867,ok,2026-09-24
k-way1266092726,,,,Jyderup,,,,bro,1.0,1,,"55.6546288, 11.3955177",way/1266092726,ok,2026-09-24
k-way1266410252,,,,Ollerup,,,,bro,1.0,1,,"55.0699781, 10.5121660",way/1266410252,ok,2026-09-24
k-way1266592333,,,,Nørup,,,,bro,1.0,1,,"55.7158633, 9.3136662",way/1266592333,ok,2026-09-24
k-way126710930,,,Skjern Bådehavn,Skjern,,,,havn,1.0,1,,"55.9305572, 8.5014385",way/126710930,ok,2026-09-24
k-way1267207506,på kortet,,,Svogerslev,,,,bro,1.0,1,lynghoejsoeerne-roskilde,"55.6258565, 12.0126633",way/1267207506,ok,2026-09-24
k-way126977791,,,,Lambjerglund,,,,bro,1.0,1,,"54.8954864, 9.8576831",way/126977791,ok,2026-09-24
k-way1270323219,,,,Egå,,,,bro,1.0,1,,"56.2145180, 10.2921080",way/1270323219,ok,2026-09-24
k-way127077738,på kortet,,,Nivå,,,,bro,1.0,1,nivaa-kajakklub,"55.9374891, 12.5278938",way/127077738,ok,2026-09-24
k-way1270818633,,,,Lemming,,,,bro,1.0,1,,"56.2568099, 9.5422625",way/1270818633,ok,2026-09-24
k-way1271480029,,,,Esrum,,,,bro,1.0,1,,"56.0362092, 12.3776323",way/1271480029,ok,2026-09-24
k-way1271798109,,,,Hou,,,,bro,1.0,1,,"55.9140852, 10.2497684",way/1271798109,ok,2026-09-24
k-way1272612000,,,,Branden,,,,bro,1.0,2,,"56.8024373, 9.0190920",way/1272612000 way/390132107,ok,2026-09-24
k-way1276411072,,,,Mundelstrup,,,,bro,1.0,1,,"56.1955699, 10.0431543",way/1276411072,ok,2026-09-24
k-way1278732106,,,,Egå Bro,,,,bro,1.0,2,,"56.1962119, 10.2641576",way/1278732106 way/612931555,ok,2026-09-24
k-way1278732107,,,,Egå Bro,,,,bro,1.0,1,,"56.1970284, 10.2669791",way/1278732107,ok,2026-09-24
k-way1282009291,,,,Nabben,,,,bro,1.0,1,,"55.1860738, 10.1028773",way/1282009291,ok,2026-09-24
k-way1284896089,,,,Vindeballe,,,,bro,1.0,1,,"54.8876181, 10.3706287",way/1284896089,ok,2026-09-24
k-way1285552743,,,,Nab,,,,bro,1.0,1,,"55.0518050, 10.3236274",way/1285552743,ok,2026-09-24
k-way1285552745,,,,Nab,,,,bro,1.0,1,,"55.0531077, 10.3371288",way/1285552745,ok,2026-09-24
k-way1285857972,,,,Kasted,,,,bro,1.0,1,,"56.2149470, 10.1456415",way/1285857972,ok,2026-09-24
k-way128638374,,,,Kragemade,,,,bro,1.0,3,,"54.9100289, 9.6556674",way/128638374 way/136014480 way/550469784,ok,2026-09-24
k-way1286617190,,,,Elvighøj,,,,bro,1.0,4,,"55.4858215, 9.5867018",way/1286617190 way/1286617191 way/1286617192 way/1286617193,ok,2026-09-24
k-way1286617196,,,,Elvighøj,,,,bro,1.0,1,,"55.4910823, 9.5568628",way/1286617196,ok,2026-09-24
k-way1286617197,,,,Elvighøj,,,,bro,1.0,1,,"55.4911302, 9.5703577",way/1286617197,ok,2026-09-24
k-way1286617204,,,,Elvighøj,,,,bro,1.0,3,,"55.4883048, 9.5751527",way/1286617204 way/1286617205 way/1286617206,ok,2026-09-24
k-way1287960582,på kortet,,,Kerteminde,,,,bro,1.0,7,kerteminde-havn-2,"55.4514037, 10.6662474",way/1287960582 way/1287960583 way/1287960584 way/1511473278 way/237099216 way/409976641 way/520209475,ok,2026-09-24
k-way1288136850,,,,Sæby,,,,bro,1.0,3,,"57.3325586, 10.5346596",way/1288136850 way/343781129 way/343781132,ok,2026-09-24
k-way1288763326,,,,Odense,,,,bro,1.0,2,,"55.3948486, 10.3900306",way/1288763326 way/1288763327,ok,2026-09-24
k-way1289177206,,,,Hellum,,,,bro,1.0,1,,"57.2687037, 10.1644604",way/1289177206,ok,2026-09-24
k-way1290067988,,,,Endelave By,,,,bro,1.0,2,,"55.7620105, 10.2730509",way/1290067988 way/1303873757,ok,2026-09-24
k-way1290395603,,,,Hærup Strand,,,,bro,1.0,1,,"56.5740918, 8.7249669",way/1290395603,ok,2026-09-24
k-way1290486847,,,,Gyldendal,,,,bro,1.0,1,,"56.5784848, 8.7159280",way/1290486847,ok,2026-09-24
k-way1292349781,,,,Davinde,,,,bro,1.0,1,,"55.3333339, 10.5366988",way/1292349781,ok,2026-09-24
k-way1292712547,,,,Egsmark,,,,bro,1.0,1,,"56.2257433, 10.6535049",way/1292712547,ok,2026-09-24
k-way1292858854,,,,Grenaa,,,,bro,1.0,2,,"56.4123192, 10.8844713",way/1292858854 way/617142916,ok,2026-09-24
k-way1293004340,,,,Hudevad,,,,bro,1.0,2,,"55.3192042, 10.5409813",way/1293004340 way/1293004341,ok,2026-09-24
k-way1293826057,,,,Skolevangen,,,,bro,1.0,1,,"56.1772713, 10.2328046",way/1293826057,ok,2026-09-24
k-way1295965294,,,,Strømmen,,,,bro,1.0,1,,"56.4547034, 10.0346360",way/1295965294,ok,2026-09-24
k-way1296175188,,,Hønsebroerne,Næsset,,,,bro,1.0,11,,"55.8570236, 9.8720253",way/1296175188 way/40983762 way/641357426 way/93625148 way/93625153 way/93625154 way/93625157 way/93625158 way/93625160 way/93625161 way/93625163,ok,2026-09-24
k-way1296809707,,,,Gandrup,,,,bro,1.0,1,,"57.0619688, 10.1921233",way/1296809707,ok,2026-09-24
k-way129690835,,,,Haslevgårde Bakker,,,,bro,1.0,1,,"56.7697861, 10.2921030",way/129690835,ok,2026-09-24
k-way1296963018,,,,Vridsted,,,,bro,1.0,1,,"56.4427089, 9.0019937",way/1296963018,ok,2026-09-24
k-way1297191354,,,,Boring,,,,bro,1.0,1,,"55.8632391, 9.5653926",way/1297191354,ok,2026-09-24
k-way1297744535,,,,Dynt Strand,,,,bro,1.0,1,,"54.8888972, 9.7238002",way/1297744535,ok,2026-09-24
k-way1300087370,,,,Kildebakkerne,,,,bro,1.0,1,,"55.9257336, 12.0417036",way/1300087370,ok,2026-09-24
k-way1302706861,,,,Hirsholm,,,,bro,1.0,1,,"57.4860507, 10.6256239",way/1302706861,ok,2026-09-24
k-way1303226941,,,,Egå Bro,,,,bro,1.0,2,,"56.2001033, 10.2815945",way/1303226941 way/612931577,ok,2026-09-24
k-way1303687040,,,,Svenstrup,,,,bro,1.0,3,,"56.9753422, 9.8502576",way/1303687040 way/1303687041 way/1303687042,ok,2026-09-24
k-way1304103538,,,,Drøsselbjerglung,,,,bro,1.0,1,,"55.4626712, 11.1905597",way/1304103538,ok,2026-09-24
k-way1304314278,på kortet,,,Avedøre Holme,,,,bro,1.0,2,hvidovre-roklub,"55.6251929, 12.5009872",way/1304314278 way/1304314279,ok,2026-09-24
k-way1304624795,,,,Mariager,,,,bro,1.0,1,,"56.6552365, 9.9714743",way/1304624795,ok,2026-09-24
k-way1304853548,,,,Boesdal,,,,bro,1.0,1,,"55.2632389, 12.4165135",way/1304853548,ok,2026-09-24
k-way1304913367,,,,Gurre,,,,bro,1.0,1,,"56.0250523, 12.5274572",way/1304913367,ok,2026-09-24
k-way1305359587,,,,Faldsled,,,,bro,1.0,1,,"55.1483966, 10.1480228",way/1305359587,ok,2026-09-24
k-way1306082450,,,,Tissinghuse,,,,bro,1.0,1,,"56.7165833, 8.6273632",way/1306082450,ok,2026-09-24
k-way1306082454,,,,Tissinghuse,,,,bro,1.0,1,,"56.7192308, 8.6313172",way/1306082454,ok,2026-09-24
k-way1307272044,på kortet,,G,Brøndby Strand,,,,bro,1.0,3,broendby-kajakklub,"55.6111919, 12.4418961",way/1307272044 way/25544857 way/25544859,ok,2026-09-24
k-way1307316475,,,,Valsømagle,,,,bro,1.0,3,,"55.4835387, 11.8006843",way/1307316475 way/264484461 way/264484468,ok,2026-09-24
k-way130742533,,,Kong Harald og Dronning Kirstens Bro,Kvie,,,,bro,1.0,1,,"55.7238995, 8.7726511",way/130742533,ok,2026-09-24
k-way1307834682,,,,Søholt,,,,bro,1.0,9,,"56.1769830, 9.5663743",way/1307834682 way/1307834683 way/1307834684 way/905027160 way/905027162 way/905027163 way/905027164 way/905027165 way/905027166,ok,2026-09-24
k-way1308387828,,,,Yderby Lyng,,,,slæbested,1.0,1,,"56.0061883, 11.2795961",way/475681295,ok,2026-09-24
k-way1311105880,,,,Søholt,,,,bro,1.0,12,,"56.1748803, 9.5745012",way/1311105880 way/1315155634 way/903714675 way/903714676 way/903714677 way/903714678 way/903714679 way/903714680 way/903714682 way/903714683 way/903714684 way/905027179,ok,2026-09-24
k-way1311105881,,,,Søholt,,,,bro,1.0,4,,"56.1752338, 9.5720268",way/1311105881 way/905027176 way/905027177 way/905027178,ok,2026-09-24
k-way1311272945,,,,Nordborg,,,,bro,1.0,1,,"55.0593336, 9.7502324",way/1311272945,ok,2026-09-24
k-way1311476394,,,,Nordhavn,,,,bro,1.0,1,,"55.7217237, 12.6152569",way/1311476394,ok,2026-09-24
k-way1311821238,,,,Gyldensteen,,,,bro,1.0,1,,"55.5806108, 10.1585700",way/1311821238,ok,2026-09-24
k-way1313071048,,,,Kristiansminde,,,,bro,1.0,1,,"55.5855108, 10.4230946",way/1313071048,ok,2026-09-24
k-way1313071049,,,,Tofteløkken,,,,bro,1.0,1,,"55.5892380, 10.4149131",way/1313071049,ok,2026-09-24
k-way1313428996,,,,Liljeparken,,,,bro,1.0,1,,"55.5744045, 10.4413131",way/1313428996,ok,2026-09-24
k-way1314378048,,,,Indre By,,,,bro,1.0,2,,"55.6840655, 12.6093097",way/1314378048 way/369595741,ok,2026-09-24
k-way1314690981,,,,Rønnede,,,,bro,1.0,1,,"55.2540880, 12.0193393",way/1314690981,ok,2026-09-24
k-way1314771819,,,Vester Havn,Vesterby,,,,havn,1.0,1,,"54.9356080, 11.3736275",way/1314771819,ok,2026-09-24
k-way1315134392,,,,Karlsminde,,,,bro,1.0,1,,"55.0525973, 9.8348597",way/1315134392,ok,2026-09-24
k-way1315155653,,,,Søholt,,,,bro,1.0,6,,"56.1745467, 9.5767969",way/1315155653 way/903714670 way/903714671 way/903714672 way/903714673 way/903714674,ok,2026-09-24
k-way1315255010,,,,Lemvig,,,,bro,1.0,1,,"56.5480206, 8.3136199",way/1315255010,ok,2026-09-24
k-way1315348556,,,,Lemvig,,,,bro,1.0,1,,"56.5412106, 8.3024319",way/1315348556,ok,2026-09-24
k-way131638272,,,,Strandby,,,,bro,1.0,1,,"57.4957858, 10.5020286",way/131638272,ok,2026-09-24
k-way1316999962,,,,Nykøbing Mors,,,,bro,1.0,1,,"56.8000643, 8.8779482",way/1316999962,ok,2026-09-24
k-way1317060449,,,,Ebeltoft,,,,bro,1.0,2,,"56.1980225, 10.6705981",way/1317060449 way/1317060450,ok,2026-09-24
k-way1318310041,,,,Bårse,,,,bro,1.0,1,,"55.1276884, 11.9416797",way/1318310041,ok,2026-09-24
k-way1318970026,,,,Halvrimmen,,,,bro,1.0,1,,"57.1074550, 9.5634720",way/1318970026,ok,2026-09-24
k-way131945936,,,,Lindelse,,,,bro,1.0,1,,"54.8427190, 11.0590144",way/131945936,ok,2026-09-24
k-way1319693381,,,,Klippinge,,,,bro,1.0,1,,"55.3496512, 12.3314215",way/1319693381,ok,2026-09-24
k-way1320070463,,,,Skallerup,,,,bro,1.0,1,,"56.8542557, 8.6478063",way/1320070463,ok,2026-09-24
k-way1321563374,på kortet,,,Kirkehøj,,,,bro,1.0,10,spot-15,"55.8492095, 8.2804580",way/277147187 way/277147188 way/277147189 way/277147190 way/277147191 way/277147192 way/277147193 way/277147194 way/277147195 way/42031035,ok,2026-09-24
k-way132197847,,,,Frederikshavn,,,,bro,1.0,2,,"57.4511653, 10.5458238",way/132197847 way/132197850,ok,2026-09-24
k-way1322123108,,,,Sønder Dråby,,,,slæbested,1.0,1,,"56.8834346, 8.8449862",way/1322123108,forsvundet,2026-09-24
k-way1322831840,,,,Kirkeby,,,,bro,1.0,1,,"54.7692314, 10.7212113",way/1322831840,ok,2026-09-24
k-way1323482977,,,,Ullerød,,,,bro,1.0,1,,"55.9407269, 12.2561275",way/1323482977,ok,2026-09-24
k-way132471926,,,,Indre By,,,,bro,1.0,1,,"55.6774684, 12.5806927",way/132471926,ok,2026-09-24
k-way1325583521,,,,Kirkehavn,,,,bro,1.0,3,,"55.1711474, 11.1618505",way/1325583521 way/327389577 way/327389579,ok,2026-09-24
k-way132569880,,,,Kalundborg,,,,bro,1.0,1,,"55.6647717, 11.0765605",way/132569880,ok,2026-09-24
k-way1326198447,,,,Balle Strand,,,,bro,1.0,1,,"55.0366591, 12.1405871",way/1326198447,ok,2026-09-24
k-way1326199430,,,,Stege,,,,bro,1.0,1,,"54.9874860, 12.2799942",way/1326199430,ok,2026-09-24
k-way132762320,,,,Vindebyøre,,,,bro,1.0,1,,"55.0594065, 10.6253140",way/132762320,ok,2026-09-24
k-way1329299083,,,,Birkhede,,,,bro,1.0,9,,"56.0934465, 9.7518851",way/1329299083 way/1329299084 way/1329299085 way/1345487112 way/173278005 way/259565792 way/905297183 way/905297184 way/905297185,ok,2026-09-24
k-way1329299851,,,,Birkhede,,,,bro,1.0,3,,"56.0916481, 9.7497409",way/1329299851 way/1329299852 way/1345444280,ok,2026-09-24
k-way1329837377,,,,Gershøj,,,,bro,1.0,2,,"55.6986534, 11.9667416",way/1329837377 way/1329837378,ok,2026-09-24
k-way1330143162,,,,Ny Frederiksdal,,,,bro,1.0,1,,"55.7753006, 12.4665974",way/1330143162,ok,2026-09-24
k-way1330202994,,,,Gamløse,,,,bro,1.0,1,,"55.7572230, 11.8368415",way/1330202994,ok,2026-09-24
k-way1331626199,,,,Stevnstrup,,,,bro,1.0,1,,"56.4465031, 9.9506593",way/1331626199,ok,2026-09-24
k-way1332018698,,,,Østengård,,,,bro,1.0,1,,"55.7076806, 9.4708518",way/1332018698,ok,2026-09-24
k-way1332140620,,,,Vingsted,,,,bro,1.0,1,,"55.6776893, 9.3835870",way/1332140620,ok,2026-09-24
k-way1332440146,,,,Stige,,,,bro,1.0,1,,"55.4492017, 10.4255787",way/1332440146,ok,2026-09-24
k-way1333168096,,,,Skærbæk,,,,bro,1.0,1,,"55.5091326, 9.6393544",way/1333168096,ok,2026-09-24
k-way1333431713,,,,Fredericia,,,,bro,1.0,1,,"55.5612011, 9.7597494",way/1333431713,ok,2026-09-24
k-way1333584140,,,,Københovedskov,,,,bro,1.0,1,,"55.4202527, 9.0655360",way/1333584140,ok,2026-09-24
k-way1333782266,,,,Nyråd,,,,bro,1.0,3,,"54.9979295, 11.9479960",way/1333782266 way/1334159948 way/1345417228,ok,2026-09-24
k-way1335010396,,,,Kalvehave,,,,bro,1.0,4,,"54.9934281, 12.1688057",way/1335010396 way/1335010397 way/237743993 way/376627466,ok,2026-09-24
k-way133600921,,,,Rudkøbing,,,,bro,1.0,5,,"54.9394365, 10.7080386",way/133600921 way/133600923 way/616897193 way/616897194 way/616897195,ok,2026-09-24
k-way1336067010,,,,Christiansminde,,,,bro,1.0,4,,"55.0550136, 10.6462663",way/1336067010 way/1336067011 way/1336067012 way/1336067015,ok,2026-09-24
k-way1336067013,,,,Christiansminde,,,,bro,1.0,5,,"55.0558489, 10.6481382",way/1336067013 way/1336067014 way/1336067016 way/1336067017 way/1346660008,ok,2026-09-24
k-way1336068497,,,,Christiansminde,,,,bro,1.0,1,,"55.0559022, 10.6532282",way/1336068497,ok,2026-09-24
k-way1336068498,,,,Christiansminde,,,,bro,1.0,4,,"55.0564891, 10.6550295",way/1336068498 way/1336068499 way/1336068500 way/1336068501,ok,2026-09-24
k-way1336068502,,,,Rubjergskov,,,,bro,1.0,1,,"55.0575718, 10.6787813",way/1336068502,ok,2026-09-24
k-way1336068503,,,,Rubjergskov,,,,bro,1.0,1,,"55.0570594, 10.6809462",way/1336068503,ok,2026-09-24
k-way1336068504,,,,Skårupøre,,,,bro,1.0,2,,"55.0611332, 10.7138428",way/1336068504 way/1346653409,ok,2026-09-24
k-way1336069567,,,,Elsehoved Strand,,,,bro,1.0,1,,"55.1010480, 10.7722527",way/1336069567,ok,2026-09-24
k-way1338260117,,,,Tønder,,,,bro,1.0,1,,"54.9344682, 8.8729082",way/1338260117,ok,2026-09-24
k-way1338284791,,,,Ørestad,,,,bro,1.0,1,,"55.6427226, 12.5557019",way/1338284791,ok,2026-09-24
k-way1338551757,,,,Saksborg,,,,bro,1.0,1,,"54.9333037, 9.0833555",way/1338551757,ok,2026-09-24
k-way1338552473,,,,Hajstrup,,,,bro,1.0,1,,"54.9334741, 9.1146503",way/1338552473,ok,2026-09-24
k-way1339064429,,,,Stege,,,,bro,1.0,1,,"54.9914742, 12.3014428",way/1339064429,ok,2026-09-24
k-way1340352563,,,,Nyråd,,,,bro,1.0,3,,"55.0023920, 11.9750214",way/1340352563 way/470336806 way/470338426,ok,2026-09-24
k-way1340390659,,,,Nyråd,,,,bro,1.0,3,,"55.0037607, 11.9749607",way/1340390659 way/1340390662 way/1340390665,ok,2026-09-24
k-way1340390668,,,,Nyråd,,,,bro,1.0,3,,"55.0047560, 11.9763927",way/1340390668 way/1340390670 way/1340390675,ok,2026-09-24
k-way1341530501,,,,Fredericia,,,,bro,1.0,1,,"55.5631506, 9.7691772",way/1341530501,ok,2026-09-24
k-way1341765268,,,,Vranderup,,,,bro,1.0,1,,"55.4960963, 9.4122902",way/1341765268,ok,2026-09-24
k-way134289277,,,,Nykøbing Falster,,,,bro,1.0,2,,"54.7605483, 11.8618724",way/134289277 way/134289278,ok,2026-09-24
k-way1342929268,,,,Kirkegårde,,,,bro,1.0,2,,"55.9956275, 8.9627894",way/1342929268 way/1342929273,ok,2026-09-24
k-way1343397145,,,,Kirkegårde,,,,bro,1.0,1,,"56.0023745, 8.9687562",way/1343397145,ok,2026-09-24
k-way1345417230,,,,Nyråd,,,,bro,1.0,1,,"54.9976632, 11.9499206",way/1345417230,ok,2026-09-24
k-way1345417235,,,,Bakkebølle Strand,,,,bro,1.0,4,,"54.9710836, 11.9921257",way/1345417235 way/1345417236 way/1359278422 way/1359278423,ok,2026-09-24
k-way1346122060,,,,Hattenæs,,,,bro,1.0,5,,"56.1453341, 9.5846467",way/1346122060 way/893125610 way/893125611 way/893125612 way/893125613,ok,2026-09-24
k-way1346601383,,,,Tapdrup,,,,bro,1.0,1,,"56.4334637, 9.4814348",way/1346601383,ok,2026-09-24
k-way1346653410,,,,Åbyskov,,,,bro,1.0,2,,"55.0663235, 10.7310448",way/1346653410 way/1346653411,ok,2026-09-24
k-way1346653414,,,,Åbyskov,,,,bro,1.0,2,,"55.0680037, 10.7383984",way/1346653414 way/1346653415,ok,2026-09-24
k-way1346653416,,,,Vængemose,,,,bro,1.0,1,,"55.0716022, 10.7452517",way/1346653416,ok,2026-09-24
k-way1346653424,,,,Vængemose,,,,bro,1.0,1,,"55.0743705, 10.7465126",way/1346653424,ok,2026-09-24
k-way1346653428,,,,Vængemose,,,,bro,1.0,2,,"55.0766483, 10.7494481",way/1346653428 way/1346653429,ok,2026-09-24
k-way1346653435,,,,Brohave,,,,bro,1.0,1,,"55.0798700, 10.7517965",way/1346653435,ok,2026-09-24
k-way1346653446,,,,Brohave,,,,bro,1.0,1,,"55.0812243, 10.7524154",way/1346653446,ok,2026-09-24
k-way1346653459,,,,Brohave,,,,bro,1.0,1,,"55.0841238, 10.7535626",way/1346653459,ok,2026-09-24
k-way1346653462,,,,Elsehoved Strand,,,,bro,1.0,1,,"55.1011385, 10.7700014",way/1346653462,ok,2026-09-24
k-way1346659972,,,,Valborgs Kasse,,,,bro,1.0,3,,"55.0333268, 10.6986102",way/1346659972 way/1346659973 way/1346659974,ok,2026-09-24
k-way1346659975,,,,Valborgs Kasse,,,,bro,1.0,3,,"55.0330532, 10.6966235",way/1346659975 way/1346659976 way/1346659977,ok,2026-09-24
k-way1346659978,,,,Valborgs Kasse,,,,bro,1.0,1,,"55.0314870, 10.6908471",way/1346659978,ok,2026-09-24
k-way1346659979,,,,Grasten,,,,bro,1.0,2,,"55.0295086, 10.6746635",way/1346659979 way/707259522,ok,2026-09-24
k-way1346659980,,,,Grasten,,,,bro,1.0,6,,"55.0295448, 10.6694613",way/1346659980 way/1346659981 way/1346659982 way/1346659983 way/1346659984 way/707259523,ok,2026-09-24
k-way1346659985,,,,Grasten,,,,bro,1.0,3,,"55.0374908, 10.6718739",way/1346659985 way/1346659986 way/1346659987,ok,2026-09-24
k-way1346659988,,,,Valborgs Kasse,,,,bro,1.0,1,,"55.0381211, 10.6870211",way/1346659988,ok,2026-09-24
k-way1346659989,,,,Valborgs Kasse,,,,bro,1.0,1,,"55.0383846, 10.6922866",way/1346659989,ok,2026-09-24
k-way1346659990,,,,Smørmosen,,,,bro,1.0,1,,"55.0414891, 10.6998001",way/1346659990,ok,2026-09-24
k-way1346659991,,,,Valborgs Kasse,,,,bro,1.0,4,,"55.0414460, 10.6845694",way/1346659991 way/707259533 way/707259534 way/707259535,ok,2026-09-24
k-way1346659992,,,,Thurø By,,,,bro,1.0,2,,"55.0414114, 10.6786959",way/1346659992 way/707259530,ok,2026-09-24
k-way1346659993,,,,Thurø By,,,,bro,1.0,2,,"55.0418984, 10.6705017",way/1346659993 way/180568388,ok,2026-09-24
k-way1346659994,,,,Thurø By,,,,bro,1.0,4,,"55.0415215, 10.6640864",way/1346659994 way/180569834 way/180569837 way/180569846,ok,2026-09-24
k-way1346659995,,,,Thurø By,,,,bro,1.0,5,,"55.0402846, 10.6593317",way/1346659995 way/180569839 way/180569843 way/180569847 way/180569852,ok,2026-09-24
k-way1346659996,,,,Troense,,,,bro,1.0,3,,"55.0378619, 10.6517191",way/1346659996 way/707259528 way/707259529,ok,2026-09-24
k-way1346659997,,,,Troense,,,,bro,1.0,7,,"55.0394025, 10.6498947",way/1346659997 way/1346659998 way/1346659999 way/1346660000 way/1346660001 way/707259527 way/918148963,ok,2026-09-24
k-way1346660002,,,,Troense,,,,bro,1.0,3,,"55.0404663, 10.6502328",way/1346660002 way/1346660003 way/1346660004,ok,2026-09-24
k-way1346660005,,,,Christiansminde,,,,bro,1.0,3,,"55.0486451, 10.6466731",way/1346660005 way/707259570 way/707259571,ok,2026-09-24
k-way1346660006,,,,Christiansminde,,,,bro,1.0,2,,"55.0496467, 10.6480436",way/1346660006 way/1346660007,ok,2026-09-24
k-way1346660010,,,,Thurø By,,,,bro,1.0,2,,"55.0515362, 10.6623352",way/1346660010 way/707259595,ok,2026-09-24
k-way1346682175,,,,Strandhuse,,,,bro,1.0,3,,"55.0530148, 10.6075689",way/1346682175 way/1346682176 way/1346682177,ok,2026-09-24
k-way1346682178,,,,Strandhuse,,,,bro,1.0,1,,"55.0524417, 10.6054096",way/1346682178,ok,2026-09-24
k-way1346682179,,,,Strandhuse,,,,bro,1.0,8,,"55.0455431, 10.5882420",way/1346682179 way/656520618 way/656520619 way/656520620 way/656520621 way/656520622 way/656520623 way/656520624,ok,2026-09-24
k-way1346682180,,,,Skovsbo Strand,,,,bro,1.0,8,,"55.0412011, 10.5716558",way/1346682180 way/656520590 way/656520591 way/656520592 way/656520593 way/656520594 way/656520595 way/876021445,ok,2026-09-24
k-way1346682181,,,,Skovsbo Strand,,,,bro,1.0,7,,"55.0406146, 10.5678734",way/1346682181 way/656520596 way/656520597 way/656520598 way/656520599 way/656520600 way/656520601,ok,2026-09-24
k-way1346682182,,,,Rantzausminde,,,,bro,1.0,3,,"55.0370616, 10.5590616",way/1346682182 way/1346682183 way/684539365,ok,2026-09-24
k-way1346682184,,,,Rantzausminde,,,,bro,1.0,5,,"55.0368939, 10.5570046",way/1346682184 way/1346682185 way/1346682186 way/1346682187 way/1346682188,ok,2026-09-24
k-way1346682189,,,,Rantzausminde,,,,bro,1.0,6,,"55.0365463, 10.5549825",way/1346682189 way/1346682190 way/1346682191 way/1346689904 way/1346689905 way/1346689906,ok,2026-09-24
k-way1346689907,,,,Rantzausminde,,,,bro,1.0,6,,"55.0359835, 10.5533092",way/1346689907 way/1346689908 way/1346689909 way/1346689910 way/1346689911 way/1346689912,ok,2026-09-24
k-way1346689913,,,,Rantzausminde,,,,bro,1.0,4,,"55.0355570, 10.5509213",way/1346689913 way/1346689914 way/1346689915 way/1346689916,ok,2026-09-24
k-way1346689917,,,,Rantzausminde,,,,bro,1.0,2,,"55.0352242, 10.5483767",way/1346689917 way/1346689918,ok,2026-09-24
k-way1346689919,,,,Rantzausminde,,,,bro,1.0,3,,"55.0350531, 10.5462803",way/1346689919 way/1346689920 way/163687129,ok,2026-09-24
k-way1346689923,,,,Rantzausminde,,,,bro,1.0,4,,"55.0335980, 10.5368743",way/1346689923 way/1346689926 way/1346689927 way/969883243,ok,2026-09-24
k-way1346689934,,,,Lehnskov Huse,,,,bro,1.0,1,,"55.0289616, 10.4984858",way/1346689934,ok,2026-09-24
k-way1346689935,,,,Ballen,,,,bro,1.0,4,,"55.0360432, 10.4852065",way/1346689935 way/1346689936 way/1346689937 way/1346689938,ok,2026-09-24
k-way1346689939,,,,Ballen,,,,bro,1.0,4,,"55.0387219, 10.4811723",way/1346689939 way/1346689940 way/1346689941 way/1346689942,ok,2026-09-24
k-way1346689943,,,,Ballen,,,,bro,1.0,4,,"55.0395499, 10.4790020",way/1346689943 way/1346689944 way/1346689945 way/1346689946,ok,2026-09-24
k-way1346689947,,,,Ballen,,,,bro,1.0,1,,"55.0402388, 10.4767891",way/1346689947,ok,2026-09-24
k-way1346689948,,,,Ballen,,,,bro,1.0,1,,"55.0414956, 10.4664405",way/1346689948,ok,2026-09-24
k-way1346689949,,,,Ballen,,,,bro,1.0,1,,"55.0404674, 10.4611337",way/1346689949,ok,2026-09-24
k-way1346689950,,,,Ballen,,,,bro,1.0,1,,"55.0412176, 10.4435174",way/1346689950,ok,2026-09-24
k-way1346696269,,,,Bøgebjerglund,,,,bro,1.0,1,,"55.0699576, 10.2959463",way/1346696269,ok,2026-09-24
k-way1346696270,,,,Bøgebjerglund,,,,bro,1.0,1,,"55.0719060, 10.2939278",way/1346696270,ok,2026-09-24
k-way1346696271,,,,Bøgebjerglund,,,,bro,1.0,1,,"55.0724579, 10.2898477",way/1346696271,ok,2026-09-24
k-way1346696274,,,,Bøgebjerglund,,,,bro,1.0,3,,"55.0802076, 10.2835608",way/1346696274 way/1346696275 way/1346696276,ok,2026-09-24
k-way1346696277,,,,Bøgebjerglund,,,,bro,1.0,3,,"55.0810788, 10.2819864",way/1346696277 way/1346696278 way/1346696279,ok,2026-09-24
k-way1346696280,,,,Bøgebjerglund,,,,bro,1.0,5,,"55.0815966, 10.2791312",way/1346696280 way/1346696281 way/1346696282 way/1346696283 way/1346696284,ok,2026-09-24
k-way1346696285,,,,Bøgebjerglund,,,,bro,1.0,2,,"55.0822334, 10.2774498",way/1346696285 way/1346696286,ok,2026-09-24
k-way1346696287,,,,Bøgebjerglund,,,,bro,1.0,2,,"55.0835204, 10.2764370",way/1346696287 way/1346696288,ok,2026-09-24
k-way1346696289,,,,Bøgebjerglund,,,,bro,1.0,6,,"55.0842602, 10.2744504",way/1346696289 way/1346696290 way/1346696291 way/1346696292 way/1346696293 way/1346696294,ok,2026-09-24
k-way1346696295,,,,Kaleko,,,,bro,1.0,5,,"55.0847124, 10.2725269",way/1346696295 way/1346696296 way/1346696297 way/1346696298 way/1346696299,ok,2026-09-24
k-way1346696301,,,,Kaleko,,,,bro,1.0,3,,"55.0850914, 10.2679193",way/1346696301 way/1346696302 way/1346696303,ok,2026-09-24
k-way1346696304,,,,Kaleko,,,,bro,1.0,2,,"55.0848475, 10.2650771",way/1346696304 way/1346696305,ok,2026-09-24
k-way1346696306,,,,Kaleko,,,,bro,1.0,4,,"55.0850573, 10.2625117",way/1346696306 way/1346696307 way/1346696308 way/1346696309,ok,2026-09-24
k-way1346696310,,,,Faaborg,,,,bro,1.0,4,,"55.0855145, 10.2607065",way/1346696310 way/1346696311 way/1346696312 way/1346696313,ok,2026-09-24
k-way1346696314,,,,Faaborg,,,,bro,1.0,5,,"55.0861101, 10.2589388",way/1346696314 way/1346696315 way/1346696316 way/1346696317 way/1346696318,ok,2026-09-24
k-way1346696319,,,,Faaborg,,,,bro,1.0,1,,"55.0869162, 10.2568341",way/1346696319,ok,2026-09-24
k-way1346696321,,,,Faaborg,,,,bro,1.0,1,,"55.0889927, 10.2531174",way/1346696321,ok,2026-09-24
k-way1346845427,,,,Kalvehave,,,,bro,1.0,1,,"54.9976159, 12.1696522",way/1346845427,ok,2026-09-24
k-way1346892850,,,,Brande,,,,bro,1.0,1,,"55.9650753, 9.0910586",way/1346892850,ok,2026-09-24
k-way1346912057,,,,Præstø,,,,bro,1.0,3,,"55.1256567, 12.0617326",way/1346912057 way/1346912058 way/1346912059,ok,2026-09-24
k-way1346912060,,,,Præstø,,,,bro,1.0,5,,"55.1238697, 12.0613201",way/1346912060 way/1346912061 way/1346912062 way/1346912063 way/1346912064,ok,2026-09-24
k-way1346912065,,,,Præstø,,,,bro,1.0,7,,"55.1221070, 12.0608284",way/1346912065 way/1346912066 way/1346912067 way/1346912068 way/1346912069 way/1346912070 way/1346912071,ok,2026-09-24
k-way1346912072,,,,Præstø,,,,bro,1.0,4,,"55.1211251, 12.0593886",way/1346912072 way/1346912073 way/1346912074 way/1346912075,ok,2026-09-24
k-way1346912076,,,,Præstø,,,,bro,1.0,3,,"55.1206046, 12.0574602",way/1346912076 way/1346912077 way/1346912078,ok,2026-09-24
k-way1346912079,,,,Præstø,,,,bro,1.0,1,,"55.1206581, 12.0538345",way/1346912079,ok,2026-09-24
k-way1346933023,,,,Strandhuse,,,,bro,1.0,1,,"55.1735166, 12.0568343",way/1346933023,ok,2026-09-24
k-way1346933024,,,,Strandhuse,,,,bro,1.0,1,,"55.1747558, 12.0603755",way/1346933024,ok,2026-09-24
k-way1346933025,,,,Strandhuse,,,,bro,1.0,1,,"55.1758653, 12.0670506",way/1346933025,ok,2026-09-24
k-way1346933026,,,,Sivet,,,,bro,1.0,1,,"55.1761722, 12.0737824",way/1346933026,ok,2026-09-24
k-way1347044746,,,,Nyord,,,,bro,1.0,4,,"55.0400935, 12.1970912",way/1347044746 way/1347044747 way/1347044748 way/911524679,ok,2026-09-24
k-way1347044750,,,,Ulvshale,,,,bro,1.0,1,,"55.0497529, 12.2387282",way/1347044750,ok,2026-09-24
k-way1347044780,,,,Borgsted,,,,bro,1.0,1,,"54.9019445, 12.1144781",way/1347044780,ok,2026-09-24
k-way1347044784,,,Basnæs Bådelaug,Røddinge Husrække,,,,bro,1.0,3,,"54.9519109, 12.1229793",way/1347044784 way/1348678455 way/1348678456,ok,2026-09-24
k-way1347044785,,,,Røddinge Husrække,,,,bro,1.0,1,,"54.9608298, 12.1300519",way/1347044785,ok,2026-09-24
k-way1347044791,,,,Kalvehave,,,,bro,1.0,1,,"54.9864850, 12.1732128",way/1347044791,ok,2026-09-24
k-way1347044793,,,,Koster,,,,bro,1.0,1,,"54.9668646, 12.2082610",way/1347044793,ok,2026-09-24
k-way1347044794,,,,Stege,,,,bro,1.0,1,,"54.9833742, 12.2777839",way/1347044794,ok,2026-09-24
k-way1347056816,,,,Horndrup,,,,bro,1.0,1,,"56.0184635, 9.8621361",way/1347056816,ok,2026-09-24
k-way1347078991,,,,Stenkilde,,,,bro,1.0,1,,"54.9384833, 12.0441191",way/1347078991,ok,2026-09-24
k-way1347078992,,,,Stenkilde,,,,bro,1.0,1,,"54.9382207, 12.0421462",way/1347078992,ok,2026-09-24
k-way1347079002,,,,Sortsø Strand,,,,bro,1.0,1,,"54.9262080, 11.9982178",way/1347079002,ok,2026-09-24
k-way1347079004,,,,Sortsø Strand,,,,bro,1.0,1,,"54.9216957, 12.0031005",way/1347079004,ok,2026-09-24
k-way1347079006,,,,Bogø By,,,,bro,1.0,1,,"54.9183687, 12.0195213",way/1347079006,ok,2026-09-24
k-way1347526752,,,,Kalvehave,,,,bro,1.0,3,,"54.9959530, 12.1632022",way/1347526752 way/1347526753 way/1347526754,ok,2026-09-24
k-way1347526755,,,,Kalvehave,,,,bro,1.0,1,,"54.9960811, 12.1508110",way/1347526755,ok,2026-09-24
k-way1347526760,,,,Stensby,,,,bro,1.0,1,,"54.9727936, 12.0807496",way/1347526760,ok,2026-09-24
k-way1347758523,,,,Bondens Nakke,,,,bro,1.0,1,,"54.9321774, 11.8842919",way/1347758523,ok,2026-09-24
k-way1347758527,,,,Havnsø,,,,bro,1.0,1,,"54.9309241, 11.9242589",way/1347758527,ok,2026-09-24
k-way1347758539,,,,Sortsø Strand,,,,bro,1.0,1,,"54.9312663, 11.9815087",way/1347758539,ok,2026-09-24
k-way1347758540,,,,Sortsø Strand,,,,bro,1.0,2,,"54.9301350, 11.9813831",way/1347758540 way/1347758541,ok,2026-09-24
k-way1347758545,,,,Stubbekøbing,,,,bro,1.0,1,,"54.8925251, 12.0442843",way/1347758545,ok,2026-09-24
k-way1347768703,,,,Storholm,,,,bro,1.0,3,,"54.9375173, 11.8063125",way/1347768703 way/1347768704 way/1347768705,ok,2026-09-24
k-way1347774943,,,,Skibeholt,,,,bro,1.0,1,,"54.7991116, 11.8159213",way/1347774943,ok,2026-09-24
k-way1347774945,,,,Sundby,,,,bro,1.0,1,,"54.7816168, 11.8508578",way/1347774945,ok,2026-09-24
k-way1347774946,,,,Sundby,,,,bro,1.0,2,,"54.7686693, 11.8568714",way/1347774946 way/1347774947,ok,2026-09-24
k-way1347774948,,,,Sundby,,,,bro,1.0,1,,"54.7705392, 11.8545387",way/1347774948,ok,2026-09-24
k-way1347774949,,,,Sundby,,,,bro,1.0,1,,"54.7740171, 11.8506158",way/1347774949,ok,2026-09-24
k-way1347774950,,,,Skibeholt,,,,bro,1.0,1,,"54.7937500, 11.8023313",way/1347774950,ok,2026-09-24
k-way1347774956,,,,Guldborg,,,,bro,1.0,2,,"54.8660240, 11.7396829",way/1347774956 way/1347774957,ok,2026-09-24
k-way1347774958,,,,Guldborg,,,,bro,1.0,4,,"54.8665520, 11.7415192",way/1347774958 way/1347774959 way/1347774960 way/1347774961,ok,2026-09-24
k-way1347774964,,,,Guldborg,,,,bro,1.0,4,,"54.8675407, 11.7427689",way/1347774964 way/1347774965 way/1347774966 way/1347774967,ok,2026-09-24
k-way1347774968,,,,Guldborg,,,,bro,1.0,1,,"54.8700664, 11.7443449",way/1347774968,ok,2026-09-24
k-way1347785531,,,,Strandhuse,,,,bro,1.0,1,,"54.8237359, 11.6013195",way/1347785531,ok,2026-09-24
k-way1347785532,,,,Strandhuse,,,,bro,1.0,1,,"54.8223340, 11.6026397",way/1347785532,ok,2026-09-24
k-way1347785535,,,,Oreby,,,,bro,1.0,3,,"54.8174406, 11.6098537",way/1347785535 way/1347785536 way/1347785537,ok,2026-09-24
k-way1347785538,,,,Oreby,,,,bro,1.0,1,,"54.8164849, 11.6118123",way/1347785538,ok,2026-09-24
k-way1347785539,,,,Lille Rørbæk,,,,bro,1.0,2,,"54.8145483, 11.6163270",way/1347785539 way/1347785540,ok,2026-09-24
k-way1347785541,,,,Lille Rørbæk,,,,bro,1.0,3,,"54.8138060, 11.6177798",way/1347785541 way/1347785542 way/1347785543,ok,2026-09-24
k-way1347785544,,,,Lille Rørbæk,,,,bro,1.0,1,,"54.8126220, 11.6197547",way/1347785544,ok,2026-09-24
k-way1347785549,på kortet,,,Sakskøbing,,,,bro,1.0,4,spot-3,"54.8049430, 11.6315257",way/1347785549 way/1347785550 way/664665041 way/664665048,ok,2026-09-24
k-way1347785551,på kortet,,,Sakskøbing,,,,bro,1.0,1,spot-3,"54.8039639, 11.6329756",way/1347785551,ok,2026-09-24
k-way1347788801,,,,Askø By,,,,bro,1.0,1,,"54.9099961, 11.4890549",way/1347788801,ok,2026-09-24
k-way1347806617,,,,Vesterby,,,,bro,1.0,1,,"54.9360368, 11.3718464",way/1347806617,ok,2026-09-24
k-way1347816437,,,,Korsnakke,,,,bro,1.0,1,,"54.9277700, 11.0575044",way/1347816437,ok,2026-09-24
k-way1347822917,,,,Vindø,,,,bro,1.0,1,,"54.8690087, 11.0500295",way/1347822917,ok,2026-09-24
k-way1347822920,,,,Vindø,,,,bro,1.0,1,,"54.8687320, 11.0608785",way/1347822920,ok,2026-09-24
k-way1347822922,,,,Lindelse,,,,bro,1.0,4,,"54.8481574, 11.0747577",way/1347822922 way/1347822923 way/1347822924 way/647911446,ok,2026-09-24
k-way1347822925,,,,Færgeland,,,,bro,1.0,2,,"54.8253165, 11.1441939",way/1347822925 way/1347822926,ok,2026-09-24
k-way1347822927,,,,Nakskov,,,,bro,1.0,1,,"54.8245938, 11.1461256",way/1347822927,ok,2026-09-24
k-way1347822928,,,,Lienlund,,,,bro,1.0,3,,"54.8234980, 11.1493590",way/1347822928 way/1347822929 way/1347822930,ok,2026-09-24
k-way1347822931,,,,Langø,,,,bro,1.0,2,,"54.8153287, 11.0137965",way/1347822931 way/1347822932,ok,2026-09-24
k-way1347822933,,,,Langø,,,,bro,1.0,3,,"54.8157556, 11.0120360",way/1347822933 way/1347822934 way/1347822935,ok,2026-09-24
k-way1348199642,,,,Houlkær,,,,bro,1.0,1,,"56.4642624, 9.4380870",way/1348199642,ok,2026-09-24
k-way1348306874,,,,Magleskov Huse,,,,bro,1.0,1,,"54.7222956, 11.1789316",way/1348306874,ok,2026-09-24
k-way1348306898,,,,Kallehave,,,,bro,1.0,1,,"54.6643792, 11.6697592",way/1348306898,ok,2026-09-24
k-way1348321342,,,Krusell's Mole,Nysted,,,,bro,1.0,3,,"54.6613107, 11.7311760",way/1348321342 way/1348321343 way/37005733,ok,2026-09-24
k-way1348321347,,,,Nysted,,,,bro,1.0,1,,"54.6509718, 11.7437586",way/1348321347,ok,2026-09-24
k-way1348321349,,,,Nysted,,,,bro,1.0,1,,"54.6521198, 11.7550663",way/1348321349,ok,2026-09-24
k-way1348321350,,,,Vantore,,,,bro,1.0,1,,"54.6487055, 11.7794945",way/1348321350,ok,2026-09-24
k-way1348321351,,,,Vantore,,,,bro,1.0,1,,"54.6486963, 11.7860948",way/1348321351,ok,2026-09-24
k-way1348321358,,,,Hasselø By,,,,bro,1.0,6,,"54.7251758, 11.8781768",way/1348321358 way/1348321359 way/1348321360 way/1348321361 way/1348321362 way/1348321363,ok,2026-09-24
k-way1348321364,,,,Hasselø By,,,,bro,1.0,4,,"54.7248814, 11.8799863",way/1348321364 way/1348321365 way/1348321366 way/1348321367,ok,2026-09-24
k-way1348321368,,,,Hasselø By,,,,bro,1.0,4,,"54.7245536, 11.8820915",way/1348321368 way/1348321369 way/1348321370 way/1348321371,ok,2026-09-24
k-way1348321372,,,,Hasselø By,,,,bro,1.0,4,,"54.7235828, 11.8848668",way/1348321372 way/1348321373 way/1348321374 way/1348321375,ok,2026-09-24
k-way1348321376,,,,Hasselø By,,,,bro,1.0,6,,"54.7230548, 11.8871833",way/1348321376 way/1348321377 way/1348321378 way/1348321379 way/1348321380 way/1348321381,ok,2026-09-24
k-way1348321382,,,,Hasselø By,,,,bro,1.0,3,,"54.7222855, 11.8901434",way/1348321382 way/1348321383 way/1348321384,ok,2026-09-24
k-way1348321385,,,,Hasselø By,,,,bro,1.0,5,,"54.7216823, 11.8921565",way/1348321385 way/1348321386 way/1348321387 way/1348321388 way/1348321389,ok,2026-09-24
k-way1348321390,,,,Hasselø By,,,,bro,1.0,4,,"54.7206907, 11.8955738",way/1348321390 way/1348321391 way/1348321392 way/1348321393,ok,2026-09-24
k-way1348321394,,,,Hasselø By,,,,bro,1.0,2,,"54.7200823, 11.8977993",way/1348321394 way/1348321395,ok,2026-09-24
k-way1348321401,,,,Væggerløse,,,,bro,1.0,1,,"54.7161600, 11.9108988",way/1348321401,ok,2026-09-24
k-way1348333190,,,,Hasselø Plantage,,,,bro,1.0,4,,"54.7426119, 11.8776213",way/1348333190 way/1348333191 way/1348333192 way/1348333193,ok,2026-09-24
k-way1348333194,,,,Hasselø Plantage,,,,bro,1.0,1,,"54.7418337, 11.8757933",way/1348333194,ok,2026-09-24
k-way1348333195,,,,Hasselø Plantage,,,,bro,1.0,1,,"54.7381077, 11.8745777",way/1348333195,ok,2026-09-24
k-way1348967486,,,,Strøby Ladeplads,,,,bro,1.0,1,,"55.4001966, 12.3086353",way/1348967486,ok,2026-09-24
k-way1348967488,,,,Strøby Ladeplads,,,,bro,1.0,1,,"55.4020024, 12.2988071",way/1348967488,ok,2026-09-24
k-way1348967566,,,,Strøby Egede,,,,bro,1.0,1,,"55.4157357, 12.2564057",way/1348967566,ok,2026-09-24
k-way1348967570,,,,Strøby Egede,,,,bro,1.0,2,,"55.4160483, 12.2527128",way/1348967570 way/1348967573,ok,2026-09-24
k-way1348969398,,,,Strøby Egede,,,,bro,1.0,1,,"55.4166075, 12.2482998",way/1348969398,ok,2026-09-24
k-way1348969420,,,,Strøby Egede,,,,bro,1.0,1,,"55.4188056, 12.2400981",way/1348969420,ok,2026-09-24
k-way1348969427,,,,Strøby Egede,,,,bro,1.0,1,,"55.4197441, 12.2376916",way/1348969427,ok,2026-09-24
k-way1348969428,,,,Elverhøj,,,,bro,1.0,1,,"55.4219796, 12.2304927",way/1348969428,ok,2026-09-24
k-way1349006308,,,,Køge,,,,bro,1.0,1,,"55.4493482, 12.1987411",way/1349006308,ok,2026-09-24
k-way1349006309,,,,Køge,,,,bro,1.0,2,,"55.4521014, 12.1984565",way/1349006309 way/1349006310,ok,2026-09-24
k-way1349006316,,,,Ølsemagle Strand,,,,bro,1.0,1,,"55.4894716, 12.2066355",way/1349006316,ok,2026-09-24
k-way1349006318,,,,Karlslunde,,,,bro,1.0,1,,"55.5548457, 12.2572360",way/1349006318,ok,2026-09-24
k-way1349006320,,,,Karlslunde,,,,bro,1.0,1,,"55.5599701, 12.2678731",way/1349006320,ok,2026-09-24
k-way1349006321,,,,Greve Strand,,,,bro,1.0,1,,"55.5721930, 12.2916585",way/1349006321,ok,2026-09-24
k-way1349006322,,,,Hundige,,,,bro,1.0,1,,"55.5837995, 12.3245248",way/1349006322,ok,2026-09-24
k-way1349023902,,,,Søvang,,,,bro,1.0,1,,"55.5689367, 12.6227431",way/1349023902,ok,2026-09-24
k-way1349023903,,,,Dragør,,,,bro,1.0,1,,"55.6049823, 12.6696370",way/1349023903,ok,2026-09-24
k-way1349023904,på kortet,,,Sundbyøster,,,,bro,1.0,2,sundby-kajakklub,"55.6634479, 12.6375366",way/1349023904 way/1349023905,ok,2026-09-24
k-way1349023906,,,,Sundbyøster,,,,bro,1.0,2,,"55.6689795, 12.6397834",way/1349023906 way/1349023907,ok,2026-09-24
k-way1349023908,,,,Indre By,,,,bro,1.0,1,,"55.6880124, 12.6227079",way/1349023908,ok,2026-09-24
k-way1349200206,,,,Taarbæk,,,,bro,1.0,5,,"55.7805752, 12.5933988",way/1349200206 way/662840355 way/662840356 way/662840357 way/914082652,ok,2026-09-24
k-way1349200208,,,,Taarbæk,,,,bro,1.0,11,,"55.7887586, 12.5951082",way/1349200208 way/1349200209 way/1349200210 way/429847935 way/662840340 way/662840342 way/662840343 way/662840344 way/662840345 way/914082625 way/914082683,ok,2026-09-24
k-way1349200211,,,,Taarbæk,,,,bro,1.0,8,,"55.7938758, 12.5914430",way/1349200211 way/662840328 way/662840329 way/662840330 way/914082643 way/914082649 way/914082695 way/914082701,ok,2026-09-24
k-way1349200213,,,,Spring-forbi,,,,bro,1.0,3,,"55.8098403, 12.5792074",way/1349200213 way/662840326 way/662840327,ok,2026-09-24
k-way1349200215,,,,Spring-forbi,,,,bro,1.0,3,,"55.8109654, 12.5781275",way/1349200215 way/662840325 way/914082597,ok,2026-09-24
k-way1349200216,,,,Skodsborg,,,,bro,1.0,4,,"55.8129220, 12.5769107",way/1349200216 way/662840322 way/662840323 way/662840324,ok,2026-09-24
k-way1349200218,,,,Skodsborg,,,,bro,1.0,3,,"55.8165544, 12.5764979",way/1349200218 way/662840320 way/914082602,ok,2026-09-24
k-way1349200219,,,,Skodsborg,,,,bro,1.0,3,,"55.8208393, 12.5757109",way/1349200219 way/317415094 way/662840318,ok,2026-09-24
k-way1349200220,,,,Skodsborg,,,,bro,1.0,6,,"55.8234695, 12.5753830",way/1349200220 way/662840314 way/662840315 way/662840316 way/662840317 way/914082661,ok,2026-09-24
k-way1349200221,,,,Skodsborg,,,,bro,1.0,4,,"55.8250109, 12.5751617",way/1349200221 way/1349200222 way/1349200223 way/662840313,ok,2026-09-24
k-way1349200228,,,,Frydenlund,,,,bro,1.0,7,,"55.8358535, 12.5742932",way/1349200228 way/1349200229 way/1349200230 way/616261349 way/616261350 way/914082609 way/914082668,ok,2026-09-24
k-way1349200232,,,,Frydenlund,,,,bro,1.0,5,,"55.8417170, 12.5748319",way/1349200232 way/1349200233 way/914082622 way/914082674 way/914082680,ok,2026-09-24
k-way1349200234,,,,Frydenlund,,,,bro,1.0,6,,"55.8439116, 12.5741571",way/1349200234 way/1349200235 way/914082628 way/914082634 way/914082686 way/914082691,ok,2026-09-24
k-way1349200237,,,,Vedbæk,,,,bro,1.0,8,,"55.8543400, 12.5685255",way/1349200237 way/914082611 way/914082619 way/914082630 way/914082663 way/914082670 way/914082676 way/914082682,ok,2026-09-24
k-way1349200243,,,,Vedbæk,,,,bro,1.0,8,,"55.8570118, 12.5664489",way/1349200243 way/1349200246 way/595694227 way/914082636 way/914082642 way/914082648 way/914082694 way/914082700,ok,2026-09-24
k-way1349200249,,,,Vedbæk,,,,bro,1.0,4,,"55.8586312, 12.5654604",way/1349200249 way/1349200252 way/914082596 way/914082601,ok,2026-09-24
k-way1349200255,,,,Vedbæk,,,,bro,1.0,6,,"55.8602367, 12.5640902",way/1349200255 way/914082607 way/914082614 way/914082659 way/914082666 way/914082673,ok,2026-09-24
k-way1349200261,,,,Vedbæk,,,,bro,1.0,2,,"55.8635505, 12.5617030",way/1349200261 way/914082633,ok,2026-09-24
k-way1349200264,,,,Vedbæk,,,,bro,1.0,5,,"55.8647211, 12.5607285",way/1349200264 way/1349200265 way/1349200266 way/1349200267 way/914082638,ok,2026-09-24
k-way1349200274,,,,Pennehave,,,,bro,1.0,2,,"55.8736487, 12.5529181",way/1349200274 way/668618253,ok,2026-09-24
k-way1349200275,,,,Pennehave,,,,bro,1.0,1,,"55.8748997, 12.5514380",way/1349200275,ok,2026-09-24
k-way1349200276,,,,Rungsted,,,,bro,1.0,2,,"55.8766231, 12.5493516",way/1349200276 way/596127507,ok,2026-09-24
k-way1349200277,,,,Rungsted,,,,bro,1.0,1,,"55.8780984, 12.5483343",way/1349200277,ok,2026-09-24
k-way1349200278,,,,Rungsted,,,,bro,1.0,1,,"55.8794258, 12.5476766",way/1349200278,ok,2026-09-24
k-way1349206821,,,,Rungsted,,,,bro,1.0,5,,"55.8931825, 12.5388758",way/1349206821 way/1349206822 way/1349206823 way/668618268 way/668618269,ok,2026-09-24
k-way1349206824,,,,Rungsted,,,,bro,1.0,3,,"55.8953379, 12.5374185",way/1349206824 way/197031751 way/197031752,ok,2026-09-24
k-way1349206826,,,,Sletten,,,,bro,1.0,1,,"55.9414855, 12.5281867",way/1349206826,ok,2026-09-24
k-way1349206827,,,,Sletten,,,,bro,1.0,3,,"55.9433087, 12.5277949",way/1349206827 way/1349206828 way/575525225,ok,2026-09-24
k-way1349206830,,,,Sletten,,,,bro,1.0,2,,"55.9497599, 12.5326284",way/1349206830 way/674445556,ok,2026-09-24
k-way1349206831,,,,Humlebæk,,,,bro,1.0,10,,"55.9580548, 12.5379454",way/1349206831 way/1524059022 way/1524059023 way/674445575 way/674445576 way/674445577 way/674445579 way/874998536 way/914082606 way/914082658,ok,2026-09-24
k-way1349206838,,,,Humlebæk,,,,bro,1.0,10,,"55.9623402, 12.5412862",way/1349206838 way/1349206839 way/185763896 way/185763897 way/185763901 way/185763922 way/185763925 way/914082632 way/914082684 way/921666413,ok,2026-09-24
k-way1349206840,,,,Humlebæk,,,,bro,1.0,4,,"55.9636235, 12.5422424",way/1349206840 way/1349206841 way/1349206842 way/185763921,ok,2026-09-24
k-way1349206843,,,,Humlebæk,,,,bro,1.0,5,,"55.9647140, 12.5427520",way/1349206843 way/1349206845 way/185763899 way/185763902 way/185763910,ok,2026-09-24
k-way1349206854,,,,Tibberup,,,,bro,1.0,6,,"55.9777972, 12.5496072",way/1349206854 way/673916444 way/673916445 way/673916446 way/914340060 way/914340088,ok,2026-09-24
k-way1349206866,,,,Tibberup,,,,bro,1.0,4,,"55.9822626, 12.5526126",way/1349206866 way/1349206867 way/673916457 way/673916458,ok,2026-09-24
k-way1349206868,,,,Espergærde,,,,bro,1.0,9,,"55.9871348, 12.5565476",way/1349206868 way/1349206869 way/673916466 way/673916467 way/673916468 way/673916469 way/673916470 way/673916471 way/673916472,ok,2026-09-24
k-way1349221388,,,,Espergærde,,,,bro,1.0,4,,"55.9942633, 12.5630946",way/1349221388 way/1349221389 way/143764394 way/914340099,ok,2026-09-24
k-way1349221393,,,,Skotterup,,,,bro,1.0,2,,"56.0015132, 12.5744275",way/1349221393 way/679571320,ok,2026-09-24
k-way1349221400,,,,Snekkersten,,,,bro,1.0,1,,"56.0071922, 12.5851628",way/1349221400,ok,2026-09-24
k-way1349221401,,,,Snekkersten,,,,bro,1.0,1,,"56.0110882, 12.5947582",way/1349221401,ok,2026-09-24
k-way1349221402,,,,Snekkersten,,,,bro,1.0,5,,"56.0133289, 12.5974731",way/1349221402 way/1349221403 way/1349221404 way/1349221405 way/914340054,ok,2026-09-24
k-way1349221406,,,,Snekkersten,,,,bro,1.0,41,,"56.0172355, 12.6007255",way/1349221406 way/561479284 way/561479297 way/561479299 way/561479304 way/561479305 way/561479306 way/561479307 way/561479309 way/561479310 way/561479311 way/561479312 way/561479313 way/561479314 way/561479315 way/561494265 way/561494268 way/561494269 way/561494271 way/561494272 way/561494273 way/561494274 way/561494276 way/561494277 way/561494279 way/561494280 way/561494281 way/561494282 way/561494283 way/561494284 way/561494285 way/561494286 way/561494287 way/561494288 way/561494289 way/561494290 way/561494291 way/561494292 way/561494293 way/914340070 way/914340096,ok,2026-09-24
k-way1349221409,,,,Snekkersten,,,,bro,1.0,12,,"56.0198467, 12.6028540",way/1349221409 way/561501168 way/561501172 way/561501174 way/561501180 way/561501187 way/561501191 way/561501192 way/561506357 way/561506359 way/561506361 way/561506367,ok,2026-09-24
k-way1349221411,,,,Helsingør,,,,bro,1.0,16,,"56.0217752, 12.6041881",way/1349221411 way/1349221412 way/561506371 way/561506373 way/561506375 way/561506389 way/561506398 way/561506401 way/561506403 way/561506411 way/561506427 way/561506431 way/561506433 way/561506436 way/914340047 way/914340072,ok,2026-09-24
k-way1349221413,,,22,Helsingør,,,,bro,1.0,4,,"56.0431249, 12.6186213",way/1349221413 way/178700175 way/215557211 way/430071430,ok,2026-09-24
k-way1349279716,,,,Højstrup,,,,bro,1.0,2,,"56.0534160, 12.5890245",way/1349279716 way/1349279717,ok,2026-09-24
k-way1349279736,,,,Hellebæk,,,,bro,1.0,5,,"56.0799960, 12.5396853",way/1349279736 way/914340052 way/914340056 way/914340078 way/914340081,ok,2026-09-24
k-way1349279737,,,,Hellebæk,,,,bro,1.0,1,,"56.0818704, 12.5327154",way/1349279737,ok,2026-09-24
k-way1349279738,,,,Skibstrup,,,,bro,1.0,7,,"56.0837679, 12.5264146",way/1349279738 way/1349279739 way/914340055 way/914340058 way/914340080 way/914340083 way/914340086,ok,2026-09-24
k-way1349279740,,,,Skibstrup,,,,bro,1.0,4,,"56.0844567, 12.5238861",way/1349279740 way/1349279741 way/1349279742 way/914340061,ok,2026-09-24
k-way1349279743,,,,Skibstrup,,,,bro,1.0,3,,"56.0850100, 12.5220684",way/1349279743 way/1349279744 way/914340089,ok,2026-09-24
k-way1349279745,,,,Skibstrup,,,,bro,1.0,1,,"56.0856433, 12.5202193",way/1349279745,ok,2026-09-24
k-way1349536485,,,,Gilleleje,,,,bro,1.0,3,,"56.1266239, 12.3139853",way/1349536485 way/1349536486 way/93833295,ok,2026-09-24
k-way1349536499,,,,Udsholt Sand,,,,bro,1.0,1,,"56.1184676, 12.2266489",way/1349536499,ok,2026-09-24
k-way1349536504,,,,Trillingerne,,,,bro,1.0,1,,"56.1100029, 12.1846387",way/1349536504,ok,2026-09-24
k-way1349560799,,,,Frederikssund,,,,bro,1.0,1,,"55.8430032, 12.0453140",way/1349560799,ok,2026-09-24
k-way1349560801,,,,Frederikssund,,,,bro,1.0,1,,"55.8411746, 12.0507582",way/1349560801,ok,2026-09-24
k-way1349560812,,,,Jyllinge,,,,bro,1.0,2,,"55.7633457, 12.0894164",way/1349560812 way/1349560813,ok,2026-09-24
k-way1349628281,,,,Gerdrup,,,,bro,1.0,1,,"55.7139792, 12.1017287",way/1349628281,ok,2026-09-24
k-way1349628285,,,,Lille Valby,,,,bro,1.0,1,,"55.7074832, 12.1132848",way/1349628285,ok,2026-09-24
k-way1349628289,,,,Veddelev,,,,bro,1.0,1,,"55.6817725, 12.0724674",way/1349628289,ok,2026-09-24
k-way1349628302,,,,Himmelev,,,,bro,1.0,2,,"55.6624578, 12.0877121",way/1349628302 way/603573934,ok,2026-09-24
k-way1349628325,,,,Haraldsborg,,,,bro,1.0,1,,"55.6532872, 12.0850776",way/1349628325,ok,2026-09-24
k-way1349862049,,,,Sankt Hans,,,,bro,1.0,1,,"55.6565000, 12.0610992",way/1349862049,ok,2026-09-24
k-way1349862050,,,,Risgårde,,,,bro,1.0,2,,"55.6676947, 12.0113292",way/1349862050 way/1349862051,ok,2026-09-24
k-way1349862052,,,,Risgårde,,,,bro,1.0,1,,"55.6728839, 12.0113627",way/1349862052,ok,2026-09-24
k-way1349862054,,,,Risgårde,,,,bro,1.0,1,,"55.6787138, 12.0086176",way/1349862054,ok,2026-09-24
k-way1349862055,,,,Risgårde,,,,bro,1.0,1,,"55.6926737, 12.0038290",way/1349862055,ok,2026-09-24
k-way1349862058,,,,Herslev,,,,bro,1.0,1,,"55.6786529, 11.9857936",way/1349862058,ok,2026-09-24
k-way1349862061,,,,Sluphuse,,,,bro,1.0,1,,"55.6733450, 11.9515624",way/1349862061,ok,2026-09-24
k-way1349862062,,,,Lindenborg,,,,bro,1.0,1,,"55.6498761, 11.9368459",way/1349862062,ok,2026-09-24
k-way1349862064,,,,Lyndby,,,,bro,1.0,1,,"55.6703136, 11.9386826",way/1349862064,ok,2026-09-24
k-way1349862065,,,,Lyndby Strand,,,,bro,1.0,3,,"55.6831360, 11.9473082",way/1349862065 way/636913318 way/636913319,ok,2026-09-24
k-way1349862066,,,,Lyndby Strand,,,,bro,1.0,2,,"55.6845386, 11.9484419",way/1349862066 way/636913321,ok,2026-09-24
k-way1349862067,,,,Lyndby Strand,,,,bro,1.0,1,,"55.6863924, 11.9503981",way/1349862067,ok,2026-09-24
k-way1349862068,,,,Lyndby Strand,,,,bro,1.0,3,,"55.6876560, 11.9525101",way/1349862068 way/1349862069 way/636913323,ok,2026-09-24
k-way1349862070,,,,Gershøj,,,,bro,1.0,1,,"55.7072817, 11.9713824",way/1349862070,ok,2026-09-24
k-way1349862071,,,,Gershøj,,,,bro,1.0,2,,"55.7089335, 11.9727775",way/1349862071 way/650813168,ok,2026-09-24
k-way1350047001,,,,Skuldelev Strand,,,,bro,1.0,1,,"55.7968034, 12.0431982",way/1350047001,ok,2026-09-24
k-way1350047003,,,,Gerlev Strandpark,,,,bro,1.0,1,,"55.8197420, 12.0360658",way/1350047003,ok,2026-09-24
k-way1351268232,,,,Smedegårde,,,,bro,1.0,1,,"55.7267768, 11.8546176",way/1351268232,ok,2026-09-24
k-way1351268233,,,,Smedegårde,,,,bro,1.0,1,,"55.7235609, 11.8530274",way/1351268233,ok,2026-09-24
k-way1351268234,,,,Ormenavsgårde,,,,bro,1.0,2,,"55.7105267, 11.8427459",way/1351268234 way/649244365,ok,2026-09-24
k-way1351268235,,,,Troldby,,,,bro,1.0,1,,"55.7076464, 11.8403213",way/1351268235,ok,2026-09-24
k-way1351268236,,,,Ågerup,,,,bro,1.0,1,,"55.6609002, 11.7696017",way/1351268236,ok,2026-09-24
k-way1351268237,,,,Arnakke,,,,bro,1.0,1,,"55.6634593, 11.7740938",way/1351268237,ok,2026-09-24
k-way1351651248,,,,Holbæk,,,,bro,1.0,3,,"55.7201356, 11.7292718",way/1351651248 way/649217073 way/649217076,ok,2026-09-24
k-way1351651249,,,,Holbæk,,,,bro,1.0,1,,"55.7190746, 11.7012618",way/1351651249,ok,2026-09-24
k-way1351651251,,,,Markeslev Huse,,,,bro,1.0,1,,"55.7369656, 11.7246006",way/1351651251,ok,2026-09-24
k-way1351651253,,,,Markeslev Huse,,,,bro,1.0,1,,"55.7384979, 11.7272866",way/1351651253,ok,2026-09-24
k-way1351651254,,,,Markeslev Huse,,,,bro,1.0,1,,"55.7389976, 11.7293425",way/1351651254,ok,2026-09-24
k-way1351651255,,,,Bognæs,,,,bro,1.0,1,,"55.7412000, 11.7552248",way/1351651255,ok,2026-09-24
k-way1351651256,,,,Bognæs Strand,,,,bro,1.0,2,,"55.7445587, 11.7623740",way/1351651256 way/1351651257,ok,2026-09-24
k-way1351651260,,,,Tobjerg Sommerland,,,,bro,1.0,1,,"55.7814898, 11.6786794",way/1351651260,ok,2026-09-24
k-way1351651261,,,,Bjergskov,,,,bro,1.0,1,,"55.7736953, 11.6588905",way/1351651261,ok,2026-09-24
k-way1351651264,,,,Egenæs Huse,,,,bro,1.0,1,,"55.8034057, 11.6509471",way/1351651264,ok,2026-09-24
k-way1351651267,,,,Næsby,,,,bro,1.0,1,,"55.7930400, 11.8420808",way/1351651267,ok,2026-09-24
k-way1351809410,,,,Englandshuse,,,,bro,1.0,1,,"55.8600541, 11.7085251",way/1351809410,ok,2026-09-24
k-way1351809411,,,,Bøsserup Huse,,,,bro,1.0,1,,"55.8664149, 11.7011168",way/1351809411,ok,2026-09-24
k-way1351809412,,,,Strandhuse,,,,bro,1.0,3,,"55.8798290, 11.6700145",way/1351809412 way/1351809413 way/473451894,ok,2026-09-24
k-way1351809414,,,,Kildehuse,,,,bro,1.0,3,,"55.8888793, 11.6660300",way/1351809414 way/1351809415 way/1423326351,ok,2026-09-24
k-way1351809418,,,,Rørvig,,,,bro,1.0,2,,"55.9434804, 11.7603283",way/1351809418 way/366889110,ok,2026-09-24
k-way1351809420,,,,Rørvig,,,,bro,1.0,1,,"55.9533964, 11.7790129",way/1351809420,ok,2026-09-24
k-way1351809421,,,,Rørvig,,,,bro,1.0,1,,"55.9591084, 11.7896927",way/1351809421,ok,2026-09-24
k-way1351809422,,,,Rørvig,,,,bro,1.0,1,,"55.9612963, 11.7883914",way/1351809422,ok,2026-09-24
k-way1351849127,,,,Klintehuse,,,,bro,1.0,1,,"55.9437030, 11.6154424",way/1351849127,ok,2026-09-24
k-way1351849128,,,,Østervang,,,,bro,1.0,1,,"55.9618555, 11.4203728",way/1351849128,ok,2026-09-24
k-way1352005025,,,,Rens,,,,bro,1.0,1,,"54.9008136, 9.1005624",way/1352005025,ok,2026-09-24
k-way1352013743,,,,Rens,,,,bro,1.0,1,,"54.8964128, 9.0836238",way/1352013743,ok,2026-09-24
k-way1352019462,,,,Lydersholm,,,,bro,1.0,2,,"54.8929318, 8.9943252",way/1352019462 way/1352019467,ok,2026-09-24
k-way1352032160,,,,Svanstrup,,,,bro,1.0,1,,"55.0620995, 8.8253308",way/1352032160,ok,2026-09-24
k-way1352039834,,,,Hjemsted,,,,bro,1.0,2,,"55.1326413, 8.6966148",way/1352039834 way/1352039835,ok,2026-09-24
k-way1352043574,,,,Thorøhuse,,,,bro,1.0,4,,"55.2454656, 9.8933010",way/1352043574 way/1352043576 way/402138523 way/402138524,ok,2026-09-24
k-way1352043579,,,,Thorøhuse,,,,bro,1.0,3,,"55.2464711, 9.8940987",way/1352043579 way/402138521 way/402138522,ok,2026-09-24
k-way1352043589,,,,Nyhuse,,,,bro,1.0,2,,"55.2503502, 9.8985204",way/1352043589 way/1352043590,ok,2026-09-24
k-way1352043947,,,,Kalvehave,,,,bro,1.0,1,,"55.0530526, 8.9021265",way/1352043947,ok,2026-09-24
k-way1352056520,,,,Løgumkloster,,,,bro,1.0,1,,"55.0635244, 8.9477517",way/1352056520,ok,2026-09-24
k-way1352274532,,,,Nielsby,,,,bro,1.0,4,,"55.4281108, 8.9531882",way/1352274532 way/1352274533 way/1352274534 way/1352274535,ok,2026-09-24
k-way1352282431,,,,Dover,,,,bro,1.0,2,,"55.4383883, 9.0439077",way/1352282431 way/1352282432,ok,2026-09-24
k-way1352284875,,,,Gamst,,,,bro,1.0,1,,"55.4709462, 9.1876711",way/1352284875,ok,2026-09-24
k-way1352390090,,,,Fruergård,,,,bro,1.0,1,,"55.8888503, 11.1604322",way/1352390090,ok,2026-09-24
k-way1352390092,,,,Vestervang,,,,bro,1.0,1,,"55.9696083, 11.3342758",way/1352390092,ok,2026-09-24
k-way1352390095,,,,Lumsås,,,,bro,1.0,1,,"55.9363342, 11.5030076",way/1352390095,ok,2026-09-24
k-way1352390105,,,,Vollerup Overdrev,,,,bro,1.0,1,,"55.7325941, 11.0540738",way/1352390105,ok,2026-09-24
k-way1352396721,,,,Hellesklint,,,,bro,1.0,1,,"55.7304705, 10.9017533",way/1352396721,ok,2026-09-24
k-way1352396731,,,,Kongstrup,,,,bro,1.0,1,,"55.7188605, 10.9994010",way/1352396731,ok,2026-09-24
k-way1352396732,,,,Nostrup,,,,bro,1.0,1,,"55.7093162, 11.0095480",way/1352396732,ok,2026-09-24
k-way1352396733,,,,Nostrup,,,,bro,1.0,1,,"55.7075176, 11.0116240",way/1352396733,ok,2026-09-24
k-way1352396734,,,,Nostrup,,,,bro,1.0,2,,"55.6975462, 11.0252448",way/1352396734 way/1352396735,ok,2026-09-24
k-way1352396751,,,,Kallerup,,,,bro,1.0,1,,"55.6892795, 11.0423494",way/1352396751,ok,2026-09-24
k-way1352396777,,,,Kalundborg,,,,bro,1.0,1,,"55.6841396, 11.0573761",way/1352396777,ok,2026-09-24
k-way1352396797,,,,Kalundborg,,,,bro,1.0,1,,"55.6814433, 11.0629534",way/1352396797,ok,2026-09-24
k-way1352396809,,,,Kalundborg,,,,bro,1.0,1,,"55.6796639, 11.0653007",way/1352396809,ok,2026-09-24
k-way1352396834,,,,Kalundborg,,,,bro,1.0,2,,"55.6795464, 11.0781252",way/1352396834 way/1352396835,ok,2026-09-24
k-way1352396836,,,,Kalundborg,,,,bro,1.0,1,,"55.6787630, 11.0795138",way/1352396836,ok,2026-09-24
k-way1352509991,,,,Kalundborg,,,,bro,1.0,2,,"55.6761940, 11.1013165",way/1352509991 way/1352509992,ok,2026-09-24
k-way1352618573,,,,Reersø,,,,bro,1.0,1,,"55.5181405, 11.1185539",way/1352618573,ok,2026-09-24
k-way1352626657,,,,Kirke Helsinge Strand,,,,bro,1.0,1,,"55.5040849, 11.1647662",way/1352626657,ok,2026-09-24
k-way1352858310,,,,Højrup,,,,bro,1.0,1,,"55.2397456, 9.0018690",way/1352858310,ok,2026-09-24
k-way1352887413,,,,Kammerslusen,,,,bro,1.0,1,,"55.3399853, 8.6738411",way/1352887413,ok,2026-09-24
k-way1353226191,,,,Korsør,,,,bro,1.0,2,,"55.3336136, 11.1351529",way/1353226191 way/1353226192,ok,2026-09-24
k-way1353226193,,,,Korsør,,,,bro,1.0,2,,"55.3362274, 11.1544181",way/1353226193 way/32957837,ok,2026-09-24
k-way1353304792,,,,Ringkøbing,,,,bro,1.0,1,,"56.0833568, 8.2493823",way/1353304792,ok,2026-09-24
k-way135529878,,,,Søholt,,,,bro,1.0,1,,"57.0628873, 9.8757856",way/135529878,ok,2026-09-24
k-way1356014561,,,,Bakkebølle Strand,,,,bro,1.0,1,,"54.9808736, 11.9707258",way/1356014561,ok,2026-09-24
k-way1356216101,,,,Nybøl Vandmølle,,,,bro,1.0,1,,"54.9259196, 9.6547791",way/1356216101,ok,2026-09-24
k-way1356216313,,,,Nybøl Nor,,,,bro,1.0,2,,"54.9138013, 9.6734782",way/1356216313 way/1356216314,ok,2026-09-24
k-way1358116005,,,,Tunø By,,,,bro,1.0,5,,"55.9491256, 10.4523049",way/1358116005 way/462938699 way/93064368 way/93064370 way/93064371,ok,2026-09-24
k-way1358155230,,,,Tunø By,,,,bro,1.0,1,,"55.9454087, 10.4431211",way/1358155230,ok,2026-09-24
k-way1358242627,,,,Løkkegårde,,,,bro,1.0,1,,"55.9599460, 10.4050455",way/1358242627,ok,2026-09-24
k-way1359257461,,,,Fredericia,,,,bro,1.0,1,,"55.5730970, 9.7592951",way/1359257461,ok,2026-09-24
k-way1359269805,,,,Søby,,,,bro,1.0,3,,"54.9349208, 10.2515880",way/1359269805 way/1359269806 way/1359269807,ok,2026-09-24
k-way1359289882,,,Industribassin,Søby,,,,havn,1.0,1,,"54.9432294, 10.2572936",way/1359289882,ok,2026-09-24
k-way136014477,,,,Nybøl Nor,,,,bro,1.0,3,,"54.9109443, 9.6573749",way/136014477 way/350029439 way/350029444,ok,2026-09-24
k-way1361388413,,,,Gammel Kalvehave,,,,bro,1.0,1,,"54.9790155, 12.1208550",way/1361388413,ok,2026-09-24
k-way1361638018,,,,Eldrup,,,,bro,1.0,1,,"55.9424318, 9.8465432",way/1361638018,ok,2026-09-24
k-way1362809657,,,,Vordingborg,,,,bro,1.0,1,,"54.9994395, 11.9178594",way/1362809657,ok,2026-09-24
k-way1367654968,,,,Vordingborg,,,,bro,1.0,1,,"55.0127094, 11.9089378",way/1367654968,ok,2026-09-24
k-way137027067,,,,Sønderborg,,,,bro,1.0,1,,"54.9025728, 9.7904491",way/137027067,ok,2026-09-24
k-way1370939158,,,,Tange,,,,bro,1.0,2,,"56.3490713, 9.6078314",way/1370939158 way/903690973,ok,2026-09-24
k-way137149844,,,,Skærbæk,,,,bro,1.0,1,,"55.5110130, 9.6352902",way/137149844,ok,2026-09-24
k-way137149846,,,,Hagenør,,,,bro,1.0,4,,"55.5108314, 9.6439888",way/137149846 way/137149856 way/137149857 way/231071995,ok,2026-09-24
k-way137307310,,,,Guldager,,,,bro,1.0,4,,"55.5267225, 8.3940273",way/137307310 way/137307313 way/137307322 way/137307323,ok,2026-09-24
k-way1373193353,,,,Bækkelund,,,,bro,1.0,1,,"56.3907601, 9.3427153",way/1373193353,ok,2026-09-24
k-way1373193868,,,,Gammel Almind,,,,bro,1.0,1,,"56.3789620, 9.3610191",way/1373193868,ok,2026-09-24
k-way1373194333,,,,Dollerup,,,,bro,1.0,1,,"56.3684137, 9.3282073",way/1373194333,ok,2026-09-24
k-way1374054299,,,,Tylstrup,,,,bro,1.0,1,,"57.2071334, 9.9330194",way/1374054299,ok,2026-09-24
k-way1376421765,,,,Lyng,,,,bro,1.0,3,,"55.5186123, 9.7388510",way/1376421765 way/400618645 way/400618656,ok,2026-09-24
k-way1377157742,,,,Struer,,,,bro,1.0,2,,"56.4950844, 8.5958918",way/1377157742 way/1377157743,ok,2026-09-24
k-way137718169,,,,Fisknæs,,,,bro,1.0,1,,"54.9189378, 9.6012006",way/137718169,ok,2026-09-24
k-way137991300,,,,Rønne,,,,bro,1.0,1,,"55.0955409, 14.6964495",way/137991300,ok,2026-09-24
k-way1385329259,,,,Masnedsund,,,,bro,1.0,1,,"55.0018997, 11.8843105",way/1385329259,ok,2026-09-24
k-way1385329260,,,,Masnedsund,,,,bro,1.0,1,,"55.0033902, 11.8797254",way/1385329260,ok,2026-09-24
k-way1385329261,,,,Masnedsund,,,,bro,1.0,2,,"55.0042558, 11.8769036",way/1385329261 way/1385329262,ok,2026-09-24
k-way1385329264,,,,Masnedsund,,,,bro,1.0,1,,"55.0088023, 11.8614173",way/1385329264,ok,2026-09-24
k-way1385329265,,,,Masnedsund,,,,bro,1.0,1,,"55.0073859, 11.8636354",way/1385329265,ok,2026-09-24
k-way1386132627,,,,Langkastrup,,,,bro,1.0,1,,"56.4803533, 10.2186057",way/1386132627,ok,2026-09-24
k-way1386533511,,,,Haderslev,,,,bro,1.0,2,,"55.2466011, 9.4777545",way/1386533511 way/1386533512,ok,2026-09-24
k-way1387017819,,,,Vesterbro,,,,bro,1.0,2,,"55.6490760, 12.5534489",way/1387017819 way/623826219,ok,2026-09-24
k-way1389115767,,,,Tjørring,,,,bro,1.0,1,,"56.1520240, 8.9495211",way/1389115767,ok,2026-09-24
k-way138932995,,,,Kalvø,,,,bro,1.0,3,,"55.1172675, 9.4687823",way/138932995 way/286306989 way/978175049,ok,2026-09-24
k-way1389902336,på kortet,,,Egå,,,,bro,1.0,1,egaa-marina-roklubben,"56.2118671, 10.2914178",way/1389902336,ok,2026-09-24
k-way1390305586,,,,Hasle,,,,bro,1.0,1,,"55.1821676, 14.7011355",way/1390305586,ok,2026-09-24
k-way1390479548,,,,Kollund Strand,,,,bro,1.0,2,,"54.8378661, 9.4470249",way/1390479548 way/1390479549,ok,2026-09-24
k-way1390770797,,,,Vesterris,,,,bro,1.0,1,,"55.2491617, 9.5325131",way/1390770797,ok,2026-09-24
k-way1392307639,,,,Horserød,,,,bro,1.0,1,,"56.0389735, 12.4863010",way/1392307639,ok,2026-09-24
k-way1395563923,,,,Bregninge,,,,bro,1.0,1,,"55.6815724, 11.3095202",way/1395563923,ok,2026-09-24
k-way1395585320,,,,Tange,,,,bro,1.0,3,,"56.3412321, 9.5805549",way/1395585320 way/904053265 way/904053266,ok,2026-09-24
k-way1395585321,,,,Tange,,,,bro,1.0,4,,"56.3391759, 9.5783571",way/1395585321 way/1395585322 way/904053263 way/904053264,ok,2026-09-24
k-way1395585323,,,,Ans,,,,bro,1.0,1,,"56.3247416, 9.5752136",way/1395585323,ok,2026-09-24
k-way1395717200,,,,Morud,,,,bro,1.0,1,,"55.4416976, 10.1907571",way/1395717200,ok,2026-09-24
k-way140677093,,,,Hagenør,,,,bro,1.0,1,,"55.5235009, 9.6655527",way/140677093,ok,2026-09-24
k-way1408542849,,,,Nyhuse,,,,bro,1.0,3,,"55.3755402, 9.8014469",way/1408542849 way/1408542850 way/1408542851,ok,2026-09-24
k-way1410042841,,,,Aarhus,,,,bro,1.0,1,,"56.1507603, 10.2548929",way/1410042841,ok,2026-09-24
k-way1417684465,på kortet,,,Søholt,,,,bro,1.0,2,aalborg-sejlklub,"57.0574090, 9.8776413",way/1417684465 way/91266521,ok,2026-09-24
k-way1417846615,,,,Udsholt Sand,,,,bro,1.0,1,,"56.1145202, 12.2103226",way/1417846615,ok,2026-09-24
k-way1417910672,,,Canoe and kayak landing spot,Ravnsnæs,,,,bro,1.0,1,,"55.8604481, 12.4380449",way/1417910672,ok,2026-09-24
k-way1418640711,,,,Ejby,,,,bro,1.0,1,,"55.4865782, 12.0575021",way/1418640711,ok,2026-09-24
k-way1419417693,,,,Tved Byhaver,,,,bro,1.0,1,,"55.0695158, 10.6436701",way/1419417693,ok,2026-09-24
k-way1419914463,,,,Grønnedal,,,,bro,1.0,2,,"55.2747320, 14.8054916",way/1419914463 way/96792134,ok,2026-09-24
k-way1420398558,,,,Lindelse,,,,bro,1.0,2,,"54.8481637, 11.0683631",way/1420398558 way/1420398559,ok,2026-09-24
k-way1420398603,,,,Tårs,,,,bro,1.0,1,,"54.8819610, 11.0281709",way/1420398603,ok,2026-09-24
k-way1421956173,,,,Fjellerup Strand,,,,bro,1.0,1,,"56.5194373, 10.6001897",way/1421956173,ok,2026-09-24
k-way1424062552,,,,Nybro,,,,bro,1.0,1,,"55.7725893, 12.4821953",way/1424062552,ok,2026-09-24
k-way1424930108,,,,Gråsten,,,,bro,1.0,1,,"54.9235098, 9.5889186",way/1424930108,ok,2026-09-24
k-way1424969512,,,,Virksund,,,,bro,1.0,2,,"56.6171487, 9.2887693",way/1424969512 way/1424969513,ok,2026-09-24
k-way1426002038,,,,Aalborg,,,,bro,1.0,3,,"57.0526643, 9.9182092",way/107110718 way/107110723 way/107110724,ok,2026-09-24
k-way1426009892,,,,Rudegård,,,,bro,1.0,3,,"55.8180916, 12.4529959",way/1426009892 way/1426009893 way/420461878,ok,2026-09-24
k-way1426059799,,,,Fredsted,,,,bro,1.0,1,,"55.2303305, 9.4377825",way/1426059799,ok,2026-09-24
k-way1426065614,,,,Haderslev,,,,bro,1.0,1,,"55.2452201, 9.4759297",way/1426065614,ok,2026-09-24
k-way1426340537,,,,Nordby,,,,bro,1.0,1,,"57.7407665, 10.6081537",way/1426340537,ok,2026-09-24
k-way1426383334,,,,Grønning Strand,,,,bro,1.0,3,,"56.6373977, 9.1505415",way/1426383334 way/498021736 way/498021738,ok,2026-09-24
k-way1427902054,,,,Sallingsund,,,,bro,1.0,1,,"56.7498316, 8.8349681",way/1427902054,ok,2026-09-24
k-way1428504799,,,,Vindeby,,,,bro,1.0,7,,"55.0480620, 10.6129804",way/1428504799 way/1428504800 way/1428914635 way/1428914636 way/1429136852 way/1429136853 way/1429450954,ok,2026-09-24
k-way1429005634,,,,Løkken,,,,bro,1.0,1,,"55.8358111, 10.0225129",way/1429005634,ok,2026-09-24
k-way1429450955,,,,Vindeby,,,,bro,1.0,4,,"55.0474389, 10.6112178",way/1429450955 way/1429450956 way/1429450957 way/454659455,ok,2026-09-24
k-way1429727562,,,,Skørping,,,,bro,1.0,2,,"56.8385234, 9.8955299",way/1429727562 way/1429727563,ok,2026-09-24
k-way1431191175,,,,Østerholm,,,,bro,1.0,1,,"55.0177962, 9.9319334",way/1431191175,ok,2026-09-24
k-way1432570560,,,,Aabenraa,,,,bro,1.0,1,,"55.0341524, 9.4249435",way/1432570560,ok,2026-09-24
k-way1433705835,,,,Helsingør,,,,bro,1.0,5,,"56.0380934, 12.6155980",way/1433705835 way/345766554 way/345766556 way/345766559 way/345766561,ok,2026-09-24
k-way1434171381,,,,Trekroner,,,,bro,1.0,1,,"55.6529288, 12.1338484",way/1434171381,ok,2026-09-24
k-way143764337,,,,Skotterup,,,,bro,1.0,5,,"55.9954399, 12.5644325",way/143764337 way/143764364 way/143764380 way/486939237 way/486939240,ok,2026-09-24
k-way143764346,,,,Skotterup,,,,bro,1.0,4,,"55.9998325, 12.5713503",way/143764346 way/143764356 way/143764388 way/486939247,ok,2026-09-24
k-way143766078,,,Kongevasen,Snekkersten,,,,bro,1.0,1,,"56.0048766, 12.5797590",way/143766078,ok,2026-09-24
k-way143962315,,,,Søholt,,,,slæbested,1.0,2,,"57.0658376, 9.8870334",way/143962315 way/753552684,ok,2026-09-24
k-way1441643487,,,,Svejbæk,,,,bro,1.0,3,,"56.1252911, 9.6346825",way/1441643487 way/904058647 way/904058648,ok,2026-09-24
k-way1442010256,,,,Bangsbostrand,,,,bro,1.0,1,,"57.4164107, 10.5282723",way/1442010256,ok,2026-09-24
k-way1443868848,,,,Faaborg,,,,bro,1.0,1,,"55.0913987, 10.2477480",way/1443868848,ok,2026-09-24
k-way1447972436,,,,Korshavn,,,,bro,1.0,2,,"55.0131107, 10.3129678",way/1447972436 way/233510375,ok,2026-09-24
k-way1447972438,,,,Mommark,,,,bro,1.0,2,,"54.9260273, 10.0445826",way/1447972438 way/1447972439,ok,2026-09-24
k-way1447972448,,,,Østerby,,,,bro,1.0,1,,"54.8628305, 9.9128528",way/1447972448,ok,2026-09-24
k-way1448435435,,,,Marbjerg Mølle,,,,bro,1.0,1,,"55.5153385, 11.7413035",way/1448435435,ok,2026-09-24
k-way144885842,,,,Hvide Sande,,,,bro,1.0,1,,"56.0053515, 8.1228670",way/144885842,ok,2026-09-24
k-way1450463595,,,,Helmadkrog,,,,bro,1.0,1,,"55.1281166, 11.9361682",way/1450463595,ok,2026-09-24
k-way1451909160,,,,Nab,,,,bro,1.0,1,,"55.0533043, 10.3260999",way/1451909160,ok,2026-09-24
k-way1452394573,,,,Næsset,,,,bro,1.0,2,,"55.8677766, 9.8953799",way/1452394573 way/1452394574,ok,2026-09-24
k-way1452394575,,,,Næsset,,,,bro,1.0,1,,"55.8629503, 9.8913769",way/1452394575,ok,2026-09-24
k-way1452394576,,,,Næsset,,,,bro,1.0,1,,"55.8638710, 9.8942831",way/1452394576,ok,2026-09-24
k-way1452599516,,,,Christianshavn,,,,bro,1.0,1,,"55.6797650, 12.5991441",way/1452599516,ok,2026-09-24
k-way1452629638,,,,Vindeby,,,,bro,1.0,7,,"55.0505212, 10.6177068",way/1452629638 way/1452629639 way/1452629640 way/1452629641 way/1452629642 way/1452629643 way/1452629644,ok,2026-09-24
k-way1452629646,,,,Vindebyøre,,,,bro,1.0,8,,"55.0513070, 10.6192861",way/1452629646 way/725682192 way/725682193 way/725682194 way/725682195 way/840806792 way/909270011 way/909270014,ok,2026-09-24
k-way1454415177,,,,Dons,,,,bro,1.0,1,,"55.5458465, 9.4232715",way/1454415177,ok,2026-09-24
k-way1454923223,,,,Fisknæs,,,,bro,1.0,7,,"54.9114911, 9.6131437",way/1454923223 way/1454923224 way/1454923225 way/1454923226 way/1454923227 way/1454923228 way/1454923229,ok,2026-09-24
k-way1456105672,,,,Rendbjerg,,,,bro,1.0,1,,"54.8931524, 9.6379400",way/1456105672,ok,2026-09-24
k-way1456837569,,,,Bjerringbro,,,,bro,1.0,2,,"56.3712005, 9.6548265",way/1456837569 way/1456837579,ok,2026-09-24
k-way145832258,,,,Christianshavn,,,,bro,1.0,1,,"55.6766091, 12.5829408",way/145832258,ok,2026-09-24
k-way1459520466,,,,Rødkilde,,,,bro,1.0,1,,"54.9675448, 12.2726258",way/1459520466,ok,2026-09-24
k-way1462270499,,,,Vejle,,,,bro,1.0,4,,"55.7059074, 9.5318625",way/1462270499 way/631215047 way/753528746 way/902974603,ok,2026-09-24
k-way1462400702,,,,Skyum Østerstrand,,,,bro,1.0,1,,"56.8219997, 8.5789488",way/1462400702,ok,2026-09-24
k-way146419897,,,,København,,,,bro,1.0,1,,"55.6863248, 12.5619652",way/146419897,ok,2026-09-24
k-way146419899,,,,København,,,,bro,1.0,2,,"55.6819845, 12.5598778",way/146419899 way/146419900,ok,2026-09-24
k-way1464202687,,,,Hadsund,,,,bro,1.0,2,,"56.7160461, 10.1220366",way/1464202687 way/1464202688,ok,2026-09-24
k-way1464202689,,,,Hadsund,,,,bro,1.0,4,,"56.7156025, 10.1198570",way/1464202689 way/1464202690 way/1464202691 way/1464202692,ok,2026-09-24
k-way1464202693,,,,Hadsund,,,,bro,1.0,3,,"56.7138811, 10.1147513",way/1464202693 way/1464202694 way/641678369,ok,2026-09-24
k-way1464202711,,,,Hadsund Syd,,,,bro,1.0,4,,"56.7113847, 10.1086626",way/1464202711 way/1464202712 way/1464202713 way/1464202714,ok,2026-09-24
k-way1464202719,,,,Hadsund Syd,,,,bro,1.0,1,,"56.7066364, 10.1019254",way/1464202719,ok,2026-09-24
k-way1464202720,,,,Hadsund Syd,,,,bro,1.0,1,,"56.7038641, 10.0999094",way/1464202720,ok,2026-09-24
k-way1464202722,,,,Stinesminde,,,,bro,1.0,2,,"56.6728002, 9.9749583",way/1464202722 way/1464202723,ok,2026-09-24
k-way1464202724,,,,Stinesminde,,,,bro,1.0,1,,"56.6724960, 9.9723966",way/1464202724,ok,2026-09-24
k-way1464202726,,,,Stinesminde,,,,bro,1.0,1,,"56.6699551, 9.9695704",way/1464202726,ok,2026-09-24
k-way1464202729,,,,Vindø,,,,bro,1.0,1,,"56.6469817, 9.8365210",way/1464202729,ok,2026-09-24
k-way1464202730,,,,Vindø,,,,bro,1.0,1,,"56.6459321, 9.8207644",way/1464202730,ok,2026-09-24
k-way1465079106,,,,Klemensker,,,,bro,1.0,2,,"55.1734835, 14.7994203",way/1465079106 way/1465079108,ok,2026-09-24
k-way1467227376,,,,Rallebæk,,,,bro,1.0,1,,"55.1156870, 10.2770258",way/1467227376,ok,2026-09-24
k-way1467377123,,,,Kragnæs,,,,bro,1.0,2,,"54.8692129, 10.4744346",way/1467377123 way/1467377124,ok,2026-09-24
k-way1467377138,,,,Ærøskøbing,,,,bro,1.0,2,,"54.8856195, 10.4180460",way/1467377138 way/472385702,ok,2026-09-24
k-way1467377139,,,,Urehoved,,,,bro,1.0,1,,"54.9018929, 10.4064018",way/1467377139,ok,2026-09-24
k-way1473970848,,,,Sølyst,,,,bro,1.0,1,,"55.4674022, 9.7667361",way/1473970848,ok,2026-09-24
k-way147489001,,,,Nees,,,,bro,1.0,1,,"56.7380835, 8.5031373",way/147489001,ok,2026-09-24
k-way1480907099,,,,Middelfart,,,,bro,1.0,2,,"55.5083547, 9.7216961",way/163009191 way/163009192,ok,2026-09-24
k-way1481053765,,,,Ørestad,,,,bro,1.0,2,,"55.6416549, 12.5531510",way/1481053765 way/1481053766,ok,2026-09-24
k-way1481605421,,,,Middelfart,,,,bro,1.0,1,,"55.5054323, 9.7379819",way/1481605421,ok,2026-09-24
k-way1484737251,,,,Hornelund,,,,bro,1.0,1,,"55.7198250, 8.5389930",way/1484737251,ok,2026-09-24
k-way1487000391,,,,Klovtoft,,,,bro,1.0,1,,"55.0545592, 9.1926662",way/1487000391,ok,2026-09-24
k-way1488870033,,,,Nørup,,,,bro,1.0,1,,"55.7161454, 9.3167301",way/1488870033,ok,2026-09-24
k-way1488953576,,,,Måløv,,,,bro,1.0,1,,"55.7441747, 12.3210734",way/1488953576,ok,2026-09-24
k-way1490453456,,,,Moseby,,,,bro,1.0,5,,"55.9133781, 11.6697969",way/1490453456 way/216429339 way/877603562 way/97706631 way/97706634,ok,2026-09-24
k-way1490488447,,,,Doverodde,,,,bro,1.0,1,,"56.7198264, 8.4736297",way/1490488447,ok,2026-09-24
k-way1492883154,,,,Middelfart,,,,bro,1.0,3,,"55.5065958, 9.7388628",way/1492883154 way/450843082 way/694462869,ok,2026-09-24
k-way1495305787,,,,Tebbestrup Kær,,,,bro,1.0,2,,"56.4570391, 9.9933307",way/1495305787 way/902894080,ok,2026-09-24
k-way1495380823,,,,Mjøls,,,,bro,1.0,1,,"55.0667807, 9.2983177",way/1495380823,ok,2026-09-24
k-way1496738449,,,,Arnborg,,,,bro,1.0,1,,"56.0134682, 8.9910143",way/1496738449,ok,2026-09-24
k-way1497616601,,,,Masnedø,,,,bro,1.0,1,,"54.9771463, 11.8975604",way/1497616601,ok,2026-09-24
k-way1497616602,,,,Masnedø,,,,bro,1.0,1,,"54.9782852, 11.8940093",way/1497616602,ok,2026-09-24
k-way1497846540,på kortet,,Fjordbroen,Næsset,,,,bro,1.0,2,horsens-kajakklub,"55.8580875, 9.8769398",way/1497846540 way/40983768,ok,2026-09-24
k-way1497911233,,,,Trovsløkke,,,,slæbested,1.0,1,,"54.8423200, 10.5019976",way/1497911233,ok,2026-09-24
k-way1498229467,,,,Årslev,,,,bro,1.0,1,,"55.3039721, 10.4749422",way/1498229467,ok,2026-09-24
k-way1498383914,,,,Ramten,,,,bro,1.0,1,,"56.4372220, 10.6278338",way/1498383914,ok,2026-09-24
k-way1499116255,,,,Hjallerup,,,,bro,1.0,1,,"57.1597843, 10.1535648",way/1499116255,ok,2026-09-24
k-way1499343093,,,,Farum,,,,bro,1.0,1,,"55.8070904, 12.3723408",way/1499343093,ok,2026-09-24
k-way1499831323,,,,Næs,,,,slæbested,1.0,1,,"55.0510375, 11.8317108",way/1499831323,forsvundet,2026-09-24
k-way149995826,,,,Helligsø,,,,bro,1.0,1,,"56.6925238, 8.3465658",way/149995826,ok,2026-09-24
k-way1499983394,,,,Kastrup,,,,bro,1.0,2,,"55.0241098, 11.8988579",way/1499983394 way/1499983395,ok,2026-09-24
k-way1499983423,,,,Kastrup,,,,bro,1.0,1,,"55.0341954, 11.8943908",way/1499983423,ok,2026-09-24
k-way1500197325,,,,Spanget,,,,bro,1.0,3,,"55.1488644, 10.3474968",way/1500197325 way/1500197326 way/1500197327,ok,2026-09-24
k-way1500340439,,,,Suldrup,,,,bro,1.0,1,,"56.8530456, 9.7009280",way/1500340439,ok,2026-09-24
k-way1500669276,,,,Brunshuse,,,,bro,1.0,3,,"55.1986689, 10.0030466",way/1500669276 way/1500669277 way/1500669278,ok,2026-09-24
k-way1500669975,,,,Dyreborg,,,,bro,1.0,1,,"55.0698245, 10.2144162",way/1500669975,ok,2026-09-24
k-way1500669976,,,,Dyreborg,,,,bro,1.0,1,,"55.0721790, 10.2203224",way/1500669976,ok,2026-09-24
k-way1500670213,,,,Dyreborg,,,,bro,1.0,2,,"55.0725779, 10.2235831",way/1500670213 way/279453192,ok,2026-09-24
k-way1500777869,,,,Hovstrup,,,,bro,1.0,1,,"57.3860423, 10.0950790",way/1500777869,ok,2026-09-24
k-way1500777870,,,,Hovstrup,,,,bro,1.0,2,,"57.3845822, 10.0979209",way/1500777870 way/1500777871,ok,2026-09-24
k-way1500788787,,,,Vindebyøre,,,,bro,1.0,1,,"55.0525314, 10.6369839",way/1500788787,ok,2026-09-24
k-way1500788791,,,,Vindebyøre,,,,bro,1.0,1,,"55.0539847, 10.6355867",way/1500788791,ok,2026-09-24
k-way1500846599,,,,Østby,,,,bro,1.0,1,,"55.7562227, 12.0394982",way/1500846599,ok,2026-09-24
k-way1501282484,,,,Løgumkloster,,,,bro,1.0,1,,"55.0650361, 8.9491222",way/1501282484,ok,2026-09-24
k-way150139361,,,,Vallensbæk,,,,bro,1.0,13,,"55.6108191, 12.3854479",way/150139361 way/150139367 way/150139369 way/150139377 way/150139379 way/150139380 way/26179166 way/26179230 way/26179264 way/26179267 way/949084839 way/949084841 way/963693830,ok,2026-09-24
k-way150139362,,,,Vallensbæk,,,,bro,1.0,14,,"55.6092981, 12.3841866",way/150139362 way/181220272 way/26179157 way/26179165 way/949084828 way/949084829 way/949084830 way/949084832 way/949084836 way/949084837 way/949084840 way/949084842 way/949084844 way/963693827,ok,2026-09-24
k-way1501507869,,,,Nollund,,,,bro,1.0,2,,"55.7602240, 8.8764448",way/1501507869 way/1501507870,ok,2026-09-24
k-way1501507871,,,,Nollund,,,,bro,1.0,1,,"55.7603060, 8.8798599",way/1501507871,ok,2026-09-24
k-way1502078286,,,,Sanddal,,,,bro,1.0,2,,"55.5483537, 9.7294618",way/1502078286 way/400618651,ok,2026-09-24
k-way1502851052,,,,Vindeby,,,,bro,1.0,9,,"55.0423406, 10.6026939",way/1502851052 way/598827186 way/598827187 way/598827188 way/598827189 way/598827190 way/598827191 way/598827192 way/598827193,ok,2026-09-24
k-way1507868018,,,,Lindelse,,,,bro,1.0,2,,"54.8482084, 11.0535393",way/1507868018 way/476369430,ok,2026-09-24
k-way1508042847,,,,Store Musse,,,,bro,1.0,1,,"54.7194144, 11.6646602",way/1508042847,ok,2026-09-24
k-way1508048749,,,,Store Musse,,,,bro,1.0,1,,"54.7199902, 11.6736162",way/1508048749,ok,2026-09-24
k-way1508388728,,,,Præstø,,,,bro,1.0,2,,"55.1280092, 12.0631111",way/1508388728 way/1508388729,ok,2026-09-24
k-way1510913577,,,,Stokkebæk Strand,,,,bro,1.0,1,,"55.1675990, 10.7951994",way/1510913577,ok,2026-09-24
k-way1511351908,,,,Rørtang,,,,bro,1.0,1,,"56.0158394, 12.5486818",way/1511351908,ok,2026-09-24
k-way1513362889,,,,Mariendal Havbakker,,,,bro,1.0,1,,"56.0480029, 10.2712172",way/1513362889,ok,2026-09-24
k-way1516019047,,,,Kappelborg,,,,bro,1.0,4,,"57.7196931, 10.5911076",way/1516019047 way/1516019048 way/1516019049 way/483487961,ok,2026-09-24
k-way151773092,,,,Østerbro,,,,bro,1.0,3,,"55.7126455, 12.5895660",way/151773092 way/429534927 way/429534993,ok,2026-09-24
k-way1518007890,,,,Følle Strand,,,,bro,1.0,1,,"56.2929560, 10.4233295",way/1518007890,ok,2026-09-24
k-way1518652090,,,,Åstrup,,,,bro,1.0,1,,"56.2322362, 10.3317003",way/1518652090,ok,2026-09-24
k-way1518652091,,,,Åstrup,,,,bro,1.0,1,,"56.2340394, 10.3357611",way/1518652091,ok,2026-09-24
k-way1518654059,på kortet,,,Skolevangen,,,,bro,1.0,1,badehuset-stationsgade,"56.1815235, 10.2362871",way/1518654059,ok,2026-09-24
k-way1519940703,,,,Vordingborg,,,,bro,1.0,1,,"55.0133285, 11.9221409",way/1519940703,ok,2026-09-24
k-way152253962,,,,Ærøskøbing,,,,bro,1.0,1,,"54.8969225, 10.4218985",way/152253962,ok,2026-09-24
k-way1522803684,,,,Nivå,,,,bro,1.0,2,,"55.9419518, 12.5103439",way/1522803684 way/1522868710,ok,2026-09-24
k-way153998724,,,,Jonstrup,,,,bro,1.0,1,,"55.7596489, 12.3301130",way/153998724,ok,2026-09-24
k-way154821681,,,,Ommel,,,,bro,1.0,2,,"54.8696812, 10.4780787",way/154821681 way/154821738,ok,2026-09-24
k-way155614078,,,,Ny Frederiksdal,,,,bro,1.0,6,,"55.7726631, 12.4518566",way/155614078 way/155614081 way/155614082 way/155614133 way/209337356 way/43317217,ok,2026-09-24
k-way155614105,,,,Bagsværd,,,,bro,1.0,1,,"55.7655671, 12.4617491",way/155614105,ok,2026-09-24
k-way155614116,,,,Kollekolle,,,,bro,1.0,1,,"55.7847313, 12.4089062",way/155614116,ok,2026-09-24
k-way155614128,,,,Nybro,,,,bro,1.0,1,,"55.7675228, 12.4709746",way/155614128,ok,2026-09-24
k-way155614141,,,,Frederiksdal,,,,bro,1.0,1,,"55.7726545, 12.4443823",way/155614141,ok,2026-09-24
k-way156393072,,,,Sønderskov,,,,bro,1.0,1,,"55.5277256, 9.6776587",way/156393072,ok,2026-09-24
k-way157467588,,,,Ishøj,,,,bro,1.0,2,,"55.6078723, 12.3790949",way/157467588 way/157467590,ok,2026-09-24
k-way157467589,,,M,Vallensbæk,,,,bro,1.0,6,,"55.6127155, 12.3979114",way/157467589 way/26172005 way/26179440 way/410882717 way/608505218 way/962209171,ok,2026-09-24
k-way157759204,,,R,Avedøre Holme,,,,bro,1.0,1,,"55.6078182, 12.4437183",way/157759204,ok,2026-09-24
k-way158278838,,,,Sanddal,,,,bro,1.0,1,,"55.5535140, 9.7279571",way/158278838,ok,2026-09-24
k-way158292620,,,"""Den Gule""",Dragør,,,,bro,1.0,1,,"55.6032685, 12.6722408",way/158292620,ok,2026-09-24
k-way158292621,,,,Dragør,,,,bro,1.0,1,,"55.6010137, 12.6726470",way/158292621,ok,2026-09-24
k-way158292627,,,,Dragør,,,,bro,1.0,2,,"55.5996516, 12.6721802",way/158292627 way/367330862,ok,2026-09-24
k-way158805323,,,4,Marstal,,,,bro,1.0,3,,"54.8509750, 10.5250350",way/158805323 way/58299351 way/58299352,ok,2026-09-24
k-way158805325,,,,Marstal,,,,bro,1.0,2,,"54.8549206, 10.5222844",way/158805325 way/237087519,ok,2026-09-24
k-way159033705,,,,Elvighøj,,,,bro,1.0,1,,"55.4973530, 9.5560212",way/159033705,ok,2026-09-24
k-way159762574,,,,Ommel,,,,bro,1.0,1,,"54.8865764, 10.4968806",way/159762574,ok,2026-09-24
k-way161112671,,,,Holte,,,,bro,1.0,12,,"55.8122221, 12.4588158",way/161112671 way/161112675 way/443036053 way/443036054 way/443036055 way/443036056 way/443036058 way/662302574 way/662302580 way/903768028 way/903768029 way/903774022,ok,2026-09-24
k-way163432539,,,,Bjergkammer,,,,bro,1.0,2,,"55.1529772, 10.1420108",way/163432539 way/163438379,ok,2026-09-24
k-way164389263,,,,Sønderskov,,,,bro,1.0,2,,"55.5241989, 9.6979244",way/164389263 way/231071978,ok,2026-09-24
k-way164389264,,,,Sønderskov,,,,bro,1.0,2,,"55.5235385, 9.7015699",way/164389264 way/231071975,ok,2026-09-24
k-way164389267,,,,Sønderskov,,,,bro,1.0,1,,"55.5270190, 9.6834812",way/164389267,ok,2026-09-24
k-way164389270,,,,Snoghøj,,,,bro,1.0,1,,"55.5230454, 9.7042770",way/164389270,ok,2026-09-24
k-way165420525,,,,Grisby,,,,bro,1.0,1,,"55.1203983, 15.1473777",way/165420525,ok,2026-09-24
k-way165474120,,,,Birkholm By,,,,bro,1.0,1,,"54.9328876, 10.5086289",way/165474120,ok,2026-09-24
k-way166870690,,,,Holtserhage,,,,bro,1.0,1,,"55.6920689, 9.6625697",way/166870690,ok,2026-09-24
k-way166870691,,,,Holtserhage,,,,bro,1.0,1,,"55.6903601, 9.6574842",way/166870691,ok,2026-09-24
k-way167260100,,,,Hanstholm,,,,bro,1.0,3,,"57.1208435, 8.6008724",way/167260100 way/167260102 way/167260104,ok,2026-09-24
k-way167260103,,,,Hanstholm,,,,bro,1.0,1,,"57.1217041, 8.6024560",way/167260103,ok,2026-09-24
k-way168411257,,,,Nykøbing Mors,,,,bro,1.0,4,,"56.7921662, 8.8662786",way/168411257 way/168411262 way/96881815 way/96881844,ok,2026-09-24
k-way169004572,,,Glatved Lasteanlæg,Østerballe,,,,bro,1.0,1,,"56.3002031, 10.8663606",way/169004572,ok,2026-09-24
k-way170393258,,,,Skovhuse,,,,bro,1.0,1,,"55.0400214, 10.2512128",way/170393258,ok,2026-09-24
k-way170779973,,,,Kongsgårde,,,,bro,1.0,1,,"56.1488568, 10.5200516",way/170779973,ok,2026-09-24
k-way171040185,,,,Tambohuse,,,,bro,1.0,1,,"56.6374981, 8.5929087",way/171040185,ok,2026-09-24
k-way173398363,,,,Måle,,,,bro,1.0,1,,"55.5082081, 10.7855776",way/173398363,ok,2026-09-24
k-way174178457,,,,Snaptun,,,,bro,1.0,1,,"55.8278472, 10.0172332",way/174178457,ok,2026-09-24
k-way174195204,,,,Sandmark,,,,bro,1.0,1,,"56.1754631, 9.5389168",way/174195204,ok,2026-09-24
k-way174332208,,,,Svejbæk,,,,bro,1.0,4,,"56.1263332, 9.6124682",way/174332208 way/174332233 way/174332234 way/174332235,ok,2026-09-24
k-way174743978,,,,Grasten,,,,bro,1.0,2,,"55.0333294, 10.6687983",way/174743978 way/174743981,ok,2026-09-24
k-way174743980,,,,Grasten,,,,bro,1.0,6,,"55.0312476, 10.6680210",way/174743980 way/174743982 way/174743983 way/174743984 way/307684902 way/381240944,ok,2026-09-24
k-way176865131,,,,Mørkemose,,,,bro,1.0,1,,"55.6336248, 11.6959812",way/176865131,ok,2026-09-24
k-way177897338,,,,Ny Frederiksdal,,,,bro,1.0,2,,"55.7748061, 12.4575368",way/177897338 way/177897340,ok,2026-09-24
k-way178139383,,,,Christianshavn,,,,bro,1.0,1,,"55.6699930, 12.5827700",way/178139383,ok,2026-09-24
k-way180569840,,,,Thurø By,,,,bro,1.0,5,,"55.0390989, 10.6568014",way/180569840 way/180569842 way/180569848 way/180569849 way/180569851,ok,2026-09-24
k-way180569841,,,,Grasten,,,,bro,1.0,1,,"55.0374064, 10.6769530",way/180569841,ok,2026-09-24
k-way180569844,,,,Troense,,,,bro,1.0,4,,"55.0383450, 10.6544812",way/180569844 way/180569845 way/180569850 way/180569855,ok,2026-09-24
k-way180569853,,,,Valborgs Kasse,,,,bro,1.0,1,,"55.0383724, 10.6893579",way/180569853,ok,2026-09-24
k-way181220273,,,,Ishøj,,,,bro,1.0,1,,"55.6075914, 12.3850281",way/181220273,ok,2026-09-24
k-way181228281,,,,Køge,,,,bro,1.0,4,,"55.4684520, 12.1957696",way/181228281 way/429473020 way/429473022 way/8138726,ok,2026-09-24
k-way182095894,,,,Strandager,,,,bro,1.0,1,,"55.6604480, 11.9310171",way/182095894,ok,2026-09-24
k-way184503871,,,,Klitten,,,,bro,1.0,1,,"56.4086504, 10.9223256",way/184503871,ok,2026-09-24
k-way184503985,,,,Klitten,,,,bro,1.0,1,,"56.4120534, 10.9262344",way/184503985,ok,2026-09-24
k-way185763898,,,,Humlebæk,,,,bro,1.0,7,,"55.9611044, 12.5405003",way/185763898 way/185763903 way/185763907 way/185763915 way/185763917 way/185763926 way/914082626,ok,2026-09-24
k-way185763900,,,,Krogerup,,,,bro,1.0,6,,"55.9668087, 12.5436316",way/185763900 way/185763916 way/185763918 way/185763923 way/914340057 way/914340082,ok,2026-09-24
k-way187908960,,,,Fåre,,,,bro,1.0,4,,"56.4718862, 8.2946093",way/187908960 way/187908961 way/925028175 way/925028176,ok,2026-09-24
k-way190040433,,,,Sondrup Strand,,,,bro,1.0,1,,"55.8781657, 10.0566460",way/190040433,ok,2026-09-24
k-way194784085,,,,Kolding,,,,bro,1.0,1,,"55.4912308, 9.4887754",way/194784085,ok,2026-09-24
k-way195708962,,,,Nødebo,,,,bro,1.0,1,,"55.9946924, 12.3563478",way/195708962,ok,2026-09-24
k-way195709925,,,,Endrup,,,,bro,1.0,1,,"56.0122767, 12.3683311",way/195709925,ok,2026-09-24
k-way195711005,,,,Nødebo,,,,bro,1.0,1,,"55.9902029, 12.3528632",way/195711005,ok,2026-09-24
k-way195951287,,,,Esbønderup Kohave,,,,bro,1.0,1,,"56.0175703, 12.3676938",way/195951287,ok,2026-09-24
k-way196378679,,,,Endrup,,,,bro,1.0,3,,"55.9925418, 12.3899140",way/196378679 way/903280811 way/903280812,ok,2026-09-24
k-way196951233,,,,Sønderskov,,,,bro,1.0,2,,"55.5255402, 9.6932795",way/196951233 way/231071992,ok,2026-09-24
k-way196952102,,,,Elvighøj,,,,bro,1.0,1,,"55.5041621, 9.5843306",way/196952102,ok,2026-09-24
k-way196952104,,,,Elvighøj,,,,bro,1.0,1,,"55.5074988, 9.5828855",way/196952104,ok,2026-09-24
k-way207775125,,,,Reersø,,,,bro,1.0,1,,"55.4793521, 11.0788235",way/207775125,ok,2026-09-24
k-way207775126,,,,Reersø,,,,bro,1.0,1,,"55.4770482, 11.0791346",way/207775126,ok,2026-09-24
k-way208346361,,,,Hvide Sande,,,,bro,1.0,2,,"56.0005779, 8.1230425",way/208346361 way/208346362,ok,2026-09-24
k-way209211129,,,,Hou,,,,bro,1.0,1,,"55.9216159, 10.2580532",way/209211129,ok,2026-09-24
k-way209337360,,,,Nybro,,,,bro,1.0,1,,"55.7750980, 12.4700014",way/209337360,ok,2026-09-24
k-way210138173,,,,Strandby,,,,bro,1.0,5,,"57.4929026, 10.5033079",way/210138173 way/210138178 way/409322180 way/409322181 way/853712198,ok,2026-09-24
k-way210460298,på kortet,,,Farum,,,,bro,1.0,2,vinterbadeklubben-furesoe,"55.8015406, 12.3885123",way/210460298 way/210460300,ok,2026-09-24
k-way210634436,,,Bro 1,Hou,,,,bro,1.0,5,,"55.9112467, 10.2521729",way/210634436 way/210634444 way/210634457 way/409161838 way/409161970,ok,2026-09-24
k-way211919332,,,Skagen Sejlklub,Vesterby,,,,sejlklub,1.0,1,,"57.7147553, 10.5853575",way/211919332,ok,2026-09-24
k-way212720578,på kortet,,13,Dragerup,,,,bro,1.0,1,holbaek-marina-vinterbadeklub,"55.7249356, 11.7619034",way/212720578,ok,2026-09-24
k-way214565580,,,,Nødebo,,,,bro,1.0,1,,"55.9807688, 12.3506110",way/214565580,ok,2026-09-24
k-way214659317,,,Kongebroen,Endrup,,,,bro,1.0,1,,"55.9860875, 12.3845270",way/214659317,ok,2026-09-24
k-way215286723,,,,Onsevig,,,,bro,1.0,1,,"54.9466031, 11.1088705",way/215286723,ok,2026-09-24
k-way215557207,,,2,Helsingør,,,,bro,1.0,2,,"56.0443144, 12.6179071",way/215557207 way/39813217,ok,2026-09-24
k-way215557210,,,13,Helsingør,,,,bro,1.0,5,,"56.0416691, 12.6135312",way/215557210 way/39813248 way/430037571 way/430059900 way/430059902,ok,2026-09-24
k-way215566149,,,,Hornbæk,,,,bro,1.0,2,,"56.0937401, 12.4572527",way/215566149 way/381074830,ok,2026-09-24
k-way215784036,,,,Thorsager,,,,bro,1.0,1,,"56.3574046, 10.4615672",way/215784036,ok,2026-09-24
k-way216429337,,,,Moseby,,,,bro,1.0,1,,"55.9131183, 11.6737350",way/216429337,ok,2026-09-24
k-way216494545,,,Bro 8,Ishøj,,,,bro,1.0,4,,"55.5941941, 12.3518733",way/216494545 way/26174324 way/26174348 way/26174349,ok,2026-09-24
k-way217416229,,,,Skjern,,,,bro,1.0,1,,"55.9387007, 8.4774477",way/217416229,ok,2026-09-24
k-way217993580,,,,Bistrup,,,,bro,1.0,1,,"55.8038464, 12.4285331",way/217993580,ok,2026-09-24
k-way218811312,,,,Ordrup Strand,,,,bro,1.0,1,,"55.8319701, 11.3949457",way/218811312,ok,2026-09-24
k-way219413214,,,,Sjælsmark,,,,bro,1.0,1,,"55.8628644, 12.4286298",way/219413214,ok,2026-09-24
k-way219413222,,,,Sjælsmark,,,,bro,1.0,2,,"55.8620905, 12.4310851",way/219413222 way/219413224,ok,2026-09-24
k-way219772349,,,,Thyborøn,,,,bro,1.0,1,,"56.6991296, 8.2179467",way/219772349,ok,2026-09-24
k-way220263791,,,,Holte,,,,bro,1.0,7,,"55.8055135, 12.4625527",way/220263791 way/220263792 way/220263800 way/220263809 way/220263811 way/913076749 way/913076750,ok,2026-09-24
k-way220263796,,,,Holte,,,,bro,1.0,2,,"55.8103788, 12.4656378",way/220263796 way/220263806,ok,2026-09-24
k-way220263797,,,,Holte,,,,bro,1.0,2,,"55.8088998, 12.4632275",way/220263797 way/220263807,ok,2026-09-24
k-way220263802,,,,Holte,,,,bro,1.0,2,,"55.8075709, 12.4608163",way/220263802 way/220263808,ok,2026-09-24
k-way220392215,,,,Gadehuse,,,,bro,1.0,2,,"55.2048803, 11.2467557",way/220392215 way/226669778,ok,2026-09-24
k-way221654488,,,,Sorø,,,,bro,1.0,2,,"55.4326536, 11.5491457",way/221654488 way/924628949,ok,2026-09-24
k-way221654489,,,,Sorø,,,,bro,1.0,1,,"55.4290206, 11.5601415",way/221654489,ok,2026-09-24
k-way222069078,,,,Oddesund Syd,,,,bro,1.0,1,,"56.5784716, 8.5569738",way/222069078,ok,2026-09-24
k-way222850488,,,,Elvighøj,,,,bro,1.0,1,,"55.4972791, 9.5612545",way/222850488,ok,2026-09-24
k-way223369818,,,,Vallensbæk Landsby,,,,bro,1.0,1,,"55.6399466, 12.3513669",way/223369818,ok,2026-09-24
k-way224057380,,,,Vallensbæk Nordmark,,,,bro,1.0,1,,"55.6436427, 12.3482839",way/224057380,ok,2026-09-24
k-way224275090,,,,Borgsted,,,,bro,1.0,1,,"54.9162108, 12.1145945",way/224275090,ok,2026-09-24
k-way225089507,,,,Holte,,,,bro,1.0,1,,"55.8081603, 12.4677068",way/225089507,ok,2026-09-24
k-way225876172,,,,Abild,,,,bro,1.0,1,,"54.9697048, 8.8559522",way/225876172,ok,2026-09-24
k-way226620040,,,,Skælskør,,,,bro,1.0,8,,"55.2503952, 11.2890508",way/226620040 way/226620041 way/226620044 way/226620046 way/226620048 way/226620050 way/226620055 way/226620056,ok,2026-09-24
k-way226620042,,,,Skælskør,,,,bro,1.0,8,,"55.2521423, 11.2836972",way/226620042 way/226620049 way/226620053 way/226620054 way/641505301 way/641505302 way/98991568 way/98991575,ok,2026-09-24
k-way226620045,,,,Skælskør,,,,bro,1.0,2,,"55.2494301, 11.2881635",way/226620045 way/226620057,ok,2026-09-24
k-way226620047,,,,Skælskør,,,,bro,1.0,1,,"55.2512148, 11.2819114",way/226620047,ok,2026-09-24
k-way226620058,,,,Skælskør,,,,bro,1.0,1,,"55.2530703, 11.2891143",way/226620058,ok,2026-09-24
k-way226669779,,,,Gadehuse,,,,bro,1.0,1,,"55.2058885, 11.2444431",way/226669779,ok,2026-09-24
k-way226669780,,,,Gadehuse,,,,bro,1.0,1,,"55.2084326, 11.2435335",way/226669780,ok,2026-09-24
k-way226836823,,,,Korsør,,,,bro,1.0,2,,"55.3309993, 11.1414096",way/226836823 way/920719130,ok,2026-09-24
k-way226840116,,,,Halsskov,,,,bro,1.0,1,,"55.3442785, 11.1122318",way/226840116,ok,2026-09-24
k-way226840117,på kortet,,,Halsskov,,,,bro,1.0,2,halskov-vandsportscenter,"55.3468995, 11.1071428",way/226840117 way/458685453,ok,2026-09-24
k-way227830187,,,,Nakkehuse,,,,bro,1.0,1,,"54.8314333, 10.9755575",way/227830187,ok,2026-09-24
k-way227830189,,,,Lodshuse,,,,bro,1.0,2,,"54.8340185, 10.9671265",way/227830189 way/627448376,ok,2026-09-24
k-way227830190,,,,Lodshuse,,,,bro,1.0,2,,"54.8348164, 10.9650110",way/227830190 way/627448375,ok,2026-09-24
k-way228067545,,,,Rosnæs,,,,bro,1.0,1,,"54.8297562, 11.1235521",way/228067545,ok,2026-09-24
k-way228067552,,,,Færgeland,,,,bro,1.0,1,,"54.8303904, 11.1293232",way/228067552,ok,2026-09-24
k-way228087120,,,,Langø,,,,bro,1.0,1,,"54.8166546, 11.0155479",way/228087120,ok,2026-09-24
k-way228116199,,,,Rosnæs,,,,bro,1.0,1,,"54.8281781, 11.0892781",way/228116199,ok,2026-09-24
k-way228974870,,,,Vilsund Vest,,,,bro,1.0,1,,"56.8829807, 8.6227499",way/228974870,ok,2026-09-24
k-way229046774,,,,Ravnebakke,,,,bro,1.0,2,,"56.0237157, 12.4942316",way/229046774 way/229046775,ok,2026-09-24
k-way229193896,,,,Masnedø,,,,bro,1.0,1,,"54.9783092, 11.8819909",way/229193896,ok,2026-09-24
k-way229631388,,,,Auderød,,,,bro,1.0,1,,"55.9736437, 12.0632274",way/229631388,ok,2026-09-24
k-way230368508,,,,Ore Strand,,,,bro,1.0,1,,"54.8894394, 12.0535887",way/230368508,ok,2026-09-24
k-way230368509,på kortet,,,Stubbekøbing,,,,bro,1.0,1,spot-4,"54.8916967, 12.0349417",way/230368509,ok,2026-09-24
k-way230385401,,,,Hirtshals,,,,bro,1.0,5,,"57.5925280, 9.9610281",way/230385401 way/230385402 way/230385406 way/230385407 way/230392346,ok,2026-09-24
k-way230589614,på kortet,,,Viborg,,,,bro,1.0,2,viborg-baadelaug,"56.4548717, 9.4185188",way/230589614 way/230589615,ok,2026-09-24
k-way230738309,,,,Odderholm,,,,bro,1.0,2,,"56.0617039, 9.7339861",way/230738309 way/903266053,ok,2026-09-24
k-way230777650,,,,Mossøbrå,,,,bro,1.0,2,,"56.0384035, 9.8473305",way/230777650 way/901512458,ok,2026-09-24
k-way231071977,,,,Hagenør,,,,bro,1.0,3,,"55.5127380, 9.6479178",way/231071977 way/231071982 way/231071983,ok,2026-09-24
k-way231071979,,,,Sønderskov,,,,bro,1.0,1,,"55.5259175, 9.6898387",way/231071979,ok,2026-09-24
k-way231071984,,,,Snoghøj,,,,bro,1.0,5,,"55.5210268, 9.7115313",way/231071984 way/231071985 way/231071991 way/231071993 way/231071996,ok,2026-09-24
k-way231071986,,,,Snoghøj,,,,bro,1.0,1,,"55.5221579, 9.7081051",way/231071986,ok,2026-09-24
k-way231071994,,,,Hagenør,,,,bro,1.0,1,,"55.5153297, 9.6539467",way/231071994,ok,2026-09-24
k-way231071997,,,,Skærbæk,,,,bro,1.0,1,,"55.5098801, 9.6423124",way/231071997,ok,2026-09-24
k-way231230194,,,,Strynø By,,,,bro,1.0,1,,"54.8957951, 10.6228597",way/231230194,ok,2026-09-24
k-way231349371,,,,Svejbæk,,,,bro,1.0,12,,"56.1294305, 9.6312878",way/231349371 way/231349372 way/897316051 way/897316052 way/897316053 way/897316054 way/897316055 way/897316056 way/897316068 way/897316069 way/897316070 way/897316071,ok,2026-09-24
k-way231560926,,,,Løndal,,,,bro,1.0,1,,"56.0668759, 9.6125031",way/231560926,ok,2026-09-24
k-way232096129,,,,Vordingborg,,,,bro,1.0,2,,"55.0046743, 11.9114660",way/232096129 way/232096134,ok,2026-09-24
k-way232096149,på kortet,,,Vordingborg,,,,bro,1.0,1,spot-5,"55.0035100, 11.9178294",way/232096149,ok,2026-09-24
k-way232096671,,,,Jonstrup,,,,bro,1.0,1,,"55.7705741, 12.3577818",way/232096671,ok,2026-09-24
k-way232555104,,,,Faaborg,,,,bro,1.0,3,,"55.0966201, 10.2300713",way/232555104 way/232555105 way/232555106,ok,2026-09-24
k-way232664796,,,,Gudsø,,,,bro,1.0,1,,"55.5249434, 9.5805787",way/232664796,ok,2026-09-24
k-way232670317,,,,Taastrup,,,,bro,1.0,2,,"55.6550989, 12.2980668",way/232670317 way/232670318,ok,2026-09-24
k-way232854752,,,,Hejlsminde,,,,bro,1.0,11,,"55.3614141, 9.5978939",way/232854752 way/232854756 way/254644836 way/254644839 way/254644840 way/254644841 way/254644842 way/254644843 way/254644844 way/254644845 way/975833979,ok,2026-09-24
k-way232854833,,,,Hejlsminde,,,,bro,1.0,3,,"55.3655203, 9.5992406",way/232854833 way/232854834 way/232854835,ok,2026-09-24
k-way233029322,på kortet,,,Birkhede,,,,bro,1.0,1,ry-roklub,"56.0948625, 9.7513438",way/233029322,ok,2026-09-24
k-way233029347,,,,Birkhede,,,,bro,1.0,1,,"56.0971644, 9.7537046",way/233029347,ok,2026-09-24
k-way233510376,,,,Korshavn,,,,bro,1.0,1,,"55.0174210, 10.3063393",way/233510376,ok,2026-09-24
k-way233512509,,,,Strynø Kalv,,,,bro,1.0,1,,"54.8989179, 10.5836435",way/233512509,ok,2026-09-24
k-way233674775,,,,Fynshav,,,,bro,1.0,1,,"54.9868891, 9.9919847",way/233674775,ok,2026-09-24
k-way234894416,,,,Bredballe,,,,bro,1.0,1,,"55.7078176, 9.6239236",way/234894416,ok,2026-09-24
k-way234894417,,,,Bredballe,,,,bro,1.0,1,,"55.7081802, 9.6266291",way/234894417,ok,2026-09-24
k-way234894419,,,,Bredballe,,,,bro,1.0,1,,"55.7065846, 9.6073140",way/234894419,ok,2026-09-24
k-way236100043,,,,Tårup Strand,,,,bro,1.0,1,,"55.2386450, 10.8090632",way/236100043,ok,2026-09-24
k-way236360409,,,,Faldsled,,,,bro,1.0,1,,"55.1455400, 10.1499112",way/236360409,ok,2026-09-24
k-way236421021,,,,Sandager Næs,,,,bro,1.0,3,,"55.3361128, 9.8909662",way/236421021 way/236421052 way/236421054,ok,2026-09-24
k-way236424154,,,,Sinebjerg,,,,bro,1.0,1,,"55.0790673, 10.1845243",way/236424154,ok,2026-09-24
k-way236510489,,,,Nab,,,,bro,1.0,2,,"55.0631912, 10.3134020",way/236510489 way/236510490,ok,2026-09-24
k-way236512573,,,,Ronæs,,,,bro,1.0,4,,"55.4398030, 9.8209120",way/236512573 way/236512607 way/236512611 way/236512618,ok,2026-09-24
k-way237076315,,,,Tøvelsø Huse,,,,bro,1.0,2,,"55.0048914, 10.8609062",way/237076315 way/237076317,ok,2026-09-24
k-way237099504,,,,Bjørnø By,,,,bro,1.0,3,,"55.0564102, 10.2638701",way/237099504 way/237099505 way/237099506,ok,2026-09-24
k-way237099564,,,,Nyborg,,,,bro,1.0,1,,"55.3103736, 10.8195701",way/237099564,ok,2026-09-24
k-way237100750,,,,Elvighøj,,,,bro,1.0,4,,"55.4957591, 9.6098476",way/237100750 way/54104097 way/54104098 way/54104099,ok,2026-09-24
k-way237101670,,,,Hindsgavlsbro,,,,bro,1.0,1,,"55.4959886, 9.6937596",way/237101670,ok,2026-09-24
k-way237101672,,,,Hindsgavlsbro,,,,bro,1.0,1,,"55.4949845, 9.6947341",way/237101672,ok,2026-09-24
k-way237766645,,,,Hindsgavlsbro,,,,bro,1.0,1,,"55.4950808, 9.7015471",way/237766645,ok,2026-09-24
k-way237889876,,,,Skovshoved,,,,bro,1.0,1,,"55.7456545, 12.5893149",way/237889876,ok,2026-09-24
k-way238035028,,,,Følle Strand,,,,bro,1.0,1,,"56.2916177, 10.4041121",way/238035028,ok,2026-09-24
k-way238133763,,,,Nøragersminde,,,,bro,1.0,2,,"55.5757062, 12.5591770",way/238133763 way/370155978,ok,2026-09-24
k-way239033613,,,,Mariager,,,,bro,1.0,1,,"56.6540766, 9.9835296",way/239033613,ok,2026-09-24
k-way239536576,,,,Sydstranden,,,,bro,1.0,1,,"55.5828286, 12.6287105",way/239536576,ok,2026-09-24
k-way239575296,,,,Ishøj,,,,bro,1.0,2,,"55.6084793, 12.3829187",way/239575296 way/239575298,ok,2026-09-24
k-way239706608,,,,Sundby,,,,bro,1.0,1,,"54.7773163, 11.8418410",way/239706608,ok,2026-09-24
k-way240244660,,,,Nørup,,,,bro,1.0,1,,"55.7165619, 9.3200706",way/240244660,ok,2026-09-24
k-way242855231,,,,Indre By,,,,bro,1.0,1,,"55.6822322, 12.6080955",way/242855231,ok,2026-09-24
k-way244024202,,,,Hattenæs,,,,bro,1.0,5,,"56.1426687, 9.5913776",way/244024202 way/244024203 way/244024204 way/905384947 way/905384948,ok,2026-09-24
k-way244416877,,,,Kysing Næs,,,,bro,1.0,2,,"56.0232962, 10.2654021",way/244416877 way/410006783,ok,2026-09-24
k-way245081409,,,,Hestehave,,,,bro,1.0,1,,"55.0607474, 10.3713574",way/245081409,ok,2026-09-24
k-way245081599,,,,Dybskrog,,,,bro,1.0,1,,"55.0556766, 10.3636213",way/245081599,ok,2026-09-24
k-way245081600,,,,Dybskrog,,,,bro,1.0,1,,"55.0567906, 10.3648949",way/245081600,ok,2026-09-24
k-way245081603,,,,Dybskrog,,,,bro,1.0,1,,"55.0505584, 10.3544480",way/245081603,ok,2026-09-24
k-way245192389,,,,Nab,,,,bro,1.0,1,,"55.0590138, 10.3202272",way/245192389,ok,2026-09-24
k-way245836689,,,,Pøt Strandby,,,,bro,1.0,1,,"55.7900643, 10.0382837",way/245836689,ok,2026-09-24
k-way246925800,,,,Spring-forbi,,,,bro,1.0,1,,"55.8005481, 12.5885720",way/246925800,ok,2026-09-24
k-way250547575,,,,Strynø By,,,,bro,1.0,1,,"54.9161275, 10.5968328",way/250547575,ok,2026-09-24
k-way251509988,,,,Sonnerup,,,,bro,1.0,1,,"55.9558196, 12.0686861",way/251509988,ok,2026-09-24
k-way251579625,,,,Nordhuse,,,,bro,1.0,1,,"55.9872344, 12.0980447",way/251579625,ok,2026-09-24
k-way251834557,,,,Holte,,,,bro,1.0,6,,"55.8141536, 12.4585607",way/251834557 way/251834558 way/251834559 way/442900983 way/442904648 way/443036057,ok,2026-09-24
k-way253483832,,,,Birkholm By,,,,bro,1.0,1,,"54.9342817, 10.5046409",way/253483832,ok,2026-09-24
k-way253816688,,,,Bogense,,,,bro,1.0,3,,"55.5698745, 10.0767006",way/253816688 way/254568613 way/373567870,ok,2026-09-24
k-way254644838,,,,Hejlsminde,,,,bro,1.0,1,,"55.3623748, 9.5991142",way/254644838,ok,2026-09-24
k-way255105778,,,,Rungsted,,,,bro,1.0,7,,"55.8828194, 12.5474413",way/255105778 way/255105779 way/363728037 way/363737995 way/363737996 way/914538383 way/914538384,ok,2026-09-24
k-way255106532,,,,Kirkelte,,,,bro,1.0,1,,"55.8946012, 12.3869101",way/255106532,ok,2026-09-24
k-way25544377,,,,Indre By,,,,bro,1.0,3,,"55.6880131, 12.6154133",way/25544377 way/25544380 way/25544381,ok,2026-09-24
k-way25544865,på kortet,,H,Brøndby Strand,,,,bro,1.0,1,broendby-kajakklub,"55.6098509, 12.4401044",way/25544865,ok,2026-09-24
k-way25563263,,,Bro 7,Rungsted,,,,bro,1.0,2,,"55.8842282, 12.5466228",way/25563263 way/25563265,ok,2026-09-24
k-way255826325,,,,Herredstoft,,,,bro,1.0,1,,"56.2646082, 8.2183337",way/255826325,ok,2026-09-24
k-way257351616,,,,Sølyst,,,,bro,1.0,2,,"55.4831624, 9.7331038",way/257351616 way/566361988,ok,2026-09-24
k-way25896235,,,,Hvidovre,,,,bro,1.0,2,,"55.6294224, 12.5046259",way/25896235 way/926160432,ok,2026-09-24
k-way26005060,,,Bro E,tidl. Den Sorte Badeanstalt,,,,bro,1.0,5,,"54.8978673, 9.7927884",way/26005060 way/26005077 way/26005102 way/26005126 way/26144485,ok,2026-09-24
k-way260244157,,,,Vonsbæk,,,,bro,1.0,1,,"55.2851228, 9.6222136",way/260244157,ok,2026-09-24
k-way260673592,,,,Sundby,,,,bro,1.0,1,,"54.7716147, 11.8538018",way/260673592,ok,2026-09-24
k-way260673597,,,Nordre Bådelaug,Sundby,,,,bro,1.0,1,,"54.7822485, 11.8484194",way/260673597,ok,2026-09-24
k-way260679456,,,,Skibeholt,,,,bro,1.0,1,,"54.7986644, 11.8120497",way/260679456,ok,2026-09-24
k-way260679457,,,,Grænge Skovby,,,,bro,1.0,1,,"54.8078570, 11.7831941",way/260679457,ok,2026-09-24
k-way26144484,,,Bro G,tidl. Den Sorte Badeanstalt,,,,bro,1.0,4,,"54.8974869, 9.7946186",way/26144484 way/26144501 way/832741575 way/832741576,ok,2026-09-24
k-way26171974,,,Q,Brøndby Strand,,,,bro,1.0,2,,"55.6109071, 12.3986699",way/26171974 way/26171977,ok,2026-09-24
k-way26172023,,,G,Vallensbæk,,,,bro,1.0,3,,"55.6126849, 12.3934385",way/26172023 way/26172024 way/26172029,ok,2026-09-24
k-way26172030,,,J,Vallensbæk,,,,bro,1.0,3,,"55.6135912, 12.3951382",way/26172030 way/962209168 way/962209169,ok,2026-09-24
k-way26174334,på kortet,,Bro 7,Ishøj,,,,bro,1.0,1,hundige-havn-hejren,"55.5956455, 12.3534032",way/26174334,ok,2026-09-24
k-way26174346,,,Bro 3,Ishøj,,,,bro,1.0,2,,"55.5925524, 12.3524788",way/26174346 way/26174347,ok,2026-09-24
k-way26179095,,,,Vallensbæk,,,,bro,1.0,2,,"55.6106851, 12.3873474",way/26179095 way/26179124,ok,2026-09-24
k-way26179138,,,,Vallensbæk,,,,bro,1.0,6,,"55.6096962, 12.3905141",way/26179138 way/26179352 way/473763573 way/608834569 way/608834570 way/963693833,ok,2026-09-24
k-way26205050,på kortet,,,Spodsbjerg,,,,bro,1.0,2,spot-7,"54.9326454, 10.8320256",way/26205050 way/26205051,ok,2026-09-24
k-way26222497,,,Bro A,tidl. Den Sorte Badeanstalt,,,,bro,1.0,2,,"54.8999944, 9.7923795",way/26222497 way/26222498,ok,2026-09-24
k-way262748623,,,,Kastrup,,,,slæbested,1.0,1,,"55.6374764, 12.6538727",node/13905422071,ok,2026-09-24
k-way263067243,,,,Hellebæk,,,,bro,1.0,1,,"56.0639018, 12.5321023",way/263067243,ok,2026-09-24
k-way264450074,,,,Glumsø,,,,bro,1.0,1,,"55.3538996, 11.6710046",way/264450074,ok,2026-09-24
k-way26450723,,,,Jyllinge,,,,bro,1.0,2,,"55.7442431, 12.0959041",way/26450723 way/26450726,ok,2026-09-24
k-way26584735,på kortet,,,Hanehoved,,,,bro,1.0,2,frederiksvaerk-ro-og-kajakklub,"55.9640338, 11.9977287",way/26584735 way/26584738,ok,2026-09-24
k-way26584739,på kortet,,,Hanehoved,,,,bro,1.0,1,frederiksvaerk-ro-og-kajakklub,"55.9649242, 11.9991561",way/26584739,ok,2026-09-24
k-way268399478,,,,Vetterslev,,,,bro,1.0,1,,"55.3860196, 11.7935535",way/268399478,ok,2026-09-24
k-way27060097,,,,Gabet,,,,bro,1.0,2,,"55.5154962, 10.5520011",way/27060097 way/27060222,ok,2026-09-24
k-way27060641,,,,Lodshuse,,,,bro,1.0,5,,"55.5160581, 10.5699898",way/27060641 way/27060642 way/27060643 way/27060787 way/27061245,ok,2026-09-24
k-way271843019,,,,Sandbjerg,,,,bro,1.0,1,,"54.9430832, 9.7542749",way/271843019,ok,2026-09-24
k-way273903276,,,,Ømose,,,,bro,1.0,1,,"56.0322583, 12.4964154",way/273903276,ok,2026-09-24
k-way275856275,,,,Ørestad,,,,bro,1.0,1,,"55.6315472, 12.5828404",way/275856275,ok,2026-09-24
k-way276222691,,,,Ore Strand,,,,bro,1.0,1,,"54.8933458, 12.0742220",way/276222691,ok,2026-09-24
k-way276656324,,,,Frankrig,,,,bro,1.0,7,,"56.1118547, 9.6806848",way/276656324 way/276656325 way/276656327 way/276656328 way/276656329 way/901554815 way/901554816,ok,2026-09-24
k-way276656326,,,,Frankrig,,,,bro,1.0,1,,"56.1125084, 9.6787532",way/276656326,ok,2026-09-24
k-way276656330,,,,Frankrig,,,,bro,1.0,1,,"56.1093106, 9.6915884",way/276656330,ok,2026-09-24
k-way276715455,,,,Svejbæk,,,,bro,1.0,4,,"56.1201443, 9.6482351",way/276715455 way/276715456 way/276715458 way/429900571,ok,2026-09-24
k-way276815651,,,,Svejbæk,,,,bro,1.0,2,,"56.1248876, 9.6485391",way/276815651 way/276815697,ok,2026-09-24
k-way276815652,på kortet,,,Gammel Laven,,,,bro,1.0,30,moegeloevej,"56.1264252, 9.6819023",way/276815652 way/276815653 way/276815655 way/276815656 way/276815658 way/276815659 way/276815660 way/276815661 way/276815663 way/276815664 way/276815665 way/276815666 way/276815667 way/276815668 way/276815669 way/276815670 way/276815674 way/276815676 way/276815677 way/276815678 way/276815680 way/276815681 way/276815682 way/276815683 way/276815684 way/276815686 way/276815689 way/276815692 way/276815694 way/276815696,ok,2026-09-24
k-way276815671,,,,Svejbæk,,,,bro,1.0,1,,"56.1275262, 9.6651345",way/276815671,ok,2026-09-24
k-way276815672,,,,Svejbæk,,,,bro,1.0,1,,"56.1259049, 9.6538280",way/276815672,ok,2026-09-24
k-way276815685,,,,Gammel Laven,,,,bro,1.0,2,,"56.1279778, 9.6766064",way/276815685 way/276815690,ok,2026-09-24
k-way276815699,,,,Svejbæk,,,,bro,1.0,1,,"56.1269727, 9.6625952",way/276815699,ok,2026-09-24
k-way276831413,,,,Svejbæk,,,,bro,1.0,4,,"56.1274268, 9.6227460",way/276831413 way/276831414 way/276831415 way/276831416,ok,2026-09-24
k-way276871534,,,Hotel Julsø,Frankrig,,,,bro,1.0,1,,"56.1098826, 9.6854551",way/276871534,ok,2026-09-24
k-way277071450,,,,Vesterbro,,,,bro,1.0,4,,"55.6511349, 12.5603425",way/277071450 way/277071451 way/579056405 way/579056407,ok,2026-09-24
k-way277071455,,,,Ballonparken,,,,bro,1.0,1,,"55.6522899, 12.5612505",way/277071455,ok,2026-09-24
k-way277147184,på kortet,,,Kirkehøj,,,,bro,1.0,2,spot-15,"55.8492744, 8.2759742",way/277147184 way/277147185,ok,2026-09-24
k-way279453486,,,,Dyreborg,,,,bro,1.0,1,,"55.0735644, 10.2249933",way/279453486,ok,2026-09-24
k-way282121643,,,,Ravnsnæs,,,,bro,1.0,1,,"55.8617870, 12.4524308",way/282121643,ok,2026-09-24
k-way283118101,,,,Brejning Strand,,,,bro,1.0,4,,"55.6751280, 9.6911915",way/283118101 way/416576150 way/416576156 way/921612601,ok,2026-09-24
k-way283395677,,,,Korshavn,,,,bro,1.0,1,,"55.6078279, 10.6091584",way/283395677,ok,2026-09-24
k-way283545276,,,,Ølstykke,,,,bro,1.0,1,,"55.7721968, 12.1755400",way/283545276,ok,2026-09-24
k-way283849531,,,,Kelstrup Strand,,,,bro,1.0,4,,"55.1900597, 9.5803639",way/283849531 way/283849534 way/283849561 way/292874224,ok,2026-09-24
k-way283849537,,,,Kelstrup Strand,,,,bro,1.0,1,,"55.1917684, 9.5840903",way/283849537,ok,2026-09-24
k-way283849559,,,,Hejsager Strand,,,,bro,1.0,1,,"55.1939761, 9.5991500",way/283849559,ok,2026-09-24
k-way284229771,,,,Høveltsvang,,,,bro,1.0,1,,"55.8522466, 12.3464383",way/284229771,ok,2026-09-24
k-way284887213,,,,Gershøj,,,,bro,1.0,1,,"55.7115820, 11.9738103",way/284887213,ok,2026-09-24
k-way284887217,,,,Gershøj,,,,bro,1.0,1,,"55.7155244, 11.9790633",way/284887217,ok,2026-09-24
k-way285147034,,,,Nøragersminde,,,,bro,1.0,2,,"55.5727951, 12.5458424",way/285147034 way/285147035,ok,2026-09-24
k-way285334190,,,,Nordhavn,,,,bro,1.0,1,,"55.7146677, 12.5900082",way/285334190,ok,2026-09-24
k-way285819413,,,,Strynø By,,,,bro,1.0,1,,"54.9031170, 10.6257672",way/285819413,ok,2026-09-24
k-way285884284,,,,Bådsted,,,,bro,1.0,1,,"55.0522790, 10.1590852",way/285884284,ok,2026-09-24
k-way286309498,,,,Vilstrup Strand,,,,bro,1.0,1,,"55.1601617, 9.5106814",way/286309498,ok,2026-09-24
k-way286309501,,,,Genner Strand,,,,bro,1.0,2,,"55.1302181, 9.4719042",way/286309501 way/286309504,ok,2026-09-24
k-way28634630,,,,Kongeskov Huse,,,,bro,1.0,1,,"55.7376573, 12.3196194",way/28634630,ok,2026-09-24
k-way288905561,,,,Gudsø,,,,bro,1.0,1,,"55.5168090, 9.5589999",way/288905561,ok,2026-09-24
k-way290560229,,,,Hasselø Plantage,,,,bro,1.0,1,,"54.7321472, 11.8700620",way/290560229,ok,2026-09-24
k-way29089596,,,"D, E, F",Sankt Hans,,,,bro,1.0,6,,"55.6527098, 12.0731616",way/29089596 way/29089599 way/29089602 way/29089603 way/29089606 way/4327268,ok,2026-09-24
k-way292064130,,,,Vindeby,,,,bro,1.0,1,,"55.0467811, 10.6081492",way/292064130,ok,2026-09-24
k-way292911261,,,,Borup,,,,bro,1.0,1,,"55.4858046, 11.9829557",way/292911261,ok,2026-09-24
k-way293282794,,,,Lehnskov Huse,,,,bro,1.0,7,,"55.0312697, 10.5279325",way/293282794 way/293282795 way/293282796 way/293282800 way/293282801 way/293282803 way/80383897,ok,2026-09-24
k-way294746118,,,,Rødbyhavn,,,,bro,1.0,3,,"54.6553498, 11.3453585",way/294746118 way/294746119 way/550511200,ok,2026-09-24
k-way295457141,,,,Mommark,,,,bro,1.0,1,,"54.9222155, 10.0441734",way/295457141,ok,2026-09-24
k-way298261286,,,,Nordby,,,,bro,1.0,1,,"55.9636754, 10.5708356",way/298261286,ok,2026-09-24
k-way298974300,,,,Rebæk,,,,bro,1.0,6,,"55.4850303, 9.5178822",way/298974300 way/298974306 way/298974308 way/298974309 way/298974311 way/298974314,ok,2026-09-24
k-way298974304,,,,Rebæk,,,,bro,1.0,4,,"55.4855796, 9.5199948",way/298974304 way/298974305 way/87242316 way/87242326,ok,2026-09-24
k-way298974312,,,,Rebæk,,,,bro,1.0,1,,"55.4841278, 9.5155941",way/298974312,ok,2026-09-24
k-way301061639,,,,Søgård,,,,bro,1.0,2,,"56.4596440, 8.9039405",way/301061639 way/930575730,ok,2026-09-24
k-way30216794,,,,Høgelund,,,,bro,1.0,1,,"55.1917246, 9.3615330",way/30216794,ok,2026-09-24
k-way302332067,,,,Østerhuse,,,,bro,1.0,1,,"55.1231560, 10.9464155",way/302332067,ok,2026-09-24
k-way303536674,,,,Frederiksbjerg,,,,bro,1.0,2,,"56.1532971, 10.1878329",way/303536674 way/303536675,ok,2026-09-24
k-way303537561,,,,Hellighøj,,,,bro,1.0,2,,"55.2582391, 9.5806659",way/303537561 way/303537562,ok,2026-09-24
k-way303537567,,,,Vesterris,,,,bro,1.0,2,,"55.2514395, 9.5651894",way/303537567 way/303537568,ok,2026-09-24
k-way303538673,,,,Snabe,,,,bro,1.0,1,,"55.2736532, 9.6089849",way/303538673,ok,2026-09-24
k-way304631853,,,,Elvighøj,,,,bro,1.0,1,,"55.5160080, 9.5669820",way/304631853,ok,2026-09-24
k-way304631855,,,,Gudsø,,,,bro,1.0,1,,"55.5216442, 9.5664214",way/304631855,ok,2026-09-24
k-way304635636,,,,Hellerup,,,,bro,1.0,5,,"55.7384734, 12.5837823",way/304635636 way/304635637 way/381454803 way/458877002 way/458877004,ok,2026-09-24
k-way306410276,,,,Ribe Søndermark,,,,bro,1.0,1,,"55.3177377, 8.7590704",way/306410276,ok,2026-09-24
k-way306576919,,,,Kammerslusen,,,,bro,1.0,1,,"55.3376346, 8.6847143",way/306576919,ok,2026-09-24
k-way308130179,,,,Handbjerg,,,,bro,1.0,1,,"56.4804641, 8.7193211",way/308130179,ok,2026-09-24
k-way310758874,,,,Ballen,,,,bro,1.0,1,,"55.0374051, 10.4826385",way/310758874,ok,2026-09-24
k-way312845007,,,,Vindeby,,,,bro,1.0,1,,"55.0497811, 10.6158557",way/312845007,ok,2026-09-24
k-way314515790,,,,Klintebjerg,,,,bro,1.0,1,,"55.4766687, 10.4566130",way/314515790,ok,2026-09-24
k-way316257699,,,,Avedøre Holme,,,,bro,1.0,1,,"55.6003372, 12.4815277",way/316257699,ok,2026-09-24
k-way317415083,,,,Skodsborg,,,,bro,1.0,2,,"55.8183976, 12.5760326",way/317415083 way/662840319,ok,2026-09-24
k-way317415095,,,,Skodsborg,,,,bro,1.0,1,,"55.8222023, 12.5755402",way/317415095,ok,2026-09-24
k-way317443181,,,,Stovgård,,,,bro,1.0,1,,"54.9320271, 9.7561156",way/317443181,ok,2026-09-24
k-way317730262,,,,Rønne,,,,bro,1.0,1,,"55.0978037, 14.6902109",way/317730262,ok,2026-09-24
k-way317730276,,,,Rønne,,,,bro,1.0,2,,"55.0978089, 14.6933968",way/317730276 way/317730277,ok,2026-09-24
k-way319145644,,,,Mollerup,,,,bro,1.0,1,,"56.2140850, 10.2205741",way/319145644,ok,2026-09-24
k-way319994660,,,,Korsør,,,,bro,1.0,1,,"55.3304731, 11.1286875",way/319994660,ok,2026-09-24
k-way320040105,,,,Staksrode,,,,bro,1.0,1,,"55.6807314, 9.8607043",way/320040105,ok,2026-09-24
k-way320052365,,,,Sønderhav,,,,bro,1.0,1,,"54.8577411, 9.5017436",way/320052365,ok,2026-09-24
k-way320391467,,,,Grønsund,,,,bro,1.0,1,,"54.8876923, 12.1146748",way/320391467,ok,2026-09-24
k-way321002824,,,,Strandhuse,,,,bro,1.0,3,,"55.6986512, 10.0294687",way/321002824 way/321002829 way/321002833,ok,2026-09-24
k-way321005356,,,,Strandhuse,,,,bro,1.0,1,,"55.7061239, 10.0228040",way/321005356,ok,2026-09-24
k-way321299579,,,,Daugård Strand,,,,bro,1.0,1,,"55.7023823, 9.7055225",way/321299579,ok,2026-09-24
k-way321299586,,,,Daugård Strand,,,,bro,1.0,1,,"55.6955064, 9.7233995",way/321299586,ok,2026-09-24
k-way321299598,,,,Vesterby,,,,bro,1.0,1,,"55.6935759, 9.9291329",way/321299598,ok,2026-09-24
k-way321299609,,,,Sverige,,,,bro,1.0,1,,"55.6952413, 9.9645800",way/321299609,ok,2026-09-24
k-way321299615,,,,Strandhuse,,,,bro,1.0,1,,"55.7015073, 10.0082042",way/321299615,ok,2026-09-24
k-way324050357,,,,As Strandby,,,,bro,1.0,1,,"55.7675016, 10.0169039",way/324050357,ok,2026-09-24
k-way32445315,,,,Tjørring,,,,bro,1.0,1,,"56.1584946, 8.9483321",way/32445315,ok,2026-09-24
k-way32445317,,,,Tjørring,,,,bro,1.0,1,,"56.1571534, 8.9512276",way/32445317,ok,2026-09-24
k-way32445320,,,,Tjørring,,,,bro,1.0,1,,"56.1544547, 8.9539144",way/32445320,ok,2026-09-24
k-way326002777,,,,Kalvehave,,,,bro,1.0,1,,"55.0055071, 12.2217583",way/326002777,ok,2026-09-24
k-way327091330,,,,Endrup,,,,bro,1.0,1,,"56.0082922, 12.3640500",way/327091330,ok,2026-09-24
k-way327222120,,,,Annisse,,,,bro,1.0,1,,"55.9787905, 12.1706459",way/327222120,ok,2026-09-24
k-way327760845,,,,Kongens Lyngby,,,,bro,1.0,1,,"55.7723371, 12.4964188",way/327760845,ok,2026-09-24
k-way32808678,,,E,Aabenraa,,,,bro,1.0,6,,"55.0370607, 9.4232562",way/32808678 way/32808745 way/32808746 way/32808749 way/405650859 way/515862831,ok,2026-09-24
k-way32808747,,,Bro 4,Aabenraa,,,,bro,1.0,3,,"55.0378652, 9.4246693",way/32808747 way/405650847 way/515862830,ok,2026-09-24
k-way328306023,,,Skyllebakke Havn,Frederikssund,,,,havn,1.0,1,,"55.8380437, 12.0540548",way/328306023,ok,2026-09-24
k-way328538384,,,,Sorø,,,,bro,1.0,1,,"55.4435119, 11.5486067",way/328538384,ok,2026-09-24
k-way32957875,,,,Korsør,,,,bro,1.0,5,,"55.3356579, 11.1523938",way/32957875 way/32957876 way/32957878 way/32957883 way/32957884,ok,2026-09-24
k-way32957888,på kortet,,,Korsør,,,,bro,1.0,3,korsoer-ro-og-kajakklub,"55.3350955, 11.1505140",way/32957888 way/32957893 way/32957896,ok,2026-09-24
k-way331829260,,,,Lerbæk,,,,bro,1.0,1,,"57.0870464, 10.0171727",way/331829260,ok,2026-09-24
k-way331829263,,,,Lerbæk,,,,bro,1.0,1,,"57.0833370, 10.0220778",way/331829263,ok,2026-09-24
k-way331853072,,,,Hegnet,,,,bro,1.0,1,,"55.8552025, 8.2034320",way/331853072,ok,2026-09-24
k-way331853073,,,,Hegnet,,,,havn,1.0,1,,"55.8547443, 8.2169776",way/331853073,ok,2026-09-24
k-way334282341,,,,Højrup,,,,bro,1.0,1,,"55.5191954, 9.3849409",way/334282341,ok,2026-09-24
k-way334938191,,,,Hundested,,,,bro,1.0,2,,"55.9662111, 11.8428471",way/334938191 way/430122184,ok,2026-09-24
k-way33598739,,,,Vindeby,,,,bro,1.0,2,,"55.0527301, 10.6130324",way/33598739 way/669295225,ok,2026-09-24
k-way336003605,,,,Sengeløse,,,,bro,1.0,1,,"55.6850687, 12.2585627",way/336003605,ok,2026-09-24
k-way33605179,,,,Vindebyøre,,,,bro,1.0,1,,"55.0596252, 10.6283623",way/33605179,ok,2026-09-24
k-way341008485,,,,Ranum,,,,bro,1.0,1,,"56.8969854, 9.2419828",way/341008485,ok,2026-09-24
k-way341390671,på kortet,,,Kalundborg,,,,bro,1.0,2,kalundborg-roklub,"55.6774401, 11.0741372",way/341390671 way/341390672,ok,2026-09-24
k-way342358694,,,,Vedbæk,,,,bro,1.0,1,,"55.8508628, 12.5721282",way/342358694,ok,2026-09-24
k-way343961521,,,,Sønderborg Huse,,,,bro,1.0,1,,"56.0324510, 12.4002438",way/343961521,ok,2026-09-24
k-way344055989,,,,Aarhus,,,,bro,1.0,1,,"56.1468589, 10.2310372",way/344055989,ok,2026-09-24
k-way344545560,,,,Aarhus,,,,bro,1.0,4,,"56.1484209, 10.2239673",way/344545560 way/344545561 way/344545562 way/344545563,ok,2026-09-24
k-way345836301,,,,Fiskerhusene,,,,bro,1.0,1,,"55.2859528, 9.7693751",way/345836301,ok,2026-09-24
k-way346027144,,,,Stilling,,,,bro,1.0,1,,"56.0579510, 9.9984181",way/346027144,ok,2026-09-24
k-way346027145,,,,Stilling,,,,bro,1.0,1,,"56.0572925, 10.0026673",way/346027145,ok,2026-09-24
k-way348679713,,,,Bjergkammer,,,,bro,1.0,1,,"55.1446965, 10.1188265",way/348679713,ok,2026-09-24
k-way348679715,,,,Helnæs Strand,,,,bro,1.0,1,,"55.1306029, 10.0771010",way/348679715,ok,2026-09-24
k-way348746180,,,,Alnor,,,,bro,1.0,2,,"54.9061941, 9.5938185",way/348746180 way/348746185,ok,2026-09-24
k-way348746183,,,,Egernsund,,,,bro,1.0,1,,"54.9096685, 9.6021151",way/348746183,ok,2026-09-24
k-way348746184,,,,Egernsund,,,,bro,1.0,2,,"54.9077394, 9.6006783",way/348746184 way/348746198,ok,2026-09-24
k-way348746186,,,,Alnor,,,,bro,1.0,1,,"54.9055424, 9.5858541",way/348746186,ok,2026-09-24
k-way348746187,,,,Egernsund,,,,bro,1.0,3,,"54.9043373, 9.6034526",way/348746187 way/348746196 way/348746201,ok,2026-09-24
k-way348746189,,,,Egernsund,,,,bro,1.0,5,,"54.9045566, 9.6004565",way/348746189 way/348746192 way/348746193 way/348746199 way/348746200,ok,2026-09-24
k-way348746205,,,,Egernsund,,,,bro,1.0,1,,"54.9077019, 9.5982617",way/348746205,ok,2026-09-24
k-way349885639,,,,Kollund Østerskov,,,,bro,1.0,2,,"54.8506804, 9.4855383",way/349885639 way/349885640,ok,2026-09-24
k-way349890670,,,,Sønderhav,,,,bro,1.0,3,,"54.8638512, 9.5017670",way/349890670 way/349890675 way/349890679,ok,2026-09-24
k-way349890671,,,,Sønderhav,,,,bro,1.0,2,,"54.8592153, 9.4960590",way/349890671 way/349890678,ok,2026-09-24
k-way349890674,,,,Sønderhav,,,,bro,1.0,3,,"54.8571675, 9.4910598",way/349890674 way/349890676 way/349890677,ok,2026-09-24
k-way349912035,,,,Dybbøløsten,,,,bro,1.0,14,,"54.9161562, 9.7673049",way/349912035 way/349912041 way/349912043 way/349912047 way/349912052 way/349912055 way/349912057 way/349912059 way/349912061 way/349912062 way/349912070 way/349912071 way/349912073 way/662586769,ok,2026-09-24
k-way349912040,,,,Dybbøløsten,,,,bro,1.0,2,,"54.9173642, 9.7657010",way/349912040 way/349912056,ok,2026-09-24
k-way349912049,,,,Sønderborg,,,,bro,1.0,1,,"54.9157245, 9.7695764",way/349912049,ok,2026-09-24
k-way349912051,,,,Sønderborg,,,,bro,1.0,1,,"54.9036656, 9.7783493",way/349912051,ok,2026-09-24
k-way349912054,,,,Sønderborg,,,,bro,1.0,4,,"54.9150449, 9.7733997",way/349912054 way/349912060 way/349912064 way/349912068,ok,2026-09-24
k-way349914795,,,,Stovgård,,,,bro,1.0,1,,"54.9334875, 9.7557244",way/349914795,ok,2026-09-24
k-way349914796,,,,Augustenborg,,,,bro,1.0,2,,"54.9439407, 9.8733270",way/349914796 way/349914799,ok,2026-09-24
k-way349914797,,,,Stovgård,,,,bro,1.0,2,,"54.9382650, 9.7559008",way/349914797 way/349914798,ok,2026-09-24
k-way350050761,,,,Ballebro,,,,bro,1.0,1,,"55.0028705, 9.6572254",way/350050761,ok,2026-09-24
k-way350050765,,,,Ballebro,,,,bro,1.0,2,,"55.0016216, 9.6606489",way/350050765 way/351471502,ok,2026-09-24
k-way352286091,,,,Bastrup,,,,bro,1.0,2,,"55.8177007, 12.2597705",way/352286091 way/743379638,ok,2026-09-24
k-way356794715,,,,Havnbjergskov,,,,slæbested,1.0,1,,"55.0570915, 9.8258008",way/356794715,ok,2026-09-24
k-way357095121,,,Errindlev Havn,Errindlev Havn,,,,havn,1.0,1,,"54.6461154, 11.5498303",way/357095121,ok,2026-09-24
k-way357095122,,,Handermelle Havn,Handermelle,,,,havn,1.0,1,,"54.6580727, 11.5706894",way/357095122,ok,2026-09-24
k-way357173542,,,,Hattenæs,,,,bro,1.0,1,,"56.1514902, 9.5618058",way/357173542,ok,2026-09-24
k-way357173543,,,,Hattenæs,,,,bro,1.0,2,,"56.1514910, 9.5642671",way/357173543 way/905682217,ok,2026-09-24
k-way360542237,,,,Vilslev Spang,,,,bro,1.0,1,,"55.3950142, 8.7129904",way/360542237,ok,2026-09-24
k-way360618032,,,,Korsør,,,,bro,1.0,3,,"55.3265660, 11.1295897",way/360618032 way/381162873 way/381163532,ok,2026-09-24
k-way36253162,,,Barsö,Barsø,,,,bro,1.0,5,,"55.1190426, 9.5507506",way/36253162 way/910769676 way/910769677 way/910769678 way/910769679,ok,2026-09-24
k-way363728036,,,,Rungsted,,,,bro,1.0,3,,"55.8839728, 12.5492706",way/363728036 way/913715388 way/914538382,ok,2026-09-24
k-way363982880,,,,Øster Hurup,,,,bro,1.0,4,,"56.8041578, 10.2824581",way/363982880 way/363983322 way/363983324 way/363983325,ok,2026-09-24
k-way364951372,,,,Sortsø Strand,,,,bro,1.0,1,,"54.9354141, 11.9938083",way/364951372,ok,2026-09-24
k-way366082674,,,,Kisserup Strand,,,,bro,1.0,1,,"55.7903936, 11.7083684",way/366082674,ok,2026-09-24
k-way366889113,,,,Rørvig,,,,bro,1.0,1,,"55.9418832, 11.7568915",way/366889113,ok,2026-09-24
k-way366889123,,,,Nakkehage,,,,bro,1.0,2,,"55.9052782, 11.7521020",way/366889123 way/366889124,ok,2026-09-24
k-way366889125,,,,Nakkehage,,,,bro,1.0,2,,"55.9041874, 11.7501491",way/366889125 way/366889126,ok,2026-09-24
k-way366889138,,,,Bøsserup Huse,,,,bro,1.0,1,,"55.8754212, 11.6877108",way/366889138,ok,2026-09-24
k-way366889139,,,,Bøsserup Huse,,,,bro,1.0,1,,"55.8747879, 11.6899416",way/366889139,ok,2026-09-24
k-way366889140,,,,Bøsserup Huse,,,,bro,1.0,1,,"55.8733675, 11.6925383",way/366889140,ok,2026-09-24
k-way366889141,,,,Bøsserup Huse,,,,bro,1.0,1,,"55.8725626, 11.6940137",way/366889141,ok,2026-09-24
k-way366889142,,,,Bøsserup Huse,,,,bro,1.0,1,,"55.8700547, 11.6971108",way/366889142,ok,2026-09-24
k-way367044073,,,,Kysing Næs,,,,bro,1.0,1,,"56.0139806, 10.2703480",way/367044073,ok,2026-09-24
k-way367330863,,,,Dragør,,,,bro,1.0,1,,"55.5978455, 12.6733167",way/367330863,ok,2026-09-24
k-way367503942,,,,Dragør,,,,bro,1.0,1,,"55.5935369, 12.6786561",way/367503942,ok,2026-09-24
k-way367513116,,,,Kastrup,,,,bro,1.0,1,,"55.6499147, 12.6482561",way/367513116,ok,2026-09-24
k-way368348820,,,,Skomagerhuse,,,,bro,1.0,1,,"54.8320039, 9.4247299",way/368348820,ok,2026-09-24
k-way368911507,,,,Solskrænten,,,,bro,1.0,1,,"54.9181462, 10.0451755",way/368911507,ok,2026-09-24
k-way369594739,,,,Christianshavn,,,,bro,1.0,1,,"55.6753866, 12.6016297",way/369594739,ok,2026-09-24
k-way370269926,,,,Østerbro,,,,bro,1.0,1,,"55.7103943, 12.5923697",way/370269926,ok,2026-09-24
k-way371632365,,,,Gåsehage,,,,bro,1.0,11,,"56.1498163, 10.6896116",way/371632365 way/371632367 way/371632376 way/371632379 way/371632382 way/371632387 way/371632395 way/371632403 way/371632405 way/371632410 way/371675846,ok,2026-09-24
k-way371632368,,,,Gåsehage,,,,bro,1.0,10,,"56.1507868, 10.6935993",way/371632368 way/371632372 way/371632383 way/371632389 way/371632390 way/371632402 way/371632407 way/371632408 way/371632411 way/371632413,ok,2026-09-24
k-way371632369,,,,Øerne,,,,bro,1.0,10,,"56.1534280, 10.6915777",way/371632369 way/371632373 way/371632375 way/371632377 way/371632380 way/371632384 way/371632391 way/371632398 way/371632412 way/371632414,ok,2026-09-24
k-way371632370,,,,Gåsehage,,,,bro,1.0,1,,"56.1503861, 10.6878789",way/371632370,ok,2026-09-24
k-way371632392,,,,Gåsehage,,,,bro,1.0,2,,"56.1497527, 10.6918172",way/371632392 way/371632399,ok,2026-09-24
k-way374251580,,,,Hadsund Syd,,,,bro,1.0,1,,"56.7093598, 10.1051430",way/374251580,ok,2026-09-24
k-way374613982,,,,Klitten,,,,bro,1.0,9,,"56.4064134, 10.9229916",way/374613982 way/448344443 way/448344444 way/448344446 way/712491316 way/712491317 way/712491320 way/712491321 way/712491324,ok,2026-09-24
k-way377264527,,,,Algestrup,,,,bro,1.0,2,,"55.6385841, 11.7051437",way/377264527 way/377289922,ok,2026-09-24
k-way378882461,,,Bøvlingbjerg Jollehavn,Bøvlingbjerg,,,,havn,1.0,1,,"56.4189230, 8.2030020",way/378882461,ok,2026-09-24
k-way378946742,,,,Hou,,,,bro,1.0,1,,"55.9194832, 10.2568388",way/378946742,ok,2026-09-24
k-way378946743,,,,Hou,,,,bro,1.0,1,,"55.9179588, 10.2565772",way/378946743,ok,2026-09-24
k-way378946744,,,,Hou,,,,bro,1.0,2,,"55.9168287, 10.2566461",way/378946744 way/378946745,ok,2026-09-24
k-way379098302,,,,Christianshavn,,,,bro,1.0,1,,"55.6776536, 12.5989557",way/379098302,ok,2026-09-24
k-way380911532,,,,Havnsø,,,,bro,1.0,3,,"55.7537573, 11.3251090",way/380911532 way/514760040 way/732687892,ok,2026-09-24
k-way381161042,,,Slip,Kalundborg,,,,slæbested,1.0,1,,"55.6773280, 11.0876708",way/381161042,ok,2026-09-24
k-way381164899,,,,Korsør,,,,bro,1.0,2,,"55.3310922, 11.1219478",way/381164899 way/381164900,ok,2026-09-24
k-way381453749,,,,Hellerup,,,,bro,1.0,6,,"55.7362421, 12.5830741",way/381453749 way/381453750 way/381454801 way/660433568 way/660433569 way/660433570,ok,2026-09-24
k-way381454800,,,,Hellerup,,,,bro,1.0,7,,"55.7409032, 12.5859632",way/381454800 way/382425843 way/458876978 way/458876981 way/458877008 way/458877010 way/914082667,ok,2026-09-24
k-way381454802,,,,Hellerup,,,,bro,1.0,1,,"55.7373634, 12.5833778",way/381454802,ok,2026-09-24
k-way38146661,,,,Smedeby,,,,bro,1.0,2,,"54.8426992, 9.3928234",way/38146661 way/38146662,ok,2026-09-24
k-way382351976,,,,Niverød,,,,bro,1.0,1,,"55.9439725, 12.4850241",way/382351976,ok,2026-09-24
k-way38236313,,,,Høruphav,,,,bro,1.0,2,,"54.9060548, 9.8887475",way/38236313 way/38236314,ok,2026-09-24
k-way382425839,,,,Hellerup,,,,bro,1.0,4,,"55.7395882, 12.5843385",way/382425839 way/382425840 way/458877005 way/458877007,ok,2026-09-24
k-way38245075,,,,Fynshav,,,,bro,1.0,2,,"54.9924729, 9.9870353",way/38245075 way/38245076,ok,2026-09-24
k-way383480324,,,,Virket,,,,bro,1.0,1,,"54.8431745, 11.9794701",way/383480324,ok,2026-09-24
k-way383657593,,,,Skovshoved,,,,bro,1.0,1,,"55.7624055, 12.6029992",way/383657593,ok,2026-09-24
k-way383657599,,,,Skovshoved,,,,bro,1.0,3,,"55.7607319, 12.6035541",way/383657599 way/914082646 way/914082698,ok,2026-09-24
k-way383990346,,,,Købingsmark Strand,,,,bro,1.0,2,,"55.0792795, 9.7190356",way/383990346 way/383990349,ok,2026-09-24
k-way386640276,,,,Nørresundby,,,,bro,1.0,1,,"57.0570014, 9.9190453",way/386640276,ok,2026-09-24
k-way387036753,,,,Virksund,,,,bro,1.0,1,,"56.6053014, 9.2921805",way/387036753,ok,2026-09-24
k-way38776128,,,C,Gedser,,,,bro,1.0,4,,"54.5808396, 11.9223625",way/38776128 way/38776129 way/38776130 way/524065755,ok,2026-09-24
k-way38776132,,,,Gedser,,,,bro,1.0,1,,"54.5799294, 11.9209225",way/38776132,ok,2026-09-24
k-way389351674,,,,Viborg,,,,bro,1.0,1,,"56.4374206, 9.4059931",way/389351674,ok,2026-09-24
k-way38982137,,,,Sundbyøster,,,,bro,1.0,1,,"55.6584251, 12.6447350",way/38982137,ok,2026-09-24
k-way38991597,,,,Rosnæs,,,,bro,1.0,3,,"54.8336251, 11.1237351",way/38991597 way/38991600 way/38991601,ok,2026-09-24
k-way38991602,,,,Færgeland,,,,bro,1.0,2,,"54.8317016, 11.1293657",way/38991602 way/38991603,ok,2026-09-24
k-way391707940,,,,Hvide Sande,,,,bro,1.0,9,,"55.9983963, 8.1324269",way/391707940 way/391707941 way/910312019 way/910312025 way/910312026 way/910312027 way/910312028 way/910312029 way/910312030,ok,2026-09-24
k-way393003659,,,,Ny Frederiksdal,,,,bro,1.0,1,,"55.7744509, 12.4625681",way/393003659,ok,2026-09-24
k-way393003664,,,,Ny Frederiksdal,,,,bro,1.0,1,,"55.7742797, 12.4654085",way/393003664,ok,2026-09-24
k-way394905658,,,,Sortsø Strand,,,,bro,1.0,1,,"54.9291858, 11.9951491",way/394905658,ok,2026-09-24
k-way395140594,,,,Drejet,,,,bro,1.0,1,,"55.3614862, 10.7891339",way/395140594,ok,2026-09-24
k-way396710269,,,Vigehavnen,Svaneke,,,,havn,1.0,1,,"55.1393583, 15.1402654",way/396710269,ok,2026-09-24
k-way400618644,,,,Trelde,,,,bro,1.0,1,,"55.6246756, 9.7878841",way/400618644,ok,2026-09-24
k-way400618646,,,,Lyng,,,,bro,1.0,4,,"55.5180655, 9.7347026",way/400618646 way/400618655 way/400618661 way/400618668,ok,2026-09-24
k-way400618647,,,,Erritsø Strand,,,,bro,1.0,1,,"55.5380457, 9.7329885",way/400618647,ok,2026-09-24
k-way400618649,,,,Skovhave,,,,bro,1.0,2,,"55.5363643, 9.7337441",way/400618649 way/400618662,ok,2026-09-24
k-way400618650,,,,Erritsø Strand,,,,bro,1.0,2,,"55.5416317, 9.7316592",way/400618650 way/400618664,ok,2026-09-24
k-way400618653,,,,Skovhave,,,,bro,1.0,2,,"55.5314546, 9.7368361",way/400618653 way/400618657,ok,2026-09-24
k-way400618654,,,,Sanddal,,,,bro,1.0,2,,"55.5458372, 9.7295809",way/400618654 way/400618671,ok,2026-09-24
k-way400618659,,,,Nyhave Huse,,,,bro,1.0,2,,"55.5226456, 9.7422107",way/400618659 way/400618667,ok,2026-09-24
k-way400618660,,,,Erritsø Strand,,,,bro,1.0,1,,"55.5390995, 9.7323525",way/400618660,ok,2026-09-24
k-way400618663,,,,Lyng,,,,bro,1.0,1,,"55.5190867, 9.7411594",way/400618663,ok,2026-09-24
k-way400618665,,,,Lyng,,,,bro,1.0,1,,"55.5176881, 9.7316873",way/400618665,ok,2026-09-24
k-way400618669,,,,Nyhave Huse,,,,bro,1.0,1,,"55.5303205, 9.7376658",way/400618669,ok,2026-09-24
k-way401613384,,,,Indre By,,,,bro,1.0,2,,"55.6798887, 12.5950805",way/401613384 way/43113387,ok,2026-09-24
k-way402105814,,,,Sandager Næs,,,,bro,1.0,1,,"55.3321488, 9.8772192",way/402105814,ok,2026-09-24
k-way402138517,,,,Assens,,,,bro,1.0,1,,"55.2643205, 9.8811716",way/402138517,ok,2026-09-24
k-way402138518,,,,Assens,,,,bro,1.0,1,,"55.2693989, 9.8810899",way/402138518,ok,2026-09-24
k-way40401584,,,,Løkken,,,,bro,1.0,1,,"57.3722395, 9.7031910",way/40401584,ok,2026-09-24
k-way40525082,,,,Christianshavn,,,,bro,1.0,1,,"55.6742074, 12.5870570",way/40525082,ok,2026-09-24
k-way40525085,,,,Christianshavn,,,,bro,1.0,2,,"55.6722232, 12.5806970",way/40525085 way/920683612,ok,2026-09-24
k-way405738931,,,,Strandhuse,,,,bro,1.0,1,,"55.0471731, 10.5974778",way/405738931,ok,2026-09-24
k-way40583226,,,,Fårup,,,,bro,1.0,1,,"55.7349727, 9.3952029",way/40583226,ok,2026-09-24
k-way407266176,,,,Nybro,,,,bro,1.0,2,,"55.7734942, 12.4703787",way/407266176 way/408828404,ok,2026-09-24
k-way407485338,,,,Vesterø Havn,,,,bro,1.0,1,,"57.2974407, 10.9242956",way/407485338,ok,2026-09-24
k-way407488883,,,,Vesterø Havn,,,,bro,1.0,1,,"57.2960062, 10.9229510",way/407488883,ok,2026-09-24
k-way407497131,,,,Østerby Havn,,,,bro,1.0,3,,"57.3207695, 11.1250409",way/407497131 way/407497135 way/407497138,ok,2026-09-24
k-way407521427,,,,Vesterø Havn,,,,bro,1.0,1,,"57.3614150, 10.9228850",way/407521427,ok,2026-09-24
k-way408163526,,,,Anholt,,,,bro,1.0,3,,"56.7162292, 11.5103576",way/408163526 way/408163527 way/921725353,ok,2026-09-24
k-way408828403,,,,Ny Frederiksdal,,,,bro,1.0,1,,"55.7708060, 12.4490490",way/408828403,ok,2026-09-24
k-way408828411,,,Rigatta,Frederiksdal,,,,bro,1.0,1,,"55.7730476, 12.4423077",way/408828411,ok,2026-09-24
k-way409322115,,,,Strandby,,,,bro,1.0,2,,"57.4939959, 10.5059119",way/409322115 way/853712197,ok,2026-09-24
k-way409426098,,,,Horne Sommerland,,,,bro,1.0,2,,"55.0897020, 10.1253898",way/409426098 way/409426100,ok,2026-09-24
k-way409426101,,,,Horne Sommerland,,,,bro,1.0,1,,"55.0883264, 10.1228317",way/409426101,ok,2026-09-24
k-way40945703,,,Stenbideren,Åstrup,,,,bro,1.0,9,,"56.2445719, 10.3401455",way/40945703 way/40945705 way/40945711 way/40945712 way/40945713 way/40954159 way/531687654 way/89674664 way/93624862,ok,2026-09-24
k-way40945714,,,Tessa,Åstrup,,,,bro,1.0,4,,"56.2422160, 10.3387996",way/40945714 way/40945715 way/40945721 way/47281926,ok,2026-09-24
k-way40953590,,,Niels Juel,Åstrup,,,,bro,1.0,2,,"56.2428370, 10.3408602",way/40953590 way/531687624,ok,2026-09-24
k-way40960152,,,,Åstrup,,,,bro,1.0,2,,"56.2458309, 10.3392095",way/40960152 way/95510235,ok,2026-09-24
k-way409976639,på kortet,,,Kerteminde,,,,bro,1.0,8,kerteminde-havn,"55.4547913, 10.6662076",way/409976639 way/409976643 way/409976645 way/601154358 way/601154359 way/601154364 way/601154365 way/601154366,ok,2026-09-24
k-way410882718,,,,Brøndby Strand,,,,bro,1.0,3,,"55.6135424, 12.3997354",way/410882718 way/949086726 way/963693812,ok,2026-09-24
k-way414675572,,,,Strandby,,,,bro,1.0,2,,"55.4704004, 8.4258143",way/414675572 way/414675577,ok,2026-09-24
k-way414675575,,,,Strandby,,,,bro,1.0,2,,"55.4711326, 8.4281746",way/414675575 way/414675578,ok,2026-09-24
k-way414825468,,,,Skodsborg,,,,bro,1.0,1,,"55.8321650, 12.5744658",way/414825468,ok,2026-09-24
k-way41563323,,,,Rødvig,,,,bro,1.0,2,,"55.2530397, 12.3757493",way/41563323 way/41563326,ok,2026-09-24
k-way416904597,,,,Strandhuse,,,,bro,1.0,7,,"55.0498416, 10.6003035",way/416904597 way/416904600 way/419436091 way/419436093 way/488441686 way/650996502 way/650996503,ok,2026-09-24
k-way420016448,,,,Gåbense,,,,bro,1.0,1,,"54.9416448, 11.8737893",way/420016448,ok,2026-09-24
k-way420741847,,,,Rudegård,,,,bro,1.0,2,,"55.8246842, 12.4498276",way/420741847 way/420741849,ok,2026-09-24
k-way421149638,,,,Styrt-om,,,,bro,1.0,1,,"55.0248510, 9.4415548",way/421149638,ok,2026-09-24
k-way421149639,,,,Styrt-om,,,,bro,1.0,6,,"55.0255467, 9.4449356",way/421149639 way/421149640 way/96634756 way/96634757 way/96634769 way/96634777,ok,2026-09-24
k-way421179063,,,,Store Darum,,,,bro,1.0,1,,"55.4286658, 8.6431926",way/421179063,ok,2026-09-24
k-way421467534,,,,Gammel Orehoved,,,,bro,1.0,1,,"54.9584368, 11.8433914",way/421467534,ok,2026-09-24
k-way421467535,,,,Orehoved,,,,bro,1.0,1,,"54.9573990, 11.8489559",way/421467535,ok,2026-09-24
k-way422064462,,,,,,,,bro,1.0,1,,"55.6656427, 12.7761637",way/422064462,ok,2026-09-24
k-way424285569,,,,Tisvilde Ry,,,,bro,1.0,2,,"56.0050807, 12.0672511",way/424285569 way/903702561,ok,2026-09-24
k-way42503944,,,,Fastrup,,,,bro,1.0,1,,"56.0423981, 10.0725274",way/42503944,ok,2026-09-24
k-way425070163,,,,Ny Stavnsbøl,,,,bro,1.0,1,,"54.9394098, 9.8578241",way/425070163,ok,2026-09-24
k-way425831571,,,,Sydbyen,,,,bro,1.0,31,,"56.1589673, 9.5621167",way/425831571 way/425831572 way/425831574 way/425831575 way/425831578 way/425831580 way/425831582 way/425831583 way/425831584 way/425831585 way/425831586 way/425831587 way/425831588 way/425831589 way/425831590 way/425831591 way/425831592 way/425831593 way/425831594 way/425831596 way/425831597 way/425831598 way/425831599 way/425831601 way/425831602 way/425833183 way/425833184 way/425833193 way/425833194 way/425833196 way/425833198,ok,2026-09-24
k-way426584288,,,,Århusbakken,,,,bro,1.0,20,,"56.1613189, 9.5611137",way/426584288 way/426584321 way/904993140 way/905281720 way/905281721 way/905281722 way/905281723 way/905281724 way/905281725 way/905281726 way/905281727 way/905281728 way/905281729 way/905281730 way/905281731 way/905281732 way/905281733 way/905281734 way/905281735 way/905281736,ok,2026-09-24
k-way426746028,,,,Vallensbæk,,,,bro,1.0,1,,"55.6073179, 12.3922558",way/426746028,ok,2026-09-24
k-way427510443,på kortet,,,Aabenraa,,,,bro,1.0,2,spot-18,"55.0424101, 9.4301056",way/427510443 way/427510444,ok,2026-09-24
k-way429448541,,,,Espergærde,,,,bro,1.0,4,,"55.9924755, 12.5634229",way/429448541 way/429448545 way/429448754 way/429448755,ok,2026-09-24
k-way429455411,,,,Kastrup,,,,bro,1.0,1,,"55.6424508, 12.6497709",way/429455411,ok,2026-09-24
k-way429455997,,,,Kastrup,,,,bro,1.0,1,,"55.6413214, 12.6521400",way/429455997,ok,2026-09-24
k-way429473024,,,,Køge,,,,bro,1.0,1,,"55.4685082, 12.1936864",way/429473024,ok,2026-09-24
k-way429900566,,,,Svejbæk,,,,bro,1.0,2,,"56.1186721, 9.6520387",way/429900566 way/429900568,ok,2026-09-24
k-way429900569,,,,Svejbæk,,,,bro,1.0,2,,"56.1246881, 9.6420368",way/429900569 way/429900570,ok,2026-09-24
k-way429900575,,,,Svejbæk,,,,bro,1.0,1,,"56.1213714, 9.6462101",way/429900575,ok,2026-09-24
k-way429900576,,,,Svejbæk,,,,bro,1.0,1,,"56.1255868, 9.6367627",way/429900576,ok,2026-09-24
k-way429900577,,,,Svejbæk,,,,bro,1.0,1,,"56.1235939, 9.6433676",way/429900577,ok,2026-09-24
k-way430038967,,,6,Helsingør,,,,bro,1.0,2,,"56.0429338, 12.6123087",way/430038967 way/430059901,ok,2026-09-24
k-way430119264,,,,Hundested,,,,bro,1.0,1,,"55.9637560, 11.8425051",way/430119264,ok,2026-09-24
k-way430119481,,,,Hundested,,,,bro,1.0,2,,"55.9632863, 11.8465711",way/430119481 way/430119488,ok,2026-09-24
k-way430247471,,,,Næsdal Plantage,,,,bro,1.0,2,,"55.8051845, 11.4907740",way/430247471 way/430247472,ok,2026-09-24
k-way43108684,,,,Gentofte,,,,bro,1.0,1,,"55.7459747, 12.5378898",way/43108684,ok,2026-09-24
k-way43109740,,,,Taarbæk,,,,bro,1.0,5,,"55.7838205, 12.5941532",way/43109740 way/43109742 way/662840347 way/662840348 way/914082664,ok,2026-09-24
k-way43113379,,,,Indre By,,,,bro,1.0,1,,"55.6815665, 12.5991100",way/43113379,ok,2026-09-24
k-way43113381,,,,Indre By,,,,bro,1.0,2,,"55.6833315, 12.6060381",way/43113381 way/436182959,ok,2026-09-24
k-way431330150,,,,Bogens Strand,,,,bro,1.0,1,,"56.2119119, 10.5736860",way/431330150,ok,2026-09-24
k-way4327240,på kortet,,A,Sankt Agnes Huse,,,,bro,1.0,1,spot-9,"55.6513436, 12.0773308",way/4327240,ok,2026-09-24
k-way432989679,,,,Yderby Lyng,,,,bro,1.0,1,,"55.9749398, 11.3068049",way/432989679,ok,2026-09-24
k-way43308603,på kortet,,,Veddelev,,,,bro,1.0,4,spot-10,"55.6793679, 12.0695509",way/43308603 way/567647106 way/567647107 way/567647109,ok,2026-09-24
k-way433256800,,,Slipshavn slæbested,Nyborg,,,,slæbested,1.0,1,,"55.2864829, 10.8286448",way/433256800,ok,2026-09-24
k-way433866929,,,Bøgebjerg Strand slæbested,Bøgebjerg Strand,,,,slæbested,1.0,1,,"55.5204813, 10.7067691",way/433866929,ok,2026-09-24
k-way435217094,,,,Klintehuse,,,,bro,1.0,1,,"55.9430395, 11.6194806",way/435217094,ok,2026-09-24
k-way436156067,,,,Haverslev,,,,bro,1.0,1,,"57.0297341, 9.4007031",way/436156067,ok,2026-09-24
k-way437169534,,,,Tårup,,,,bro,1.0,1,,"56.4427074, 10.3492697",way/437169534,ok,2026-09-24
k-way437884067,,,,Kalundborg,,,,bro,1.0,5,,"55.6645215, 11.0858812",way/437884067 way/437884074 way/437884076 way/437885053 way/437885054,ok,2026-09-24
k-way43914593,,,,Birkhede,,,,bro,1.0,2,,"56.1078785, 9.7216127",way/43914593 way/903356400,ok,2026-09-24
k-way439383628,,,,Arnager,,,,bro,1.0,1,,"55.0523897, 14.7768354",way/439383628,ok,2026-09-24
k-way440207115,,,,Stranderød,,,,bro,1.0,2,,"54.8806546, 9.5433581",way/440207115 way/440207116,ok,2026-09-24
k-way440207118,,,,Knudsmade,,,,bro,1.0,1,,"54.8795336, 9.5355792",way/440207118,ok,2026-09-24
k-way442486896,,,,Vellerup Sommerby,,,,bro,1.0,3,,"55.7477710, 11.8558855",way/442486896 way/442486897 way/442486899,ok,2026-09-24
k-way443061412,på kortet,,,Ballonparken,,,,bro,1.0,1,kalvebod-boelge,"55.6657663, 12.5740686",way/443061412,ok,2026-09-24
k-way443145010,,,,Vindø,,,,bro,1.0,2,,"56.6378046, 9.8120311",way/443145010 way/443145011,ok,2026-09-24
k-way443182222,,,,Vindø,,,,bro,1.0,1,,"56.6394992, 9.8275591",way/443182222,ok,2026-09-24
k-way444260232,,,,Thorsminde,,,,bro,1.0,1,,"56.3716801, 8.1219530",way/444260232,ok,2026-09-24
k-way444429483,,,,Grevinge Bakker,,,,bro,1.0,1,,"55.8111406, 11.5691678",way/444429483,ok,2026-09-24
k-way444788803,,,,Hasselø By,,,,bro,1.0,1,,"54.7261245, 11.8731363",way/444788803,ok,2026-09-24
k-way444825067,,,,Tyvmose,,,,bro,1.0,1,,"56.1025125, 8.1293039",way/444825067,ok,2026-09-24
k-way445107282,på kortet,,,Skanderborg,,,,bro,1.0,8,skanderborg-bybad,"56.0341149, 9.9348775",way/445107282 way/901932272 way/901932273 way/901932274 way/901932275 way/901932276 way/901932277 way/901932278,ok,2026-09-24
k-way446918265,,,,Vilsund Øst,,,,bro,1.0,2,,"56.8847028, 8.6361064",way/446918265 way/446918266,ok,2026-09-24
k-way447100130,,,Sønderborg Havn,Sønderborg,,,,havn,1.0,1,,"54.9087448, 9.7845285",way/447100130,ok,2026-09-24
k-way447103545,,,,Gundestrup,,,,bro,1.0,1,,"55.7823334, 11.6013656",way/447103545,ok,2026-09-24
k-way447452123,,,,Orehoved,,,,bro,1.0,1,,"54.9568547, 11.8530347",way/447452123,ok,2026-09-24
k-way447945525,,,,Sjælsmark,,,,bro,1.0,2,,"55.8707355, 12.4345997",way/447945525 way/447945527,ok,2026-09-24
k-way447945526,,,,Sjælsmark,,,,bro,1.0,2,,"55.8714768, 12.4276533",way/447945526 way/447945531,ok,2026-09-24
k-way447945529,,,,Sjælsmark,,,,bro,1.0,1,,"55.8712310, 12.4297025",way/447945529,ok,2026-09-24
k-way448937393,,,,Ejlstrup Huse,,,,bro,1.0,4,,"55.4833234, 11.7432657",way/448937393 way/448937397 way/449122539 way/449124799,ok,2026-09-24
k-way448937394,,,,Estrup,,,,bro,1.0,3,,"55.4835628, 11.7413821",way/448937394 way/448937395 way/449123933,ok,2026-09-24
k-way448937396,,,,Ejlstrup Huse,,,,bro,1.0,1,,"55.4828019, 11.7453687",way/448937396,ok,2026-09-24
k-way448939479,,,,Haraldsted,,,,bro,1.0,1,,"55.4884022, 11.7627512",way/448939479,ok,2026-09-24
k-way448941802,,,,Valsømagle,,,,bro,1.0,1,,"55.4806338, 11.8333618",way/448941802,ok,2026-09-24
k-way448986586,,,,Haraldsted,,,,bro,1.0,1,,"55.4830465, 11.7826385",way/448986586,ok,2026-09-24
k-way449043950,,,,Ejlstrup Huse,,,,bro,1.0,1,,"55.4854626, 11.7507610",way/449043950,ok,2026-09-24
k-way449131564,,,,Haraldsted,,,,bro,1.0,1,,"55.4839700, 11.7661960",way/449131564,ok,2026-09-24
k-way449132077,,,,Haraldsted,,,,bro,1.0,1,,"55.4841265, 11.7719810",way/449132077,ok,2026-09-24
k-way449222897,,,,Nybølle,,,,bro,1.0,1,,"55.7115505, 12.2415347",way/449222897,ok,2026-09-24
k-way450128286,,,Fiskerhavnen,Ørestad,,,,havn,1.0,1,,"55.6420368, 12.5430534",way/450128286,ok,2026-09-24
k-way454190031,,,,Laven,,,,bro,1.0,1,,"56.1221298, 9.7038225",way/454190031,ok,2026-09-24
k-way454190032,,,,Laven,,,,bro,1.0,9,,"56.1234389, 9.7129164",way/454190032 way/454190033 way/454190034 way/454190035 way/454190036 way/901504932 way/901504933 way/901504934 way/901533895,ok,2026-09-24
k-way454705313,på kortet,,,Hobro,,,,bro,1.0,1,hobro-roklub,"56.6387569, 9.8040022",way/454705313,ok,2026-09-24
k-way454730409,på kortet,,,Struer,,,,bro,1.0,1,spot-17,"56.4932404, 8.5946207",way/454730409,ok,2026-09-24
k-way457328928,,,,Elling,,,,bro,1.0,1,,"57.4736613, 10.4992463",way/457328928,ok,2026-09-24
k-way458323038,,,,Borgsted,,,,bro,1.0,1,,"54.9021383, 12.1173667",way/458323038,ok,2026-09-24
k-way460920283,,,,Stigsborg,,,,bro,1.0,1,,"57.0535465, 9.9359679",way/460920283,ok,2026-09-24
k-way46138500,,,,Haderslev,,,,bro,1.0,3,,"55.2491370, 9.5035166",way/46138500 way/46138501 way/46138502,ok,2026-09-24
k-way46138503,,,,Haderslev,,,,bro,1.0,1,,"55.2473921, 9.4953298",way/46138503,ok,2026-09-24
k-way462577593,,,Karrebæksminde Strandjagtforening,Lungshave,,,,havn,1.0,1,,"55.1764320, 11.6570177",way/462577593,ok,2026-09-24
k-way463258840,,,,Vestbyen,,,,bro,1.0,1,,"57.0603176, 9.9099105",way/463258840,ok,2026-09-24
k-way463978309,,,,Hagested Huse,,,,bro,1.0,1,,"55.7486019, 11.5870172",way/463978309,ok,2026-09-24
k-way465304806,,,Tuborg Havn,Hellerup,,,,havn,1.0,1,,"55.7267647, 12.5834866",way/465304806,ok,2026-09-24
k-way465671714,,,,Hellerup,,,,bro,1.0,1,,"55.7286663, 12.5849647",way/465671714,ok,2026-09-24
k-way465671720,,,,Nordhavn,,,,bro,1.0,1,,"55.7238600, 12.5864077",way/465671720,ok,2026-09-24
k-way465974694,,,,Amagerbro,,,,bro,1.0,2,,"55.6760512, 12.6056832",way/465974694 way/466427455,ok,2026-09-24
k-way466652251,,,,Hellerup,,,,bro,1.0,3,,"55.7294055, 12.5819408",way/466652251 way/660433565 way/914082617,ok,2026-09-24
k-way466939769,,,,Indre By,,,,bro,1.0,3,,"55.6876070, 12.6090734",way/466939769 way/466939770 way/466939771,ok,2026-09-24
k-way467028054,,,,Rishøj,,,,slæbested,1.0,1,,"55.9032830, 11.7125027",way/467028054,ok,2026-09-24
k-way467226733,,,,Christianshavn,,,,bro,1.0,1,,"55.6775482, 12.5953705",way/467226733,ok,2026-09-24
k-way467836945,,,,Christianshavn,,,,bro,1.0,2,,"55.6728460, 12.5912405",way/467836945 way/967501110,ok,2026-09-24
k-way467958682,,,,Ulstrup,,,,bro,1.0,1,,"56.3924698, 9.7778327",way/467958682,ok,2026-09-24
k-way468073471,,,,Ulstrup,,,,bro,1.0,2,,"56.3938817, 9.7897667",way/468073471 way/901521137,ok,2026-09-24
k-way468073742,,,,Ulstrup,,,,bro,1.0,1,,"56.3937409, 9.7863035",way/468073742,ok,2026-09-24
k-way469210725,,,,Vester Hassing,,,,bro,1.0,1,,"57.0706844, 10.1265402",way/469210725,ok,2026-09-24
k-way470664412,,,,Nørre Asmindrup,,,,bro,1.0,8,,"55.8957516, 11.6051624",way/470664412 way/470664414 way/470664415 way/470664416 way/470664418 way/470664419 way/470664420 way/470664421,ok,2026-09-24
k-way470664423,,,,Højby,,,,bro,1.0,3,,"55.8972962, 11.6015605",way/470664423 way/470664424 way/470664425,ok,2026-09-24
k-way47093437,,,,Middelfart,,,,bro,1.0,5,,"55.4934548, 9.7229784",way/47093437 way/58485156 way/664014409 way/828548108 way/828548109,ok,2026-09-24
k-way472393507,,,,Hestehave,,,,bro,1.0,4,,"54.9456104, 9.7624611",way/472393507 way/472393508 way/472393509 way/472393511,ok,2026-09-24
k-way473347901,,,,Østervang,,,,slæbested,1.0,1,,"55.9500662, 11.4247796",way/473347901,ok,2026-09-24
k-way473431641,,,,Hølkerup,,,,slæbested,1.0,1,,"55.8394588, 11.7284867",way/473431641,ok,2026-09-24
k-way473572619,,,,Ledøje,,,,bro,1.0,1,,"55.7144117, 12.3082611",way/473572619,ok,2026-09-24
k-way475882603,,,,Mastrup,,,,slæbested,1.0,1,,"55.8705183, 11.1920643",way/475882603,forsvundet,2026-09-24
k-way476104164,,,,Svalegård,,,,bro,1.0,1,,"55.8968484, 11.1286207",way/476104164,ok,2026-09-24
k-way476162456,,,,Kyllinggård,,,,bro,1.0,1,,"55.9033673, 11.0902866",way/476162456,ok,2026-09-24
k-way476512120,,,,Dragør,,,,bro,1.0,1,,"55.5965796, 12.6731503",way/476512120,ok,2026-09-24
k-way477387816,,,,Amagerbro,,,,bro,1.0,2,,"55.6788233, 12.6346007",way/477387816 way/477387845,ok,2026-09-24
k-way477387834,,,,Amagerbro,,,,bro,1.0,3,,"55.6850929, 12.6356720",way/477387834 way/477387842 way/477387844,ok,2026-09-24
k-way478157645,,,,Avdebo,,,,slæbested,1.0,1,,"55.7719689, 11.6327015",way/478157645,ok,2026-09-24
k-way478636694,,,,Vesterris,,,,bro,1.0,3,,"55.2502391, 9.5355291",way/478636694 way/478636696 way/478636698,ok,2026-09-24
k-way478793376,,,,Marstal,,,,slæbested,1.0,1,,"54.8537687, 10.5222356",way/478793376,ok,2026-09-24
k-way481398367,,,,Lendemarke,,,,bro,1.0,4,,"54.9773255, 12.2798141",way/481398367 way/481398368 way/481398369 way/481398370,ok,2026-09-24
k-way481398372,,,,Lendemarke,,,,bro,1.0,1,,"54.9737155, 12.2769762",way/481398372,ok,2026-09-24
k-way483196105,,,,Alslev,,,,bro,1.0,1,,"55.5962215, 8.4235861",way/483196105,ok,2026-09-24
k-way483198927,,,,Billund,,,,bro,1.0,5,,"55.7359012, 9.1258378",way/483198927 way/483198932 way/483478396 way/483478397 way/483478398,ok,2026-09-24
k-way483487951,,,,Vesterby,,,,bro,1.0,3,,"57.7157861, 10.5821068",way/483487951 way/483487953 way/483487954,ok,2026-09-24
k-way483487955,,,,Kappelborg,,,,bro,1.0,6,,"57.7182205, 10.5928806",way/483487955 way/483487956 way/483487957 way/483487959 way/483487960 way/686121115,ok,2026-09-24
k-way484048811,,,,Sunds,,,,bro,1.0,7,,"56.2112903, 9.0131464",way/484048811 way/484048860 way/484048872 way/484048890 way/484048902 way/484048914 way/484048922,ok,2026-09-24
k-way484048821,,,,Sunds,,,,bro,1.0,4,,"56.2097402, 9.0138426",way/484048821 way/484048852 way/484048855 way/484048907,ok,2026-09-24
k-way484048823,,,,Gammel Sunds,,,,bro,1.0,1,,"56.2123993, 9.0353973",way/484048823,ok,2026-09-24
k-way484048848,,,,Sunds,,,,bro,1.0,6,,"56.2071896, 9.0172385",way/484048848 way/484048851 way/484048853 way/484048880 way/484048924 way/484048926,ok,2026-09-24
k-way484048873,,,,Gammel Sunds,,,,bro,1.0,2,,"56.2171975, 9.0242514",way/484048873 way/888805649,ok,2026-09-24
k-way484048876,,,,Sunds,,,,bro,1.0,1,,"56.2084618, 9.0172322",way/484048876,ok,2026-09-24
k-way484048932,,,,Sunds,,,,bro,1.0,3,,"56.2177554, 9.0182157",way/484048932 way/888805644 way/888805645,ok,2026-09-24
k-way48738224,,,,Sejs,,,,bro,1.0,13,,"56.1334491, 9.6107820",way/48738224 way/895977736 way/895977737 way/895977740 way/895977741 way/895977742 way/895977743 way/895977744 way/895977745 way/895977746 way/895977747 way/895977756 way/895977757,ok,2026-09-24
k-way488269588,,,,Overlund,,,,bro,1.0,2,,"56.4542119, 9.4295757",way/488269588 way/488269589,ok,2026-09-24
k-way488269590,,,,Overlund,,,,bro,1.0,2,,"56.4528756, 9.4285485",way/488269590 way/488269591,ok,2026-09-24
k-way488269592,,,,Asmild,,,,bro,1.0,1,,"56.4502938, 9.4259130",way/488269592,ok,2026-09-24
k-way488547257,,,Bøgeskov Havn,Præsteskov,,,,havn,1.0,1,,"55.3698153, 12.4154913",way/488547257,ok,2026-09-24
k-way488651868,,,,Tårup,,,,bro,1.0,1,,"56.5419905, 9.2789331",way/488651868,ok,2026-09-24
k-way488651869,,,,Virksund,,,,bro,1.0,1,,"56.5977699, 9.2792174",way/488651869,ok,2026-09-24
k-way489095171,,,,Aabenraa,,,,bro,1.0,3,,"55.0435087, 9.4284868",way/489095171 way/489095173 way/489095174,ok,2026-09-24
k-way48975466,,,,Kolding,,,,bro,1.0,4,,"55.4893805, 9.4982104",way/48975466 way/48975471 way/48975473 way/48975477,ok,2026-09-24
k-way48975472,,,,Tved,,,,bro,1.0,1,,"55.4883400, 9.4988375",way/48975472,ok,2026-09-24
k-way489759367,,,,Nørbæk,,,,bro,1.0,2,,"56.5445847, 9.8328038",way/489759367 way/489759368,ok,2026-09-24
k-way489812516,,,,Åstrup,,,,bro,1.0,1,,"57.1693163, 9.7172483",way/489812516,ok,2026-09-24
k-way491169567,,,,Snoghøj,,,,bro,1.0,2,,"55.5183956, 9.7221803",way/491169567 way/491169568,ok,2026-09-24
k-way491169569,,,,Snoghøj,,,,bro,1.0,5,,"55.5192452, 9.7186438",way/491169569 way/491169570 way/491169571 way/491169572 way/491169573,ok,2026-09-24
k-way491169574,,,,Snoghøj,,,,bro,1.0,1,,"55.5194896, 9.7161479",way/491169574,ok,2026-09-24
k-way491860421,,,,Gram,,,,bro,1.0,1,,"55.2965216, 9.0578376",way/491860421,ok,2026-09-24
k-way494828029,,,,Hald Ege,,,,bro,1.0,2,,"56.4091966, 9.3807507",way/494828029 way/494828030,ok,2026-09-24
k-way496923351,,,,Nymindegab,,,,bro,1.0,1,,"55.8177819, 8.1904842",way/496923351,ok,2026-09-24
k-way498021739,,,,Grønning Strand,,,,bro,1.0,1,,"56.6358166, 9.1505204",way/498021739,ok,2026-09-24
k-way499428584,,,,Impgårde,,,,bro,1.0,1,,"56.3116708, 9.3480840",way/499428584,ok,2026-09-24
k-way499430723,,,,Ry,,,,bro,1.0,10,,"56.0770546, 9.7605743",way/499430723 way/499430724 way/499430725 way/499430726 way/499430727 way/905297135 way/905297141 way/905297142 way/905297143 way/905297144,ok,2026-09-24
k-way499649864,på kortet,,,Søholt,,,,bro,1.0,4,spot-20,"57.0583420, 9.8849243",way/499649864 way/499649865 way/499649866 way/499649870,ok,2026-09-24
k-way500202178,,,,Keldby,,,,bro,1.0,2,,"54.9838975, 12.3431306",way/500202178 way/500202179,ok,2026-09-24
k-way501249106,,,,Mjøls,,,,bro,1.0,1,,"55.0613098, 9.2993893",way/501249106,ok,2026-09-24
k-way501749125,,,,Ærøskøbing,,,,bro,1.0,1,,"54.8869165, 10.4147408",way/501749125,ok,2026-09-24
k-way502381547,,,,Tårs,,,,bro,1.0,1,,"54.8776459, 11.0244078",way/502381547,ok,2026-09-24
k-way503755679,,,,Vedbæk,,,,bro,1.0,2,,"55.8514646, 12.5701110",way/503755679 way/78203101,ok,2026-09-24
k-way504544949,,,,Nødebo,,,,bro,1.0,3,,"55.9870318, 12.3507981",way/504544949 way/504544950 way/504544951,ok,2026-09-24
k-way504544952,,,,Nødebo,,,,bro,1.0,8,,"55.9855757, 12.3504950",way/504544952 way/504544953 way/504544954 way/504544955 way/504544956 way/903636818 way/903636819 way/903644099,ok,2026-09-24
k-way504544958,,,,Nødebo,,,,bro,1.0,4,,"55.9840066, 12.3504406",way/504544958 way/504544960 way/504544961 way/903767407,ok,2026-09-24
k-way506159048,,,,Elsehoved Strand,,,,bro,1.0,1,,"55.1030099, 10.7741316",way/506159048,ok,2026-09-24
k-way507274729,,,,Bistrup,,,,bro,1.0,1,,"55.8063921, 12.4325930",way/507274729,ok,2026-09-24
k-way509324392,,,,Tempelhuse,,,,bro,1.0,1,,"55.6734651, 11.7820022",way/509324392,ok,2026-09-24
k-way512140100,nej,andet,Bredvadmølle Kanorasteplads,Underup,,Kanorasteplads ved et smalt vandløb (øvre Gudenå) nær Bredvadmølle.,2026-09-24,kanoplads,1.0,1,,"55.9555324, 9.6810016",way/512140100,ok,2026-09-24
k-way513051497,,,,Bønnerup Strand,,,,bro,1.0,1,,"56.5351402, 10.7130000",way/513051497,ok,2026-09-24
k-way513707442,,,,Arnakke,,,,bro,1.0,1,,"55.6731614, 11.7662624",way/513707442,ok,2026-09-24
k-way515858868,,,,Styrt-om,,,,bro,1.0,5,,"55.0221202, 9.4335240",way/515858868 way/515858869 way/515858870 way/515858871 way/515858892,ok,2026-09-24
k-way517395050,,,,Strandby,,,,bro,1.0,1,,"55.4750595, 8.4210904",way/517395050,ok,2026-09-24
k-way520035340,,,Nordre Havn,Stege,,,,havn,1.0,1,,"54.9839123, 12.2807252",way/520035340,ok,2026-09-24
k-way520655110,,,,Bangsbostrand,,,,bro,1.0,2,,"57.4266649, 10.5282494",way/520655110 way/520655111,ok,2026-09-24
k-way522165755,,,,Ulse,,,,bro,1.0,1,,"55.3004092, 12.0053040",way/522165755,ok,2026-09-24
k-way523495902,,,,Vestbyen,,,,slæbested,1.0,1,,"57.0574245, 9.8982250",way/523495902,ok,2026-09-24
k-way528368790,,,,Bygholm Bakker,,,,bro,1.0,1,,"55.8701847, 9.7951422",way/528368790,ok,2026-09-24
k-way528368792,,,,Bygholm Bakker,,,,bro,1.0,1,,"55.8696173, 9.8003840",way/528368792,ok,2026-09-24
k-way530082661,,,,Vesterlundgårde,,,,bro,1.0,2,,"55.9316091, 9.3171032",way/530082661 way/530082662,ok,2026-09-24
k-way530082733,,,,Rørbæk,,,,bro,1.0,1,,"55.9316935, 9.3282259",way/530082733,ok,2026-09-24
k-way531932322,på kortet,,,Ishøj,,,,bro,1.0,1,hundige-havn-hejren,"55.5930659, 12.3558035",way/531932322,ok,2026-09-24
k-way537485882,,,,Fulby,,,,bro,1.0,1,,"55.4632700, 11.5866329",way/537485882,ok,2026-09-24
k-way538558830,,,,Stenholtsvang,,,,bro,1.0,1,,"55.9702251, 12.3590137",way/538558830,ok,2026-09-24
k-way538558840,,,,Sørup,,,,bro,1.0,2,,"55.9677807, 12.3658500",way/538558840 way/903688907,ok,2026-09-24
k-way538558841,,,,Stenholtsvang,,,,bro,1.0,1,,"55.9663341, 12.3606656",way/538558841,ok,2026-09-24
k-way538558854,,,,Stenholtsvang,,,,bro,1.0,1,,"55.9658922, 12.3555460",way/538558854,ok,2026-09-24
k-way539234583,,,Ripa Havn,Lustrup,,,,bro,1.0,1,,"55.3098925, 8.7677242",way/539234583,ok,2026-09-24
k-way539302758,,,,Herlev,,,,bro,1.0,1,,"55.7252725, 12.4449279",way/539302758,ok,2026-09-24
k-way539825504,,,,Nordhavn,,,,bro,1.0,3,,"55.7078271, 12.5998252",way/539825504 way/539825505 way/539825507,ok,2026-09-24
k-way540125962,,,,Fakkegrav,,,,bro,1.0,1,,"55.6809595, 9.7722234",way/540125962,ok,2026-09-24
k-way54104096,,,,Elvighøj,,,,bro,1.0,1,,"55.4880445, 9.5912477",way/54104096,ok,2026-09-24
k-way541142452,,,,Strandholm,,,,bro,1.0,1,,"55.1357754, 10.1598490",way/541142452,ok,2026-09-24
k-way54183844,,,,Kolding,,,,bro,1.0,1,,"55.4949715, 9.5000521",way/54183844,ok,2026-09-24
k-way543463016,,,,Kerteminde,,,,bro,1.0,1,,"55.4504989, 10.6676234",way/543463016,ok,2026-09-24
k-way544991999,,,,Ollerup,,,,bro,1.0,2,,"55.0693336, 10.4911299",way/544991999 way/544992000,ok,2026-09-24
k-way544992001,,,,Ollerup,,,,bro,1.0,2,,"55.0708844, 10.4918776",way/544992001 way/544992004,ok,2026-09-24
k-way544992002,,,,Ollerup,,,,bro,1.0,2,,"55.0706298, 10.4939369",way/544992002 way/544992003,ok,2026-09-24
k-way546053583,,,,Allerslev,,,,bro,1.0,2,,"55.0812292, 12.0265375",way/546053583 way/546053584,ok,2026-09-24
k-way546162034,,,,Gersø Huse,,,,bro,1.0,1,,"55.4811328, 10.4767064",way/546162034,ok,2026-09-24
k-way547888283,,,,Nykøbing Mors,,,,bro,1.0,1,,"56.8032560, 8.8647236",way/547888283,ok,2026-09-24
k-way548582327,,,,Skanderborg,,,,bro,1.0,15,,"56.0391503, 9.9310395",way/548582327 way/902545109 way/902545110 way/902545111 way/902545112 way/902545113 way/902545114 way/902545115 way/902545116 way/902545117 way/902545118 way/902545119 way/902545120 way/902545121 way/902552203,ok,2026-09-24
k-way548676432,,,,Nyborg,,,,bro,1.0,1,,"55.3124673, 10.8173014",way/548676432,ok,2026-09-24
k-way549714841,,,,Brønshøj,,,,bro,1.0,1,,"55.7162658, 12.5054556",way/549714841,ok,2026-09-24
k-way552590636,,,,Hou Plantage,,,,bro,1.0,1,,"55.1601245, 10.9498732",way/552590636,ok,2026-09-24
k-way553978641,,,,Haraldsborg,,,,bro,1.0,1,,"55.6596031, 12.0862033",way/553978641,ok,2026-09-24
k-way554010524,,,,Kerteminde,,,,bro,1.0,1,,"55.4637852, 10.6729546",way/554010524,ok,2026-09-24
k-way554010525,,,,Kerteminde,,,,bro,1.0,2,,"55.4644867, 10.6744507",way/554010525 way/554010526,ok,2026-09-24
k-way554010527,,,,Kerteminde,,,,bro,1.0,2,,"55.4652705, 10.6773311",way/554010527 way/554010528,ok,2026-09-24
k-way555042766,,,3,Lungshave,,,,bro,1.0,3,,"55.1784672, 11.6539090",way/555042766 way/555042767 way/970960777,ok,2026-09-24
k-way555182551,,,,Lundsgård,,,,bro,1.0,1,,"55.4422480, 10.6758154",way/555182551,ok,2026-09-24
k-way558479755,,,,Skovshoved,,,,bro,1.0,2,,"55.7578687, 12.5995102",way/558479755 way/558479756,ok,2026-09-24
k-way561468147,,,,Snekkersten,,,,bro,1.0,2,,"56.0155479, 12.5998714",way/561468147 way/561494262,ok,2026-09-24
k-way561479316,,,,Snekkersten,,,,bro,1.0,3,,"56.0182338, 12.6015875",way/561479316 way/561494294 way/914340098,ok,2026-09-24
k-way564814223,,,Kulhuse Havn,Bakkegårde,,,,havn,1.0,1,,"55.9368030, 11.9062142",way/564814223,ok,2026-09-24
k-way566361984,,,,Sølyst,,,,bro,1.0,2,,"55.4817019, 9.7338894",way/566361984 way/566361986,ok,2026-09-24
k-way566814361,,,,Espergærde,,,,bro,1.0,2,,"55.9904432, 12.5603988",way/566814361 way/566814362,ok,2026-09-24
k-way566814364,,,,Espergærde,,,,bro,1.0,3,,"55.9892036, 12.5587420",way/566814364 way/673916474 way/914340045,ok,2026-09-24
k-way569606981,,,,Lysbro,,,,bro,1.0,4,,"56.1567091, 9.5185973",way/569606981 way/967851136 way/967851137 way/967851138,ok,2026-09-24
k-way576079517,,,,Tranekær,,,,bro,1.0,1,,"55.0021996, 10.8571407",way/576079517,ok,2026-09-24
k-way576593071,,,,Bagenkop,,,,bro,1.0,1,,"54.7505372, 10.6712681",way/576593071,ok,2026-09-24
k-way579194344,,,,Strømmen,,,,bro,1.0,3,,"56.4627005, 10.0601869",way/579194344 way/579194347 way/579194349,ok,2026-09-24
k-way579194345,,,,Dronningborg,,,,bro,1.0,1,,"56.4630035, 10.0626017",way/579194345,ok,2026-09-24
k-way579598523,,,,Brunshuse,,,,bro,1.0,1,,"55.2009814, 9.9998390",way/579598523,ok,2026-09-24
k-way581704266,,,,Stjær,,,,bro,1.0,1,,"56.1225735, 9.9363947",way/581704266,ok,2026-09-24
k-way58297199,,,9,Marstal,,,,bro,1.0,2,,"54.8483307, 10.5242517",way/58297199 way/58297822,ok,2026-09-24
k-way58485140,på kortet,,,Middelfart,,,,bro,1.0,6,middelfart-kajakklub,"55.4904606, 9.7288887",way/58485140 way/58485142 way/58485143 way/58485144 way/828548119 way/828548120,ok,2026-09-24
k-way58485146,på kortet,,,Middelfart,,,,bro,1.0,1,middelfart-kajakklub,"55.4912091, 9.7267035",way/58485146,ok,2026-09-24
k-way58485147,,,,Middelfart,,,,bro,1.0,2,,"55.4920408, 9.7242370",way/58485147 way/58485151,ok,2026-09-24
k-way58509673,,,,Skærbæk,,,,bro,1.0,1,,"55.5131030, 9.6269295",way/58509673,ok,2026-09-24
k-way589563371,,,,Bisserup,,,,bro,1.0,5,,"55.1980078, 11.4923405",way/589563371 way/589563372 way/589563373 way/589563374 way/589563375,ok,2026-09-24
k-way589975796,,,,Vester Nebel,,,,bro,1.0,1,,"55.5487085, 8.5457025",way/589975796,ok,2026-09-24
k-way590553507,,,,Fisknæs,,,,bro,1.0,4,,"54.9112863, 9.6098834",way/590553507 way/590553508 way/590553509 way/917656648,ok,2026-09-24
k-way590873107,,,,Esbjerg,,,,bro,1.0,4,,"55.4609524, 8.4402450",way/590873107 way/590873108 way/590873111 way/590873113,ok,2026-09-24
k-way592058603,,,,Vitten,,,,bro,1.0,1,,"56.2831924, 9.9978716",way/592058603,ok,2026-09-24
k-way593784543,,,,Ørestad,,,,bro,1.0,1,,"55.6404765, 12.5426487",way/593784543,ok,2026-09-24
k-way594080482,,,,Vork,,,,bro,1.0,1,,"55.6605759, 9.3505446",way/594080482,ok,2026-09-24
k-way59534140,,,,Åbyhøj,,,,bro,1.0,1,,"56.1483026, 10.1762986",way/59534140,ok,2026-09-24
k-way598241775,,,,Kastrup,,,,bro,1.0,4,,"55.6437730, 12.6507686",way/598241775 way/598241777 way/598241779 way/598241781,ok,2026-09-24
k-way598827177,,,,Strandhuse,,,,bro,1.0,7,,"55.0390909, 10.5986866",way/598827177 way/598827178 way/598827179 way/598827180 way/598827181 way/599676710 way/601115841,ok,2026-09-24
k-way598827183,,,,Vindeby,,,,bro,1.0,6,,"55.0409436, 10.6004210",way/598827183 way/598827184 way/598827185 way/599676711 way/601115842 way/915424430,ok,2026-09-24
k-way598827194,,,,Vindeby,,,,bro,1.0,8,,"55.0436054, 10.6033167",way/598827194 way/598827195 way/598827196 way/598827197 way/598827198 way/598827199 way/601547277 way/602099239,ok,2026-09-24
k-way599389767,,,,Nørresundby,,,,bro,1.0,1,,"57.0552116, 9.9241812",way/599389767,ok,2026-09-24
k-way599839865,,,,Gilleleje,,,,bro,1.0,1,,"56.1212152, 12.3309893",way/599839865,ok,2026-09-24
k-way600799558,,,Hammer Havn,Sæne,,,,havn,1.0,1,,"55.2779171, 14.7560454",way/600799558,ok,2026-09-24
k-way601536691,,,,Avedøre Holme,,,,bro,1.0,1,,"55.6218485, 12.4951923",way/601536691,ok,2026-09-24
k-way605674397,,,,Harrestrup,,,,bro,1.0,1,,"55.7112976, 12.3733081",way/605674397,ok,2026-09-24
k-way605674398,,,,Harrestrup,,,,bro,1.0,1,,"55.7121320, 12.3709144",way/605674398,ok,2026-09-24
k-way605674400,,,,Harrestrup,,,,bro,1.0,1,,"55.7111226, 12.3686355",way/605674400,ok,2026-09-24
k-way606598427,,,,Blæsenborg,,,,bro,1.0,1,,"55.6169278, 11.9480259",way/606598427,ok,2026-09-24
k-way606897593,,,,Særløse Overdrev,,,,bro,1.0,1,,"55.5643755, 11.8889602",way/606897593,ok,2026-09-24
k-way607104141,,,,Egebjerg,,,,bro,1.0,1,,"55.7481620, 12.3739620",way/607104141,ok,2026-09-24
k-way607476166,,,,Nykøbing Mors,,,,bro,1.0,3,,"56.7948869, 8.8667402",way/607476166 way/96881816 way/96881843,ok,2026-09-24
k-way607875956,,,,Masnedsund,,,,bro,1.0,1,,"55.0103473, 11.8600403",way/607875956,ok,2026-09-24
k-way607958662,,,,Vesterbro,,,,bro,1.0,2,,"55.6479698, 12.5578904",way/607958662 way/607958664,ok,2026-09-24
k-way608012293,,,,Lille Sørup,,,,bro,1.0,6,,"55.9743785, 12.3743624",way/608012293 way/608012294 way/608012295 way/608012296 way/608012297 way/608012316,ok,2026-09-24
k-way608012298,,,,Sørup,,,,bro,1.0,6,,"55.9736033, 12.3729388",way/608012298 way/608012299 way/608012300 way/608012301 way/608012302 way/608012303,ok,2026-09-24
k-way608012304,,,,Sørup,,,,bro,1.0,4,,"55.9725698, 12.3715050",way/608012304 way/608012305 way/608012306 way/608012307,ok,2026-09-24
k-way608012308,,,,Sørup,,,,bro,1.0,5,,"55.9714847, 12.3712696",way/608012308 way/608012309 way/608012310 way/608012311 way/608012312,ok,2026-09-24
k-way608012313,,,,Sørup,,,,bro,1.0,2,,"55.9703530, 12.3705954",way/608012313 way/608012314,ok,2026-09-24
k-way608705859,,,Hou Lystbådehavn,Hou,,,,havn,1.0,1,,"57.0560126, 10.3796956",way/608705859,ok,2026-09-24
k-way608834571,,,,Vallensbæk,,,,bro,1.0,1,,"55.6084845, 12.3903770",way/608834571,ok,2026-09-24
k-way609532547,,,,Nordhavn,,,,bro,1.0,1,,"55.7170475, 12.5917909",way/609532547,ok,2026-09-24
k-way610044085,,,,Minde,,,,bro,1.0,3,,"54.8957454, 9.6194331",way/610044085 way/610044086 way/610044087,ok,2026-09-24
k-way611815384,,,,Sandbjerg,,,,bro,1.0,1,,"54.9492440, 9.7495901",way/611815384,ok,2026-09-24
k-way614133740,,,,Vesterbro,,,,bro,1.0,2,,"55.6487651, 12.5488737",way/614133740 way/626838520,ok,2026-09-24
k-way614838397,,,,Vejle,,,,bro,1.0,1,,"55.7056818, 9.5580784",way/614838397,ok,2026-09-24
k-way616218725,,,,Ribergårde,,,,bro,1.0,1,,"57.2696971, 9.6442289",way/616218725,ok,2026-09-24
k-way616261354,,,,Frydenlund,,,,bro,1.0,2,,"55.8374388, 12.5744219",way/616261354 way/914082616,ok,2026-09-24
k-way616261361,,,,Frydenlund,,,,bro,1.0,1,,"55.8401211, 12.5749205",way/616261361,ok,2026-09-24
k-way616897196,,,,Rudkøbing,,,,bro,1.0,2,,"54.9386861, 10.7056818",way/616897196 way/616897197,ok,2026-09-24
k-way617022653,,,,Vesterø Havn,,,,bro,1.0,1,,"57.2960264, 10.9208535",way/617022653,ok,2026-09-24
k-way617631392,,,,Grenaa,,,,bro,1.0,1,,"56.4114736, 10.8784741",way/617631392,ok,2026-09-24
k-way617631393,,,,Grenaa,,,,bro,1.0,1,,"56.4122917, 10.8814077",way/617631393,ok,2026-09-24
k-way617838654,,,,Masnedø,,,,bro,1.0,2,,"54.9801777, 11.8914853",way/617838654 way/617838655,ok,2026-09-24
k-way617934656,,,,Hjortø By,,,,bro,1.0,1,,"54.9717696, 10.4935495",way/617934656,ok,2026-09-24
k-way618336062,,,,Fjordkær,,,,slæbested,1.0,1,,"56.6784907, 8.7894655",way/618336062,forsvundet,2026-09-24
k-way618459856,,,,Klitten,,,,bro,1.0,2,,"56.4083060, 10.9181226",way/618459856 way/618459857,ok,2026-09-24
k-way618501054,,,,Lemvig,,,,bro,1.0,1,,"56.5512545, 8.2996264",way/618501054,ok,2026-09-24
k-way619168711,,,,Vesterbro,,,,bro,1.0,1,,"55.6476386, 12.5531008",way/619168711,ok,2026-09-24
k-way619763897,,,,Korshavn,,,,bro,1.0,2,,"55.0079146, 10.3407122",way/619763897 way/93193472,ok,2026-09-24
k-way619838071,,,,Hals,,,,bro,1.0,1,,"56.9921168, 10.3043210",way/619838071,ok,2026-09-24
k-way620531219,,,,Regel,,,,bro,1.0,1,,"56.9107996, 10.1821780",way/620531219,ok,2026-09-24
k-way620950844,,,,Hillerød,,,,bro,1.0,1,,"55.9300961, 12.3023939",way/620950844,ok,2026-09-24
k-way623134080,,,,Skarresø,,,,bro,1.0,4,,"56.3580394, 10.5075965",way/623134080 way/623134081 way/623134082 way/623134083,ok,2026-09-24
k-way623828055,,,,Ballonparken,,,,bro,1.0,1,,"55.6618908, 12.5689434",way/623828055,ok,2026-09-24
k-way623828784,,,,Indre By,,,,bro,1.0,1,,"55.6909171, 12.6072463",way/623828784,ok,2026-09-24
k-way624342690,,,,Hou,,,,bro,1.0,1,,"55.9241206, 10.2570395",way/624342690,ok,2026-09-24
k-way625249358,,,,Bogø,,,,bro,1.0,1,,"54.8756831, 10.7123030",way/625249358,ok,2026-09-24
k-way625250475,,,,Hyllingeriis,,,,bro,1.0,2,,"55.7802992, 12.0573066",way/625250475 way/625250476,ok,2026-09-24
k-way625779446,,,,Stavnsholt,,,,bro,1.0,2,,"55.8064593, 12.3931564",way/625779446 way/625779448,ok,2026-09-24
k-way625779447,,,,Stavnsholt,,,,bro,1.0,5,,"55.8067877, 12.3900007",way/625779447 way/625779449 way/625779450 way/625779451 way/904030700,ok,2026-09-24
k-way625779453,,,,Stavnsholt,,,,bro,1.0,2,,"55.8105116, 12.4043300",way/625779453 way/904030697,ok,2026-09-24
k-way625779454,,,,Stavnsholt,,,,bro,1.0,4,,"55.8112651, 12.4067452",way/625779454 way/625779455 way/625779456 way/904030699,ok,2026-09-24
k-way625779459,,,,Stavnsholt,,,,bro,1.0,4,,"55.8112539, 12.4147028",way/625779459 way/625779460 way/904030698 way/904041783,ok,2026-09-24
k-way625779465,,,,Bistrup,,,,bro,1.0,1,,"55.8145644, 12.4204596",way/625779465,ok,2026-09-24
k-way626415213,,,,Grindsted,,,,bro,1.0,1,,"55.7579142, 8.9018824",way/626415213,ok,2026-09-24
k-way628064937,,,Listed Havn,Listed,,,,havn,1.0,1,,"55.1457661, 15.1114996",way/628064937,ok,2026-09-24
k-way629246805,,,,Vindø,,,,bro,1.0,2,,"56.6464276, 9.8427269",way/629246805 way/629246807,ok,2026-09-24
k-way630192459,,,,Bredmose,,,,bro,1.0,1,,"55.6497305, 8.5886047",way/630192459,ok,2026-09-24
k-way631325770,,,,Hindsgavlsbro,,,,bro,1.0,1,,"55.4961549, 9.7010476",way/631325770,ok,2026-09-24
k-way631958715,,,,Helsingør,,,,bro,1.0,1,,"56.0364281, 12.6169503",way/631958715,ok,2026-09-24
k-way634390792,,,,Rødbyhavn,,,,bro,1.0,1,,"54.6559027, 11.3476661",way/634390792,ok,2026-09-24
k-way635040267,,,,Frederikshavn,,,,bro,1.0,1,,"57.4432586, 10.5478356",way/635040267,ok,2026-09-24
k-way636386767,,,,Mern,,,,bro,1.0,1,,"55.0577188, 12.0460470",way/636386767,ok,2026-09-24
k-way641505286,,,,Skælskør,,,,bro,1.0,1,,"55.2470081, 11.2742431",way/641505286,ok,2026-09-24
k-way641505289,,,,Skælskør,,,,bro,1.0,1,,"55.2486395, 11.2771766",way/641505289,ok,2026-09-24
k-way642120010,,,,Rindsholm,,,,bro,1.0,1,,"56.3994555, 9.4278947",way/642120010,ok,2026-09-24
k-way647911476,,,,Lindelse,,,,bro,1.0,2,,"54.8493030, 11.0673330",way/647911476 way/647911477,ok,2026-09-24
k-way648707534,,,,Engesvang,,,,bro,1.0,1,,"56.1748741, 9.3648439",way/648707534,ok,2026-09-24
k-way649217071,,,,Holbæk,,,,bro,1.0,1,,"55.7206787, 11.7269593",way/649217071,ok,2026-09-24
k-way650802693,på kortet,,,Lyndby Strand,,,,bro,1.0,3,spot-11,"55.6817099, 11.9463115",way/650802693 way/650802695 way/650802696,ok,2026-09-24
k-way650813172,,,,Gershøj,,,,bro,1.0,1,,"55.7143970, 11.9767711",way/650813172,ok,2026-09-24
k-way650996479,,,,Strandhuse,,,,bro,1.0,6,,"55.0512246, 10.6049489",way/650996479 way/650996481 way/650996483 way/650996485 way/650996487 way/650996488,ok,2026-09-24
k-way650996490,,,,Strandhuse,,,,bro,1.0,6,,"55.0508739, 10.6030900",way/650996490 way/650996492 way/650996494 way/650996496 way/650996498 way/650996500,ok,2026-09-24
k-way651233395,,,,Tørslev Hage,,,,bro,1.0,1,,"55.8068567, 12.0459623",way/651233395,ok,2026-09-24
k-way651370381,,,,Smedegårde,,,,bro,1.0,1,,"55.7333137, 11.8678975",way/651370381,ok,2026-09-24
k-way652339885,,,,Gøgebakke,,,,bro,1.0,3,,"55.9351689, 11.9210457",way/652339885 way/652339886 way/652339888,ok,2026-09-24
k-way652405425,,,,Barakkerne,,,,bro,1.0,1,,"55.9340628, 11.9332899",way/652405425,ok,2026-09-24
k-way652405426,,,,Barakkerne,,,,bro,1.0,1,,"55.9342133, 11.9311893",way/652405426,ok,2026-09-24
k-way652505563,,,,Skjern,,,,bro,1.0,1,,"55.9497925, 8.5061927",way/652505563,ok,2026-09-24
k-way652923709,,,,Hornsved,,,,slæbested,1.0,1,,"55.9144372, 11.9073591",way/652923709,ok,2026-09-24
k-way653725024,,,,Seest,,,,bro,1.0,1,,"55.5019950, 9.4242446",way/653725024,ok,2026-09-24
k-way653725026,,,,Seest,,,,bro,1.0,2,,"55.5041058, 9.4250276",way/653725026 way/653725027,ok,2026-09-24
k-way65403959,,,,Faaborg,,,,bro,1.0,1,,"55.0977064, 10.2306315",way/65403959,ok,2026-09-24
k-way655061193,,,,Hellerup,,,,bro,1.0,1,,"55.7257089, 12.5827917",way/655061193,ok,2026-09-24
k-way656033051,,,,Ødis,,,,bro,1.0,2,,"55.4062875, 9.3804842",way/656033051 way/670176240,ok,2026-09-24
k-way656520577,,,,Kogtved,,,,bro,1.0,3,,"55.0438011, 10.5823893",way/656520577 way/656520578 way/656520613,ok,2026-09-24
k-way656520579,,,,Kogtved,,,,bro,1.0,4,,"55.0430938, 10.5792221",way/656520579 way/656520580 way/656520581 way/656520582,ok,2026-09-24
k-way656520583,,,,Skovsbo Strand,,,,bro,1.0,2,,"55.0429069, 10.5771344",way/656520583 way/656520584,ok,2026-09-24
k-way656520585,,,,Skovsbo Strand,,,,bro,1.0,4,,"55.0424943, 10.5751468",way/656520585 way/656520586 way/656520587 way/656520588,ok,2026-09-24
k-way656520589,,,,Skovsbo Strand,,,,bro,1.0,1,,"55.0416521, 10.5739653",way/656520589,ok,2026-09-24
k-way656520614,,,,Kogtved,,,,bro,1.0,3,,"55.0441402, 10.5843368",way/656520614 way/656520615 way/656520616,ok,2026-09-24
k-way656520617,,,,Kogtved,,,,bro,1.0,1,,"55.0447047, 10.5865413",way/656520617,ok,2026-09-24
k-way656520627,,,,Strandhuse,,,,bro,1.0,2,,"55.0465727, 10.5912715",way/656520627 way/656520628,ok,2026-09-24
k-way657569526,,,,Vig,,,,bro,1.0,1,,"55.8483545, 11.5805299",way/657569526,ok,2026-09-24
k-way659357757,,,Helligpeder Havn,Helligpeder,,,,havn,1.0,1,,"55.2119518, 14.7068235",way/659357757,ok,2026-09-24
k-way660038717,,,,Pøl,,,,slæbested,1.0,1,,"55.0819368, 9.7607963",way/660038717,ok,2026-09-24
k-way660634315,,,,Østerbro,,,,bro,1.0,4,,"55.6952757, 12.6085629",way/660634315 way/660634316 way/660634318 way/927477898,ok,2026-09-24
k-way661119355,,,,Nollund,,,,bro,1.0,1,,"55.7583382, 8.8794353",way/661119355,ok,2026-09-24
k-way662505906,,,,Kragenæs,,,,bro,1.0,4,,"54.9131383, 11.3584365",way/662505906 way/93413764 way/93413768 way/93413769,ok,2026-09-24
k-way662515008,,,,Nab,,,,bro,1.0,1,,"55.0413054, 10.3278222",way/662515008,ok,2026-09-24
k-way662840310,,,,Skodsborg,,,,bro,1.0,3,,"55.8264802, 12.5750616",way/662840310 way/662840311 way/662840312,ok,2026-09-24
k-way662840331,,,,Taarbæk,,,,bro,1.0,7,,"55.7923484, 12.5925448",way/662840331 way/662840332 way/662840335 way/662840336 way/914082631 way/914082637 way/914082689,ok,2026-09-24
k-way662840333,,,,Taarbæk,,,,bro,1.0,5,,"55.7912220, 12.5932425",way/662840333 way/662840334 way/662840337 way/662840338 way/662840339,ok,2026-09-24
k-way662840341,,,,Taarbæk,,,,bro,1.0,1,,"55.7900256, 12.5943299",way/662840341,ok,2026-09-24
k-way664969296,,,,Hornbæk,,,,bro,1.0,1,,"56.0952724, 12.4570614",way/664969296,ok,2026-09-24
k-way666238622,,,,Bastrup,,,,bro,1.0,1,,"55.8194508, 12.2815684",way/666238622,ok,2026-09-24
k-way667124933,,,,Løgstør,,,,bro,1.0,3,,"56.9697283, 9.2528748",way/667124933 way/667124934 way/667124935,ok,2026-09-24
k-way668618258,,,,Rungsted,,,,bro,1.0,1,,"55.8891993, 12.5418583",way/668618258,ok,2026-09-24
k-way668618264,,,,Rungsted,,,,bro,1.0,1,,"55.8910648, 12.5400761",way/668618264,ok,2026-09-24
k-way668618273,,,,Rungsted,,,,bro,1.0,1,,"55.8941589, 12.5379995",way/668618273,ok,2026-09-24
k-way668618287,,,,Vedbæk,,,,bro,1.0,4,,"55.8526715, 12.5688386",way/668618287 way/668618288 way/914082604 way/914082624,ok,2026-09-24
k-way669255036,,,Kampeløkke Havn,Allinge-Sandvig,,,,havn,1.0,1,,"55.2810712, 14.7972032",way/669255036,ok,2026-09-24
k-way669329892,,,Melsted Havn,Melsted,,,,havn,1.0,1,,"55.2043307, 14.9825732",way/669329892,ok,2026-09-24
k-way669372567,,,,Brejning Strand,,,,bro,1.0,1,,"55.6858977, 9.6800910",way/669372567,ok,2026-09-24
k-way669672092,,,,Hindsgavlsbro,,,,bro,1.0,1,,"55.5029519, 9.6890636",way/669672092,ok,2026-09-24
k-way670759203,,,,Helnæs Sommerland,,,,bro,1.0,1,,"55.1247914, 10.0352384",way/670759203,ok,2026-09-24
k-way671075888,,,,Nysø,,,,bro,1.0,1,,"55.1254914, 12.0429746",way/671075888,ok,2026-09-24
k-way671075889,,,,Nysø,,,,bro,1.0,1,,"55.1261358, 12.0444892",way/671075889,ok,2026-09-24
k-way671075890,,,,Præstø,,,,bro,1.0,1,,"55.1267360, 12.0621053",way/671075890,ok,2026-09-24
k-way671103984,,,,Helnæs Strand,,,,bro,1.0,1,,"55.1352835, 10.0396902",way/671103984,ok,2026-09-24
k-way671105536,,,,Juvre,,,,bro,1.0,1,,"55.1847518, 8.5602938",way/671105536,ok,2026-09-24
k-way671105537,,,,Juvre,,,,bro,1.0,1,,"55.1882596, 8.5602739",way/671105537,ok,2026-09-24
k-way673916443,,,,Tibberup,,,,bro,1.0,1,,"55.9788499, 12.5504086",way/673916443,ok,2026-09-24
k-way673916461,,,,Espergærde,,,,bro,1.0,4,,"55.9839819, 12.5537614",way/673916461 way/806838515 way/914340069 way/914340095,ok,2026-09-24
k-way673916462,,,,Espergærde,,,,bro,1.0,5,,"55.9852691, 12.5545707",way/673916462 way/673916464 way/673916465 way/914340071 way/914340097,ok,2026-09-24
k-way674259006,,,,Kragskov Hede,,,,bro,1.0,1,,"57.5289020, 10.3858665",way/674259006,ok,2026-09-24
k-way674445555,,,,Sletten,,,,bro,1.0,1,,"55.9514274, 12.5335087",way/674445555,ok,2026-09-24
k-way676789797,,,,Dronningmølle,,,,bro,1.0,1,,"56.0988485, 12.3893413",way/676789797,ok,2026-09-24
k-way678974111,,,,Rudbjerg Huse,,,,bro,1.0,1,,"54.8650928, 11.2700204",way/678974111,ok,2026-09-24
k-way683307769,,,,Havneby,,,,bro,1.0,1,,"55.0877697, 8.5656157",way/683307769,ok,2026-09-24
k-way683313082,,,,Rønne,,,,bro,1.0,2,,"55.1048110, 14.6933013",way/683313082 way/683313085,ok,2026-09-24
k-way684036157,,,,Blans,,,,bro,1.0,1,,"54.8620622, 11.4303674",way/684036157,ok,2026-09-24
k-way684365680,,,,Mikkelborg,,,,bro,1.0,1,,"55.9048861, 12.5293115",way/684365680,ok,2026-09-24
k-way684365682,,,,Mikkelborg,,,,bro,1.0,1,,"55.9107767, 12.5254691",way/684365682,ok,2026-09-24
k-way684446841,,,,Brunsnæs,,,,bro,1.0,1,,"54.8668251, 9.6361335",way/684446841,ok,2026-09-24
k-way684719529,,,,Kollund Østerskov,,,,bro,1.0,1,,"54.8452424, 9.4714485",way/684719529,ok,2026-09-24
k-way685145530,,,,Profithuse,,,,bro,1.0,2,,"55.3970161, 10.7455030",way/685145530 way/685145531,ok,2026-09-24
k-way685145532,,,,Profithuse,,,,bro,1.0,1,,"55.3983044, 10.7429124",way/685145532,ok,2026-09-24
k-way685303994,,,,Stauning Vesterstrand,,,,bro,1.0,2,,"55.9898878, 8.3171772",way/685303994 way/901511351,ok,2026-09-24
k-way68647437,,,,Hattenæs,,,,bro,1.0,12,,"56.1467682, 9.5796477",way/68647437 way/893125602 way/905382578 way/905382580 way/905382581 way/905382582 way/905382583 way/905382584 way/905382585 way/905382586 way/905382587 way/905382589,ok,2026-09-24
k-way687325458,,,,Farum Nordby,,,,bro,1.0,1,,"55.8347863, 12.3511281",way/687325458,ok,2026-09-24
k-way688581586,,,Den Uendelige Bro,Højbjerg,,,,bro,1.0,2,,"56.1248191, 10.2187110",way/688581586 way/688584630,ok,2026-09-24
k-way696162601,,,,Lindingbro,,,,bro,1.0,1,,"55.6741482, 8.5880403",way/696162601,ok,2026-09-24
k-way69707261,,,,Ribe,,,,bro,1.0,1,,"55.3258986, 8.7693201",way/1216995277,ok,2026-09-24
k-way697267017,,,,Ny Hellebæk,,,,bro,1.0,1,,"56.0634838, 12.5423395",way/697267017,ok,2026-09-24
k-way697476242,,,,Møllebakken,,,,bro,1.0,2,,"56.1271411, 8.2442815",way/697476242 way/703939783,ok,2026-09-24
k-way697829452,,,,Fladbjerg,,,,bro,1.0,1,,"56.6797820, 10.0354686",way/697829452,ok,2026-09-24
k-way698340778,,,,Villebøl,,,,bro,1.0,1,,"55.4079544, 8.8849928",way/698340778,ok,2026-09-24
k-way699358023,,,,Bogø By,,,,bro,1.0,3,,"54.9156949, 12.0806869",way/699358023 way/699358024 way/699359900,ok,2026-09-24
k-way704224153,på kortet,,,Kerteminde,,,,bro,1.0,1,kerteminde-roklub,"55.4472727, 10.6586194",way/704224153,ok,2026-09-24
k-way704561243,,,,Skåstrup Strand,,,,slæbested,1.0,1,,"55.5410120, 10.0062296",way/704561243,ok,2026-09-24
k-way704563924,,,,Skåstrup Strand,,,,bro,1.0,2,,"55.5407668, 10.0040694",way/704563924 way/704563926,ok,2026-09-24
k-way704563925,,,,Skåstrup Strand,,,,bro,1.0,1,,"55.5396394, 10.0002623",way/704563925,ok,2026-09-24
k-way704803660,,,,Ølholm,,,,bro,1.0,1,,"55.8589658, 9.5470848",way/704803660,ok,2026-09-24
k-way705815308,,,,Stenstrup,,,,bro,1.0,1,,"56.0916380, 12.4955425",way/705815308,ok,2026-09-24
k-way706247486,,,,Kerteminde,,,,bro,1.0,1,,"55.4620620, 10.6703466",way/706247486,ok,2026-09-24
k-way706655219,,,,Darup,,,,bro,1.0,1,,"55.6144103, 12.0605278",way/706655219,ok,2026-09-24
k-way707259520,,,,Grasten,,,,bro,1.0,2,,"55.0295331, 10.6771949",way/707259520 way/707259521,ok,2026-09-24
k-way707259531,,,,Grasten,,,,bro,1.0,1,,"55.0413068, 10.6826970",way/707259531,ok,2026-09-24
k-way707259532,,,,Valborgs Kasse,,,,bro,1.0,1,,"55.0412946, 10.6925735",way/707259532,ok,2026-09-24
k-way707259538,,,,Thurø By,,,,bro,1.0,8,,"55.0424658, 10.6510030",way/707259538 way/707259539 way/707259540 way/707259541 way/707259543 way/707259544 way/707259545 way/707259546,ok,2026-09-24
k-way707259542,,,,Thurø By,,,,bro,1.0,4,,"55.0437510, 10.6502700",way/707259542 way/707259553 way/707259554 way/707259555,ok,2026-09-24
k-way707259557,,,,Thurø By,,,,bro,1.0,4,,"55.0449750, 10.6495515",way/707259557 way/707259558 way/707259559 way/707259560,ok,2026-09-24
k-way707259561,,,,Christiansminde,,,,bro,1.0,9,,"55.0470738, 10.6484180",way/707259561 way/707259562 way/707259563 way/707259564 way/707259565 way/707259566 way/707259567 way/707259568 way/707259569,ok,2026-09-24
k-way707259588,,,,Thurø By,,,,bro,1.0,1,,"55.0505173, 10.6711372",way/707259588,ok,2026-09-24
k-way707259589,,,,Thurø By,,,,bro,1.0,2,,"55.0508096, 10.6732827",way/707259589 way/707259592,ok,2026-09-24
k-way707259590,,,,Thurø By,,,,bro,1.0,2,,"55.0512977, 10.6759053",way/707259590 way/707259591,ok,2026-09-24
k-way708990303,,,,Herrup,,,,bro,1.0,1,,"56.4227046, 8.9373173",way/708990303,ok,2026-09-24
k-way710426589,,,,Mørkholt Strand,,,,bro,1.0,1,,"55.6580693, 9.7379302",way/710426589,ok,2026-09-24
k-way710758907,på kortet,,,Landsbyen Sølund,,,,bro,1.0,1,skanderborg-soebad,"56.0212731, 9.9150654",way/710758907,ok,2026-09-24
k-way71079281,,,,Bork Hytteby,,,,bro,1.0,1,,"55.8368674, 8.2664392",way/71079281,ok,2026-09-24
k-way712109850,,,,Apholmen,,,,slæbested,1.0,1,,"57.4630143, 10.5369001",way/712109850,ok,2026-09-24
k-way712109861,,,,Apholmen,,,,bro,1.0,1,,"57.4650513, 10.5409090",way/712109861,ok,2026-09-24
k-way713391777,,,,Sønderborg,,,,bro,1.0,1,,"54.9148005, 9.7820845",way/713391777,ok,2026-09-24
k-way71513150,,,,Hagenør,,,,bro,1.0,1,,"55.5171508, 9.6796830",way/71513150,ok,2026-09-24
k-way717077473,,,,Snabe,,,,bro,1.0,1,,"55.2749353, 9.6122899",way/717077473,ok,2026-09-24
k-way71714219,,,,Gamborg,,,,bro,1.0,4,,"55.4627719, 9.7814243",way/71714219 way/71714221 way/71714226 way/71714237,ok,2026-09-24
k-way717943503,,,,Junghøj,,,,bro,1.0,1,,"55.9333851, 12.0821403",way/717943503,ok,2026-09-24
k-way718373449,,,,Sønderby,,,,bro,1.0,1,,"54.8648732, 9.8921508",way/718373449,ok,2026-09-24
k-way718970491,,,,Stenbæksholm,,,,bro,1.0,1,,"55.2070636, 11.7140736",way/718970491,ok,2026-09-24
k-way718970492,,,,Stenbæksholm,,,,slæbested,1.0,1,,"55.2085496, 11.7142869",way/718970492,ok,2026-09-24
k-way725682196,,,,Vindebyøre,,,,bro,1.0,1,,"55.0520154, 10.6208857",way/725682196,ok,2026-09-24
k-way725690238,,,,Troense,,,,bro,1.0,5,,"55.0343357, 10.6491517",way/725690238 way/725690239 way/725690240 way/725690241 way/725690242,ok,2026-09-24
k-way725690243,,,,Troense,,,,bro,1.0,8,,"55.0341197, 10.6511164",way/725690243 way/725690244 way/725690245 way/725690246 way/725690247 way/725690248 way/725690249 way/725690250,ok,2026-09-24
k-way725690251,,,,Troense,,,,bro,1.0,3,,"55.0339493, 10.6547459",way/725690251 way/725690252 way/725690253,ok,2026-09-24
k-way725690254,,,,Troense,,,,bro,1.0,2,,"55.0359139, 10.6406799",way/725690254 way/725690257,ok,2026-09-24
k-way725690258,,,,Troense,,,,bro,1.0,1,,"55.0382609, 10.6396277",way/725690258,ok,2026-09-24
k-way725690259,,,,Vindebyøre,,,,bro,1.0,1,,"55.0451894, 10.6430312",way/725690259,ok,2026-09-24
k-way730246026,,,,Hærup Strand,,,,bro,1.0,1,,"56.5721339, 8.7317893",way/730246026,ok,2026-09-24
k-way732407479,,,,Nordenskov,,,,bro,1.0,2,,"55.7235059, 11.6507891",way/732407479 way/732407483,ok,2026-09-24
k-way735508891,,,,Ibsker,,,,bro,1.0,4,,"55.1294976, 15.1022741",way/735508891 way/735508893 way/735508897 way/759785548,ok,2026-09-24
k-way736279758,,,,Vestbyen,,,,bro,1.0,1,,"57.0558920, 9.9111932",way/736279758,ok,2026-09-24
k-way739846205,,,,Sminge,,,,bro,1.0,1,,"56.2081174, 9.6566885",way/739846205,ok,2026-09-24
k-way739846206,,,,Sminge,,,,bro,1.0,1,,"56.2089595, 9.6581100",way/739846206,ok,2026-09-24
k-way739846211,,,,Sminge,,,,bro,1.0,1,,"56.2161183, 9.6679935",way/739846211,ok,2026-09-24
k-way739846213,,,,Sminge,,,,bro,1.0,1,,"56.2291418, 9.6693589",way/739846213,ok,2026-09-24
k-way739846214,,,,Sminge,,,,bro,1.0,1,,"56.2308712, 9.6706959",way/739846214,ok,2026-09-24
k-way739846217,,,,Horn,,,,bro,1.0,1,,"56.2432891, 9.6704621",way/739846217,ok,2026-09-24
k-way739846218,,,,Horn,,,,bro,1.0,1,,"56.2443778, 9.6690151",way/739846218,ok,2026-09-24
k-way74074350,,,,Strynø By,,,,bro,1.0,1,,"54.9041590, 10.5952277",way/74074350,ok,2026-09-24
k-way74428086,,,,Rindsholm,,,,bro,1.0,1,,"56.4018397, 9.4343304",way/74428086,ok,2026-09-24
k-way744810955,,,,Kollund Østerskov,,,,bro,1.0,2,,"54.8435580, 9.4683060",way/744810955 way/744810956,ok,2026-09-24
k-way745481863,,,,Dragsmur,,,,bro,1.0,1,,"56.1697449, 10.5261044",way/745481863,ok,2026-09-24
k-way750218868,,,,Borbjerg,,,,bro,1.0,1,,"56.4185486, 8.7526891",way/750218868,ok,2026-09-24
k-way751021624,,,,Hammersholm,,,,bro,1.0,1,,"55.8785609, 9.8473991",way/751021624,ok,2026-09-24
k-way753656494,,,,Masnedsund,,,,bro,1.0,1,,"54.9968403, 11.8916093",way/753656494,ok,2026-09-24
k-way760089802,,,,Vejle,,,,bro,1.0,1,,"55.7058718, 9.5252135",way/760089802,ok,2026-09-24
k-way760237057,,,,Amagerbro,,,,bro,1.0,2,,"55.6779287, 12.6095398",way/760237057 way/929506105,ok,2026-09-24
k-way764489952,,,,Sydbyen,,,,bro,1.0,1,,"56.1556472, 9.5275676",way/764489952,ok,2026-09-24
k-way765127194,,,,Knorborg,,,,bro,1.0,1,,"55.2556856, 9.4288542",way/765127194,ok,2026-09-24
k-way779365375,,,,Veddinge Strand,,,,slæbested,1.0,1,,"55.8473836, 11.4591614",way/779365375,forsvundet,2026-09-24
k-way783656784,,,,Hobro,,,,slæbested,1.0,1,,"56.6418623, 9.8067443",way/783656784,forsvundet,2026-09-24
k-way785509563,,,,Rødovre,,,,bro,1.0,1,,"55.6889360, 12.4578728",way/785509563,ok,2026-09-24
k-way785772028,,,,Bækkelund,,,,bro,1.0,1,,"56.3877894, 9.3374569",way/785772028,ok,2026-09-24
k-way792820666,,,,Skarrev,,,,bro,1.0,2,,"55.0480322, 9.5054657",way/792820666 way/910766720,ok,2026-09-24
k-way798436504,,,,Sejs,,,,bro,1.0,1,,"56.1260136, 9.5931382",way/798436504,ok,2026-09-24
k-way79860196,,,,Sorø,,,,bro,1.0,1,,"55.4282827, 11.5527571",way/79860196,ok,2026-09-24
k-way79941925,,,,Ballen,,,,bro,1.0,2,,"55.0415628, 10.4725010",way/79941925 way/79941931,ok,2026-09-24
k-way800094804,,,,Øverød,,,,bro,1.0,1,,"55.8154447, 12.4927380",way/800094804,ok,2026-09-24
k-way800781452,,,,Nærheden,,,,bro,1.0,1,,"55.6425966, 12.2049678",way/800781452,ok,2026-09-24
k-way803102388,,,,Lyngsbæk Strand,,,,bro,1.0,1,,"56.2271309, 10.6261446",way/803102388,ok,2026-09-24
k-way80383892,,,,Lehnskov Huse,,,,bro,1.0,1,,"55.0304917, 10.5257901",way/80383892,ok,2026-09-24
k-way8040333,,,,Refshale,,,,bro,1.0,1,,"54.7588226, 11.5394900",way/8040333,ok,2026-09-24
k-way804374851,,,,Villebøl,,,,bro,1.0,2,,"55.4110412, 8.8764493",way/804374851 way/804374852,ok,2026-09-24
k-way804557537,,,,Lykkesholm,,,,bro,1.0,1,,"55.9588602, 12.1759873",way/804557537,ok,2026-09-24
k-way810858272,,,LSK,Svogerslev,,,,bro,1.0,2,,"55.6393145, 12.0036942",way/810858272 way/810858292,ok,2026-09-24
k-way814889138,,,,Vesterbro,,,,bro,1.0,1,,"55.6544121, 12.5529511",way/814889138,ok,2026-09-24
k-way816071281,,,,Lillerød,,,,bro,1.0,1,,"55.8798376, 12.3576446",way/816071281,ok,2026-09-24
k-way823622196,,,,Kvie,,,,bro,1.0,1,,"55.7248960, 8.7734491",way/823622196,ok,2026-09-24
k-way824105403,,,,Rendbjerg,,,,bro,1.0,1,,"54.8934954, 9.6291210",way/824105403,ok,2026-09-24
k-way826476595,,,,Eskebjerg Enghave,,,,slæbested,1.0,1,,"55.7310446, 11.2519332",way/826476595,ok,2026-09-24
k-way828423134,,,,Rudbækshave,,,,bro,1.0,1,,"55.5363309, 9.7661357",way/828423134,ok,2026-09-24
k-way828548110,,,,Middelfart,,,,bro,1.0,2,,"55.4941490, 9.7207809",way/828548110 way/828548111,ok,2026-09-24
k-way834008895,,,,Bøgebjerg Strand,,,,bro,1.0,1,,"55.5222779, 10.7061661",way/834008895,ok,2026-09-24
k-way834343721,,,,Vrold,,,,bro,1.0,1,,"56.0259072, 9.9056101",way/834343721,ok,2026-09-24
k-way835438455,,,,Drøsselbjerg Strand,,,,bro,1.0,1,,"55.4666227, 11.1867746",way/835438455,ok,2026-09-24
k-way835478224,,,,Drøsselbjerglung,,,,bro,1.0,1,,"55.4642790, 11.1892345",way/835478224,ok,2026-09-24
k-way835690771,,,,Drøsselbjerg Strand,,,,bro,1.0,1,,"55.4677245, 11.1850023",way/835690771,ok,2026-09-24
k-way836045927,,,,Venemose,,,,bro,1.0,1,,"55.4787079, 11.1776293",way/836045927,ok,2026-09-24
k-way836045932,,,,Drøsselbjerg Strand,,,,bro,1.0,1,,"55.4752964, 11.1782791",way/836045932,ok,2026-09-24
k-way836045937,,,,Drøsselbjerg Strand,,,,bro,1.0,1,,"55.4701687, 11.1821056",way/836045937,ok,2026-09-24
k-way836205115,,,,Thyborøn,,,,bro,1.0,2,,"56.7016864, 8.2476042",way/836205115 way/918186991,ok,2026-09-24
k-way837781724,,,,Sølyst,,,,bro,1.0,1,,"55.4695679, 9.7250528",way/837781724,ok,2026-09-24
k-way838285332,,,,Lautrupgård,,,,bro,1.0,1,,"55.7342359, 12.4047390",way/838285332,ok,2026-09-24
k-way838468865,,,,Måløv,,,,bro,1.0,2,,"55.7498689, 12.3314104",way/838468865 way/838468866,ok,2026-09-24
k-way838795699,,,,Nordhavn,,,,bro,1.0,2,,"55.7023003, 12.6138771",way/838795699 way/838795700,ok,2026-09-24
k-way839822275,,,,Sallingsund,,,,slæbested,1.0,1,,"56.7438980, 8.8544477",way/839822275,forsvundet,2026-09-24
k-way839896308,på kortet,,,Øgadekvarteret,,,,bro,1.0,2,aalborg-cablepark,"57.0477582, 9.9422979",way/839896308 way/839896309,ok,2026-09-24
k-way843264232,,,,Strandhuse,,,,bro,1.0,1,,"55.7083362, 10.0214773",way/843264232,ok,2026-09-24
k-way845214908,,,,Otterup Havn,,,,bro,1.0,1,,"55.5270251, 10.4723958",way/845214911,ok,2026-09-24
k-way846870949,,,,Birkhede,,,,bro,1.0,5,,"56.0975167, 9.7421212",way/846870949 way/846870950 way/846870951 way/846870952 way/846870953,ok,2026-09-24
k-way846870954,,,,Birkhede,,,,bro,1.0,3,,"56.0986317, 9.7422724",way/846870954 way/846870956 way/846870957,ok,2026-09-24
k-way846870962,,,,Tørring,,,,bro,1.0,1,,"56.1026338, 9.7488986",way/846870962,ok,2026-09-24
k-way846870983,,,,Birkhede,,,,bro,1.0,1,,"56.1002152, 9.7443629",way/846870983,ok,2026-09-24
k-way847110317,,,,Masnedsund,,,,bro,1.0,1,,"55.0048936, 11.8737451",way/847110317,ok,2026-09-24
k-way847804903,,,,Kerteminde,,,,slæbested,1.0,1,,"55.4504712, 10.6627721",way/847804903,forsvundet,2026-09-24
k-way848741739,,,,Bispebjerg,,,,bro,1.0,1,,"55.7188276, 12.5221646",way/848741739,ok,2026-09-24
k-way849591322,,,,Lille Viby,,,,bro,1.0,1,,"55.4461650, 10.6157230",way/849591322,ok,2026-09-24
k-way849713415,,,,Ullerup,,,,bro,1.0,1,,"55.5619191, 12.5618531",way/849713415,ok,2026-09-24
k-way850138265,,,,Bruserup,,,,bro,1.0,1,,"54.6684547, 11.8711365",way/850138265,ok,2026-09-24
k-way852996409,,,,Kolding,,,,bro,1.0,1,,"55.4887148, 9.4931474",way/852996409,ok,2026-09-24
k-way853536257,,,,Måle,,,,bro,1.0,1,,"55.5099800, 10.7955889",way/853536257,ok,2026-09-24
k-way85400756,,,,Sønderby,,,,bro,1.0,1,,"54.8651707, 9.8897500",way/85400756,ok,2026-09-24
k-way854550250,,,,Hestehave,,,,bro,1.0,1,,"55.0625844, 10.3704251",way/854550250,ok,2026-09-24
k-way854843020,,,,Dybskrog,,,,bro,1.0,1,,"55.0605360, 10.3442129",way/854843020,ok,2026-09-24
k-way860230458,,,,Gamborg,,,,bro,1.0,1,,"55.4606954, 9.7760700",way/860230458,ok,2026-09-24
k-way860371038,,,,Fredmose,,,,bro,1.0,3,,"54.7741706, 10.7476785",way/860371038 way/860371039 way/860371040,ok,2026-09-24
k-way865731549,,,,Elsegårde,,,,bro,1.0,2,,"56.1677307, 10.7332460",way/865731549 way/865731550,ok,2026-09-24
k-way865918763,,,,Frederiksdal,,,,bro,1.0,4,,"55.7960442, 12.4355661",way/865918763 way/903684441 way/903684442 way/903684443,ok,2026-09-24
k-way87364636,,,,Elvighøj,,,,bro,1.0,2,,"55.4974904, 9.5654596",way/87364636 way/87364639,ok,2026-09-24
k-way87696716,,,,Bredballe,,,,bro,1.0,1,,"55.7049378, 9.6035187",way/87696716,ok,2026-09-24
k-way87700953,,,,Bredballe,,,,bro,1.0,1,,"55.7065262, 9.5894892",way/87700953,ok,2026-09-24
k-way87700956,,,,Bredballe,,,,bro,1.0,1,,"55.7076983, 9.6213715",way/87700956,ok,2026-09-24
k-way886542402,,,,Dråby,,,,bro,1.0,1,,"56.2253259, 10.7138377",way/886542402,ok,2026-09-24
k-way886542405,,,,Dråby,,,,bro,1.0,3,,"56.2230480, 10.7058517",way/886542405 way/886542406 way/886542407,ok,2026-09-24
k-way886542408,,,,Dråby,,,,bro,1.0,1,,"56.2217586, 10.7062519",way/886542408,ok,2026-09-24
k-way887937038,,,,Søholt,,,,bro,1.0,1,,"56.1749185, 9.5926723",way/887937038,ok,2026-09-24
k-way888805646,,,,Gammel Sunds,,,,bro,1.0,3,,"56.2174780, 9.0215148",way/888805646 way/888805647 way/888805648,ok,2026-09-24
k-way893125600,,,,Hattenæs,,,,bro,1.0,9,,"56.1461828, 9.5815707",way/893125600 way/893125601 way/893125603 way/893125604 way/893125605 way/893125606 way/893125607 way/893125608 way/893125609,ok,2026-09-24
k-way895028423,,,,Sejs,,,,bro,1.0,1,,"56.1268373, 9.5873551",way/895028423,ok,2026-09-24
k-way895028424,,,,Sejs,,,,bro,1.0,4,,"56.1321620, 9.5896273",way/895028424 way/895028425 way/905669957 way/905669958,ok,2026-09-24
k-way896990998,,,,Thorsminde,,,,bro,1.0,1,,"56.3704160, 8.1202318",way/896990998,ok,2026-09-24
k-way897316046,,,,Svejbæk,,,,bro,1.0,7,,"56.1291245, 9.6275827",way/897316046 way/897316047 way/897316048 way/897316049 way/897316050 way/904926490 way/904926491,ok,2026-09-24
k-way897316058,,,,Svejbæk,,,,bro,1.0,9,,"56.1281352, 9.6368619",way/897316058 way/897316059 way/897316075 way/897316076 way/897316077 way/897316078 way/897316079 way/904906415 way/904955112,ok,2026-09-24
k-way897316060,,,,Svejbæk,,,,bro,1.0,7,,"56.1286364, 9.6349484",way/897316060 way/897316061 way/897316062 way/897316063 way/897316080 way/897316081 way/897316082,ok,2026-09-24
k-way897316064,,,,Svejbæk,,,,bro,1.0,4,,"56.1293943, 9.6334848",way/897316064 way/897316065 way/897316066 way/897316067,ok,2026-09-24
k-way897549857,,,,Sønderby Strand,,,,bro,1.0,2,,"55.7813649, 10.0234201",way/897549857 way/897549858,ok,2026-09-24
k-way901085099,,,,Øster Skårup,,,,bro,1.0,1,,"57.0405189, 8.6280208",way/901085099,ok,2026-09-24
k-way901096218,,,,Vesløs,,,,bro,1.0,1,,"57.0457841, 8.9795221",way/901096218,ok,2026-09-24
k-way901100175,,,,Vellev Mose,,,,bro,1.0,1,,"56.3955310, 9.8350498",way/901100175,ok,2026-09-24
k-way901113741,,,,Vester Vandet,,,,bro,1.0,1,,"57.0064912, 8.5801901",way/901113741,ok,2026-09-24
k-way901158573,,,,Vester Vandet,,,,bro,1.0,1,,"57.0021785, 8.5608575",way/901158573,ok,2026-09-24
k-way901163475,,,,Truust,,,,bro,1.0,1,,"56.2948796, 9.6633930",way/901163475,ok,2026-09-24
k-way901163476,,,,Truust,,,,bro,1.0,1,,"56.2969633, 9.6672377",way/901163476,ok,2026-09-24
k-way901452042,på kortet,,,Gammel Laven,,,,bro,1.0,12,moegeloevej,"56.1249943, 9.6868956",way/901452042 way/901452043 way/901452044 way/901452045 way/901452046 way/901452047 way/901453719 way/901453720 way/901453721 way/901453722 way/901453723 way/901453724,ok,2026-09-24
k-way901453717,,,,Gammel Laven,,,,bro,1.0,1,,"56.1222259, 9.6916648",way/901453717,ok,2026-09-24
k-way901453718,,,,Gammel Laven,,,,bro,1.0,3,,"56.1239335, 9.6885184",way/901453718 way/901458419 way/901462738,ok,2026-09-24
k-way901456085,,,,Stadil Kirkeby,,,,bro,1.0,1,,"56.1709637, 8.2357908",way/901456085,ok,2026-09-24
k-way901458412,,,,Laven,,,,bro,1.0,7,,"56.1225121, 9.7100604",way/901458412 way/901458413 way/901458414 way/901458415 way/901458416 way/901458417 way/901501337,ok,2026-09-24
k-way901458418,,,,Gammel Laven,,,,bro,1.0,1,,"56.1205221, 9.6996105",way/901458418,ok,2026-09-24
k-way901461933,,,,Gammel Laven,,,,bro,1.0,1,,"56.1228987, 9.6764648",way/901461933,ok,2026-09-24
k-way901463046,,,,Ryebro,,,,bro,1.0,1,,"56.0462875, 9.7060808",way/901463046,ok,2026-09-24
k-way901467458,,,,Emborg,,,,bro,1.0,1,,"56.0475213, 9.7388662",way/901467458,ok,2026-09-24
k-way901468254,,,,Agersbæk,,,,bro,1.0,1,,"56.1402573, 8.2413913",way/901468254,ok,2026-09-24
k-way901468540,,,,Skaven,,,,bro,1.0,1,,"55.8978071, 8.3710959",way/901468540,ok,2026-09-24
k-way901485797,,,,Emborg,,,,bro,1.0,2,,"56.0456345, 9.7313433",way/901485797 way/901485798,ok,2026-09-24
k-way901485799,,,,Emborg,,,,bro,1.0,1,,"56.0458003, 9.7345695",way/901485799,ok,2026-09-24
k-way901489603,,,,Emborg,,,,bro,1.0,1,,"56.0499757, 9.7515138",way/901489603,ok,2026-09-24
k-way901489604,,,,Emborg,,,,bro,1.0,1,,"56.0499261, 9.7483363",way/901489604,ok,2026-09-24
k-way901493398,,,,Voerladegård,,,,bro,1.0,1,,"56.0348909, 9.7325960",way/901493398,ok,2026-09-24
k-way901494037,,,,Voerladegård,,,,bro,1.0,1,,"56.0340966, 9.7223880",way/901494037,ok,2026-09-24
k-way901497782,,,,Pramdragerparken,,,,bro,1.0,1,,"56.2790659, 9.6625869",way/901497782,ok,2026-09-24
k-way901500852,,,,Fuldbro Mølle,,,,bro,1.0,1,,"56.0266959, 9.7980322",way/901500852,ok,2026-09-24
k-way901500853,,,,Fuldbro Mølle,,,,bro,1.0,1,,"56.0263754, 9.8025213",way/901500853,ok,2026-09-24
k-way901500854,,,,Dørup,,,,bro,1.0,1,,"56.0285040, 9.7733759",way/901500854,ok,2026-09-24
k-way901504924,,,Laven,Laven,,,,bro,1.0,9,,"56.1239731, 9.7170539",way/901504924 way/901504925 way/901504926 way/901504927 way/901504928 way/901504929 way/901504930 way/901504931 way/901510365,ok,2026-09-24
k-way901506798,,,,Ulstrup,,,,bro,1.0,1,,"56.3938791, 9.7983615",way/901506798,ok,2026-09-24
k-way901511348,,,,Strandgårde,,,,bro,1.0,1,,"56.0991834, 8.2004779",way/901511348,ok,2026-09-24
k-way901511349,,,,Ringkøbing,,,,bro,1.0,1,,"56.0910489, 8.2283440",way/901511349,ok,2026-09-24
k-way901512459,,,,Mossøbrå,,,,bro,1.0,1,,"56.0387344, 9.8501964",way/901512459,ok,2026-09-24
k-way901512460,,,,Mossøbrå,,,,bro,1.0,1,,"56.0374409, 9.8435370",way/901512460,ok,2026-09-24
k-way901512461,,,,Mossøbrå,,,,bro,1.0,1,,"56.0365428, 9.8421649",way/901512461,ok,2026-09-24
k-way901512462,,,,Mossøbrå,,,,bro,1.0,3,,"56.0355560, 9.8404130",way/901512462 way/901512463 way/901512464,ok,2026-09-24
k-way901512465,,,,Mossøbrå,,,,bro,1.0,1,,"56.0343759, 9.8383356",way/901512465,ok,2026-09-24
k-way901513345,,,,Laven,,,,bro,1.0,1,,"56.1165940, 9.7104587",way/901513345,ok,2026-09-24
k-way901513346,,,,Laven,,,,bro,1.0,4,,"56.1189083, 9.7134621",way/901513346 way/901513347 way/901513348 way/901513349,ok,2026-09-24
k-way901513350,,,,Laven,,,,bro,1.0,2,,"56.1203546, 9.7140909",way/901513350 way/901513351,ok,2026-09-24
k-way901513352,,,,Laven,,,,bro,1.0,5,,"56.1210701, 9.7156373",way/901513352 way/901513353 way/901513354 way/901513355 way/901513356,ok,2026-09-24
k-way901513357,,,,Laven,,,,bro,1.0,4,,"56.1210105, 9.7177459",way/901513357 way/901513358 way/901513359 way/901513360,ok,2026-09-24
k-way901513361,,,,Laven,,,,bro,1.0,2,,"56.1216924, 9.7222176",way/901513361 way/901513362,ok,2026-09-24
k-way901534504,,,,Stevnstrup,,,,bro,1.0,2,,"56.4205989, 9.9624654",way/901534504 way/901534505,ok,2026-09-24
k-way901539936,,,,Lønborg,,,,bro,1.0,1,,"55.9073039, 8.4378580",way/901539936,ok,2026-09-24
k-way901554814,,,,Frankrig,,,,bro,1.0,1,,"56.1094142, 9.6875797",way/901554814,ok,2026-09-24
k-way901564982,,,,Nørre Lyngvig,,,,bro,1.0,1,,"56.0551211, 8.1281280",way/901564982,ok,2026-09-24
k-way901564983,,,,Nørre Lyngvig,,,,bro,1.0,1,,"56.0613353, 8.1273136",way/901564983,ok,2026-09-24
k-way901848205,,,,Alken,,,,bro,1.0,1,,"56.0472911, 9.8325401",way/901848205,ok,2026-09-24
k-way901848206,,,,Alken,,,,bro,1.0,1,,"56.0484960, 9.8312315",way/901848206,ok,2026-09-24
k-way901848857,,,,Alken,,,,bro,1.0,1,,"56.0470393, 9.8503734",way/901848857,ok,2026-09-24
k-way901848858,,,,Alken,,,,bro,1.0,1,,"56.0434430, 9.8531850",way/901848858,ok,2026-09-24
k-way901848859,,,,Alken,,,,bro,1.0,2,,"56.0483174, 9.8477985",way/901848859 way/901848860,ok,2026-09-24
k-way901850846,,,,Boes,,,,bro,1.0,1,,"56.0486000, 9.7894494",way/901850846,ok,2026-09-24
k-way901852288,,,,Tarp,,,,bro,1.0,1,,"55.5901035, 8.3321551",way/901852288,ok,2026-09-24
k-way901859406,,,,Skodbjerge,,,,bro,1.0,1,,"55.8970294, 8.2119752",way/901859406,ok,2026-09-24
k-way901859668,,,,Vester Janderup,,,,bro,1.0,1,,"55.6133698, 8.3677108",way/901859668,ok,2026-09-24
k-way901861834,,,,Skanderborg,,,,bro,1.0,1,,"56.0257183, 9.9310373",way/901861834,ok,2026-09-24
k-way901861835,,,,Landsbyen Sølund,,,,bro,1.0,1,,"56.0240325, 9.9295068",way/901861835,ok,2026-09-24
k-way901864536,,,,Båstrup,,,,bro,1.0,1,,"56.0132807, 9.9380125",way/901864536,ok,2026-09-24
k-way901864543,,,,Horndrup,,,,bro,1.0,1,,"56.0149198, 9.8845624",way/901864543,ok,2026-09-24
k-way901864544,,,,Båstrup,,,,bro,1.0,1,,"56.0064027, 9.9165136",way/901864544,ok,2026-09-24
k-way901864546,,,,Vrold,,,,bro,1.0,1,,"56.0195587, 9.9027710",way/901864546,ok,2026-09-24
k-way901864547,,,,Vrold,,,,bro,1.0,1,,"56.0211154, 9.9048101",way/901864547,ok,2026-09-24
k-way901865627,,,,Landsbyen Sølund,,,,bro,1.0,2,,"56.0232599, 9.9322378",way/901865627 way/901865628,ok,2026-09-24
k-way901865629,,,,Skanderborg,,,,bro,1.0,4,,"56.0267914, 9.9350081",way/901865629 way/901865630 way/901929393 way/901929394,ok,2026-09-24
k-way901890370,,,,Skårup,,,,bro,1.0,1,,"56.0166234, 9.9774728",way/901890370,ok,2026-09-24
k-way901890371,,,,Skårup,,,,bro,1.0,2,,"56.0225583, 9.9644581",way/901890371 way/901890372,ok,2026-09-24
k-way901890373,,,,Skårup,,,,bro,1.0,1,,"56.0240566, 9.9626544",way/901890373,ok,2026-09-24
k-way901926880,,,,Skanderborg,,,,bro,1.0,1,,"56.0297903, 9.9308192",way/901926880,ok,2026-09-24
k-way901926896,,,,Landsbyen Sølund,,,,bro,1.0,1,,"56.0293021, 9.9223391",way/901926896,ok,2026-09-24
k-way901926897,,,,Skanderborg,,,,bro,1.0,7,,"56.0280477, 9.9342065",way/901926897 way/901926898 way/901926899 way/901926900 way/901929387 way/901929388 way/901929389,ok,2026-09-24
k-way901929372,,,,Skanderborg,,,,bro,1.0,9,,"56.0310999, 9.9376910",way/901929372 way/901929373 way/901929374 way/901929375 way/901929376 way/901929377 way/901932284 way/901932285 way/901932286,ok,2026-09-24
k-way901929378,,,,Skanderborg,,,,bro,1.0,5,,"56.0299562, 9.9381662",way/901929378 way/901929379 way/901929380 way/901929381 way/901929382,ok,2026-09-24
k-way901929383,,,,Skanderborg,,,,bro,1.0,4,,"56.0290239, 9.9370114",way/901929383 way/901929384 way/901929385 way/901929386,ok,2026-09-24
k-way901929390,,,,Skanderborg,,,,bro,1.0,3,,"56.0292261, 9.9332146",way/901929390 way/901929391 way/901929392,ok,2026-09-24
k-way901929395,,,,Skanderborg,,,,bro,1.0,1,,"56.0262513, 9.9328282",way/901929395,ok,2026-09-24
k-way901932279,,,,Skanderborg,,,,bro,1.0,5,,"56.0330925, 9.9356284",way/901932279 way/901932280 way/901932281 way/901932282 way/901932283,ok,2026-09-24
k-way902520577,,,,Svejbæk,,,,bro,1.0,2,,"56.1182896, 9.6555351",way/902520577 way/902520578,ok,2026-09-24
k-way902524798,,,,Langå,,,,bro,1.0,1,,"56.3959119, 9.9096044",way/902524798,ok,2026-09-24
k-way902526056,,,,Kongsgård,,,,bro,1.0,1,,"55.6156406, 8.4678973",way/902526056,ok,2026-09-24
k-way902533901,,,,Varde,,,,bro,1.0,2,,"55.6182082, 8.4795595",way/902533901 way/902533902,ok,2026-09-24
k-way902538569,,,,Svejbæk,,,,bro,1.0,5,,"56.1285156, 9.6407689",way/902538569 way/902538570 way/902538571 way/902538572 way/904940768,ok,2026-09-24
k-way902540707,,,,Svejbæk,,,,bro,1.0,1,,"56.1263071, 9.6558704",way/902540707,ok,2026-09-24
k-way902540708,,,,Svejbæk,,,,bro,1.0,3,,"56.1266522, 9.6477458",way/902540708 way/902540709 way/902540710,ok,2026-09-24
k-way902540711,,,,Svejbæk,,,,bro,1.0,3,,"56.1281230, 9.6464194",way/902540711 way/902540712 way/902540713,ok,2026-09-24
k-way902545122,på kortet,,,Skanderborg,,,,bro,1.0,6,skanderborg-bybad,"56.0371418, 9.9320116",way/902545122 way/902545123 way/902545124 way/902545125 way/902545126 way/902545127,ok,2026-09-24
k-way902545128,på kortet,,,Skanderborg,,,,bro,1.0,1,skanderborg-bybad,"56.0360093, 9.9328800",way/902545128,ok,2026-09-24
k-way902545130,,,,Højdedraget,,,,bro,1.0,1,,"56.0320540, 9.9534093",way/902545130,ok,2026-09-24
k-way902545131,,,,Højdedraget,,,,bro,1.0,2,,"56.0332863, 9.9514514",way/902545131 way/902545132,ok,2026-09-24
k-way902545133,,,,Næsset,,,,bro,1.0,3,,"56.0342845, 9.9487921",way/902545133 way/902545134 way/902545135,ok,2026-09-24
k-way902548109,,,,Renderne,,,,bro,1.0,2,,"55.9701386, 8.1507600",way/902548109 way/902548110,ok,2026-09-24
k-way902552176,,,,Næsset,,,,bro,1.0,2,,"56.0402314, 9.9412389",way/902552176 way/902552177,ok,2026-09-24
k-way902552181,på kortet,,,Sølyst,,,,bro,1.0,3,skanderborg-roklub,"56.0434184, 9.9330740",way/902552181 way/902552182 way/902552183,ok,2026-09-24
k-way902552197,på kortet,,,Sølyst,,,,bro,1.0,6,skanderborg-roklub,"56.0413148, 9.9313924",way/902552197 way/902552198 way/902552199 way/902552200 way/902552201 way/902552202,ok,2026-09-24
k-way902553193,,,,Brande,,,,bro,1.0,1,,"55.9561801, 9.1625649",way/902553193,ok,2026-09-24
k-way902591150,,,,Vesterlundgårde,,,,bro,1.0,2,,"55.9363691, 9.3039095",way/902591150 way/902591151,ok,2026-09-24
k-way902617578,,,,Hvide Sande,,,,bro,1.0,13,,"56.0079416, 8.1320988",way/902617578 way/902617579 way/902617580 way/902617581 way/902617582 way/902617583 way/902626596 way/902626597 way/902626598 way/902626599 way/902626600 way/904929307 way/920857748,ok,2026-09-24
k-way902620731,,,,Rørbæk,,,,bro,1.0,1,,"55.9385054, 9.3532193",way/902620731,ok,2026-09-24
k-way902624567,,,,Nymindegab,,,,bro,1.0,1,,"55.8164576, 8.1906734",way/902624567,ok,2026-09-24
k-way902625522,,,,Langå,,,,bro,1.0,1,,"56.3840825, 9.9092644",way/902625522,ok,2026-09-24
k-way902625537,,,,Langå,,,,bro,1.0,2,,"56.3918361, 9.9070583",way/902625537 way/902625538,ok,2026-09-24
k-way902626589,,,,Hvide Sande,,,,bro,1.0,1,,"56.0117366, 8.1321424",way/902626589,ok,2026-09-24
k-way902627665,,,,Nymindegab,,,,bro,1.0,1,,"55.8126387, 8.1900475",way/902627665,ok,2026-09-24
k-way902627666,,,,Nymindegab,,,,bro,1.0,1,,"55.8113951, 8.1886755",way/902627666,ok,2026-09-24
k-way902894078,,,,Randers,,,,bro,1.0,2,,"56.4578451, 10.0116984",way/902894078 way/902933070,ok,2026-09-24
k-way902894079,,,,Tebbestrup Kær,,,,bro,1.0,1,,"56.4581011, 10.0056617",way/902894079,ok,2026-09-24
k-way902894081,,,,Tebbestrup Kær,,,,bro,1.0,1,,"56.4554972, 9.9884358",way/902894081,ok,2026-09-24
k-way902898490,,,,Tebbestrup Kær,,,,bro,1.0,1,,"56.4466960, 9.9730752",way/902898490,ok,2026-09-24
k-way902929341,,,,Randers,,,,bro,1.0,1,,"56.4577632, 10.0156472",way/902929341,ok,2026-09-24
k-way902974604,,,,Vejle,,,,bro,1.0,1,,"55.7057084, 9.5281989",way/902974604,ok,2026-09-24
k-way902975903,,,,Vejle,,,,bro,1.0,1,,"55.7031640, 9.5451987",way/902975903,ok,2026-09-24
k-way902982039,,,,Maribo,,,,bro,1.0,2,,"54.7651792, 11.4962774",way/902982039 way/902982040,ok,2026-09-24
k-way902982041,,,,Maribo,,,,bro,1.0,1,,"54.7612351, 11.4978535",way/902982041,ok,2026-09-24
k-way902986717,,,,Olstrup,,,,bro,1.0,1,,"54.7604499, 11.5625904",way/902986717,ok,2026-09-24
k-way902990949,,,,Olstrup,,,,bro,1.0,1,,"54.7612315, 11.5599639",way/902990949,ok,2026-09-24
k-way903016133,,,,Skovby,,,,bro,1.0,1,,"54.7455087, 11.5757310",way/903016133,ok,2026-09-24
k-way903022414,,,,Resenbro,,,,bro,1.0,2,,"56.1845067, 9.6476983",way/903022414 way/903022415,ok,2026-09-24
k-way903022416,,,,Resenbro,,,,bro,1.0,3,,"56.1834928, 9.6468074",way/903022416 way/903022417 way/903022418,ok,2026-09-24
k-way903022427,,,,Resenbro,,,,bro,1.0,4,,"56.1812228, 9.6402169",way/903022427 way/903022428 way/903022429 way/903022430,ok,2026-09-24
k-way903248858,,,,Maribo,,,,bro,1.0,2,,"54.7734083, 11.4973358",way/903248858 way/903248859,ok,2026-09-24
k-way903265147,,,,Emborg,,,,bro,1.0,1,,"56.0563158, 9.7505350",way/903265147,ok,2026-09-24
k-way903265148,,,,Emborg,,,,bro,1.0,2,,"56.0561098, 9.7648783",way/903265148 way/903265149,ok,2026-09-24
k-way903265150,,,,Emborg,,,,bro,1.0,1,,"56.0571090, 9.7662296",way/903265150,ok,2026-09-24
k-way903265151,,,,Fiskerhuse,,,,bro,1.0,1,,"56.0648546, 9.7681837",way/903265151,ok,2026-09-24
k-way903266037,,,,Refshale,,,,bro,1.0,1,,"54.7605377, 11.5151619",way/903266037,ok,2026-09-24
k-way903266038,,,,Refshale,,,,bro,1.0,1,,"54.7599127, 11.5125616",way/903266038,ok,2026-09-24
k-way903270362,,,,Sminge,,,,bro,1.0,1,,"56.2152466, 9.6702887",way/903270362,ok,2026-09-24
k-way903270363,,,,Sminge,,,,bro,1.0,1,,"56.2034465, 9.6545733",way/903270363,ok,2026-09-24
k-way903270364,,,,Sminge,,,,bro,1.0,1,,"56.2268011, 9.6693734",way/903270364,ok,2026-09-24
k-way903270365,,,,Sminge,,,,bro,1.0,1,,"56.2319454, 9.6725640",way/903270365,ok,2026-09-24
k-way903270366,,,,Sminge,,,,bro,1.0,1,,"56.2339484, 9.6718564",way/903270366,ok,2026-09-24
k-way903272162,,,,Hjallese,,,,bro,1.0,1,,"55.3613410, 10.3783929",way/903272162,ok,2026-09-24
k-way903272163,,,,Hjallese,,,,bro,1.0,7,,"55.3572884, 10.3713174",way/903272163 way/903272164 way/903272165 way/903272166 way/903272167 way/903272168 way/903272169,ok,2026-09-24
k-way903273448,,,,Sminge,,,,bro,1.0,1,,"56.2233578, 9.6689233",way/903273448,ok,2026-09-24
k-way903274067,,,,Auderød,,,,bro,1.0,1,,"55.9827654, 12.0602468",way/903274067,ok,2026-09-24
k-way903274658,,,,Sminge,,,,bro,1.0,1,,"56.2126066, 9.6725661",way/903274658,ok,2026-09-24
k-way903280809,,,,Fiskedamshuse,,,,bro,1.0,1,,"56.0037936, 12.4196005",way/903280809,ok,2026-09-24
k-way903280810,,,,Endrup,,,,bro,1.0,1,,"55.9915934, 12.3884958",way/903280810,ok,2026-09-24
k-way903280813,,,,Fiskedamshuse,,,,bro,1.0,1,,"56.0031608, 12.4146984",way/903280813,ok,2026-09-24
k-way903289704,,,,Grævlingehøj,,,,bro,1.0,1,,"55.9446345, 12.0659450",way/903289704,ok,2026-09-24
k-way903291317,,,,Jonstrup,,,,bro,1.0,2,,"56.0157626, 12.4150576",way/903291317 way/903293337,ok,2026-09-24
k-way903334190,,,,Ans,,,,bro,1.0,1,,"56.3139303, 9.6008276",way/903334190,ok,2026-09-24
k-way903334191,,,,Ans,,,,bro,1.0,1,,"56.3151340, 9.5979468",way/903334191,ok,2026-09-24
k-way903334192,,,,Ans,,,,bro,1.0,5,,"56.3176015, 9.5936836",way/903334192 way/903334193 way/903334194 way/903334195 way/903334196,ok,2026-09-24
k-way903334197,,,,Bøgedal,,,,bro,1.0,1,,"56.3130560, 9.6334627",way/903334197,ok,2026-09-24
k-way903337285,,,,Sankt Jørgensmark,,,,bro,1.0,1,,"55.3977827, 10.4145575",way/903337285,ok,2026-09-24
k-way903337286,,,,Sankt Jørgensmark,,,,bro,1.0,1,,"55.3994737, 10.4198655",way/903337286,ok,2026-09-24
k-way903337333,,,,Bøgedal,,,,bro,1.0,1,,"56.3104191, 9.6328915",way/903337333,ok,2026-09-24
k-way903339911,,,,Lille Lyngby,,,,bro,1.0,2,,"55.9520414, 12.1387127",way/903339911 way/903339912,ok,2026-09-24
k-way903355941,,,,Annisse,,,,bro,1.0,1,,"55.9766928, 12.1730353",way/903355941,ok,2026-09-24
k-way903356401,,,,Birkhede,,,,bro,1.0,3,,"56.1037647, 9.7250856",way/903356401 way/903356402 way/903356403,ok,2026-09-24
k-way903356404,,,,Birkhede,,,,bro,1.0,4,,"56.0956779, 9.7351407",way/903356404 way/903356405 way/903356406 way/903356407,ok,2026-09-24
k-way903356408,,,,Birkhede,,,,bro,1.0,2,,"56.0961012, 9.7332803",way/903356408 way/903356409,ok,2026-09-24
k-way903356410,,,,Birkhede,,,,bro,1.0,1,,"56.0963227, 9.7307623",way/903356410,ok,2026-09-24
k-way903374314,,,,Ejby,,,,bro,1.0,2,,"55.3998211, 10.4577682",way/903374314 way/903374315,ok,2026-09-24
k-way903636820,,,,Nødebo,,,,bro,1.0,2,,"55.9785961, 12.3544957",way/903636820 way/903767408,ok,2026-09-24
k-way903636821,,,,Nødebo,,,,bro,1.0,2,,"55.9772686, 12.3569705",way/903636821 way/903636822,ok,2026-09-24
k-way903636823,,,,Nødebo,,,,bro,1.0,1,,"55.9762970, 12.3585628",way/903636823,ok,2026-09-24
k-way903638423,,,,Ryebro,,,,bro,1.0,1,,"56.0566591, 9.7089876",way/903638423,ok,2026-09-24
k-way903647571,,,,Nordhuse,,,,bro,1.0,1,,"55.9897450, 12.0786990",way/903647571,ok,2026-09-24
k-way903648959,,,,Biskorup,,,,bro,1.0,3,,"55.4247369, 10.4376202",way/903648959 way/903648960 way/903648961,ok,2026-09-24
k-way903648962,,,,Seden,,,,bro,1.0,4,,"55.4258910, 10.4364134",way/903648962 way/903648963 way/903648964 way/903648965,ok,2026-09-24
k-way903648966,,,,Biskorup,,,,bro,1.0,5,,"55.4265616, 10.4341786",way/903648966 way/903648967 way/903648968 way/903648969 way/903997009,ok,2026-09-24
k-way903648970,,,,Stige,,,,bro,1.0,1,,"55.4349635, 10.4231739",way/903648970,ok,2026-09-24
k-way903651941,,,,Stenholtsvang,,,,bro,1.0,1,,"55.9693130, 12.3538799",way/903651941,ok,2026-09-24
k-way903657154,,,,Sørup,,,,bro,1.0,2,,"55.9669378, 12.3643887",way/903657154 way/903708648,ok,2026-09-24
k-way903665800,,,,Stenholtsvang,,,,bro,1.0,1,,"55.9670243, 12.3493751",way/903665800,ok,2026-09-24
k-way903683087,,,,Dalenborg,,,,bro,1.0,1,,"55.9799067, 12.1527330",way/903683087,ok,2026-09-24
k-way903684419,,,,Frederiksdal,,,,bro,1.0,6,,"55.7890866, 12.4450185",way/903684419 way/903684420 way/903684421 way/903684422 way/903685918 way/903685919,ok,2026-09-24
k-way903684423,,,,Frederiksdal,,,,bro,1.0,2,,"55.7906969, 12.4443421",way/903684423 way/903684424,ok,2026-09-24
k-way903684425,,,,Frederiksdal,,,,bro,1.0,5,,"55.7917645, 12.4431878",way/903684425 way/903684426 way/903684427 way/903684428 way/903684429,ok,2026-09-24
k-way903684430,,,,Frederiksdal,,,,bro,1.0,3,,"55.7929545, 12.4410869",way/903684430 way/903684431 way/903684432,ok,2026-09-24
k-way903684433,,,,Frederiksdal,,,,bro,1.0,2,,"55.7938298, 12.4396727",way/903684433 way/903684434,ok,2026-09-24
k-way903684435,,,,Frederiksdal,,,,bro,1.0,6,,"55.7946151, 12.4381753",way/903684435 way/903684436 way/903684437 way/903684438 way/903684439 way/903684440,ok,2026-09-24
k-way903685916,,,,Frederiksdal,,,,bro,1.0,1,,"55.7837454, 12.4364561",way/903685916,ok,2026-09-24
k-way903685917,,,,Frederiksdal,,,,bro,1.0,1,,"55.7837808, 12.4385106",way/903685917,ok,2026-09-24
k-way903688371,på kortet,,,Tange,,,,bro,1.0,1,tange-roklub,"56.3486065, 9.5822117",way/903688371,ok,2026-09-24
k-way903688375,,,,Tange,,,,bro,1.0,9,,"56.3508350, 9.5948648",way/903688375 way/903688376 way/903688377 way/903688378 way/903688379 way/903688380 way/903688381 way/903688382 way/903688383,ok,2026-09-24
k-way903699695,,,,Skærbæk,,,,bro,1.0,1,,"56.1729414, 9.6070059",way/903699695,ok,2026-09-24
k-way903699698,,,,Skærbæk,,,,bro,1.0,5,,"56.1753338, 9.6147670",way/903699698 way/903699699 way/903699700 way/903699702 way/903699703,ok,2026-09-24
k-way903699704,,,,Skærbæk,,,,bro,1.0,1,,"56.1758542, 9.6165774",way/903699704,ok,2026-09-24
k-way903702559,,,,Ramløse Sand,,,,bro,1.0,1,,"56.0160786, 12.0738851",way/903702559,ok,2026-09-24
k-way903702560,,,,Tisvilde Ry,,,,bro,1.0,1,,"56.0069812, 12.0690923",way/903702560,ok,2026-09-24
k-way903712796,,,,Vinstrup,,,,bro,1.0,1,,"55.3506229, 11.5977046",way/903712796,ok,2026-09-24
k-way903714668,,,,Søholt,,,,bro,1.0,3,,"56.1743971, 9.5817011",way/903714668 way/903714669 way/911122622,ok,2026-09-24
k-way903719168,,,,Holte,,,,bro,1.0,6,,"55.8080872, 12.4464315",way/903719168 way/903719169 way/903719170 way/903760563 way/903760564 way/903760565,ok,2026-09-24
k-way903719174,,,,Frederiksdal,,,,bro,1.0,1,,"55.7990087, 12.4333646",way/903719174,ok,2026-09-24
k-way903719175,,,,Frederiksdal,,,,bro,1.0,5,,"55.7979335, 12.4344503",way/903719175 way/903719176 way/903719177 way/903719178 way/903719179,ok,2026-09-24
k-way903720061,,,,Rudbøl,,,,bro,1.0,2,,"54.8990533, 8.7507913",way/903720061 way/903720062,ok,2026-09-24
k-way903758799,,,,Siltoft,,,,bro,1.0,9,,"54.9559329, 8.6856929",way/903758799 way/903758800 way/903758814 way/903758815 way/903758816 way/903758817 way/903758818 way/903758819 way/903758820,ok,2026-09-24
k-way903758807,,,,Siltoft,,,,bro,1.0,6,,"54.9548536, 8.6921043",way/903758807 way/903758808 way/903758809 way/903758810 way/903758811 way/903758813,ok,2026-09-24
k-way903760548,,,,Holte,,,,bro,1.0,3,,"55.8104620, 12.4545258",way/903760548 way/903760549 way/903768036,ok,2026-09-24
k-way903760550,,,,Holte,,,,bro,1.0,6,,"55.8103811, 12.4523648",way/903760550 way/903760551 way/903760552 way/903760553 way/903760554 way/903760555,ok,2026-09-24
k-way903760556,,,,Holte,,,,bro,1.0,5,,"55.8099289, 12.4499661",way/903760556 way/903760557 way/903760558 way/903760559 way/903760560,ok,2026-09-24
k-way903760561,,,,Holte,,,,bro,1.0,2,,"55.8093556, 12.4482811",way/903760561 way/903760562,ok,2026-09-24
k-way903767409,,,,Nødebo,,,,bro,1.0,1,,"55.9827976, 12.3501057",way/903767409,ok,2026-09-24
k-way903768030,,,,Holte,,,,bro,1.0,6,,"55.8109805, 12.4577652",way/903768030 way/903768031 way/903768032 way/903768033 way/903768034 way/903768035,ok,2026-09-24
k-way903779865,,,,Thorsminde,,,,bro,1.0,1,,"56.3718715, 8.1183670",way/903779865,ok,2026-09-24
k-way904001094,,,,Birkhede,,,,bro,1.0,4,,"56.1019091, 9.7237570",way/904001094 way/904001095 way/904001096 way/904001097,ok,2026-09-24
k-way904003356,,,,Vinstrup,,,,bro,1.0,1,,"55.3562913, 11.5804897",way/904003356,ok,2026-09-24
k-way904003357,,,,Tystrup,,,,bro,1.0,1,,"55.3642129, 11.5601307",way/904003357,ok,2026-09-24
k-way904009973,,,4,Thorsminde,,,,bro,1.0,1,,"56.3664776, 8.1207511",way/904009973,ok,2026-09-24
k-way904014994,,,,Gentofte,,,,bro,1.0,1,,"55.7487498, 12.5365575",way/904014994,ok,2026-09-24
k-way904027299,,,,Køge,,,,bro,1.0,1,,"55.4526766, 12.1843026",way/904027299,ok,2026-09-24
k-way904032812,,,,Ans,,,,bro,1.0,1,,"56.3194045, 9.5921916",way/904032812,ok,2026-09-24
k-way904040375,,,,Vinstrup,,,,bro,1.0,1,,"55.3550081, 11.5831008",way/904040375,ok,2026-09-24
k-way904041784,,,,Bistrup,,,,bro,1.0,7,,"55.8156375, 12.4285362",way/904041784 way/904041785 way/904041788 way/904041789 way/904041790 way/904041791 way/904041792,ok,2026-09-24
k-way904041786,,,,Bistrup,,,,bro,1.0,2,,"55.8155081, 12.4305759",way/904041786 way/904041787,ok,2026-09-24
k-way904041793,,,,Bistrup,,,,bro,1.0,3,,"55.8155917, 12.4266056",way/904041793 way/904041794 way/904041795,ok,2026-09-24
k-way904041796,,,,Bistrup,,,,bro,1.0,1,,"55.8153936, 12.4242828",way/904041796,ok,2026-09-24
k-way904041797,,,,Bistrup,,,,bro,1.0,2,,"55.8151039, 12.4221670",way/904041797 way/904041798,ok,2026-09-24
k-way904053235,,,,Ans,,,,bro,1.0,5,,"56.3137862, 9.5877730",way/904053235 way/904053236 way/904053237 way/904053256 way/904053257,ok,2026-09-24
k-way904053260,,,,Ans,,,,bro,1.0,1,,"56.3266009, 9.5743855",way/904053260,ok,2026-09-24
k-way904053261,,,,Høbjerg,,,,bro,1.0,1,,"56.3332681, 9.5752817",way/904053261,ok,2026-09-24
k-way904053267,,,,Tange,,,,bro,1.0,3,,"56.3419473, 9.5789667",way/904053267 way/904053268 way/904053269,ok,2026-09-24
k-way904058649,,,,Svejbæk,,,,bro,1.0,1,,"56.1264324, 9.6347543",way/904058649,ok,2026-09-24
k-way904058650,,,,Svejbæk,,,,bro,1.0,1,,"56.1262349, 9.6268826",way/904058650,ok,2026-09-24
k-way904058651,,,,Svejbæk,,,,bro,1.0,1,,"56.1269435, 9.6153854",way/904058651,ok,2026-09-24
k-way904088444,,,,Fjand,,,,bro,1.0,1,,"56.3399891, 8.1289954",way/904088444,ok,2026-09-24
k-way904096324,,,,Stavnsholt,,,,bro,1.0,1,,"55.8076090, 12.3879808",way/904096324,ok,2026-09-24
k-way904115148,,,,Gammel Laven,,,,bro,1.0,1,,"56.1216688, 9.7005190",way/904115148,ok,2026-09-24
k-way904135377,,,,Vestbirk,,,,bro,1.0,1,,"55.9670992, 9.7002955",way/904135377,ok,2026-09-24
k-way904135378,,,,Vestbirk,,,,bro,1.0,1,,"55.9715090, 9.7046889",way/904135378,ok,2026-09-24
k-way904135379,,,,Vestbirk,,,,bro,1.0,1,,"55.9704904, 9.7064885",way/904135379,ok,2026-09-24
k-way904591191,,,,Bramming,,,,bro,1.0,1,,"55.4709074, 8.7013070",way/904591191,ok,2026-09-24
k-way904713921,,,,Damhuse,,,,bro,1.0,1,,"55.5226134, 9.4602530",way/904713921,ok,2026-09-24
k-way904718439,,,,Sandbjerg,,,,bro,1.0,1,,"55.5389863, 9.4211146",way/904718439,ok,2026-09-24
k-way904904319,,,,Svejbæk,,,,bro,1.0,5,,"56.1310430, 9.6254036",way/904904319 way/904904320 way/904904321 way/904926492 way/920143922,ok,2026-09-24
k-way904904322,,,,Svejbæk,,,,bro,1.0,4,,"56.1316286, 9.6215396",way/904904322 way/904904323 way/904904324 way/904940770,ok,2026-09-24
k-way904904325,,,,Svejbæk,,,,bro,1.0,5,,"56.1318138, 9.6196130",way/904904325 way/904904326 way/904904327 way/904904328 way/904904329,ok,2026-09-24
k-way904904330,,,,Svejbæk,,,,bro,1.0,4,,"56.1320747, 9.6175518",way/904904330 way/904904331 way/904904332 way/904936416,ok,2026-09-24
k-way904955113,,,,Svejbæk,,,,bro,1.0,1,,"56.1269817, 9.6364455",way/904955113,ok,2026-09-24
k-way905027130,,,,Århusbakken,,,,bro,1.0,1,,"56.1748564, 9.5610986",way/905027130,ok,2026-09-24
k-way905027131,,,,Alderslyst,,,,bro,1.0,8,,"56.1768553, 9.5603735",way/905027131 way/905027145 way/905027146 way/905027147 way/905027148 way/905027150 way/905027151 way/905027152,ok,2026-09-24
k-way905027132,,,,Alderslyst,,,,bro,1.0,8,,"56.1756597, 9.5561869",way/905027132 way/905027133 way/905027134 way/905027135 way/905027138 way/905027139 way/905027140 way/905027141,ok,2026-09-24
k-way905027142,,,,Alderslyst,,,,bro,1.0,3,,"56.1762160, 9.5579223",way/905027142 way/905027143 way/905027144,ok,2026-09-24
k-way905027153,,,,Alderslyst,,,,bro,1.0,5,,"56.1767143, 9.5624369",way/905027153 way/905027154 way/905027155 way/905027156 way/905027157,ok,2026-09-24
k-way905027158,,,,Alderslyst,,,,bro,1.0,1,,"56.1771713, 9.5643356",way/905027158,ok,2026-09-24
k-way905027167,,,,Søholt,,,,bro,1.0,6,,"56.1765927, 9.5683034",way/905027167 way/905027169 way/905027170 way/905027171 way/905027172 way/905027173,ok,2026-09-24
k-way905027174,,,,Søholt,,,,bro,1.0,2,,"56.1759731, 9.5700244",way/905027174 way/905027175,ok,2026-09-24
k-way905031525,,,,Silkeborg,,,,bro,1.0,13,,"56.1678256, 9.5549664",way/905031525 way/905031526 way/905031527 way/905031528 way/905031529 way/905031530 way/905031531 way/905281665 way/905281667 way/905281668 way/905281669 way/905281670 way/905281671,ok,2026-09-24
k-way905031534,,,,Silkeborg,,,,bro,1.0,3,,"56.1716662, 9.5551907",way/905031534 way/905031535 way/905031536,ok,2026-09-24
k-way905031537,,,,Århusbakken,,,,bro,1.0,1,,"56.1726039, 9.5563639",way/905031537,ok,2026-09-24
k-way905281672,,,,Silkeborg,,,,bro,1.0,1,,"56.1665138, 9.5551752",way/905281672,ok,2026-09-24
k-way905281686,,,,Silkeborg,,,,bro,1.0,13,,"56.1640831, 9.5547671",way/905281686 way/905281687 way/905281688 way/905281689 way/905281690 way/905281691 way/905281692 way/905281693 way/905281694 way/905281695 way/905281696 way/905281697 way/905281698,ok,2026-09-24
k-way905281699,,,,Sydbyen,,,,bro,1.0,13,,"56.1631794, 9.5564777",way/905281699 way/905281700 way/905281701 way/905281702 way/905281703 way/905281704 way/905281705 way/905281706 way/905281707 way/905281708 way/905281709 way/905281710 way/905281711,ok,2026-09-24
k-way905281712,,,,Århusbakken,,,,bro,1.0,8,,"56.1627473, 9.5582668",way/905281712 way/905281713 way/905281714 way/905281715 way/905281716 way/905281717 way/905281718 way/905281719,ok,2026-09-24
k-way905296150,,,,Ramløse Søkrog,,,,bro,1.0,1,,"56.0019513, 12.1075910",way/905296150,ok,2026-09-24
k-way905296151,,,,Ramløse Bakker,,,,bro,1.0,2,,"55.9986264, 12.1269835",way/905296151 way/905296152,ok,2026-09-24
k-way905297136,,,,Fiskerhuse,,,,bro,1.0,3,,"56.0710085, 9.7688969",way/905297136 way/905297137 way/905297138,ok,2026-09-24
k-way905297139,,,,Fiskerhuse,,,,bro,1.0,2,,"56.0751786, 9.7614745",way/905297139 way/905297140,ok,2026-09-24
k-way905297145,,,,Ry,,,,bro,1.0,1,,"56.0789301, 9.7639629",way/905297145,ok,2026-09-24
k-way905297146,,,,Ry,,,,bro,1.0,3,,"56.0820577, 9.7614022",way/905297146 way/905297147 way/905297148,ok,2026-09-24
k-way905297149,,,,Ry,,,,bro,1.0,1,,"56.0831736, 9.7624180",way/905297149,ok,2026-09-24
k-way905297150,,,,Ry,,,,bro,1.0,4,,"56.0842875, 9.7621100",way/905297150 way/905297151 way/905297152 way/905297153,ok,2026-09-24
k-way905297154,,,,Ry,,,,bro,1.0,4,,"56.0862592, 9.7609720",way/905297154 way/905297155 way/905297156 way/905297157,ok,2026-09-24
k-way905297158,,,,Ry,,,,bro,1.0,7,,"56.0871953, 9.7599520",way/905297158 way/905297159 way/905297160 way/905297161 way/905325914 way/905325915 way/905325916,ok,2026-09-24
k-way905297162,,,,Ry,,,,bro,1.0,6,,"56.0885166, 9.7588986",way/905297162 way/905297163 way/905297164 way/905297165 way/905297166 way/905297167,ok,2026-09-24
k-way905297168,,,,Ry,,,,bro,1.0,6,,"56.0895120, 9.7569300",way/905297168 way/905297169 way/905297170 way/905297171 way/905297172 way/905297173,ok,2026-09-24
k-way905297174,,,,Ry,,,,bro,1.0,4,,"56.0906999, 9.7547568",way/905297174 way/905297175 way/905297176 way/905325913,ok,2026-09-24
k-way905297177,,,,Ry,,,,bro,1.0,4,,"56.0918065, 9.7545741",way/905297177 way/905297178 way/905297179 way/905297180,ok,2026-09-24
k-way905297182,,,,Ry,,,,bro,1.0,1,,"56.0929349, 9.7536039",way/905297182,ok,2026-09-24
k-way905297207,,,,Silkeborg,,,,bro,1.0,1,,"56.1715366, 9.5494245",way/905297207,ok,2026-09-24
k-way905297208,,,,Alderslyst,,,,bro,1.0,6,,"56.1754488, 9.5529279",way/905297208 way/905297209 way/905297210 way/905297211 way/905297212 way/905297213,ok,2026-09-24
k-way905297214,,,,Silkeborg,,,,bro,1.0,1,,"56.1748312, 9.5504820",way/905297214,ok,2026-09-24
k-way905369836,,,,Sejs,,,,bro,1.0,1,,"56.1315070, 9.6028000",way/905369836,ok,2026-09-24
k-way905369853,,,,Sejs,,,,bro,1.0,10,,"56.1351384, 9.6059569",way/905369853 way/905369854 way/905369855 way/905369856 way/905369857 way/905369858 way/905369859 way/905369861 way/905369862 way/908701797,ok,2026-09-24
k-way905369863,,,,Sejs,,,,bro,1.0,7,,"56.1356210, 9.6038112",way/905369863 way/905369864 way/905369865 way/905369866 way/905369867 way/905369868 way/905369869,ok,2026-09-24
k-way905369870,,,,Sejs,,,,bro,1.0,4,,"56.1361635, 9.6020928",way/905369870 way/905369871 way/905369872 way/905369873,ok,2026-09-24
k-way905382579,,,,Hattenæs,,,,bro,1.0,2,,"56.1476731, 9.5783087",way/905382579 way/905382588,ok,2026-09-24
k-way905384946,,,,Hattenæs,,,,bro,1.0,7,,"56.1414822, 9.5918339",way/905384946 way/905664997 way/905664999 way/905665000 way/905665001 way/905682216 way/908701801,ok,2026-09-24
k-way905384949,,,,Hattenæs,,,,bro,1.0,1,,"56.1439783, 9.5916345",way/905384949,ok,2026-09-24
k-way905664953,,,,Sejs,,,,bro,1.0,8,,"56.1372589, 9.5974464",way/905664953 way/905664954 way/905664955 way/905664956 way/905664957 way/905664958 way/905664959 way/905664960,ok,2026-09-24
k-way905664961,,,,Sejs,,,,bro,1.0,7,,"56.1382883, 9.5965933",way/905664961 way/905664962 way/905664963 way/905664964 way/905664965 way/905664966 way/905664967,ok,2026-09-24
k-way905664968,,,,Sejs,,,,bro,1.0,7,,"56.1390790, 9.5951324",way/905664968 way/905664969 way/905664970 way/905664971 way/908701799 way/944872767 way/944872768,ok,2026-09-24
k-way905664982,,,,Sejs,,,,bro,1.0,9,,"56.1385446, 9.5912796",way/905664982 way/905664983 way/905664984 way/905664985 way/905664986 way/905664988 way/905664989 way/905664990 way/908701800,ok,2026-09-24
k-way905664991,,,,Sejs,,,,bro,1.0,6,,"56.1398464, 9.5908365",way/905664991 way/905664992 way/905664993 way/905664994 way/905664995 way/905664996,ok,2026-09-24
k-way905669955,,,,Sejs,,,,bro,1.0,1,,"56.1300824, 9.5982686",way/905669955,ok,2026-09-24
k-way905669956,,,,Sejs,,,,bro,1.0,1,,"56.1298209, 9.5923884",way/905669956,ok,2026-09-24
k-way905682219,,,,Hattenæs,,,,bro,1.0,1,,"56.1445006, 9.5691026",way/905682219,ok,2026-09-24
k-way905682220,,,,Hattenæs,,,,bro,1.0,1,,"56.1452417, 9.5779410",way/905682220,ok,2026-09-24
k-way905682222,,,,Hattenæs,,,,bro,1.0,1,,"56.1454744, 9.5671352",way/905682222,ok,2026-09-24
k-way906794916,,,,Værløse,,,,bro,1.0,1,,"55.7774569, 12.3566587",way/906794916,ok,2026-09-24
k-way907518386,på kortet,,,Ebeltoft,,,,bro,1.0,1,ebeltoft-ro-og-kajakklub,"56.1940230, 10.6678725",way/907518386,ok,2026-09-24
k-way910312020,,,,Hvide Sande,,,,bro,1.0,5,,"55.9986239, 8.1292359",way/910312020 way/910312021 way/910312022 way/910312023 way/910312024,ok,2026-09-24
k-way911029908,,,,Lerbæk,,,,bro,1.0,2,,"57.0850102, 9.9833868",way/911029908 way/911029909,ok,2026-09-24
k-way911210131,,,,Dragør,,,,bro,1.0,1,,"55.5878874, 12.6773703",way/911210131,ok,2026-09-24
k-way913076575,,,,Assens,,,,bro,1.0,1,,"55.2703313, 9.8896700",way/913076575,ok,2026-09-24
k-way913076741,,,,Holte,,,,bro,1.0,4,,"55.8060142, 12.4645520",way/913076741 way/913076746 way/913076748 way/913076753,ok,2026-09-24
k-way913076751,,,,Holte,,,,bro,1.0,1,,"55.8065589, 12.4619688",way/913076751,ok,2026-09-24
k-way913717633,,,,Ballonparken,,,,bro,1.0,1,,"55.6594376, 12.5900249",way/913717633,ok,2026-09-24
k-way913743787,,,,Vissenbjerg,,,,bro,1.0,1,,"55.3796630, 10.1268171",way/913743787,ok,2026-09-24
k-way913762781,på kortet,,,Egå,,,,bro,1.0,1,egaa-marina-roklubben,"56.2090994, 10.2913382",way/913762781,ok,2026-09-24
k-way913772091,,,,Fredsted,,,,bro,1.0,1,,"55.2326296, 9.4213513",way/913772091,ok,2026-09-24
k-way914082600,,,,Sletten,,,,bro,1.0,5,,"55.9562472, 12.5367472",way/914082600 way/914082647 way/914082653 way/914082699 way/914082704,ok,2026-09-24
k-way914082613,,,,Humlebæk,,,,bro,1.0,5,,"55.9591517, 12.5391347",way/914082613 way/914082620 way/914082665 way/914082672 way/914082678,ok,2026-09-24
k-way914082621,,,,Vedbæk,,,,bro,1.0,4,,"55.8614821, 12.5631213",way/914082621 way/914082627 way/914082679 way/914082685,ok,2026-09-24
k-way914082629,,,,Sletten,,,,bro,1.0,6,,"55.9547575, 12.5359250",way/914082629 way/914082635 way/914082641 way/914082681 way/914082687 way/914082693,ok,2026-09-24
k-way914082639,,,,Frydenlund,,,,bro,1.0,3,,"55.8452050, 12.5733372",way/914082639 way/914082645 way/914082697,ok,2026-09-24
k-way914082650,,,,Sletten,,,,bro,1.0,1,,"55.9451472, 12.5293097",way/914082650,ok,2026-09-24
k-way914082651,,,,Vedbæk,,,,bro,1.0,1,,"55.8488691, 12.5740107",way/914082651,ok,2026-09-24
k-way914082660,,,,Hellerup,,,,bro,1.0,1,,"55.7348886, 12.5826468",way/914082660,ok,2026-09-24
k-way914082688,,,,Vedbæk,,,,bro,1.0,1,,"55.8558308, 12.5676644",way/914082688,ok,2026-09-24
k-way914222569,,,,Sorø,,,,bro,1.0,1,,"55.4464526, 11.5487898",way/914222569,ok,2026-09-24
k-way914340049,,,,Hellebæk,,,,bro,1.0,1,,"56.0788664, 12.5420298",way/914340049,ok,2026-09-24
k-way914340051,,,,Skotterup,,,,bro,1.0,1,,"56.0036394, 12.5773089",way/914340051,ok,2026-09-24
k-way914340053,,,,Hellebæk,,,,bro,1.0,1,,"56.0752561, 12.5488890",way/914340053,ok,2026-09-24
k-way914340059,,,,Hellebæk,,,,bro,1.0,4,,"56.0808044, 12.5368036",way/914340059 way/914340062 way/914340084 way/914340087,ok,2026-09-24
k-way914340065,,,,Hellebæk,,,,bro,1.0,2,,"56.0825017, 12.5303611",way/914340065 way/914340094,ok,2026-09-24
k-way914340067,,,,Skibstrup,,,,bro,1.0,2,,"56.0876652, 12.5118082",way/914340067 way/914340092,ok,2026-09-24
k-way914340068,,,,Snekkersten,,,,bro,1.0,2,,"56.0144490, 12.5985116",way/914340068 way/914340093,ok,2026-09-24
k-way914340076,,,,Højstrup,,,,bro,1.0,1,,"56.0543538, 12.5865813",way/914340076,ok,2026-09-24
k-way914340090,,,,Hellebæk,,,,bro,1.0,1,,"56.0813955, 12.5344573",way/914340090,ok,2026-09-24
k-way914568907,,,,Herskind,,,,bro,1.0,1,,"56.1798047, 9.9801421",way/914568907,ok,2026-09-24
k-way914622661,,,,Søndermarken,,,,bro,1.0,1,,"56.4366969, 9.4023828",way/914622661,ok,2026-09-24
k-way914639638,,,,Bremdal,,,,bro,1.0,1,,"56.5159330, 8.6177357",way/914639638,ok,2026-09-24
k-way914681289,,,,Snabe,,,,bro,1.0,1,,"55.2724616, 9.5933555",way/914681289,ok,2026-09-24
k-way914818618,,,,Gadehuse,,,,bro,1.0,1,,"55.2033897, 11.2466145",way/914818618,ok,2026-09-24
k-way914920862,,,,Haslev,,,,bro,1.0,1,,"55.3160111, 11.9530192",way/914920862,ok,2026-09-24
k-way915315686,,,,Bovns,,,,bro,1.0,1,,"56.1015305, 9.8257415",way/915315686,ok,2026-09-24
k-way915316869,på kortet,,,Bovns,,,,bro,1.0,1,ravnsoe,"56.1026923, 9.8248634",way/915316869,ok,2026-09-24
k-way915355938,,,,Øen Skovhuse,,,,bro,1.0,1,,"55.1228462, 12.0991081",way/915355938,ok,2026-09-24
k-way915412514,,,,Næsby,,,,bro,1.0,1,,"55.7873369, 11.8460522",way/915412514,ok,2026-09-24
k-way915438320,,,,Ryebro,,,,bro,1.0,1,,"56.0641007, 9.6464665",way/915438320,ok,2026-09-24
k-way915677523,,,,Hillerød,,,,bro,1.0,1,,"55.9368041, 12.3020964",way/915677523,ok,2026-09-24
k-way915680187,,,,Stubdrup,,,,bro,1.0,3,,"55.5366047, 9.4008056",way/915680187 way/915680188 way/930597662,ok,2026-09-24
k-way917248840,,,,Vostrup,,,,bro,1.0,1,,"55.9129913, 8.4056347",way/917248840,ok,2026-09-24
k-way917265922,,,,Hunderup,,,,bro,1.0,1,,"55.3893254, 10.3805471",way/917265922,ok,2026-09-24
k-way917470120,,,,Ny Frederiksdal,,,,bro,1.0,1,,"55.7675440, 12.4585962",way/917470120,ok,2026-09-24
k-way917470124,,,,Bagsværd,,,,bro,1.0,1,,"55.7665146, 12.4592725",way/917470124,ok,2026-09-24
k-way918094025,,,,Nørre Vorupør,,,,bro,1.0,1,,"56.9624295, 8.3607490",way/918094025,ok,2026-09-24
k-way918282207,,,,Holme-Olstrup,,,,bro,1.0,1,,"55.2592587, 11.8636531",way/918282207,ok,2026-09-24
k-way918603903,,,,Lautrupgård,,,,bro,1.0,1,,"55.7402460, 12.3785313",way/918603903,ok,2026-09-24
k-way918658947,,,,Farum,,,,bro,1.0,2,,"55.8067169, 12.3762591",way/918658947 way/918658948,ok,2026-09-24
k-way920647446,,,,Jels,,,,bro,1.0,4,,"55.3644896, 9.2159302",way/920647446 way/920647447 way/920647448 way/920647449,ok,2026-09-24
k-way920673907,,,,Slagslunde Overdrev,,,,bro,1.0,4,,"55.8253681, 12.2126633",way/920673907 way/920673908 way/920673909 way/920673910,ok,2026-09-24
k-way920673911,,,,Slagslunde Overdrev,,,,bro,1.0,1,,"55.8243190, 12.2148119",way/920673911,ok,2026-09-24
k-way921410133,,,,Hellebæk,,,,bro,1.0,1,,"56.0694295, 12.5602235",way/921410133,ok,2026-09-24
k-way921477776,,,,Nostrup,,,,bro,1.0,1,,"55.7023281, 11.0177578",way/921477776,ok,2026-09-24
k-way921584369,,,,Skovsgård,,,,bro,1.0,1,,"57.0811970, 9.4857111",way/921584369,ok,2026-09-24
k-way921590720,,,,Høsterkøb,,,,bro,1.0,1,,"55.8528082, 12.4824799",way/921590720,ok,2026-09-24
k-way921973684,,,,Virklund,,,,bro,1.0,1,,"56.1264567, 9.5570263",way/921973684,ok,2026-09-24
k-way922764737,,,,Rørby,,,,bro,1.0,2,,"55.6524721, 11.1637760",way/922764737 way/922764738,ok,2026-09-24
k-way922940899,,,,Frederiksberg,,,,bro,1.0,1,,"55.6746733, 12.5233105",way/922940899,ok,2026-09-24
k-way928744180,,,,Hvidbjerg,,,,bro,1.0,2,,"55.5479213, 8.1426229",way/928744180 way/928744181,ok,2026-09-24
k-way929584048,,,,Østergårde,,,,bro,1.0,2,,"56.7004724, 10.0563996",way/929584048 way/929584049,ok,2026-09-24
k-way929664048,,,,Bredstruplund,,,,bro,1.0,1,,"55.5899651, 9.6529358",way/929664048,ok,2026-09-24
k-way930496806,,,,Branderup,,,,bro,1.0,1,,"55.1231216, 9.0663341",way/930496806,ok,2026-09-24
k-way930601088,,,,Sølager,,,,bro,1.0,1,,"55.9487034, 11.8863991",way/930601088,ok,2026-09-24
k-way936122506,,,,Ørestad,,,,bro,1.0,1,,"55.6318577, 12.5807154",way/936122506,ok,2026-09-24
k-way938029990,,,,Karlslunde,,,,bro,1.0,1,,"55.5738319, 12.2647638",way/938029990,ok,2026-09-24
k-way93924747,,,,,,,,bro,1.0,1,,"55.3292177, 10.9675016",way/93924747,ok,2026-09-24
k-way93978079,,,,Skovhuse,,,,bro,1.0,1,,"55.0344867, 10.2611444",way/93978079,ok,2026-09-24
k-way941467638,,,,Ølstykke,,,,bro,1.0,1,,"55.7772492, 12.1887484",way/941467638,ok,2026-09-24
k-way943490048,,,Kramnitse Havn,Kramnitse,,,,havn,1.0,1,,"54.7074199, 11.2503135",way/943490048,ok,2026-09-24
k-way943501426,,,,Sydbyen,,,,bro,1.0,1,,"56.1547703, 9.5395699",way/943501426,ok,2026-09-24
k-way945888651,,,,Jystrup,,,,bro,1.0,1,,"55.5231983, 11.8625628",way/945888651,ok,2026-09-24
k-way945888653,,,,Jystrup,,,,bro,1.0,1,,"55.5215868, 11.8667256",way/945888653,ok,2026-09-24
k-way946558513,på kortet,,,Ballonparken,,,,bro,1.0,1,kalvebod-boelge,"55.6673382, 12.5723727",way/1087447052,ok,2026-09-24
k-way946632530,,,,Skåde Bakker,,,,bro,1.0,1,,"56.1127949, 10.2323507",way/946632530,ok,2026-09-24
k-way94697683,,,,Grønninghoved Strand,,,,bro,1.0,1,,"55.4095909, 9.5997110",way/94697683,ok,2026-09-24
k-way94697749,,,,Skibelund,,,,bro,1.0,1,,"55.4325474, 9.6414953",way/94697749,ok,2026-09-24
k-way94709741,,,,Nibe,,,,bro,1.0,3,,"56.9874500, 9.6334661",way/94709741 way/94709745 way/94709757,ok,2026-09-24
k-way949084833,,,,Brøndby Strand,,,,bro,1.0,1,,"55.6166428, 12.4046687",way/949084833,ok,2026-09-24
k-way95002469,,,,Korsør,,,,bro,1.0,1,,"55.3316240, 11.1259864",way/95002469,ok,2026-09-24
k-way953804116,,,,Geding,,,,bro,1.0,1,,"56.1975784, 10.0917088",way/953804116,ok,2026-09-24
k-way954038107,,,,Feldballe,,,,bro,1.0,1,,"56.2846059, 10.6025229",way/954038107,ok,2026-09-24
k-way954038108,,,,Feldballe,,,,bro,1.0,1,,"56.2887429, 10.6113856",way/954038108,ok,2026-09-24
k-way956028977,,,,Bigum,,,,bro,1.0,1,,"56.5400045, 9.6574334",way/956028977,ok,2026-09-24
k-way961361786,,,,Ørestad,,,,bro,1.0,2,,"55.6360783, 12.5776624",way/961361786 way/961361823,ok,2026-09-24
k-way962666761,,,,Haarby,,,,bro,1.0,1,,"55.2178039, 10.1176084",way/962666761,ok,2026-09-24
k-way963693810,,,,Brøndby Strand,,,,bro,1.0,1,,"55.6116086, 12.4002322",way/963693810,ok,2026-09-24
k-way963693815,,,,Ishøj,,,,bro,1.0,1,,"55.6058698, 12.3857970",way/963693815,ok,2026-09-24
k-way963693823,,,,Ishøj,,,,bro,1.0,2,,"55.6063259, 12.3822623",way/963693823 way/963693824,ok,2026-09-24
k-way964396353,,,,Ferring Strand,,,,bro,1.0,1,,"56.5395405, 8.1274099",way/964396353,ok,2026-09-24
k-way964415388,,,,Vrads,,,,bro,1.0,2,,"56.0135151, 9.4318017",way/964415388 way/964415389,ok,2026-09-24
k-way964642381,,,,Ballonparken,,,,bro,1.0,2,,"55.6639995, 12.5718320",way/964642381 way/966975977,ok,2026-09-24
k-way964775617,,,,Ribergårde,,,,bro,1.0,1,,"57.2704966, 9.6533010",way/964775617,ok,2026-09-24
k-way965439670,,,,Thyborøn,,,,bro,1.0,1,,"56.7079485, 8.2164053",way/965439670,ok,2026-09-24
k-way96634764,,,,Styrt-om,,,,bro,1.0,1,,"55.0239433, 9.4349126",way/96634764,ok,2026-09-24
k-way96707186,,,,Knudsker,,,,bro,1.0,2,,"55.1032976, 14.7286097",way/96707186 way/96707188,ok,2026-09-24
k-way967284928,,,,Eskov Strandpark,,,,bro,1.0,1,,"56.7879074, 9.1063217",way/967284928,ok,2026-09-24
k-way967297398,,,,Kødbyen,,,,bro,1.0,1,,"55.6598554, 12.5609332",way/967297398,ok,2026-09-24
k-way96753373,,,,Nysted,,,,bro,1.0,1,,"54.6552439, 11.7282095",way/96753373,ok,2026-09-24
k-way967593406,,,,Sletteren,,,,bro,1.0,1,,"54.9476626, 11.4710885",way/967593406,ok,2026-09-24
k-way967622346,,,,Kollund Strand,,,,bro,1.0,1,,"54.8383950, 9.4505853",way/967622346,ok,2026-09-24
k-way967641556,,,,Vemmingbund,,,,bro,1.0,1,,"54.9010339, 9.7049491",way/967641556,ok,2026-09-24
k-way968604317,,,,Møllesø,,,,bro,1.0,3,,"56.8859109, 10.2181596",way/968604317 way/968604318 way/968604319,ok,2026-09-24
k-way968605245,,,,Møllesø,,,,bro,1.0,1,,"56.8856205, 10.2212620",way/968605245,ok,2026-09-24
k-way969588442,,,,Sminge,,,,bro,1.0,1,,"56.2051158, 9.6553708",way/969588442,ok,2026-09-24
k-way969884524,,,,Strandby,,,,bro,1.0,2,,"55.4717213, 8.4242308",way/969884524 way/969884525,ok,2026-09-24
k-way969909845,,,,Sønderhav,,,,bro,1.0,1,,"54.8585126, 9.5066130",way/969909845,ok,2026-09-24
k-way970422463,,,,Søvang,,,,bro,1.0,2,,"55.5758944, 12.6317788",way/970422463 way/970422465,ok,2026-09-24
k-way970615586,på kortet,,,Højdedraget,,,,bro,1.0,1,skanderborg-junior-sejlklub,"56.0283990, 9.9591620",way/970615586,ok,2026-09-24
k-way970626205,,,,Lykkensspil,,,,bro,1.0,1,,"56.0219612, 9.5119006",way/970626205,ok,2026-09-24
k-way970874779,,,,Karrebæksminde,,,,bro,1.0,1,,"55.1761197, 11.6373907",way/970874779,ok,2026-09-24
k-way972216859,,,,Enø,,,,bro,1.0,1,,"55.1629351, 11.6613339",way/972216859,ok,2026-09-24
k-way972216860,,,,Enø,,,,bro,1.0,1,,"55.1613842, 11.6700073",way/972216860,ok,2026-09-24
k-way972783435,,,,Nyborg,,,,bro,1.0,1,,"55.3075219, 10.7934141",way/972783435,ok,2026-09-24
k-way97456948,,,,Stevningnor,,,,bro,1.0,2,,"54.9952546, 9.7920628",way/97456948 way/97456951,ok,2026-09-24
k-way97456950,,,,Stevningnor,,,,bro,1.0,1,,"54.9938266, 9.7908150",way/97456950,ok,2026-09-24
k-way974908267,,,,Ravnsbæk,,,,bro,1.0,1,,"55.7052723, 9.5844337",way/974908267,ok,2026-09-24
k-way975052063,,,,Korinth,,,,bro,1.0,1,,"55.1513401, 10.3189510",way/975052063,ok,2026-09-24
k-way975055139,,,,Korinth,,,,bro,1.0,1,,"55.1562655, 10.3176493",way/975055139,ok,2026-09-24
k-way975161248,,,,Korinth,,,,bro,1.0,1,,"55.1646242, 10.3128373",way/975161248,ok,2026-09-24
k-way975464297,,,,Mommark,,,,bro,1.0,1,,"54.9202363, 10.0444565",way/975464297,ok,2026-09-24
k-way975592136,,,,Karrebæksminde,,,,bro,1.0,1,,"55.1803926, 11.6542850",way/975592136,ok,2026-09-24
k-way977589831,,,,Sydstranden,,,,bro,1.0,1,,"55.5767189, 12.6357302",way/977589831,ok,2026-09-24
k-way978175050,,,,Kalvø,,,,bro,1.0,1,,"55.1204362, 9.4688054",way/978175050,ok,2026-09-24
k-way979669594,,,,Tjele,,,,bro,1.0,1,,"56.5199311, 9.5951045",way/979669594,ok,2026-09-24
k-way980076575,på kortet,,C,Sankt Agnes Huse,,,,bro,1.0,2,spot-9,"55.6528293, 12.0765299",way/980076575 way/980076577,ok,2026-09-24
k-way980076578,,,D,Sankt Agnes Huse,,,,bro,1.0,1,,"55.6533790, 12.0747189",way/980076578,ok,2026-09-24
k-way980123151,,,,Vrold,,,,bro,1.0,1,,"56.0219877, 9.8684164",way/980123151,ok,2026-09-24
k-way980123152,,,,Vrold,,,,bro,1.0,1,,"56.0224039, 9.8652430",way/980123152,ok,2026-09-24
k-way980123344,,,,Horndrup,,,,bro,1.0,1,,"56.0140962, 9.8801082",way/980123344,ok,2026-09-24
k-way983739142,,,,Strandholm,,,,bro,1.0,1,,"55.1273376, 10.1678865",way/983739142,ok,2026-09-24
k-way983739143,,,,Strandholm,,,,bro,1.0,1,,"55.1316770, 10.1637478",way/983739143,ok,2026-09-24
k-way983859754,,,,Landsbyen Sølund,,,,bro,1.0,1,,"56.0304454, 9.9235026",way/983859754,ok,2026-09-24
k-way984760675,,,,Nyborg,,,,bro,1.0,1,,"55.3205012, 10.8123752",way/984760675,ok,2026-09-24
k-way984760677,,,,Nyborg,,,,bro,1.0,1,,"55.3228666, 10.8114980",way/984760677,ok,2026-09-24
k-way984925326,,,,Nyborg,,,,bro,1.0,1,,"55.3175695, 10.8133697",way/984925326,ok,2026-09-24
k-way984944811,,,,Barakkerne,,,,bro,1.0,1,,"55.9313121, 11.9529848",way/984944811,ok,2026-09-24
k-way984944815,,,,Barakkerne,,,,bro,1.0,1,,"55.9294280, 11.9624557",way/984944815,ok,2026-09-24
k-way985632878,,,,Drejø By,,,,bro,1.0,1,,"54.9670705, 10.4108434",way/985632878,ok,2026-09-24
k-way98643455,,,,Mjels,,,,bro,1.0,1,,"55.0320047, 9.7091977",way/98643455,ok,2026-09-24
k-way98644886,,,,Holm,,,,bro,1.0,3,,"55.0421676, 9.7041233",way/98644886 way/98644887 way/98644897,ok,2026-09-24
k-way98649178,,,,Mjels,,,,bro,1.0,2,,"55.0319250, 9.7180542",way/98649178 way/98649180,ok,2026-09-24
k-way987944346,,,,Elsegårde,,,,bro,1.0,1,,"56.1690244, 10.7228315",way/987944346,ok,2026-09-24
k-way99325700,,,,Vejrholm,,,,bro,1.0,1,,"57.0633051, 10.0355336",way/99325700,ok,2026-09-24
k-way99483441,på kortet,,,Virksund,,,,bro,1.0,1,virksund-lystbaadhavn,"56.6098749, 9.2926969",way/99483441,ok,2026-09-24
k-way99483442,på kortet,,,Virksund,,,,bro,1.0,2,virksund-lystbaadhavn,"56.6086268, 9.2914957",way/99483442 way/99483444,ok,2026-09-24
k-way995650540,,,,Tebbestrup Kær,,,,bro,1.0,1,,"56.4505480, 9.9684834",way/995650540,ok,2026-09-24
k-way995924756,,,,Rø,,,,bro,1.0,1,,"55.2256985, 14.8948435",way/995924756,ok,2026-09-24
