tidspunkt,id,handling,fra,til,note
2026-09-24T15:03:22+02:00,,kørsel,,,"find.py: 4479 steder (4479 nye, 0 forsvundet fra OSM) · ikke vurderet: 4250, på kortet: 229"
2026-09-24T15:07:53+02:00,k-node12462905430,sat vurdering,,lovende,
2026-09-24T15:07:53+02:00,k-node12462905430,sat type,,flydebro,
2026-09-24T15:07:53+02:00,k-node12462905430,sat koordinater,,"56.1758946, 9.5338910",
2026-09-24T15:07:53+02:00,k-node12462905430,sat begrundelse,,Offentlig park med badested: lille flydebro ved stranden og stor træbro/platform ca. 50 m mod vest. Sø med læ. Grønt vand tæt på land kan betyde lavt vand/planter – tjek dybden.,
2026-09-24T15:07:53+02:00,k-node12463170005,sat vurdering,,lovende,
2026-09-24T15:07:53+02:00,k-node12463170005,sat type,,flydebro,
2026-09-24T15:07:53+02:00,k-node12463170005,sat koordinater,,"56.4574669, 10.0203167",
2026-09-24T15:07:53+02:00,k-node12463170005,sat begrundelse,,Kano- og kajakklub med flydebro langs Gudenåen (ca. 80–100 m bred) og endnu en flydebro i det lille bassin. Obs: strøm i åen.,
2026-09-24T15:07:53+02:00,k-node7216749113,sat vurdering,,måske,
2026-09-24T15:07:53+02:00,k-node7216749113,sat type,,flydebro,
2026-09-24T15:07:53+02:00,k-node7216749113,sat koordinater,,"56.5195731, 10.2316805",
2026-09-24T15:07:53+02:00,k-node7216749113,sat begrundelse,,"Lille flydebro (ca. 10–20 m) ved Voer Færgeleje på Randers Fjord. Åbent vand, men færgetrafik og mulig strøm.",
2026-09-24T15:07:53+02:00,k-way112503683,sat vurdering,,nej,
2026-09-24T15:07:53+02:00,k-way112503683,sat type,,flydebro,
2026-09-24T15:07:53+02:00,k-way112503683,sat begrundelse,,Tæt pakket lystbådehavn: flydebroerne er fyldt med både og sejlrenderne er smalle. Ikke plads til at pumpe.,
2026-09-24T15:07:53+02:00,k-way1461788304,sat vurdering,,lovende,
2026-09-24T15:07:53+02:00,k-way1461788304,sat type,,flydebro,
2026-09-24T15:07:53+02:00,k-way1461788304,sat koordinater,,"56.0204355, 9.5169792",
2026-09-24T15:07:53+02:00,k-way1461788304,sat begrundelse,,"Bryrup Søbad/vinterbad ved Kvindsø: flydebro i bue (58 m) og en separat flydebro (18 m). Rolig sø med mørkt, dybt vand ud for broerne.",
2026-09-24T15:07:53+02:00,k-node12452837486,sat vurdering,,måske,
2026-09-24T15:07:53+02:00,k-node12452837486,sat type,,flydebro,
2026-09-24T15:07:53+02:00,k-node12452837486,sat koordinater,,"56.1718065, 9.5750784",
2026-09-24T15:07:53+02:00,k-node12452837486,sat begrundelse,,Flydebro (41 m) ved Silkeborg Søcamping på Silkeborg Langsø. Broen går gennem et bælte med grønne planter langs bredden; adgang evt. kun for campinggæster.,
2026-09-24T15:07:53+02:00,k-node12455776386,sat vurdering,,nej,
2026-09-24T15:07:53+02:00,k-node12455776386,sat type,,flydebro,
2026-09-24T15:07:53+02:00,k-node12455776386,sat begrundelse,,Lille flydebro (11 m) i en smal kanal (ca. 15 m) med småbåde ved Randers Fjord. Ikke plads til at pumpe.,
2026-09-24T15:07:53+02:00,k-node12458500427,sat vurdering,,måske,
2026-09-24T15:07:53+02:00,k-node12458500427,sat type,,flydebro,
2026-09-24T15:07:53+02:00,k-node12458500427,sat koordinater,,"56.5348693, 10.2286323",
2026-09-24T15:07:53+02:00,k-node12458500427,sat begrundelse,,"Lille havn på Kanaløen med flydebro (38 m) i et bassin mod Randers Fjord. Vandet ser lavt/brunt ud, og fjorden kan have strøm.",
2026-09-24T15:09:01+02:00,k-node12463250730,sat vurdering,,måske,
2026-09-24T15:09:01+02:00,k-node12463250730,sat type,,flydebro,
2026-09-24T15:09:01+02:00,k-node12463250730,sat koordinater,,"56.5235426, 10.2241805",
2026-09-24T15:09:01+02:00,k-node12463250730,sat begrundelse,,"Flydebro (ca. 13 m) uden for Mellerup Lystbådehavn ud mod Randers Fjord, ved færgelejet. Åbent vand, men færgetrafik og mulig strøm.",
2026-09-24T15:09:01+02:00,k-node13007104563,sat vurdering,,måske,
2026-09-24T15:09:01+02:00,k-node13007104563,sat type,,bro,
2026-09-24T15:09:01+02:00,k-node13007104563,sat koordinater,,"56.1701291, 9.5546852",
2026-09-24T15:09:01+02:00,k-node13007104563,sat begrundelse,,"Kanocenter/kanoudlejning i Silkeborg Havn med lave broer, men smal og travl kanal med kanoer og turbåde.",
2026-09-24T15:09:01+02:00,k-node9788198881,sat vurdering,,nej,
2026-09-24T15:09:01+02:00,k-node9788198881,sat type,,flydebro,
2026-09-24T15:09:01+02:00,k-node9788198881,sat begrundelse,,"Lille flydebro ved vandtrappen i Bjerringbro, men Gudenåen er kun ca. 30–35 m bred her og har strøm.",
2026-09-24T15:09:01+02:00,k-way1028929626,sat vurdering,,lovende,
2026-09-24T15:09:01+02:00,k-way1028929626,sat type,,flydebro,
2026-09-24T15:09:01+02:00,k-way1028929626,sat koordinater,,"56.1975681, 10.6728337",
2026-09-24T15:09:01+02:00,k-way1028929626,sat begrundelse,,"Flydebro (35 m) i Ebeltoft Museumshavn (ved Fregatten Jylland). Stort, beskyttet bassin med dybt vand og få både. Tjek havnens regler.",
2026-09-24T15:09:01+02:00,k-way1210759488,sat vurdering,,lovende,
2026-09-24T15:09:01+02:00,k-way1210759488,sat type,,badebro,
2026-09-24T15:09:01+02:00,k-way1210759488,sat koordinater,,"56.0216382, 9.9267321",
2026-09-24T15:09:01+02:00,k-way1210759488,sat begrundelse,,"Søbad/vinterbad ved Skanderborg Sø med lang bro (ca. 75 m fast + flydende del i OSM). Åbent vand, men kan være vindudsat.",
2026-09-24T15:09:01+02:00,k-way1461482213,sat vurdering,,måske,
2026-09-24T15:09:01+02:00,k-way1461482213,sat type,,flydebro,
2026-09-24T15:09:01+02:00,k-way1461482213,sat koordinater,,"56.1149216, 9.4958068",
2026-09-24T15:09:01+02:00,k-way1461482213,sat begrundelse,,"Badested med lille flydebro ved Gjessø, men søen er lille (ca. 150 m) og ser ud til at have meget grøn vækst.",
2026-09-24T15:09:01+02:00,k-way165181333,sat vurdering,,måske,
2026-09-24T15:09:01+02:00,k-way165181333,sat type,,bro,
2026-09-24T15:09:01+02:00,k-way165181333,sat koordinater,,"55.9112588, 10.6440731",
2026-09-24T15:09:01+02:00,k-way165181333,sat begrundelse,,"Samsø Ro- og Kajakklub ved Langør Havn med bro ud i Stavns Fjord. Beskyttet vand, men ser lavt ud (lyst sandbund).",
2026-09-24T15:09:01+02:00,k-way487646319,sat vurdering,,måske,
2026-09-24T15:09:01+02:00,k-way487646319,sat type,,flydebro,
2026-09-24T15:09:01+02:00,k-way487646319,sat koordinater,,"56.1518063, 10.2505593",
2026-09-24T15:09:01+02:00,k-way487646319,sat begrundelse,,"Flydebro (67 m) i beskyttet bassin ved den tidligere vandflyveplads på Aarhus Ø. Adgang/tilladelse uklar, tæt på færgehavnen.",
2026-09-24T15:09:59+02:00,k-way979398306,sat vurdering,,lovende,
2026-09-24T15:09:59+02:00,k-way979398306,sat type,,flydebro,
2026-09-24T15:09:59+02:00,k-way979398306,sat koordinater,,"56.5227173, 9.5968077",
2026-09-24T15:09:59+02:00,k-way979398306,sat begrundelse,,"Stor flydeponton (ca. 15×30 m) ved bådudlejning/lejrplads på Tjele Langsø. Går ud forbi plantebæltet langs bredden til mørkt, dybt vand.",
2026-09-24T15:09:59+02:00,k-node11125618127,sat vurdering,,måske,
2026-09-24T15:09:59+02:00,k-node11125618127,sat type,,flydebro,
2026-09-24T15:09:59+02:00,k-node11125618127,sat koordinater,,"56.5206894, 10.2249986",
2026-09-24T15:09:59+02:00,k-node11125618127,sat begrundelse,,"Små flydebroer (7–13 m) ved Mellerup Færgeleje på en lang mole ud i Randers Fjord. Åbent vand, men færgetrafik og mulig strøm.",
2026-09-24T15:09:59+02:00,k-node11985904714,sat vurdering,,måske,
2026-09-24T15:09:59+02:00,k-node11985904714,sat type,,bro,
2026-09-24T15:09:59+02:00,k-node11985904714,sat koordinater,,"55.9110035, 10.2543086",
2026-09-24T15:09:59+02:00,k-node11985904714,sat begrundelse,,"Hou Kajak Klub ligger midt i en tæt pakket lystbådehavn. Klubben har sikkert en lav bro/slæbested, men der er lidt plads mellem bådene.",
2026-09-24T15:09:59+02:00,k-node12451134673,sat vurdering,,nej,
2026-09-24T15:09:59+02:00,k-node12451134673,sat type,,flydebro,
2026-09-24T15:09:59+02:00,k-node12451134673,sat begrundelse,,Kanolejrplads med lille flydebro på Gudenåen (ca. 45 m bred) med strøm og kanotrafik.,
2026-09-24T15:09:59+02:00,k-node12451307122,sat vurdering,,nej,
2026-09-24T15:09:59+02:00,k-node12451307122,sat type,,flydebro,
2026-09-24T15:09:59+02:00,k-node12451307122,sat begrundelse,,Kanolejrplads (Kjællinghøl) med flydebro på Gudenåen (ca. 50 m bred) med strøm og kanotrafik.,
2026-09-24T15:09:59+02:00,k-node12465038473,sat vurdering,,lovende,
2026-09-24T15:09:59+02:00,k-node12465038473,sat type,,flydebro,
2026-09-24T15:09:59+02:00,k-node12465038473,sat koordinater,,"56.1714961, 9.5793524",
2026-09-24T15:09:59+02:00,k-node12465038473,sat begrundelse,,Flydebro (72 m) ud gennem plantebæltet til dybt vand på Silkeborg Langsø. Stor sø med læ. Tjek adgang.,
2026-09-24T15:09:59+02:00,k-node9767117205,sat vurdering,,måske,
2026-09-24T15:09:59+02:00,k-node9767117205,sat type,,flydebro,
2026-09-24T15:09:59+02:00,k-node9767117205,sat koordinater,,"56.4558903, 10.0344674",
2026-09-24T15:09:59+02:00,k-node9767117205,sat begrundelse,,"Lange flydebroer (32 m og 97 m) på Gudenåen midt i Randers ved Randers Regnskov. Åen er ca. 100 m bred her, men har strøm og en jernbanebro tæt ved.",
2026-09-24T15:09:59+02:00,k-way1010491705,sat vurdering,,måske,
2026-09-24T15:09:59+02:00,k-way1010491705,sat type,,flydebro,
2026-09-24T15:09:59+02:00,k-way1010491705,sat koordinater,,"56.0301032, 9.4879074",
2026-09-24T15:09:59+02:00,k-way1010491705,sat begrundelse,,"Lille flydebro (18 m) ved en større institution/lejrskole ved en skovsø nær Vesterhåb. Dybt, roligt vand, men adgang er uklar.",
2026-09-24T15:11:00+02:00,k-way1085741302,sat vurdering,,måske,
2026-09-24T15:11:00+02:00,k-way1085741302,sat type,,flydebro,
2026-09-24T15:11:00+02:00,k-way1085741302,sat koordinater,,"56.1527636, 10.6877942",
2026-09-24T15:11:00+02:00,k-way1085741302,sat begrundelse,,"Flydebro ved boligområdet Ebeltoft Øer med roligt lagunevand, men området er sandsynligvis privat (beboernes bådpladser).",
2026-09-24T15:11:00+02:00,k-way1104805047,sat vurdering,,måske,
2026-09-24T15:11:00+02:00,k-way1104805047,sat type,,flydebro,
2026-09-24T15:11:00+02:00,k-way1104805047,sat koordinater,,"56.1719725, 9.5430517",
2026-09-24T15:11:00+02:00,k-way1104805047,sat begrundelse,,"Flydebro (34 m) på en halvø i Silkeborg Langsø ud til dybere vand, men der er meget grøn vækst langs bredden.",
2026-09-24T15:11:00+02:00,k-way1113008429,sat vurdering,,nej,
2026-09-24T15:11:00+02:00,k-way1113008429,sat type,,flydebro,
2026-09-24T15:11:00+02:00,k-way1113008429,sat begrundelse,,Færgelejet i Sælvig Havn (Samsø) – broen er til færgen.,
2026-09-24T15:11:00+02:00,k-way1131989855,sat vurdering,,lovende,
2026-09-24T15:11:00+02:00,k-way1131989855,sat type,,flydebro,
2026-09-24T15:11:00+02:00,k-way1131989855,sat koordinater,,"56.1700246, 9.5461114",
2026-09-24T15:11:00+02:00,k-way1131989855,sat begrundelse,,"Offentlig flydebro (19 m) ved promenaden i Silkeborg by ud i Silkeborg Langsø. Dybt vand og masser af plads, men turbådstrafik.",
2026-09-24T15:11:00+02:00,k-way1206798472,sat vurdering,,måske,
2026-09-24T15:11:00+02:00,k-way1206798472,sat type,,flydebro,
2026-09-24T15:11:00+02:00,k-way1206798472,sat koordinater,,"56.4472852, 9.4136446",
2026-09-24T15:11:00+02:00,k-way1206798472,sat begrundelse,,"Små flydebroer (6–7 m) ved en institution ved Viborg Søndersø. Stor, dyb sø, men adgang er uklar.",
2026-09-24T15:11:00+02:00,k-way1210750801,sat vurdering,,måske,
2026-09-24T15:11:00+02:00,k-way1210750801,sat type,,flydebro,
2026-09-24T15:11:00+02:00,k-way1210750801,sat koordinater,,"56.0189721, 9.8989806",
2026-09-24T15:11:00+02:00,k-way1210750801,sat begrundelse,,"Lang flydebro (62 m) ved Vrold. Luftfotoet er fra vinter med is på søen, så vand og dybde kan ikke vurderes.",
2026-09-24T15:11:00+02:00,k-way1216068925,sat vurdering,,nej,
2026-09-24T15:11:00+02:00,k-way1216068925,sat type,,andet,
2026-09-24T15:11:00+02:00,k-way1216068925,sat begrundelse,,OSM-objektet ligger i en baggård midt i Aarhus – der er ikke noget vand.,
2026-09-24T15:11:00+02:00,k-way1224502551,sat vurdering,,nej,
2026-09-24T15:11:00+02:00,k-way1224502551,sat type,,flydebro,
2026-09-24T15:11:00+02:00,k-way1224502551,sat begrundelse,,"Lille flydebro (4 m) skjult under træer ved en skovsø nær Løndal. For lille, og sandsynligvis privat eller til fiskeri.",
2026-09-24T15:11:56+02:00,k-way1246254253,sat vurdering,,måske,
2026-09-24T15:11:56+02:00,k-way1246254253,sat type,,flydebro,
2026-09-24T15:11:56+02:00,k-way1246254253,sat koordinater,,"56.1588198, 10.2168406",
2026-09-24T15:11:56+02:00,k-way1246254253,sat begrundelse,,"Flydebro (38 m) i en smal kanal (ca. 35 m) mellem bygningerne på Aarhus Ø, med forbindelse til havnebassinet.",
2026-09-24T15:11:56+02:00,k-way1273625636,sat vurdering,,lovende,
2026-09-24T15:11:56+02:00,k-way1273625636,sat type,,flydebro,
2026-09-24T15:11:56+02:00,k-way1273625636,sat koordinater,,"56.1540265, 10.2153083",
2026-09-24T15:11:56+02:00,k-way1273625636,sat begrundelse,,"Lang flydebro (95 m) langs kajen ved Dokk1 i Aarhus inderhavn. Stort, beskyttet og dybt bassin. Tjek havnens regler og bådtrafik.",
2026-09-24T15:11:56+02:00,k-way1358368775,sat vurdering,,nej,
2026-09-24T15:11:56+02:00,k-way1358368775,sat type,,flydebro,
2026-09-24T15:11:56+02:00,k-way1358368775,sat begrundelse,,Lille flydebro (6 m) i en landsbydam (ca. 50 m) i Feldballe. Alt for lille.,
2026-09-24T15:11:56+02:00,k-way1461482211,sat vurdering,,måske,
2026-09-24T15:11:56+02:00,k-way1461482211,sat type,,flydebro,
2026-09-24T15:11:56+02:00,k-way1461482211,sat koordinater,,"56.1137091, 9.4963529",
2026-09-24T15:11:56+02:00,k-way1461482211,sat begrundelse,,Flydebro (51 m) og en lille ponton midt i søen ved Gjessø. Søen er lille (ca. 150–200 m) med meget grøn vækst. Samme sø som Gjersø Nord.,
2026-09-24T15:11:56+02:00,k-way623355681,sat vurdering,,nej,
2026-09-24T15:11:56+02:00,k-way623355681,sat type,,flydebro,
2026-09-24T15:11:56+02:00,k-way623355681,sat begrundelse,,Korte flydebro-fingre mellem bådene i den sydlige del af Egå Marina. Tæt pakket. Roklubbens spot (på kortet) ligger ca. 250 m mod nord.,
2026-09-24T15:11:56+02:00,k-way876243683,sat vurdering,,måske,
2026-09-24T15:11:56+02:00,k-way876243683,sat type,,flydebro,
2026-09-24T15:11:56+02:00,k-way876243683,sat koordinater,,"56.1526648, 10.2144313",
2026-09-24T15:11:56+02:00,k-way876243683,sat begrundelse,,Flydebroer (16–17 m) på sydsiden af Dokk1 ved Aarhus Å's udløb. Bassinet er mindre og tæt på en bro og en kanal.,
2026-09-24T15:11:56+02:00,k-way903714667,sat vurdering,,måske,
2026-09-24T15:11:56+02:00,k-way903714667,sat type,,flydebro,
2026-09-24T15:11:56+02:00,k-way903714667,sat koordinater,,"56.1750787, 9.5883786",
2026-09-24T15:11:56+02:00,k-way903714667,sat begrundelse,,"Flydebro (38 m) gennem rørskoven til dybt vand på Silkeborg Langsø, men den ligger ved Silkeborg rensningsanlæg.",
2026-09-24T15:11:56+02:00,k-node4591728061,sat vurdering,,nej,
2026-09-24T15:11:56+02:00,k-node4591728061,sat type,,bro,
2026-09-24T15:11:56+02:00,k-node4591728061,sat begrundelse,,Kanoudlejning ved Aarhus Å i Mølleparken. Åen er kun ca. 10 m bred.,
2026-09-24T15:12:58+02:00,k-way1302746439,sat vurdering,,nej,
2026-09-24T15:12:58+02:00,k-way1302746439,sat type,,andet,
2026-09-24T15:12:58+02:00,k-way1302746439,sat begrundelse,,Lille dam (ca. 150 m) med en ø ved Hegedal. Der er ingen synlig bro.,
2026-09-24T15:12:58+02:00,k-way388804314,sat vurdering,,nej,
2026-09-24T15:12:58+02:00,k-way388804314,sat type,,slæbested,
2026-09-24T15:12:58+02:00,k-way388804314,sat begrundelse,,Kanoopsamlingsplads ved Kongensbro på Gudenåen (ca. 40 m bred) med strøm.,
2026-09-24T15:12:58+02:00,k-node12946590618,sat vurdering,,nej,
2026-09-24T15:12:58+02:00,k-node12946590618,sat type,,andet,
2026-09-24T15:12:58+02:00,k-node12946590618,sat begrundelse,,Kano- og shelterplads ved et smalt vandløb (ca. 10 m) ved Nim.,
2026-09-24T15:12:58+02:00,k-node13283191791,sat vurdering,,lovende,
2026-09-24T15:12:58+02:00,k-node13283191791,sat type,,bro,
2026-09-24T15:12:58+02:00,k-node13283191791,sat koordinater,,"56.0242506, 9.9042948",
2026-09-24T15:12:58+02:00,k-node13283191791,sat begrundelse,,Kajakklub ved Vrold med en 79 m lang bro og en platform for enden ud i en stor sø.,
2026-09-24T15:12:58+02:00,k-way1055356670,sat vurdering,,måske,
2026-09-24T15:12:58+02:00,k-way1055356670,sat type,,flydebro,
2026-09-24T15:12:58+02:00,k-way1055356670,sat koordinater,,"56.1752580, 9.5319112",
2026-09-24T15:12:58+02:00,k-way1055356670,sat begrundelse,,"Kajakpolobane med flydende gangbroer i Sølystparken (samme område som k-node12462905430). Grønt vand, som kan være lavt eller have planter.",
2026-09-24T15:12:58+02:00,k-way1368848451,sat vurdering,,nej,
2026-09-24T15:12:58+02:00,k-way1368848451,sat type,,bro,
2026-09-24T15:12:58+02:00,k-way1368848451,sat begrundelse,,Kajakhotel ved Aarhus Å. Åen er kun ca. 10 m bred.,
2026-09-24T15:12:58+02:00,k-way65973881,sat vurdering,,nej,
2026-09-24T15:12:58+02:00,k-way65973881,sat type,,andet,
2026-09-24T15:12:58+02:00,k-way65973881,sat begrundelse,,Kanoteltplads ved en smal del af Gudenåen (ca. 30 m) med strøm.,
2026-09-24T15:12:58+02:00,k-node10570927403,sat vurdering,,nej,
2026-09-24T15:12:58+02:00,k-node10570927403,sat type,,andet,
2026-09-24T15:12:58+02:00,k-node10570927403,sat begrundelse,,"Padel-tennis (Pakhus77), ikke kajak – fejl i søgningen, som nu er rettet.",
2026-09-24T15:13:53+02:00,k-node11987760389,sat vurdering,,nej,
2026-09-24T15:13:53+02:00,k-node11987760389,sat type,,andet,
2026-09-24T15:13:53+02:00,k-node11987760389,sat begrundelse,,Kanogården ved Hvornum er en gård/kanoudlejning uden vand på stedet.,
2026-09-24T15:13:53+02:00,k-node12450602714,sat vurdering,,nej,
2026-09-24T15:13:53+02:00,k-node12450602714,sat type,,andet,
2026-09-24T15:13:53+02:00,k-node12450602714,sat begrundelse,,Kanolejrplads ved Gudenåen nær Alling uden synlig bro. Kun bred mellem træerne.,
2026-09-24T15:13:53+02:00,k-node13854313811,sat vurdering,,lovende,
2026-09-24T15:13:53+02:00,k-node13854313811,sat type,,badebro,
2026-09-24T15:13:53+02:00,k-node13854313811,sat koordinater,,"56.1520793, 9.5426229",
2026-09-24T15:13:53+02:00,k-node13854313811,sat begrundelse,,"Vestre Søbad (Silkeborg) med to ringformede badebroer ud i en dyb, mørk skovsø. Masser af plads rundt om ringene.",
2026-09-24T15:13:53+02:00,k-node3315493044,sat vurdering,,lovende,
2026-09-24T15:13:53+02:00,k-node3315493044,sat type,,badebro,
2026-09-24T15:13:53+02:00,k-node3315493044,sat koordinater,,"56.3339655, 9.5761890",
2026-09-24T15:13:53+02:00,k-node3315493044,sat begrundelse,,"Tange Søbad/vinterbad med en 41 m lang bro ud i Tange Sø. Stor sø med dybt, mørkt vand.",
2026-09-24T15:13:53+02:00,k-node7187223502,sat vurdering,,nej,
2026-09-24T15:13:53+02:00,k-node7187223502,sat type,,andet,
2026-09-24T15:13:53+02:00,k-node7187223502,sat begrundelse,,Kano- og pedalbåde inde i Djurs Sommerland (forlystelsespark).,
2026-09-24T15:13:53+02:00,k-node9652884184,sat vurdering,,nej,
2026-09-24T15:13:53+02:00,k-node9652884184,sat type,,andet,
2026-09-24T15:13:53+02:00,k-node9652884184,sat begrundelse,,"Padelcenter, ikke kajak – fejl i søgningen, som nu er rettet.",
2026-09-24T15:13:53+02:00,k-relation18469565,sat vurdering,,nej,
2026-09-24T15:13:53+02:00,k-relation18469565,sat type,,andet,
2026-09-24T15:13:53+02:00,k-relation18469565,sat begrundelse,,"Kano- og kajakrute (hele Gudenå-ruten), ikke et sted. Ruter sorteres nu fra i søgningen.",
2026-09-24T15:13:53+02:00,k-relation18473955,sat vurdering,,nej,
2026-09-24T15:13:53+02:00,k-relation18473955,sat type,,andet,
2026-09-24T15:13:53+02:00,k-relation18473955,sat begrundelse,,"Kano- og kajakrute (Nørreå), ikke et sted. Ruter sorteres nu fra i søgningen.",
2026-09-24T15:14:49+02:00,k-way1098071408,sat vurdering,,nej,
2026-09-24T15:14:49+02:00,k-way1098071408,sat type,,andet,
2026-09-24T15:14:49+02:00,k-way1098071408,sat begrundelse,,"Dyrhøj kanonstilling er en gammel kanonstilling, ikke kano – fejl i søgningen, som nu er rettet.",
2026-09-24T15:14:49+02:00,k-way1233522680,sat vurdering,,nej,
2026-09-24T15:14:49+02:00,k-way1233522680,sat type,,andet,
2026-09-24T15:14:49+02:00,k-way1233522680,sat begrundelse,,"Padel-tennis, ikke kajak – fejl i søgningen, som nu er rettet.",
2026-09-24T15:14:49+02:00,k-way255007997,sat vurdering,,måske,
2026-09-24T15:14:49+02:00,k-way255007997,sat type,,strand,
2026-09-24T15:14:49+02:00,k-way255007997,sat koordinater,,"56.1175011, 10.2284652",
2026-09-24T15:14:49+02:00,k-way255007997,sat begrundelse,,"Kajakklubben Viking ved stranden i Højbjerg (Aarhus Bugt). Ingen bro på luftfotoet, kun strand – mest til beach- eller jumpstart.",
2026-09-24T15:14:49+02:00,k-way286588886,sat vurdering,,måske,
2026-09-24T15:14:49+02:00,k-way286588886,sat type,,strand,
2026-09-24T15:14:49+02:00,k-way286588886,sat koordinater,,"55.9763134, 10.2535648",
2026-09-24T15:14:49+02:00,k-way286588886,sat begrundelse,,Odder Roklub ligger i sommerhusområdet ved Saksild Strand. Ingen bro på luftfotoet. Tjek om klubben sætter en sæsonbro ud.,
2026-09-24T15:14:49+02:00,k-way512140100,sat vurdering,,nej,
2026-09-24T15:14:49+02:00,k-way512140100,sat type,,andet,
2026-09-24T15:14:49+02:00,k-way512140100,sat begrundelse,,Kanorasteplads ved et smalt vandløb (øvre Gudenå) nær Bredvadmølle.,
2026-09-24T15:14:49+02:00,k-way635558206,sat vurdering,,nej,
2026-09-24T15:14:49+02:00,k-way635558206,sat type,,andet,
2026-09-24T15:14:49+02:00,k-way635558206,sat begrundelse,,"Padel-tennis, ikke kajak – fejl i søgningen, som nu er rettet.",
2026-09-24T15:14:49+02:00,k-way89697309,sat vurdering,,måske,
2026-09-24T15:14:49+02:00,k-way89697309,sat type,,strand,
2026-09-24T15:14:49+02:00,k-way89697309,sat koordinater,,"56.1258591, 10.2168259",
2026-09-24T15:14:49+02:00,k-way89697309,sat begrundelse,,"Marselisborg Kajak Club ved stranden syd for Aarhus. Ingen tydelig bro på luftfotoet, kun strand og små høfder.",
2026-09-24T15:14:49+02:00,k-way956028975,sat vurdering,,lovende,
2026-09-24T15:14:49+02:00,k-way956028975,sat type,,badebro,
2026-09-24T15:14:49+02:00,k-way956028975,sat koordinater,,"56.5394439, 9.6554232",
2026-09-24T15:14:49+02:00,k-way956028975,sat begrundelse,,Bigum Søbad/vinterbad med en 61 m lang bro ud forbi rørskoven til åbent vand i en stor sø.,
2026-09-24T15:16:06+02:00,k-way97089886,sat vurdering,,nej,
2026-09-24T15:16:06+02:00,k-way97089886,sat type,,andet,
2026-09-24T15:16:06+02:00,k-way97089886,sat begrundelse,,"Vejnavn (Kajakvej) i et sommerhusområde – fejl i søgningen, som nu er rettet.",
2026-09-24T15:16:06+02:00,k-node8647487065,sat vurdering,,lovende,
2026-09-24T15:16:06+02:00,k-node8647487065,sat type,,badebro,
2026-09-24T15:16:06+02:00,k-node8647487065,sat koordinater,,"56.2576091, 9.4883010",
2026-09-24T15:16:06+02:00,k-node8647487065,sat begrundelse,,"Hinge Søbad/vinterbad med broer (19 m og 27 m) og badeplatform ud i Hinge Sø. Mørkt, dybt vand og en skovkant, der giver læ.",
2026-09-24T15:16:06+02:00,k-way1027655360,sat vurdering,,måske,
2026-09-24T15:16:06+02:00,k-way1027655360,sat type,,badebro,
2026-09-24T15:16:06+02:00,k-way1027655360,sat koordinater,,"56.1900958, 10.6668043",
2026-09-24T15:16:06+02:00,k-way1027655360,sat begrundelse,,"Havbadet Ebeltoft Skudehavn med en 77 m lang bro ud forbi molen til åben bugt. Klart, dybt vand, men udsat for vind og bølger.",
2026-09-24T15:16:06+02:00,k-way1063419644,sat vurdering,,måske,
2026-09-24T15:16:06+02:00,k-way1063419644,sat type,,badebro,
2026-09-24T15:16:06+02:00,k-way1063419644,sat koordinater,,"56.1281821, 9.5574445",
2026-09-24T15:16:06+02:00,k-way1063419644,sat begrundelse,,"Thorsøbadet (vinterbad) med en 22 m lang bro ud i Thorsø i Silkeborg. Mørkt vand, men søen er lille (ca. 300 m) og der er mange private broer rundt om.",
2026-09-24T15:16:06+02:00,k-node10814063246,sat vurdering,,måske,
2026-09-24T15:16:06+02:00,k-node10814063246,sat type,,andet,
2026-09-24T15:16:06+02:00,k-node10814063246,sat koordinater,,"56.1636222, 10.2247015",
2026-09-24T15:16:06+02:00,k-node10814063246,sat begrundelse,,"Vinterbadeklub ved et rundt bassin på Aarhus Ø. Beskyttet havnevand, men ingen tydelig lav bro på luftfotoet. Tjek havnebadets forhold.",
2026-09-24T15:16:06+02:00,k-node11013955253,sat vurdering,,måske,
2026-09-24T15:16:06+02:00,k-node11013955253,sat type,,bro,
2026-09-24T15:16:06+02:00,k-node11013955253,sat koordinater,,"56.2213801, 10.7409963",
2026-09-24T15:16:06+02:00,k-node11013955253,sat begrundelse,,"Dråby Strand ved campingpladsen med en 55 m lang bro ud i Ebeltoft Vig. Åbent, lavt og klart vand – bølger ved vind.",
2026-09-24T15:16:06+02:00,k-node13907934389,sat vurdering,,måske,
2026-09-24T15:16:06+02:00,k-node13907934389,sat type,,bro,
2026-09-24T15:16:06+02:00,k-node13907934389,sat koordinater,,"55.9492902, 10.4531279",
2026-09-24T15:16:06+02:00,k-node13907934389,sat begrundelse,,"Tunø Bådehavn: lange broer (167 m og 210 m) i et lille, beskyttet havnebassin. Badestranden ved siden af har ingen bro.",
2026-09-24T15:16:06+02:00,k-node13980034108,sat vurdering,,måske,
2026-09-24T15:16:06+02:00,k-node13980034108,sat type,,bro,
2026-09-24T15:16:06+02:00,k-node13980034108,sat koordinater,,"56.4677453, 9.4329908",
2026-09-24T15:16:06+02:00,k-node13980034108,sat begrundelse,,"Nørresø (Viborg) med en 57 m lang bro med vinkel for enden. Luftfotoet viser grøn overflade, måske alger eller planter.",
2026-09-24T15:16:55+02:00,k-node13994954895,sat vurdering,,måske,
2026-09-24T15:16:55+02:00,k-node13994954895,sat type,,bro,
2026-09-24T15:16:55+02:00,k-node13994954895,sat koordinater,,"56.1293168, 9.6435853",
2026-09-24T15:16:55+02:00,k-node13994954895,sat begrundelse,,"Offentligt badested ved Julsø (Ludvigslyst) med en 65 m lang bro og platform ud til mørkt, dybt vand. Rørskov langs bredden og mange private broer ved siden af.",
2026-09-24T15:16:55+02:00,k-node13994990093,sat vurdering,,måske,
2026-09-24T15:16:55+02:00,k-node13994990093,sat type,,bro,
2026-09-24T15:16:55+02:00,k-node13994990093,sat koordinater,,"56.2916550, 10.3953527",
2026-09-24T15:16:55+02:00,k-node13994990093,sat begrundelse,,"Rodskov Strand/Rosenholm Bådelaug med en 108 m lang bro ud i Kalø Vig. Lavt vand langt ud med ålegræs, men en platform for enden.",
2026-09-24T15:16:55+02:00,k-node13994999144,sat vurdering,,lovende,
2026-09-24T15:16:55+02:00,k-node13994999144,sat type,,bro,
2026-09-24T15:16:55+02:00,k-node13994999144,sat koordinater,,"56.3143582, 9.5851539",
2026-09-24T15:16:55+02:00,k-node13994999144,sat begrundelse,,"Tange Sø Marina/badested (Ans) med flere broer (40–75 m) ud i en stor, dyb sø. Offentlig plads og parkering.",
2026-09-24T15:16:55+02:00,k-node13995027251,sat vurdering,,måske,
2026-09-24T15:16:55+02:00,k-node13995027251,sat type,,bro,
2026-09-24T15:16:55+02:00,k-node13995027251,sat koordinater,,"56.2562944, 10.3474718",
2026-09-24T15:16:55+02:00,k-node13995027251,sat begrundelse,,"Studstrup Strand med en 32 m lang bro i Kalø Vig/Aarhus Bugt. Lavt og klart vand med ålegræs, åben kyst.",
2026-09-24T15:16:55+02:00,k-node13995060243,sat vurdering,,nej,
2026-09-24T15:16:55+02:00,k-node13995060243,sat type,,bro,
2026-09-24T15:16:55+02:00,k-node13995060243,sat begrundelse,,Bogens Strand: en 75 m lang bro på en åben kyst med brænding ud mod Kattegat. For udsat.,
2026-09-24T15:16:55+02:00,k-node8449053037,sat vurdering,,nej,
2026-09-24T15:16:55+02:00,k-node8449053037,sat type,,bro,
2026-09-24T15:16:55+02:00,k-node8449053037,sat begrundelse,,Kyst- og Fjordcentret ved Mellerup: bro (52 m) i en smal kanal (ca. 10–15 m) med både.,
2026-09-24T15:16:55+02:00,k-way85417747,sat vurdering,,måske,
2026-09-24T15:16:55+02:00,k-way85417747,sat type,,strand,
2026-09-24T15:16:55+02:00,k-way85417747,sat koordinater,,"56.1186575, 10.2282584",
2026-09-24T15:16:55+02:00,k-way85417747,sat begrundelse,,"Vinterbadeklubben Ballehage ved Ballehage Strand (Aarhus). Luftfotoet viser ingen bro, men klubben har muligvis en sæsonbro. Bellehage Strand (beachstart) ligger på kortet ca. 400 m nord.",
2026-09-24T15:16:55+02:00,k-node11013955252,sat vurdering,,nej,
2026-09-24T15:16:55+02:00,k-node11013955252,sat type,,strand,
2026-09-24T15:16:55+02:00,k-node11013955252,sat begrundelse,,Boeslum Strand er en åben sandstrand uden bro.,
2026-09-24T15:18:25+02:00,k-node11013955255,sat vurdering,,lovende,
2026-09-24T15:18:25+02:00,k-node11013955255,sat type,,badebro,
2026-09-24T15:18:25+02:00,k-node11013955255,sat koordinater,,"56.2272362, 10.6053586",
2026-09-24T15:18:25+02:00,k-node11013955255,sat begrundelse,,Lyngsbæk-Femmøller Strand med en 95 m lang badebro og platforme ud til dybere vand i Ebeltoft Vig. Bølger ved pålandsvind.,
2026-09-24T15:18:25+02:00,k-node11069667570,sat vurdering,,nej,
2026-09-24T15:18:25+02:00,k-node11069667570,sat type,,bro,
2026-09-24T15:18:25+02:00,k-node11069667570,sat begrundelse,,"Uggelhuse Sejlklub: lille, tæt pakket havn ved Randers Fjord.",
2026-09-24T15:18:25+02:00,k-node13851746109,sat vurdering,,lovende,
2026-09-24T15:18:25+02:00,k-node13851746109,sat type,,badebro,
2026-09-24T15:18:25+02:00,k-node13851746109,sat koordinater,,"56.0865446, 10.2497973",
2026-09-24T15:18:25+02:00,k-node13851746109,sat begrundelse,,"Moesgård Strand med en 101 m lang badebro (sæsonbro, kun delvist synlig på luftfotoet) ud til dybt vand i Aarhus Bugt. Læ ved vestenvind.",
2026-09-24T15:18:25+02:00,k-node13854255324,sat vurdering,,måske,
2026-09-24T15:18:25+02:00,k-node13854255324,sat type,,bro,
2026-09-24T15:18:25+02:00,k-node13854255324,sat koordinater,,"56.1839639, 10.2386996",
2026-09-24T15:18:25+02:00,k-node13854255324,sat begrundelse,,"Risskov Strandpark med en kort bro (13 m) ved en bygning, men vandet bliver hurtigt dybt her. Læ ved vestenvind.",
2026-09-24T15:18:25+02:00,k-node13855689786,sat vurdering,,måske,
2026-09-24T15:18:25+02:00,k-node13855689786,sat type,,badebro,
2026-09-24T15:18:25+02:00,k-node13855689786,sat koordinater,,"56.2941739, 10.4267759",
2026-09-24T15:18:25+02:00,k-node13855689786,sat begrundelse,,"Følle Strand med en 109 m lang badebro ud i Kalø Vig (sæsonbro, ikke synlig på luftfotoet). Lavt vand med ålegræs.",
2026-09-24T15:18:25+02:00,k-node13869028063,sat vurdering,,nej,
2026-09-24T15:18:25+02:00,k-node13869028063,sat type,,badebro,
2026-09-24T15:18:25+02:00,k-node13869028063,sat begrundelse,,Kysing Næs: kort badebro (25 m) ved en lav sandstrand.,
2026-09-24T15:18:25+02:00,k-node13899681241,sat vurdering,,måske,
2026-09-24T15:18:25+02:00,k-node13899681241,sat type,,badebro,
2026-09-24T15:18:25+02:00,k-node13899681241,sat koordinater,,"56.1096041, 10.2360954",
2026-09-24T15:18:25+02:00,k-node13899681241,sat begrundelse,,"Blommehaven (camping) med en 22 m lang bro. Vandet bliver hurtigt dybt, og der er læ ved vestenvind.",
2026-09-24T15:18:25+02:00,k-node13899694875,sat vurdering,,nej,
2026-09-24T15:18:25+02:00,k-node13899694875,sat type,,badebro,
2026-09-24T15:18:25+02:00,k-node13899694875,sat begrundelse,,Norsminde Strand: kort bro (17 m) ved en lav sandstrand.,
2026-09-24T15:18:25+02:00,k-node13900976401,sat vurdering,,måske,
2026-09-24T15:18:25+02:00,k-node13900976401,sat type,,badebro,
2026-09-24T15:18:25+02:00,k-node13900976401,sat koordinater,,"55.9338629, 10.2599323",
2026-09-24T15:18:25+02:00,k-node13900976401,sat begrundelse,,"Hølken Strand med badebroer (44 m og 24 m). Ret lavt, klart vand på en åben kyst.",
2026-09-24T15:18:25+02:00,k-node13901063015,sat vurdering,,måske,
2026-09-24T15:18:25+02:00,k-node13901063015,sat type,,badebro,
2026-09-24T15:18:25+02:00,k-node13901063015,sat koordinater,,"55.9256519, 10.2586456",
2026-09-24T15:18:25+02:00,k-node13901063015,sat begrundelse,,"Hou Strand med en 47 m lang badebro (sæsonbro, ikke synlig på luftfotoet). Åben kyst med bølger.",
2026-09-24T15:18:29+02:00,,kørsel,,,"find.py: 4479 steder (0 nye, 82 forsvundet fra OSM) · ikke vurderet: 4160, lovende: 17, måske: 39, nej: 34, på kortet: 229"
2026-09-24T15:19:42+02:00,k-node13904227323,sat vurdering,,måske,
2026-09-24T15:19:42+02:00,k-node13904227323,sat type,,badebro,
2026-09-24T15:19:42+02:00,k-node13904227323,sat koordinater,,"56.2024602, 10.2836670",
2026-09-24T15:19:42+02:00,k-node13904227323,sat begrundelse,,Åkrogen Strand (Egå) med en 44 m lang badebro ud til mørkere vand i Aarhus Bugt. Egå Marina (på kortet) ligger ca. 600 m nord.,
2026-09-24T15:19:42+02:00,k-node13904285308,sat vurdering,,lovende,
2026-09-24T15:19:42+02:00,k-node13904285308,sat type,,badebro,
2026-09-24T15:19:42+02:00,k-node13904285308,sat koordinater,,"56.2202683, 10.3006977",
2026-09-24T15:19:42+02:00,k-node13904285308,sat begrundelse,,"Tålfor Strand (Egå) med en meget lang badebro (216 m) ud til dybere vand. Åben bugt, så bølger ved østenvind.",
2026-09-24T15:19:42+02:00,k-node13908000469,sat vurdering,,måske,
2026-09-24T15:19:42+02:00,k-node13908000469,sat type,,bro,
2026-09-24T15:19:42+02:00,k-node13908000469,sat koordinater,,"55.8153076, 10.6394239",
2026-09-24T15:19:42+02:00,k-node13908000469,sat begrundelse,,Ballen Havn (Samsø): havnens broer (32–73 m) i et beskyttet bassin med mange både. Badestranden ved siden af har ingen bro.,
2026-09-24T15:19:42+02:00,k-node13908018460,sat vurdering,,måske,
2026-09-24T15:19:42+02:00,k-node13908018460,sat type,,badebro,
2026-09-24T15:19:42+02:00,k-node13908018460,sat koordinater,,"55.8189072, 10.6382254",
2026-09-24T15:19:42+02:00,k-node13908018460,sat begrundelse,,"Badebro (69 m) med platform for enden nord for Ballen Havn (Samsø). Mørkt, dybt vand ved platformen, men åben kyst.",
2026-09-24T15:19:42+02:00,k-node13919708650,sat vurdering,,nej,
2026-09-24T15:19:42+02:00,k-node13919708650,sat type,,badebro,
2026-09-24T15:19:42+02:00,k-node13919708650,sat begrundelse,,Husodde Strand (Horsens Fjord): 46 m bro ud i meget lavt vand med tang/ålegræs.,
2026-09-24T15:19:42+02:00,k-node13919888372,sat vurdering,,nej,
2026-09-24T15:19:42+02:00,k-node13919888372,sat type,,bro,
2026-09-24T15:19:42+02:00,k-node13919888372,sat begrundelse,,Bønnerup Havn: havnens bro (68 m) med fiskerbåde. Badestranden er lav og åben.,
2026-09-24T15:19:42+02:00,k-node13919899213,sat vurdering,,nej,
2026-09-24T15:19:42+02:00,k-node13919899213,sat type,,badebro,
2026-09-24T15:19:42+02:00,k-node13919899213,sat begrundelse,,Strandkær Strand (Mols): kort bro (21 m) på en åben kyst med brænding.,
2026-09-24T15:19:42+02:00,k-node13979810354,sat vurdering,,nej,
2026-09-24T15:19:42+02:00,k-node13979810354,sat type,,badebro,
2026-09-24T15:19:42+02:00,k-node13979810354,sat begrundelse,,Lyngsø (Silkeborg): kun en meget kort bro (8 m) ved en lille skovsø.,
2026-09-24T15:19:42+02:00,k-node13979873140,sat vurdering,,måske,
2026-09-24T15:19:42+02:00,k-node13979873140,sat type,,badebro,
2026-09-24T15:19:42+02:00,k-node13979873140,sat koordinater,,"56.0119322, 9.6805774",
2026-09-24T15:19:42+02:00,k-node13979873140,sat begrundelse,,"Badested ved Nedenskov Sø med en 16 m lang bro. Dyb, mørk og rolig skovsø, men den er lille (ca. 300 m) og broen er kort.",
2026-09-24T15:19:42+02:00,k-node13979875661,sat vurdering,,lovende,
2026-09-24T15:19:42+02:00,k-node13979875661,sat type,,badebro,
2026-09-24T15:19:42+02:00,k-node13979875661,sat koordinater,,"55.9640214, 9.6023201",
2026-09-24T15:19:42+02:00,k-node13979875661,sat begrundelse,,"Ring Sø (Brædstrup) med en badebro og ponton (49 m) ud til mørkt, dybt vand. Søen er mellemstor, og der er læ.",
2026-09-24T15:20:50+02:00,k-node13980018821,sat vurdering,,nej,
2026-09-24T15:20:50+02:00,k-node13980018821,sat type,,bro,
2026-09-24T15:20:50+02:00,k-node13980018821,sat begrundelse,,"Sønæs (Viborg): kun små broer (6–13 m) ved rørskoven. Brug hellere Viborg Roklub/Baadelaug, som allerede er på kortet.",
2026-09-24T15:20:50+02:00,k-node13980208941,sat vurdering,,nej,
2026-09-24T15:20:50+02:00,k-node13980208941,sat type,,bro,
2026-09-24T15:20:50+02:00,k-node13980208941,sat begrundelse,,"Skanderborg Sø Camping: korte broer (7–30 m) i en bugt, hvor luftfotoet viser tæt plantevækst eller alger på overfladen.",
2026-09-24T15:20:50+02:00,k-node13980209225,sat vurdering,,nej,
2026-09-24T15:20:50+02:00,k-node13980209225,sat type,,bro,
2026-09-24T15:20:50+02:00,k-node13980209225,sat begrundelse,,"Kort bro (20 m) ved en golfbane på Skanderborg Sø, i et område med tæt vegetation på overfladen.",
2026-09-24T15:20:50+02:00,k-node13980219955,sat vurdering,,nej,
2026-09-24T15:20:50+02:00,k-node13980219955,sat type,,badebro,
2026-09-24T15:20:50+02:00,k-node13980219955,sat begrundelse,,Vædebro Strand: kun en meget kort bro (8 m).,
2026-09-24T15:20:50+02:00,k-node13980224814,sat vurdering,,nej,
2026-09-24T15:20:50+02:00,k-node13980224814,sat type,,badebro,
2026-09-24T15:20:50+02:00,k-node13980224814,sat begrundelse,,Kærligheden (Vrold): kort bro (10 m) i en bugt med tæt plantevækst/alger.,
2026-09-24T15:20:50+02:00,k-node13980229478,sat vurdering,,lovende,
2026-09-24T15:20:50+02:00,k-node13980229478,sat type,,badebro,
2026-09-24T15:20:50+02:00,k-node13980229478,sat koordinater,,"56.0498538, 9.8354509",
2026-09-24T15:20:50+02:00,k-node13980229478,sat begrundelse,,"Dakbjerg (Alken) med en 65 m lang badebro ud i Mossø, forbi plantebæltet til mørkt, dybt vand. Stor sø med læ.",
2026-09-24T15:20:50+02:00,k-node13986824895,sat vurdering,,måske,
2026-09-24T15:20:50+02:00,k-node13986824895,sat type,,badebro,
2026-09-24T15:20:50+02:00,k-node13986824895,sat koordinater,,"55.9898377, 10.2533188",
2026-09-24T15:20:50+02:00,k-node13986824895,sat begrundelse,,Rude Strand med en 36 m lang badebro på en åben kyst med sandbund.,
2026-09-24T15:20:50+02:00,k-node13994974665,sat vurdering,,lovende,
2026-09-24T15:20:50+02:00,k-node13994974665,sat type,,badebro,
2026-09-24T15:20:50+02:00,k-node13994974665,sat koordinater,,"56.4754534, 9.8493682",
2026-09-24T15:20:50+02:00,k-node13994974665,sat begrundelse,,Fussing Sø med en 155 m lang badebro ud til dybt vand og en platform for enden. Stor skovsø med læ og parkering.,
2026-09-24T15:20:50+02:00,k-node13995054889,sat vurdering,,nej,
2026-09-24T15:20:50+02:00,k-node13995054889,sat type,,badebro,
2026-09-24T15:20:50+02:00,k-node13995054889,sat begrundelse,,Fuglsø Strand: 65 m bro på en åben kyst med brænding på luftfotoet. For udsat.,
2026-09-24T15:21:43+02:00,k-node13980225796,sat vurdering,,måske,
2026-09-24T15:21:43+02:00,k-node13980225796,sat type,,badebro,
2026-09-24T15:21:43+02:00,k-node13980225796,sat koordinater,,"56.0364524, 9.9426817",
2026-09-24T15:21:43+02:00,k-node13980225796,sat begrundelse,,"Næsset (Skanderborg Sø) med en 27 m lang badebro gennem rørskoven til mørkt, dybt vand. Skanderborg Bybad (på kortet) ligger ca. 900 m vest.",
2026-09-24T15:21:43+02:00,k-node14026334196,sat vurdering,,måske,
2026-09-24T15:21:43+02:00,k-node14026334196,sat type,,badebro,
2026-09-24T15:21:43+02:00,k-node14026334196,sat koordinater,,"56.2265843, 10.6398689",
2026-09-24T15:21:43+02:00,k-node14026334196,sat begrundelse,,"Handrup Strand med en 118 m lang badebro og en platform ud i Ebeltoft Vig. Lavt vand med ålegræs, lige ved en vej.",
2026-09-24T15:21:43+02:00,k-node884243967,sat vurdering,,nej,
2026-09-24T15:21:43+02:00,k-node884243967,sat type,,bro,
2026-09-24T15:21:43+02:00,k-node884243967,sat begrundelse,,"Vejrumbro: lille bro (19 m) ved Nørreå, som kun er ca. 20 m bred og har strøm.",
2026-09-24T15:21:43+02:00,k-node9929928494,sat vurdering,,måske,
2026-09-24T15:21:43+02:00,k-node9929928494,sat type,,bro,
2026-09-24T15:21:43+02:00,k-node9929928494,sat koordinater,,"56.1368536, 9.5992145",
2026-09-24T15:21:43+02:00,k-node9929928494,sat begrundelse,,Sejs Ladeplads ved en smal del af Brassø (ca. 80–100 m) med mange små private broer og turbådstrafik.,
2026-09-24T15:21:43+02:00,k-way1272735832,sat vurdering,,nej,
2026-09-24T15:21:43+02:00,k-way1272735832,sat type,,bro,
2026-09-24T15:21:43+02:00,k-way1272735832,sat begrundelse,,Grundejerforeningens private badested med små broer (2–7 m) ved Thorsø.,
2026-09-24T15:21:43+02:00,k-way1451124588,sat vurdering,,lovende,
2026-09-24T15:21:43+02:00,k-way1451124588,sat type,,bro,
2026-09-24T15:21:43+02:00,k-way1451124588,sat koordinater,,"56.1439099, 9.5863014",
2026-09-24T15:21:43+02:00,k-way1451124588,sat begrundelse,,"Offentligt badested ved Hattenæs på Julsø med en 21 m lang bro ud til dybt vand. Stor sø, men turbådene (Hjejlen) sejler forbi.",
2026-09-24T15:21:43+02:00,k-node4089172503,sat vurdering,,nej,
2026-09-24T15:21:43+02:00,k-node4089172503,sat type,,bro,
2026-09-24T15:21:43+02:00,k-node4089172503,sat begrundelse,,Silkeborg Sejlklub: tæt pakket havn med mange både.,
2026-09-24T15:21:43+02:00,k-way1034860592,sat vurdering,,nej,
2026-09-24T15:21:43+02:00,k-way1034860592,sat type,,bro,
2026-09-24T15:21:43+02:00,k-way1034860592,sat begrundelse,,Norsminde Lystbådehavn: tæt pakket havn med mange både.,
2026-09-24T15:21:43+02:00,k-node10775930146,sat vurdering,,nej,
2026-09-24T15:21:43+02:00,k-node10775930146,sat type,,slæbested,
2026-09-24T15:21:43+02:00,k-node10775930146,sat begrundelse,,Egå Sejlklub: slæbested og broer midt i den tæt pakkede Egå Marina. Roklubbens spot (på kortet) ligger lige ved siden af.,
2026-09-24T15:21:43+02:00,k-node11013955254,sat vurdering,,nej,
2026-09-24T15:21:43+02:00,k-node11013955254,sat type,,strand,
2026-09-24T15:21:43+02:00,k-node11013955254,sat begrundelse,,Vibæk Strand er en åben sandstrand uden bro.,
2026-09-24T15:22:36+02:00,k-node11610590359,sat vurdering,,måske,
2026-09-24T15:22:36+02:00,k-node11610590359,sat type,,bro,
2026-09-24T15:22:36+02:00,k-node11610590359,sat koordinater,,"55.8670089, 9.8943431",
2026-09-24T15:22:36+02:00,k-node11610590359,sat begrundelse,,"Lille bådehavn ved Horsens med to broer (45–48 m) med både, ud til roligt, mørkt vand. Luftfotoet viser grøn vækst på overfladen, og der er motorvej lige ved.",
2026-09-24T15:22:36+02:00,k-node12564875127,sat vurdering,,nej,
2026-09-24T15:22:36+02:00,k-node12564875127,sat type,,strand,
2026-09-24T15:22:36+02:00,k-node12564875127,sat begrundelse,,Åben sandstrand uden bro med brænding (Samsø vestkyst).,
2026-09-24T15:22:36+02:00,k-node12572485672,sat vurdering,,måske,
2026-09-24T15:22:36+02:00,k-node12572485672,sat type,,bro,
2026-09-24T15:22:36+02:00,k-node12572485672,sat koordinater,,"55.9374840, 10.5528265",
2026-09-24T15:22:36+02:00,k-node12572485672,sat begrundelse,,"Mårup Havn (Samsø) med lange broer (86–432 m) og få både. Lavt, klart vand med ålegræs, men beskyttet.",
2026-09-24T15:22:36+02:00,k-node12828881678,sat vurdering,,nej,
2026-09-24T15:22:36+02:00,k-node12828881678,sat type,,strand,
2026-09-24T15:22:36+02:00,k-node12828881678,sat begrundelse,,Aggerholm (Silkeborg Almindsø) er en sandstrand uden bro. Almind Sø Østre Søbad (på kortet) ligger på den anden side af søen.,
2026-09-24T15:22:36+02:00,k-node13011838890,sat vurdering,,nej,
2026-09-24T15:22:36+02:00,k-node13011838890,sat type,,bro,
2026-09-24T15:22:36+02:00,k-node13011838890,sat begrundelse,,Snaptun Lystbådehavn: tæt pakket havn med mange både.,
2026-09-24T15:22:36+02:00,k-node13855717307,sat vurdering,,nej,
2026-09-24T15:22:36+02:00,k-node13855717307,sat type,,strand,
2026-09-24T15:22:36+02:00,k-node13855717307,sat begrundelse,,Tangkrogen (Aarhus) er en sandstrand uden bro. Marselisborg Lystbådehavn (på kortet) ligger lige ved siden af.,
2026-09-24T15:22:36+02:00,k-node13869019955,sat vurdering,,nej,
2026-09-24T15:22:36+02:00,k-node13869019955,sat type,,strand,
2026-09-24T15:22:36+02:00,k-node13869019955,sat begrundelse,,Fløjstrup Strand er en åben sandstrand uden bro.,
2026-09-24T15:22:36+02:00,k-node13899692019,sat vurdering,,nej,
2026-09-24T15:22:36+02:00,k-node13899692019,sat type,,strand,
2026-09-24T15:22:36+02:00,k-node13899692019,sat begrundelse,,Ajstrup Strand er en åben sandstrand uden bro.,
2026-09-24T15:22:36+02:00,k-node13899782762,sat vurdering,,nej,
2026-09-24T15:22:36+02:00,k-node13899782762,sat type,,strand,
2026-09-24T15:22:36+02:00,k-node13899782762,sat begrundelse,,Saksild Strand er en åben sandstrand. Der er kun en rest af en bro.,
2026-09-24T15:22:36+02:00,k-node13900972478,sat vurdering,,nej,
2026-09-24T15:22:36+02:00,k-node13900972478,sat type,,strand,
2026-09-24T15:22:36+02:00,k-node13900972478,sat begrundelse,,Dyngby Strand er en åben sandstrand uden bro.,
2026-09-24T15:24:07+02:00,k-node13979771346,sat vurdering,,nej,
2026-09-24T15:24:07+02:00,k-node13979771346,sat type,,strand,
2026-09-24T15:24:07+02:00,k-node13979771346,sat begrundelse,,Schoubyes Sø er en lille skovsø uden bro.,
2026-09-24T15:24:07+02:00,k-node13979868484,sat vurdering,,nej,
2026-09-24T15:24:07+02:00,k-node13979868484,sat type,,strand,
2026-09-24T15:24:07+02:00,k-node13979868484,sat begrundelse,,Hundsø er en lille skovsø uden bro.,
2026-09-24T15:24:07+02:00,k-node13979882218,sat vurdering,,nej,
2026-09-24T15:24:07+02:00,k-node13979882218,sat type,,strand,
2026-09-24T15:24:07+02:00,k-node13979882218,sat begrundelse,,Fyel Badesø er en lille grusgravssø uden bro.,
2026-09-24T15:24:07+02:00,k-node13979997522,sat vurdering,,nej,
2026-09-24T15:24:07+02:00,k-node13979997522,sat type,,strand,
2026-09-24T15:24:07+02:00,k-node13979997522,sat begrundelse,,"Vedsø: badested uden bro, med plantevækst langs bredden.",
2026-09-24T15:24:07+02:00,k-node13990252500,sat vurdering,,nej,
2026-09-24T15:24:07+02:00,k-node13990252500,sat type,,strand,
2026-09-24T15:24:07+02:00,k-node13990252500,sat begrundelse,,"Rødding Sø: badested uden bro, bag et bælte af rørskov.",
2026-09-24T15:24:07+02:00,k-node13994892680,sat vurdering,,måske,
2026-09-24T15:24:07+02:00,k-node13994892680,sat type,,bro,
2026-09-24T15:24:07+02:00,k-node13994892680,sat koordinater,,"56.5861759, 9.8760106",
2026-09-24T15:24:07+02:00,k-node13994892680,sat begrundelse,,"Glenstrup Sø med en lille bro ved en vej. Stor, dyb sø, men broen er kort (ca. 10 m) og der er lavt vand tæt på land.",
2026-09-24T15:24:07+02:00,k-node1977173160,sat vurdering,,nej,
2026-09-24T15:24:07+02:00,k-node1977173160,sat type,,bro,
2026-09-24T15:24:07+02:00,k-node1977173160,sat begrundelse,,Indelukket (Silkeborg): motorbådshavn langs Gudenåen fyldt med både. Smalt og travlt.,
2026-09-24T15:24:07+02:00,k-node324702862,sat vurdering,,måske,
2026-09-24T15:24:07+02:00,k-node324702862,sat type,,bro,
2026-09-24T15:24:07+02:00,k-node324702862,sat koordinater,,"56.0433504, 9.9364978",
2026-09-24T15:24:07+02:00,k-node324702862,sat begrundelse,,"Skanderborg Lystbådehavn med lange broer (70–99 m) og få både. Stor, dyb sø. Skanderborg Roklub (rød, virker ikke) ligger ca. 400 m vest – find ud af hvorfor den ikke virker.",
2026-09-24T15:24:07+02:00,k-node8386200684,sat vurdering,,nej,
2026-09-24T15:24:07+02:00,k-node8386200684,sat type,,bro,
2026-09-24T15:24:07+02:00,k-node8386200684,sat begrundelse,,"Randers Motorbådsklub: lange broer med både ved Gudenåen, som har strøm.",
2026-09-24T15:24:07+02:00,k-node8853593824,sat vurdering,,måske,
2026-09-24T15:24:07+02:00,k-node8853593824,sat type,,bro,
2026-09-24T15:24:07+02:00,k-node8853593824,sat koordinater,,"55.9483789, 10.4550360",
2026-09-24T15:24:07+02:00,k-node8853593824,sat begrundelse,,Tunø Havn med broer (51–81 m) i et beskyttet bassin med få både. Klart vand. Svært at komme til (færge).,
2026-09-24T15:24:07+02:00,k-node9939725197,sat vurdering,,måske,
2026-09-24T15:24:07+02:00,k-node9939725197,sat type,,bro,
2026-09-24T15:24:07+02:00,k-node9939725197,sat koordinater,,"56.1457458, 10.5141127",
2026-09-24T15:24:07+02:00,k-node9939725197,sat begrundelse,,"Kongsgårde Bro (Mols) med en 127 m lang, bred bro ud til dybt vand. Åben bugt med læ ved østenvind.",
2026-09-24T15:24:07+02:00,k-way1030388825,sat vurdering,,nej,
2026-09-24T15:24:07+02:00,k-way1030388825,sat type,,bro,
2026-09-24T15:24:07+02:00,k-way1030388825,sat begrundelse,,"Ulstrup Marina ved Gudenåen, som kun er ca. 50 m bred og har strøm.",
2026-09-24T15:24:29+02:00,k-node13975418152,sat vurdering,,nej,
2026-09-24T15:24:29+02:00,k-node13975418152,sat type,,strand,
2026-09-24T15:24:29+02:00,k-node13975418152,sat begrundelse,,Kolby Kås er en åben sandstrand uden bro.,
2026-09-24T15:24:29+02:00,k-node13994964099,sat vurdering,,nej,
2026-09-24T15:24:29+02:00,k-node13994964099,sat type,,strand,
2026-09-24T15:24:29+02:00,k-node13994964099,sat begrundelse,,"Ugelbølle Strand: lav strand uden bro, med lavt vand og ålegræs.",
2026-09-24T15:24:29+02:00,k-node13995052568,sat vurdering,,nej,
2026-09-24T15:24:29+02:00,k-node13995052568,sat type,,strand,
2026-09-24T15:24:29+02:00,k-node13995052568,sat begrundelse,,Skødshoved Syd er en åben sandstrand uden bro.,
2026-09-24T15:24:29+02:00,k-node13995064780,sat vurdering,,nej,
2026-09-24T15:24:29+02:00,k-node13995064780,sat type,,strand,
2026-09-24T15:24:29+02:00,k-node13995064780,sat begrundelse,,"Knebel: strand uden bro, med lavt vand og tang/ålegræs.",
2026-09-24T15:24:29+02:00,k-node14026308660,sat vurdering,,nej,
2026-09-24T15:24:29+02:00,k-node14026308660,sat type,,strand,
2026-09-24T15:24:29+02:00,k-node14026308660,sat begrundelse,,Ahl Hage er en åben sandstrand uden bro.,
2026-09-24T15:27:53+02:00,k-node13904216380,sat vurdering,,nej,
2026-09-24T15:27:53+02:00,k-node13904216380,sat type,,strand,
2026-09-24T15:27:53+02:00,k-node13904216380,sat begrundelse,,Egå Strand: badestrand uden bro (tjekket på kontaktark). Kan måske bruges til beachstart.,
2026-09-24T15:27:53+02:00,k-node13904237898,sat vurdering,,nej,
2026-09-24T15:27:53+02:00,k-node13904237898,sat type,,strand,
2026-09-24T15:27:53+02:00,k-node13904237898,sat begrundelse,,Strand: badestrand uden bro (tjekket på kontaktark). Kan måske bruges til beachstart.,
2026-09-24T15:27:53+02:00,k-node13904241400,sat vurdering,,nej,
2026-09-24T15:27:53+02:00,k-node13904241400,sat type,,strand,
2026-09-24T15:27:53+02:00,k-node13904241400,sat begrundelse,,Strand: badestrand uden bro (tjekket på kontaktark). Kan måske bruges til beachstart.,
2026-09-24T15:27:53+02:00,k-node13906557098,sat vurdering,,nej,
2026-09-24T15:27:53+02:00,k-node13906557098,sat type,,strand,
2026-09-24T15:27:53+02:00,k-node13906557098,sat begrundelse,,"Bønnerup Strand Øst: ingen bro, kun lavt vand med tang.",
2026-09-24T15:27:53+02:00,k-node13906915995,sat vurdering,,nej,
2026-09-24T15:27:53+02:00,k-node13906915995,sat type,,strand,
2026-09-24T15:27:53+02:00,k-node13906915995,sat begrundelse,,Begtrupvig: badestrand uden bro (tjekket på kontaktark). Kan måske bruges til beachstart.,
2026-09-24T15:27:53+02:00,k-node13906990333,sat vurdering,,nej,
2026-09-24T15:27:53+02:00,k-node13906990333,sat type,,strand,
2026-09-24T15:27:53+02:00,k-node13906990333,sat begrundelse,,"Dejret Strand (Kalø Vig): ingen bro, kun lavt vand med tang.",
2026-09-24T15:27:53+02:00,k-node13906998656,sat vurdering,,nej,
2026-09-24T15:27:53+02:00,k-node13906998656,sat type,,strand,
2026-09-24T15:27:53+02:00,k-node13906998656,sat begrundelse,,"Vrinners Strand (Kalø Vig): ingen bro, lavt vand.",
2026-09-24T15:27:53+02:00,k-node13907011079,sat vurdering,,nej,
2026-09-24T15:27:53+02:00,k-node13907011079,sat type,,strand,
2026-09-24T15:27:53+02:00,k-node13907011079,sat begrundelse,,Ahl strand: badestrand uden bro (tjekket på kontaktark). Kan måske bruges til beachstart.,
2026-09-24T15:27:53+02:00,k-node13907035411,sat vurdering,,nej,
2026-09-24T15:27:53+02:00,k-node13907035411,sat type,,strand,
2026-09-24T15:27:53+02:00,k-node13907035411,sat begrundelse,,Øer strand: badestrand uden bro (tjekket på kontaktark). Kan måske bruges til beachstart.,
2026-09-24T15:27:53+02:00,k-node13907958237,sat vurdering,,nej,
2026-09-24T15:27:53+02:00,k-node13907958237,sat type,,strand,
2026-09-24T15:27:53+02:00,k-node13907958237,sat begrundelse,,Mårup Østerstrand: badestrand uden bro (tjekket på kontaktark). Kan måske bruges til beachstart.,
2026-09-24T15:27:53+02:00,k-node13907958267,sat vurdering,,nej,
2026-09-24T15:27:53+02:00,k-node13907958267,sat type,,strand,
2026-09-24T15:27:53+02:00,k-node13907958267,sat begrundelse,,Fogedmarken: badestrand uden bro (tjekket på kontaktark). Kan måske bruges til beachstart.,
2026-09-24T15:27:53+02:00,k-node13907996695,sat vurdering,,nej,
2026-09-24T15:27:53+02:00,k-node13907996695,sat type,,strand,
2026-09-24T15:27:53+02:00,k-node13907996695,sat begrundelse,,Strand: badestrand uden bro (tjekket på kontaktark). Kan måske bruges til beachstart.,
2026-09-24T15:27:53+02:00,k-node13908033639,sat vurdering,,nej,
2026-09-24T15:27:53+02:00,k-node13908033639,sat type,,strand,
2026-09-24T15:27:53+02:00,k-node13908033639,sat begrundelse,,Strandskoven: badestrand uden bro (tjekket på kontaktark). Kan måske bruges til beachstart.,
2026-09-24T15:27:53+02:00,k-node13908041729,sat vurdering,,nej,
2026-09-24T15:27:53+02:00,k-node13908041729,sat type,,strand,
2026-09-24T15:27:53+02:00,k-node13908041729,sat begrundelse,,Strand: badestrand uden bro (tjekket på kontaktark). Kan måske bruges til beachstart.,
2026-09-24T15:27:53+02:00,k-node13908053523,sat vurdering,,nej,
2026-09-24T15:27:53+02:00,k-node13908053523,sat type,,strand,
2026-09-24T15:27:53+02:00,k-node13908053523,sat begrundelse,,Hjarnø Odde: badestrand uden bro (tjekket på kontaktark). Kan måske bruges til beachstart.,
2026-09-24T15:27:53+02:00,k-node13908058799,sat vurdering,,nej,
2026-09-24T15:27:53+02:00,k-node13908058799,sat type,,strand,
2026-09-24T15:27:53+02:00,k-node13908058799,sat begrundelse,,Strand: badestrand uden bro (tjekket på kontaktark). Kan måske bruges til beachstart.,
2026-09-24T15:27:53+02:00,k-node13908907531,sat vurdering,,nej,
2026-09-24T15:27:53+02:00,k-node13908907531,sat type,,strand,
2026-09-24T15:27:53+02:00,k-node13908907531,sat begrundelse,,Skovgårde: badestrand uden bro (tjekket på kontaktark). Kan måske bruges til beachstart.,
2026-09-24T15:27:53+02:00,k-node13909021665,sat vurdering,,nej,
2026-09-24T15:27:53+02:00,k-node13909021665,sat type,,strand,
2026-09-24T15:27:53+02:00,k-node13909021665,sat begrundelse,,Rygårde Strand: badestrand uden bro (tjekket på kontaktark). Kan måske bruges til beachstart.,
2026-09-24T15:27:53+02:00,k-node13918115404,sat vurdering,,nej,
2026-09-24T15:27:53+02:00,k-node13918115404,sat type,,strand,
2026-09-24T15:27:53+02:00,k-node13918115404,sat begrundelse,,Dråby Strand: badestrand uden bro (tjekket på kontaktark). Kan måske bruges til beachstart.,
2026-09-24T15:27:53+02:00,k-node13918122906,sat vurdering,,nej,
2026-09-24T15:27:53+02:00,k-node13918122906,sat type,,strand,
2026-09-24T15:27:53+02:00,k-node13918122906,sat begrundelse,,Boeslum Strand: badestrand uden bro (tjekket på kontaktark). Kan måske bruges til beachstart.,
2026-09-24T15:27:53+02:00,k-node13918157878,sat vurdering,,nej,
2026-09-24T15:27:53+02:00,k-node13918157878,sat type,,strand,
2026-09-24T15:27:53+02:00,k-node13918157878,sat begrundelse,,Skødshoved Strand: badestrand uden bro (tjekket på kontaktark). Kan måske bruges til beachstart.,
2026-09-24T15:27:53+02:00,k-node13918165124,sat vurdering,,nej,
2026-09-24T15:27:53+02:00,k-node13918165124,sat type,,strand,
2026-09-24T15:27:53+02:00,k-node13918165124,sat begrundelse,,"Lystrup Strand: ingen bro, kun lavt vand med ålegræs.",
2026-09-24T15:27:53+02:00,k-node13919883186,sat vurdering,,nej,
2026-09-24T15:27:53+02:00,k-node13919883186,sat type,,strand,
2026-09-24T15:27:53+02:00,k-node13919883186,sat begrundelse,,"St. Sjørup Strand (Randers Fjord): ingen bro, lav og fjordagtig.",
2026-09-24T16:00:17+02:00,k-way1179967558,sat vand,,tvivl,automatisk fra EEA-badevandsdata
2026-09-24T16:00:17+02:00,k-way316238083,sat vand,,ok,automatisk fra EEA-badevandsdata
2026-09-24T16:00:17+02:00,k-node11405971129,sat vand,,ok,automatisk fra EEA-badevandsdata
2026-09-24T16:00:17+02:00,k-node12346083800,sat vand,,ok,automatisk fra EEA-badevandsdata
2026-09-24T16:00:17+02:00,k-relation10880890,sat vand,,ok,automatisk fra EEA-badevandsdata
2026-09-24T16:00:17+02:00,k-relation16251542,sat vand,,ok,automatisk fra EEA-badevandsdata
2026-09-24T16:00:17+02:00,k-way110116862,sat vand,,tvivl,automatisk fra EEA-badevandsdata
2026-09-24T16:00:17+02:00,k-way203707708,sat vand,,ukendt,automatisk fra EEA-badevandsdata
2026-09-24T16:00:17+02:00,k-way278473579,sat vand,,ukendt,automatisk fra EEA-badevandsdata
2026-09-24T16:00:17+02:00,k-way291876576,sat vand,,ok,automatisk fra EEA-badevandsdata
2026-09-24T16:00:17+02:00,k-way294806020,sat vand,,ok,automatisk fra EEA-badevandsdata
2026-09-24T16:00:17+02:00,k-way316892515,sat vand,,ok,automatisk fra EEA-badevandsdata
2026-09-24T16:00:17+02:00,k-way597957445,sat vand,,ok,automatisk fra EEA-badevandsdata
2026-09-24T16:00:17+02:00,k-way87398463,sat vand,,ok,automatisk fra EEA-badevandsdata
2026-09-24T16:00:17+02:00,k-node11139470918,sat vand,,ok,automatisk fra EEA-badevandsdata
2026-09-24T16:00:17+02:00,k-node12462905430,sat vand,,ok,automatisk fra EEA-badevandsdata
2026-09-24T16:00:17+02:00,k-node12512348349,sat vand,,ok,automatisk fra EEA-badevandsdata
2026-09-24T16:00:17+02:00,k-node12567483519,sat vand,,ok,automatisk fra EEA-badevandsdata
2026-09-24T16:00:17+02:00,k-node2902713463,sat vand,,ok,automatisk fra EEA-badevandsdata
2026-09-24T16:00:17+02:00,k-relation8450762,sat vand,,ok,automatisk fra EEA-badevandsdata
2026-09-24T16:00:17+02:00,k-way1002341571,sat vand,,ok,automatisk fra EEA-badevandsdata
2026-09-24T16:00:17+02:00,k-way1080011705,sat vand,,ukendt,automatisk fra EEA-badevandsdata
2026-09-24T16:00:17+02:00,k-way111685002,sat vand,,ok,automatisk fra EEA-badevandsdata
2026-09-24T16:00:17+02:00,k-way1155990367,sat vand,,ok,automatisk fra EEA-badevandsdata
2026-09-24T16:00:17+02:00,k-way1461788304,sat vand,,ok,automatisk fra EEA-badevandsdata
2026-09-24T16:00:17+02:00,k-way150201609,sat vand,,ukendt,automatisk fra EEA-badevandsdata
2026-09-24T16:00:17+02:00,k-way210460299,sat vand,,ok,automatisk fra EEA-badevandsdata
2026-09-24T16:00:17+02:00,k-way228644759,sat vand,,ukendt,automatisk fra EEA-badevandsdata
2026-09-24T16:00:17+02:00,k-way228645443,sat vand,,ukendt,automatisk fra EEA-badevandsdata
2026-09-24T16:00:17+02:00,k-way255712827,sat vand,,ukendt,automatisk fra EEA-badevandsdata
2026-09-24T16:00:17+02:00,k-way277071464,sat vand,,ok,automatisk fra EEA-badevandsdata
2026-09-24T16:00:17+02:00,k-way286593233,sat vand,,ok,automatisk fra EEA-badevandsdata
2026-09-24T16:00:17+02:00,k-way291168261,sat vand,,ok,automatisk fra EEA-badevandsdata
2026-09-24T16:00:17+02:00,k-way316234744,sat vand,,ok,automatisk fra EEA-badevandsdata
2026-09-24T16:00:17+02:00,k-way316318971,sat vand,,ok,automatisk fra EEA-badevandsdata
2026-09-24T16:00:17+02:00,k-way316640351,sat vand,,ukendt,automatisk fra EEA-badevandsdata
2026-09-24T16:00:17+02:00,k-way316663275,sat vand,,ok,automatisk fra EEA-badevandsdata
2026-09-24T16:00:17+02:00,k-way316891086,sat vand,,ukendt,automatisk fra EEA-badevandsdata
2026-09-24T16:00:17+02:00,k-way343785847,sat vand,,ukendt,automatisk fra EEA-badevandsdata
2026-09-24T16:00:17+02:00,k-way364640087,sat vand,,ukendt,automatisk fra EEA-badevandsdata
2026-09-24T16:00:17+02:00,k-way407485327,sat vand,,ok,automatisk fra EEA-badevandsdata
2026-09-24T16:00:17+02:00,k-way436834941,sat vand,,ok,automatisk fra EEA-badevandsdata
2026-09-24T16:00:17+02:00,k-way56053396,sat vand,,ok,automatisk fra EEA-badevandsdata
2026-09-24T16:00:17+02:00,k-way923195852,sat vand,,ok,automatisk fra EEA-badevandsdata
2026-09-24T16:00:17+02:00,k-node11486138944,sat vand,,ok,automatisk fra EEA-badevandsdata
2026-09-24T16:00:17+02:00,k-node11491236232,sat vand,,ok,automatisk fra EEA-badevandsdata
2026-09-24T16:00:17+02:00,k-node11621785122,sat vand,,ukendt,automatisk fra EEA-badevandsdata
2026-09-24T16:00:17+02:00,k-node12327022995,sat vand,,ukendt,automatisk fra EEA-badevandsdata
2026-09-24T16:00:17+02:00,k-node12345686714,sat vand,,ok,automatisk fra EEA-badevandsdata
2026-09-24T16:00:17+02:00,k-node12347727558,sat vand,,ukendt,automatisk fra EEA-badevandsdata
2026-09-24T16:00:17+02:00,k-node12452837486,sat vand,,ok,automatisk fra EEA-badevandsdata
2026-09-24T16:00:17+02:00,k-node12463170005,sat vand,,ukendt,automatisk fra EEA-badevandsdata
2026-09-24T16:00:17+02:00,k-node12511867034,sat vand,,ukendt,automatisk fra EEA-badevandsdata
2026-09-24T16:00:17+02:00,k-node6875205363,sat vand,,ok,automatisk fra EEA-badevandsdata
2026-09-24T16:00:17+02:00,k-node7216749113,sat vand,,ukendt,automatisk fra EEA-badevandsdata
2026-09-24T16:00:17+02:00,k-relation10907937,sat vand,,ok,automatisk fra EEA-badevandsdata
2026-09-24T16:00:17+02:00,k-way1002317603,sat vand,,ukendt,automatisk fra EEA-badevandsdata
2026-09-24T16:00:17+02:00,k-way1013492891,sat vand,,ok,automatisk fra EEA-badevandsdata
2026-09-24T16:00:17+02:00,k-way1028757625,sat vand,,tvivl,automatisk fra EEA-badevandsdata
2026-09-24T16:00:17+02:00,k-way112503683,sat vand,,ok,automatisk fra EEA-badevandsdata
2026-09-24T16:00:17+02:00,k-way1149830089,sat vand,,ok,automatisk fra EEA-badevandsdata
2026-09-24T16:00:17+02:00,k-way1163665013,sat vand,,ok,automatisk fra EEA-badevandsdata
2026-09-24T16:00:17+02:00,k-way1202448668,sat vand,,ukendt,automatisk fra EEA-badevandsdata
2026-09-24T16:00:17+02:00,k-way1210050975,sat vand,,ok,automatisk fra EEA-badevandsdata
2026-09-24T16:00:17+02:00,k-way124419772,sat vand,,ukendt,automatisk fra EEA-badevandsdata
2026-09-24T16:00:17+02:00,k-way1258262532,sat vand,,ok,automatisk fra EEA-badevandsdata
2026-09-24T16:00:17+02:00,k-way1262911720,sat vand,,tvivl,automatisk fra EEA-badevandsdata
2026-09-24T16:00:17+02:00,k-way1271506543,sat vand,,ukendt,automatisk fra EEA-badevandsdata
2026-09-24T16:00:17+02:00,k-way1272220883,sat vand,,ok,automatisk fra EEA-badevandsdata
2026-09-24T16:00:17+02:00,k-way1288411513,sat vand,,ok,automatisk fra EEA-badevandsdata
2026-09-24T16:00:17+02:00,k-way130128400,sat vand,,ok,automatisk fra EEA-badevandsdata
2026-09-24T16:00:17+02:00,k-way1307272041,sat vand,,ukendt,automatisk fra EEA-badevandsdata
2026-09-24T16:00:17+02:00,k-way1308856279,sat vand,,ok,automatisk fra EEA-badevandsdata
2026-09-24T16:00:17+02:00,k-way1308856729,sat vand,,ok,automatisk fra EEA-badevandsdata
2026-09-24T16:00:17+02:00,k-way1316364953,sat vand,,ok,automatisk fra EEA-badevandsdata
2026-09-24T16:00:17+02:00,k-way1330138489,sat vand,,ok,automatisk fra EEA-badevandsdata
2026-09-24T16:00:17+02:00,k-way1340017335,sat vand,,ukendt,automatisk fra EEA-badevandsdata
2026-09-24T16:00:17+02:00,k-way1385554211,sat vand,,ukendt,automatisk fra EEA-badevandsdata
2026-09-24T16:00:17+02:00,k-way1461482213,sat vand,,ok,automatisk fra EEA-badevandsdata
2026-09-24T16:00:17+02:00,k-way219356247,sat vand,,ok,automatisk fra EEA-badevandsdata
2026-09-24T16:00:17+02:00,k-way25556692,sat vand,,tvivl,automatisk fra EEA-badevandsdata
2026-09-24T16:00:17+02:00,k-way277338375,sat vand,,ok,automatisk fra EEA-badevandsdata
2026-09-24T16:00:17+02:00,k-way278984141,sat vand,,tvivl,automatisk fra EEA-badevandsdata
2026-09-24T16:00:17+02:00,k-way287287493,sat vand,,ok,automatisk fra EEA-badevandsdata
2026-09-24T16:00:17+02:00,k-way287292786,sat vand,,ukendt,automatisk fra EEA-badevandsdata
2026-09-24T16:00:17+02:00,k-way287518086,sat vand,,ukendt,automatisk fra EEA-badevandsdata
2026-09-24T16:00:17+02:00,k-way297639626,sat vand,,ok,automatisk fra EEA-badevandsdata
2026-09-24T16:00:17+02:00,k-way304558219,sat vand,,ok,automatisk fra EEA-badevandsdata
2026-09-24T16:00:17+02:00,k-way316093624,sat vand,,ukendt,automatisk fra EEA-badevandsdata
2026-09-24T16:00:17+02:00,k-way316240391,sat vand,,ok,automatisk fra EEA-badevandsdata
2026-09-24T16:00:17+02:00,k-way316361017,sat vand,,ukendt,automatisk fra EEA-badevandsdata
2026-09-24T16:00:17+02:00,k-way316643284,sat vand,,ukendt,automatisk fra EEA-badevandsdata
2026-09-24T16:00:17+02:00,k-way316888674,sat vand,,ukendt,automatisk fra EEA-badevandsdata
2026-09-24T16:00:17+02:00,k-way317013048,sat vand,,ukendt,automatisk fra EEA-badevandsdata
2026-09-24T16:00:17+02:00,k-way317013057,sat vand,,ukendt,automatisk fra EEA-badevandsdata
2026-09-24T16:00:17+02:00,k-way317213973,sat vand,,ukendt,automatisk fra EEA-badevandsdata
2026-09-24T16:00:17+02:00,k-way330724399,sat vand,,ukendt,automatisk fra EEA-badevandsdata
2026-09-24T16:00:17+02:00,k-way338863902,sat vand,,ukendt,automatisk fra EEA-badevandsdata
2026-09-24T16:00:17+02:00,k-way398036462,sat vand,,ukendt,automatisk fra EEA-badevandsdata
2026-09-24T16:00:17+02:00,k-way424872623,sat vand,,ok,automatisk fra EEA-badevandsdata
2026-09-24T16:00:17+02:00,k-way445062878,sat vand,,ok,automatisk fra EEA-badevandsdata
2026-09-24T16:00:17+02:00,k-way489207597,sat vand,,ok,automatisk fra EEA-badevandsdata
2026-09-24T16:00:17+02:00,k-way512822272,sat vand,,ukendt,automatisk fra EEA-badevandsdata
2026-09-24T16:00:17+02:00,k-way604472398,sat vand,,ukendt,automatisk fra EEA-badevandsdata
2026-09-24T16:00:17+02:00,k-way609381862,sat vand,,ukendt,automatisk fra EEA-badevandsdata
2026-09-24T16:00:17+02:00,k-way649217079,sat vand,,ukendt,automatisk fra EEA-badevandsdata
2026-09-24T16:00:17+02:00,k-way669672083,sat vand,,ok,automatisk fra EEA-badevandsdata
2026-09-24T16:00:17+02:00,k-way74074307,sat vand,,tvivl,automatisk fra EEA-badevandsdata
2026-09-24T16:00:17+02:00,k-way915879409,sat vand,,ukendt,automatisk fra EEA-badevandsdata
2026-09-24T16:00:17+02:00,k-way963693825,sat vand,,ukendt,automatisk fra EEA-badevandsdata
2026-09-24T16:00:17+02:00,k-way970960771,sat vand,,ok,automatisk fra EEA-badevandsdata
2026-09-24T16:00:17+02:00,k-node11252538011,sat vand,,ukendt,automatisk fra EEA-badevandsdata
2026-09-24T16:00:17+02:00,k-node11364237384,sat vand,,ukendt,automatisk fra EEA-badevandsdata
2026-09-24T16:00:17+02:00,k-node11370998555,sat vand,,ok,automatisk fra EEA-badevandsdata
2026-09-24T16:00:17+02:00,k-node11434532136,sat vand,,ok,automatisk fra EEA-badevandsdata
2026-09-24T16:00:17+02:00,k-node11443019498,sat vand,,ukendt,automatisk fra EEA-badevandsdata
2026-09-24T16:00:17+02:00,k-node11591236914,sat vand,,ukendt,automatisk fra EEA-badevandsdata
2026-09-24T16:00:17+02:00,k-node11597971374,sat vand,,ukendt,automatisk fra EEA-badevandsdata
2026-09-24T16:00:17+02:00,k-node11621781799,sat vand,,ok,automatisk fra EEA-badevandsdata
2026-09-24T16:00:17+02:00,k-node11621866483,sat vand,,ukendt,automatisk fra EEA-badevandsdata
2026-09-24T16:00:17+02:00,k-node11621900437,sat vand,,ukendt,automatisk fra EEA-badevandsdata
2026-09-24T16:00:17+02:00,k-node11809476148,sat vand,,ukendt,automatisk fra EEA-badevandsdata
2026-09-24T16:00:17+02:00,k-node12244192700,sat vand,,ukendt,automatisk fra EEA-badevandsdata
2026-09-24T16:00:17+02:00,k-node12281576015,sat vand,,ukendt,automatisk fra EEA-badevandsdata
2026-09-24T16:00:17+02:00,k-node12321131544,sat vand,,ukendt,automatisk fra EEA-badevandsdata
2026-09-24T16:00:17+02:00,k-node12323229040,sat vand,,ok,automatisk fra EEA-badevandsdata
2026-09-24T16:00:17+02:00,k-node12323786983,sat vand,,ukendt,automatisk fra EEA-badevandsdata
2026-09-24T16:00:17+02:00,k-node12324242772,sat vand,,ukendt,automatisk fra EEA-badevandsdata
2026-09-24T16:00:17+02:00,k-node12324242797,sat vand,,ukendt,automatisk fra EEA-badevandsdata
2026-09-24T16:00:17+02:00,k-node12325345201,sat vand,,ukendt,automatisk fra EEA-badevandsdata
2026-09-24T16:00:17+02:00,k-node12325348427,sat vand,,ukendt,automatisk fra EEA-badevandsdata
2026-09-24T16:00:17+02:00,k-node12325397477,sat vand,,ukendt,automatisk fra EEA-badevandsdata
2026-09-24T16:00:17+02:00,k-node12330505495,sat vand,,ukendt,automatisk fra EEA-badevandsdata
2026-09-24T16:00:17+02:00,k-node12330604992,sat vand,,ukendt,automatisk fra EEA-badevandsdata
2026-09-24T16:00:17+02:00,k-node12330621913,sat vand,,ukendt,automatisk fra EEA-badevandsdata
2026-09-24T16:00:17+02:00,k-node12330665357,sat vand,,ukendt,automatisk fra EEA-badevandsdata
2026-09-24T16:00:17+02:00,k-node12330665369,sat vand,,ukendt,automatisk fra EEA-badevandsdata
2026-09-24T16:00:17+02:00,k-node12455776386,sat vand,,ukendt,automatisk fra EEA-badevandsdata
2026-09-24T16:00:17+02:00,k-node12458500427,sat vand,,ukendt,automatisk fra EEA-badevandsdata
2026-09-24T16:00:17+02:00,k-node12460971175,sat vand,,ok,automatisk fra EEA-badevandsdata
2026-09-24T16:00:17+02:00,k-node12463250730,sat vand,,ukendt,automatisk fra EEA-badevandsdata
2026-09-24T16:00:17+02:00,k-node12511890045,sat vand,,ukendt,automatisk fra EEA-badevandsdata
2026-09-24T16:00:17+02:00,k-node12512348379,sat vand,,ok,automatisk fra EEA-badevandsdata
2026-09-24T16:00:17+02:00,k-node1299376874,sat vand,,ukendt,automatisk fra EEA-badevandsdata
2026-09-24T16:00:17+02:00,k-node13007104563,sat vand,,ukendt,automatisk fra EEA-badevandsdata
2026-09-24T16:00:17+02:00,k-node1342048585,sat vand,,ukendt,automatisk fra EEA-badevandsdata
2026-09-24T16:00:17+02:00,k-node13981131773,sat vand,,ok,automatisk fra EEA-badevandsdata
2026-09-24T16:00:17+02:00,k-node3227948284,sat vand,,ok,automatisk fra EEA-badevandsdata
2026-09-24T16:00:17+02:00,k-node7172135199,sat vand,,ukendt,automatisk fra EEA-badevandsdata
2026-09-24T16:00:17+02:00,k-node8452973341,sat vand,,ukendt,automatisk fra EEA-badevandsdata
2026-09-24T16:00:17+02:00,k-node9788198881,sat vand,,ukendt,automatisk fra EEA-badevandsdata
2026-09-24T16:00:17+02:00,k-node9873751265,sat vand,,ukendt,automatisk fra EEA-badevandsdata
2026-09-24T16:00:17+02:00,k-node9999634113,sat vand,,ukendt,automatisk fra EEA-badevandsdata
2026-09-24T16:00:17+02:00,k-way1009641272,sat vand,,ok,automatisk fra EEA-badevandsdata
2026-09-24T16:00:17+02:00,k-way1028763900,sat vand,,tvivl,automatisk fra EEA-badevandsdata
2026-09-24T16:00:17+02:00,k-way1028929626,sat vand,,ukendt,automatisk fra EEA-badevandsdata
2026-09-24T16:00:17+02:00,k-way105727896,sat vand,,ukendt,automatisk fra EEA-badevandsdata
2026-09-24T16:00:17+02:00,k-way105997673,sat vand,,ukendt,automatisk fra EEA-badevandsdata
2026-09-24T16:00:17+02:00,k-way108849102,sat vand,,ukendt,automatisk fra EEA-badevandsdata
2026-09-24T16:00:17+02:00,k-way1133614818,sat vand,,ok,automatisk fra EEA-badevandsdata
2026-09-24T16:00:17+02:00,k-way1148190301,sat vand,,ukendt,automatisk fra EEA-badevandsdata
2026-09-24T16:00:17+02:00,k-way1174959785,sat vand,,ukendt,automatisk fra EEA-badevandsdata
2026-09-24T16:00:17+02:00,k-way1202448666,sat vand,,ukendt,automatisk fra EEA-badevandsdata
2026-09-24T16:00:17+02:00,k-way1210759488,sat vand,,ok,automatisk fra EEA-badevandsdata
2026-09-24T16:00:17+02:00,k-way1258196871,sat vand,,ukendt,automatisk fra EEA-badevandsdata
2026-09-24T16:00:17+02:00,k-way126542024,sat vand,,ukendt,automatisk fra EEA-badevandsdata
2026-09-24T16:00:17+02:00,k-way1272082056,sat vand,,ok,automatisk fra EEA-badevandsdata
2026-09-24T16:00:17+02:00,k-way1306082456,sat vand,,ukendt,automatisk fra EEA-badevandsdata
2026-09-24T16:00:17+02:00,k-way1320467165,sat vand,,ok,automatisk fra EEA-badevandsdata
2026-09-24T16:00:17+02:00,k-way134206361,sat vand,,ok,automatisk fra EEA-badevandsdata
2026-09-24T16:00:17+02:00,k-way1353321729,sat vand,,tvivl,automatisk fra EEA-badevandsdata
2026-09-24T16:00:17+02:00,k-way1391565583,sat vand,,ukendt,automatisk fra EEA-badevandsdata
2026-09-24T16:00:17+02:00,k-way1412834474,sat vand,,ukendt,automatisk fra EEA-badevandsdata
2026-09-24T16:00:17+02:00,k-way1511512560,sat vand,,ukendt,automatisk fra EEA-badevandsdata
2026-09-24T16:00:17+02:00,k-way165181333,sat vand,,ukendt,automatisk fra EEA-badevandsdata
2026-09-24T16:00:17+02:00,k-way174710968,sat vand,,ukendt,automatisk fra EEA-badevandsdata
2026-09-24T16:00:17+02:00,k-way220296871,sat vand,,ok,automatisk fra EEA-badevandsdata
2026-09-24T16:00:17+02:00,k-way228642013,sat vand,,ukendt,automatisk fra EEA-badevandsdata
2026-09-24T16:00:17+02:00,k-way230392345,sat vand,,ok,automatisk fra EEA-badevandsdata
2026-09-24T16:00:17+02:00,k-way230392439,sat vand,,ukendt,automatisk fra EEA-badevandsdata
2026-09-24T16:00:17+02:00,k-way25556789,sat vand,,ok,automatisk fra EEA-badevandsdata
2026-09-24T16:00:17+02:00,k-way25556796,sat vand,,ukendt,automatisk fra EEA-badevandsdata
2026-09-24T16:00:17+02:00,k-way26602614,sat vand,,ukendt,automatisk fra EEA-badevandsdata
2026-09-24T16:00:17+02:00,k-way278984134,sat vand,,tvivl,automatisk fra EEA-badevandsdata
2026-09-24T16:00:17+02:00,k-way286589968,sat vand,,ukendt,automatisk fra EEA-badevandsdata
2026-09-24T16:00:17+02:00,k-way288573536,sat vand,,ukendt,automatisk fra EEA-badevandsdata
2026-09-24T16:00:17+02:00,k-way293913530,sat vand,,ok,automatisk fra EEA-badevandsdata
2026-09-24T16:00:17+02:00,k-way304635581,sat vand,,ukendt,automatisk fra EEA-badevandsdata
2026-09-24T16:00:17+02:00,k-way316355081,sat vand,,ukendt,automatisk fra EEA-badevandsdata
2026-09-24T16:00:17+02:00,k-way316733957,sat vand,,ukendt,automatisk fra EEA-badevandsdata
2026-09-24T16:00:17+02:00,k-way316890902,sat vand,,ukendt,automatisk fra EEA-badevandsdata
2026-09-24T16:00:17+02:00,k-way316891843,sat vand,,ukendt,automatisk fra EEA-badevandsdata
2026-09-24T16:00:17+02:00,k-way316892206,sat vand,,ok,automatisk fra EEA-badevandsdata
2026-09-24T16:00:17+02:00,k-way316892368,sat vand,,ukendt,automatisk fra EEA-badevandsdata
2026-09-24T16:00:17+02:00,k-way323738265,sat vand,,ok,automatisk fra EEA-badevandsdata
2026-09-24T16:00:17+02:00,k-way457415674,sat vand,,ukendt,automatisk fra EEA-badevandsdata
2026-09-24T16:00:17+02:00,k-way474621751,sat vand,,ukendt,automatisk fra EEA-badevandsdata
2026-09-24T16:00:17+02:00,k-way484233292,sat vand,,ukendt,automatisk fra EEA-badevandsdata
2026-09-24T16:00:17+02:00,k-way487646319,sat vand,,ukendt,automatisk fra EEA-badevandsdata
2026-09-24T16:00:17+02:00,k-way517395048,sat vand,,ukendt,automatisk fra EEA-badevandsdata
2026-09-24T16:00:17+02:00,k-way56053405,sat vand,,ok,automatisk fra EEA-badevandsdata
2026-09-24T16:00:17+02:00,k-way581316394,sat vand,,ok,automatisk fra EEA-badevandsdata
2026-09-24T16:00:17+02:00,k-way599518296,sat vand,,ok,automatisk fra EEA-badevandsdata
2026-09-24T16:00:17+02:00,k-way609381864,sat vand,,ukendt,automatisk fra EEA-badevandsdata
2026-09-24T16:00:17+02:00,k-way764331725,sat vand,,ok,automatisk fra EEA-badevandsdata
2026-09-24T16:00:17+02:00,k-way766179029,sat vand,,tvivl,automatisk fra EEA-badevandsdata
2026-09-24T16:00:17+02:00,k-way911522136,sat vand,,ukendt,automatisk fra EEA-badevandsdata
2026-09-24T16:00:17+02:00,k-way937857793,sat vand,,ok,automatisk fra EEA-badevandsdata
2026-09-24T16:00:17+02:00,k-way96295558,sat vand,,ok,automatisk fra EEA-badevandsdata
2026-09-24T16:00:17+02:00,k-way969851234,sat vand,,ukendt,automatisk fra EEA-badevandsdata
2026-09-24T16:00:17+02:00,k-way979398306,sat vand,,ukendt,automatisk fra EEA-badevandsdata
2026-09-24T16:00:17+02:00,k-way992275727,sat vand,,tvivl,automatisk fra EEA-badevandsdata
2026-09-24T16:00:17+02:00,k-node11125618127,sat vand,,ukendt,automatisk fra EEA-badevandsdata
2026-09-24T16:00:17+02:00,k-node11442956728,sat vand,,ukendt,automatisk fra EEA-badevandsdata
2026-09-24T16:00:17+02:00,k-node11773768597,sat vand,,ukendt,automatisk fra EEA-badevandsdata
2026-09-24T16:00:17+02:00,k-node11962922588,sat vand,,ukendt,automatisk fra EEA-badevandsdata
2026-09-24T16:00:17+02:00,k-node11985904714,sat vand,,ukendt,automatisk fra EEA-badevandsdata
2026-09-24T16:00:17+02:00,k-node12276908986,sat vand,,ukendt,automatisk fra EEA-badevandsdata
2026-09-24T16:00:17+02:00,k-node12281576018,sat vand,,ukendt,automatisk fra EEA-badevandsdata
2026-09-24T16:00:17+02:00,k-node12293314650,sat vand,,ukendt,automatisk fra EEA-badevandsdata
2026-09-24T16:00:17+02:00,k-node12320354817,sat vand,,ukendt,automatisk fra EEA-badevandsdata
2026-09-24T16:00:17+02:00,k-node12451134673,sat vand,,ukendt,automatisk fra EEA-badevandsdata
2026-09-24T16:00:17+02:00,k-node12451307122,sat vand,,ukendt,automatisk fra EEA-badevandsdata
2026-09-24T16:00:17+02:00,k-node12465038473,sat vand,,ok,automatisk fra EEA-badevandsdata
2026-09-24T16:00:17+02:00,k-node12511864403,sat vand,,ukendt,automatisk fra EEA-badevandsdata
2026-09-24T16:00:17+02:00,k-node12512348359,sat vand,,ok,automatisk fra EEA-badevandsdata
2026-09-24T16:00:17+02:00,k-node12514331445,sat vand,,ukendt,automatisk fra EEA-badevandsdata
2026-09-24T16:00:17+02:00,k-node12514905539,sat vand,,ukendt,automatisk fra EEA-badevandsdata
2026-09-24T16:00:17+02:00,k-node12517773632,sat vand,,ukendt,automatisk fra EEA-badevandsdata
2026-09-24T16:00:17+02:00,k-node13919407495,sat vand,,ok,automatisk fra EEA-badevandsdata
2026-09-24T16:00:17+02:00,k-node13960667479,sat vand,,ok,automatisk fra EEA-badevandsdata
2026-09-24T16:00:17+02:00,k-node13989643349,sat vand,,ok,automatisk fra EEA-badevandsdata
2026-09-24T16:00:17+02:00,k-node3240371755,sat vand,,ukendt,automatisk fra EEA-badevandsdata
2026-09-24T16:00:17+02:00,k-node3802590349,sat vand,,ukendt,automatisk fra EEA-badevandsdata
2026-09-24T16:00:17+02:00,k-node4369954269,sat vand,,ok,automatisk fra EEA-badevandsdata
2026-09-24T16:00:17+02:00,k-node7689638251,sat vand,,ukendt,automatisk fra EEA-badevandsdata
2026-09-24T16:00:17+02:00,k-node9038229878,sat vand,,ukendt,automatisk fra EEA-badevandsdata
2026-09-24T16:00:17+02:00,k-node9767117205,sat vand,,ukendt,automatisk fra EEA-badevandsdata
2026-09-24T16:00:17+02:00,k-way1002330363,sat vand,,ok,automatisk fra EEA-badevandsdata
2026-09-24T16:00:17+02:00,k-way1002341538,sat vand,,ok,automatisk fra EEA-badevandsdata
2026-09-24T16:00:17+02:00,k-way1010491705,sat vand,,ukendt,automatisk fra EEA-badevandsdata
2026-09-24T16:00:17+02:00,k-way105320705,sat vand,,ok,automatisk fra EEA-badevandsdata
2026-09-24T16:00:17+02:00,k-way1058301369,sat vand,,ukendt,automatisk fra EEA-badevandsdata
2026-09-24T16:00:17+02:00,k-way1072935759,sat vand,,ukendt,automatisk fra EEA-badevandsdata
2026-09-24T16:00:17+02:00,k-way1075993241,sat vand,,ukendt,automatisk fra EEA-badevandsdata
2026-09-24T16:00:17+02:00,k-way1086617346,sat vand,,ukendt,automatisk fra EEA-badevandsdata
2026-09-24T16:00:17+02:00,k-way1087093186,sat vand,,ukendt,automatisk fra EEA-badevandsdata
2026-09-24T16:00:17+02:00,k-way1097263540,sat vand,,ukendt,automatisk fra EEA-badevandsdata
2026-09-24T16:00:17+02:00,k-way1100617093,sat vand,,ukendt,automatisk fra EEA-badevandsdata
2026-09-24T16:00:17+02:00,k-way1104805047,sat vand,,ukendt,automatisk fra EEA-badevandsdata
2026-09-24T16:00:17+02:00,k-way1113008429,sat vand,,ukendt,automatisk fra EEA-badevandsdata
2026-09-24T16:00:17+02:00,k-way1131989855,sat vand,,ukendt,automatisk fra EEA-badevandsdata
2026-09-24T16:00:17+02:00,k-way1165464290,sat vand,,ok,automatisk fra EEA-badevandsdata
2026-09-24T16:00:17+02:00,k-way119185655,sat vand,,ok,automatisk fra EEA-badevandsdata
2026-09-24T16:00:17+02:00,k-way1195530792,sat vand,,ok,automatisk fra EEA-badevandsdata
2026-09-24T16:00:17+02:00,k-way1201230821,sat vand,,ok,automatisk fra EEA-badevandsdata
2026-09-24T16:00:17+02:00,k-way1206236496,sat vand,,ukendt,automatisk fra EEA-badevandsdata
2026-09-24T16:00:17+02:00,k-way1206798472,sat vand,,ukendt,automatisk fra EEA-badevandsdata
2026-09-24T16:00:17+02:00,k-way1210750801,sat vand,,ok,automatisk fra EEA-badevandsdata
2026-09-24T16:00:17+02:00,k-way1216068925,sat vand,,ukendt,automatisk fra EEA-badevandsdata
2026-09-24T16:00:17+02:00,k-way1224502551,sat vand,,ukendt,automatisk fra EEA-badevandsdata
2026-09-24T16:00:17+02:00,k-way1227589767,sat vand,,ukendt,automatisk fra EEA-badevandsdata
2026-09-24T16:00:17+02:00,k-way1233258974,sat vand,,ukendt,automatisk fra EEA-badevandsdata
2026-09-24T16:00:17+02:00,k-way1234309393,sat vand,,ukendt,automatisk fra EEA-badevandsdata
2026-09-24T16:00:17+02:00,k-way1237231511,sat vand,,ukendt,automatisk fra EEA-badevandsdata
2026-09-24T16:00:17+02:00,k-way1246254253,sat vand,,ukendt,automatisk fra EEA-badevandsdata
2026-09-24T16:00:17+02:00,k-way124699770,sat vand,,ukendt,automatisk fra EEA-badevandsdata
2026-09-24T16:00:17+02:00,k-way1273625636,sat vand,,ukendt,automatisk fra EEA-badevandsdata
2026-09-24T16:00:17+02:00,k-way1286173329,sat vand,,ukendt,automatisk fra EEA-badevandsdata
2026-09-24T16:00:17+02:00,k-way1288411514,sat vand,,ok,automatisk fra EEA-badevandsdata
2026-09-24T16:00:17+02:00,k-way1289572191,sat vand,,ok,automatisk fra EEA-badevandsdata
2026-09-24T16:00:17+02:00,k-way1304138098,sat vand,,ukendt,automatisk fra EEA-badevandsdata
2026-09-24T16:00:17+02:00,k-way1307272035,sat vand,,ukendt,automatisk fra EEA-badevandsdata
2026-09-24T16:00:17+02:00,k-way1307295239,sat vand,,ok,automatisk fra EEA-badevandsdata
2026-09-24T16:00:17+02:00,k-way1338114263,sat vand,,ukendt,automatisk fra EEA-badevandsdata
2026-09-24T16:00:17+02:00,k-way1338115365,sat vand,,ukendt,automatisk fra EEA-badevandsdata
2026-09-24T16:00:17+02:00,k-way1358368775,sat vand,,ukendt,automatisk fra EEA-badevandsdata
2026-09-24T16:00:17+02:00,k-way1362568886,sat vand,,ukendt,automatisk fra EEA-badevandsdata
2026-09-24T16:00:17+02:00,k-way1362861343,sat vand,,ok,automatisk fra EEA-badevandsdata
2026-09-24T16:00:17+02:00,k-way1368138697,sat vand,,ukendt,automatisk fra EEA-badevandsdata
2026-09-24T16:00:17+02:00,k-way1380945557,sat vand,,ukendt,automatisk fra EEA-badevandsdata
2026-09-24T16:00:17+02:00,k-way1461482211,sat vand,,ok,automatisk fra EEA-badevandsdata
2026-09-24T16:00:17+02:00,k-way1470453930,sat vand,,ukendt,automatisk fra EEA-badevandsdata
2026-09-24T16:00:17+02:00,k-way1470453931,sat vand,,ukendt,automatisk fra EEA-badevandsdata
2026-09-24T16:00:17+02:00,k-way1471542630,sat vand,,ukendt,automatisk fra EEA-badevandsdata
2026-09-24T16:00:17+02:00,k-way1477028254,sat vand,,ukendt,automatisk fra EEA-badevandsdata
2026-09-24T16:00:17+02:00,k-way212720570,sat vand,,ok,automatisk fra EEA-badevandsdata
2026-09-24T16:00:17+02:00,k-way212720575,sat vand,,ok,automatisk fra EEA-badevandsdata
2026-09-24T16:00:17+02:00,k-way219053143,sat vand,,tvivl,automatisk fra EEA-badevandsdata
2026-09-24T16:00:17+02:00,k-way219053224,sat vand,,ukendt,automatisk fra EEA-badevandsdata
2026-09-24T16:00:17+02:00,k-way224113377,sat vand,,ukendt,automatisk fra EEA-badevandsdata
2026-09-24T16:00:17+02:00,k-way230392350,sat vand,,ok,automatisk fra EEA-badevandsdata
2026-09-24T16:00:17+02:00,k-way234346922,sat vand,,ukendt,automatisk fra EEA-badevandsdata
2026-09-24T16:00:17+02:00,k-way278473584,sat vand,,ukendt,automatisk fra EEA-badevandsdata
2026-09-24T16:00:17+02:00,k-way287476154,sat vand,,ukendt,automatisk fra EEA-badevandsdata
2026-09-24T16:00:17+02:00,k-way293601395,sat vand,,ok,automatisk fra EEA-badevandsdata
2026-09-24T16:00:17+02:00,k-way306576920,sat vand,,ukendt,automatisk fra EEA-badevandsdata
2026-09-24T16:00:17+02:00,k-way308556313,sat vand,,ukendt,automatisk fra EEA-badevandsdata
2026-09-24T16:00:17+02:00,k-way340496259,sat vand,,ukendt,automatisk fra EEA-badevandsdata
2026-09-24T16:00:17+02:00,k-way343785851,sat vand,,ukendt,automatisk fra EEA-badevandsdata
2026-09-24T16:00:17+02:00,k-way41558535,sat vand,,ok,automatisk fra EEA-badevandsdata
2026-09-24T16:00:17+02:00,k-way448869576,sat vand,,ukendt,automatisk fra EEA-badevandsdata
2026-09-24T16:00:17+02:00,k-way460902945,sat vand,,ukendt,automatisk fra EEA-badevandsdata
2026-09-24T16:00:17+02:00,k-way461978184,sat vand,,ok,automatisk fra EEA-badevandsdata
2026-09-24T16:00:17+02:00,k-way487646322,sat vand,,ukendt,automatisk fra EEA-badevandsdata
2026-09-24T16:00:17+02:00,k-way517834321,sat vand,,ukendt,automatisk fra EEA-badevandsdata
2026-09-24T16:00:17+02:00,k-way568408303,sat vand,,ukendt,automatisk fra EEA-badevandsdata
2026-09-24T16:00:17+02:00,k-way598241785,sat vand,,ok,automatisk fra EEA-badevandsdata
2026-09-24T16:00:17+02:00,k-way602799162,sat vand,,ok,automatisk fra EEA-badevandsdata
2026-09-24T16:00:17+02:00,k-way623355681,sat vand,,ukendt,automatisk fra EEA-badevandsdata
2026-09-24T16:00:17+02:00,k-way623815354,sat vand,,ok,automatisk fra EEA-badevandsdata
2026-09-24T16:00:17+02:00,k-way626585696,sat vand,,ok,automatisk fra EEA-badevandsdata
2026-09-24T16:00:17+02:00,k-way631317131,sat vand,,ukendt,automatisk fra EEA-badevandsdata
2026-09-24T16:00:17+02:00,k-way647535444,sat vand,,ok,automatisk fra EEA-badevandsdata
2026-09-24T16:00:17+02:00,k-way655061180,sat vand,,ukendt,automatisk fra EEA-badevandsdata
2026-09-24T16:00:17+02:00,k-way682259734,sat vand,,ukendt,automatisk fra EEA-badevandsdata
2026-09-24T16:00:17+02:00,k-way694018129,sat vand,,ok,automatisk fra EEA-badevandsdata
2026-09-24T16:00:17+02:00,k-way713040934,sat vand,,ukendt,automatisk fra EEA-badevandsdata
2026-09-24T16:00:17+02:00,k-way736298832,sat vand,,ukendt,automatisk fra EEA-badevandsdata
2026-09-24T16:00:17+02:00,k-way754222180,sat vand,,ukendt,automatisk fra EEA-badevandsdata
2026-09-24T16:00:17+02:00,k-way768379701,sat vand,,ukendt,automatisk fra EEA-badevandsdata
2026-09-24T16:00:17+02:00,k-way771928616,sat vand,,ukendt,automatisk fra EEA-badevandsdata
2026-09-24T16:00:17+02:00,k-way776569267,sat vand,,ok,automatisk fra EEA-badevandsdata
2026-09-24T16:00:17+02:00,k-way828534448,sat vand,,ukendt,automatisk fra EEA-badevandsdata
2026-09-24T16:00:17+02:00,k-way842232708,sat vand,,ukendt,automatisk fra EEA-badevandsdata
2026-09-24T16:00:17+02:00,k-way842232715,sat vand,,ukendt,automatisk fra EEA-badevandsdata
2026-09-24T16:00:17+02:00,k-way876243683,sat vand,,ukendt,automatisk fra EEA-badevandsdata
2026-09-24T16:00:17+02:00,k-way896592713,sat vand,,ukendt,automatisk fra EEA-badevandsdata
2026-09-24T16:00:17+02:00,k-way902611147,sat vand,,ukendt,automatisk fra EEA-badevandsdata
2026-09-24T16:00:17+02:00,k-way903714667,sat vand,,ukendt,automatisk fra EEA-badevandsdata
2026-09-24T16:00:17+02:00,k-way927878236,sat vand,,ok,automatisk fra EEA-badevandsdata
2026-09-24T16:00:17+02:00,k-way942147015,sat vand,,ok,automatisk fra EEA-badevandsdata
2026-09-24T16:00:17+02:00,k-way961612664,sat vand,,ok,automatisk fra EEA-badevandsdata
2026-09-24T16:00:17+02:00,k-way96295593,sat vand,,ok,automatisk fra EEA-badevandsdata
2026-09-24T16:00:17+02:00,k-way963891070,sat vand,,ukendt,automatisk fra EEA-badevandsdata
2026-09-24T16:00:17+02:00,k-way965614538,sat vand,,ukendt,automatisk fra EEA-badevandsdata
2026-09-24T16:00:17+02:00,k-way965920747,sat vand,,ok,automatisk fra EEA-badevandsdata
2026-09-24T16:00:17+02:00,k-node11364237382,sat vand,,ukendt,automatisk fra EEA-badevandsdata
2026-09-24T16:00:17+02:00,k-node12097188723,sat vand,,ok,automatisk fra EEA-badevandsdata
2026-09-24T16:00:17+02:00,k-node12350706831,sat vand,,ok,automatisk fra EEA-badevandsdata
2026-09-24T16:00:17+02:00,k-node12378453263,sat vand,,ukendt,automatisk fra EEA-badevandsdata
2026-09-24T16:00:17+02:00,k-node12422341937,sat vand,,ukendt,automatisk fra EEA-badevandsdata
2026-09-24T16:00:17+02:00,k-node12522467728,sat vand,,ok,automatisk fra EEA-badevandsdata
2026-09-24T16:00:17+02:00,k-node1262217593,sat vand,,ok,automatisk fra EEA-badevandsdata
2026-09-24T16:00:17+02:00,k-node12761671786,sat vand,,ukendt,automatisk fra EEA-badevandsdata
2026-09-24T16:00:17+02:00,k-node1293166522,sat vand,,ukendt,automatisk fra EEA-badevandsdata
2026-09-24T16:00:17+02:00,k-node13011945299,sat vand,,ok,automatisk fra EEA-badevandsdata
2026-09-24T16:00:17+02:00,k-node13013586513,sat vand,,ok,automatisk fra EEA-badevandsdata
2026-09-24T16:00:17+02:00,k-node13020819287,sat vand,,ukendt,automatisk fra EEA-badevandsdata
2026-09-24T16:00:17+02:00,k-node13119589536,sat vand,,ukendt,automatisk fra EEA-badevandsdata
2026-09-24T16:00:17+02:00,k-node13907701456,sat vand,,ok,automatisk fra EEA-badevandsdata
2026-09-24T16:00:17+02:00,k-node13919886374,sat vand,,ok,automatisk fra EEA-badevandsdata
2026-09-24T16:00:17+02:00,k-node13977142151,sat vand,,ok,automatisk fra EEA-badevandsdata
2026-09-24T16:00:17+02:00,k-node13977669721,sat vand,,ok,automatisk fra EEA-badevandsdata
2026-09-24T16:00:17+02:00,k-node13985350364,sat vand,,ok,automatisk fra EEA-badevandsdata
2026-09-24T16:00:17+02:00,k-node13986728755,sat vand,,ok,automatisk fra EEA-badevandsdata
2026-09-24T16:00:17+02:00,k-node1940529553,sat vand,,ukendt,automatisk fra EEA-badevandsdata
2026-09-24T16:00:17+02:00,k-node1960226419,sat vand,,ok,automatisk fra EEA-badevandsdata
2026-09-24T16:00:17+02:00,k-node267152080,sat vand,,ukendt,automatisk fra EEA-badevandsdata
2026-09-24T16:00:17+02:00,k-node3227918065,sat vand,,ukendt,automatisk fra EEA-badevandsdata
2026-09-24T16:00:17+02:00,k-node3227938344,sat vand,,ok,automatisk fra EEA-badevandsdata
2026-09-24T16:00:17+02:00,k-node3227978160,sat vand,,ukendt,automatisk fra EEA-badevandsdata
2026-09-24T16:00:17+02:00,k-node3232296694,sat vand,,ukendt,automatisk fra EEA-badevandsdata
2026-09-24T16:00:17+02:00,k-node3234506351,sat vand,,ok,automatisk fra EEA-badevandsdata
2026-09-24T16:00:17+02:00,k-node4457100947,sat vand,,ukendt,automatisk fra EEA-badevandsdata
2026-09-24T16:00:17+02:00,k-node4591728061,sat vand,,ukendt,automatisk fra EEA-badevandsdata
2026-09-24T16:00:17+02:00,k-node8143723554,sat vand,,ukendt,automatisk fra EEA-badevandsdata
2026-09-24T16:00:17+02:00,k-node9041558648,sat vand,,ok,automatisk fra EEA-badevandsdata
2026-09-24T16:00:17+02:00,k-way1302746439,sat vand,,ukendt,automatisk fra EEA-badevandsdata
2026-09-24T16:00:17+02:00,k-way151637242,sat vand,,ukendt,automatisk fra EEA-badevandsdata
2026-09-24T16:00:17+02:00,k-way184072850,sat vand,,ok,automatisk fra EEA-badevandsdata
2026-09-24T16:00:17+02:00,k-way219469555,sat vand,,ukendt,automatisk fra EEA-badevandsdata
2026-09-24T16:00:17+02:00,k-way219469939,sat vand,,ukendt,automatisk fra EEA-badevandsdata
2026-09-24T16:00:17+02:00,k-way226954565,sat vand,,ukendt,automatisk fra EEA-badevandsdata
2026-09-24T16:00:17+02:00,k-way316640707,sat vand,,ok,automatisk fra EEA-badevandsdata
2026-09-24T16:00:17+02:00,k-way316644298,sat vand,,ukendt,automatisk fra EEA-badevandsdata
2026-09-24T16:00:17+02:00,k-way316769854,sat vand,,ukendt,automatisk fra EEA-badevandsdata
2026-09-24T16:00:17+02:00,k-way316889164,sat vand,,ok,automatisk fra EEA-badevandsdata
2026-09-24T16:00:17+02:00,k-way316889611,sat vand,,ok,automatisk fra EEA-badevandsdata
2026-09-24T16:00:17+02:00,k-way316890595,sat vand,,ukendt,automatisk fra EEA-badevandsdata
2026-09-24T16:00:17+02:00,k-way317200569,sat vand,,ok,automatisk fra EEA-badevandsdata
2026-09-24T16:00:17+02:00,k-way380897646,sat vand,,ok,automatisk fra EEA-badevandsdata
2026-09-24T16:00:17+02:00,k-way500587027,sat vand,,ok,automatisk fra EEA-badevandsdata
2026-09-24T16:00:17+02:00,k-way76702839,sat vand,,tvivl,automatisk fra EEA-badevandsdata
2026-09-24T16:00:17+02:00,k-way911869268,sat vand,,tvivl,automatisk fra EEA-badevandsdata
2026-09-24T16:00:17+02:00,k-way93493525,sat vand,,ukendt,automatisk fra EEA-badevandsdata
2026-09-24T16:00:17+02:00,k-way93835005,sat vand,,ok,automatisk fra EEA-badevandsdata
2026-09-24T16:00:17+02:00,k-node10783979535,sat vand,,ukendt,automatisk fra EEA-badevandsdata
2026-09-24T16:00:17+02:00,k-node10940630992,sat vand,,ukendt,automatisk fra EEA-badevandsdata
2026-09-24T16:00:17+02:00,k-node11166859726,sat vand,,tvivl,automatisk fra EEA-badevandsdata
2026-09-24T16:00:17+02:00,k-node11405078961,sat vand,,ukendt,automatisk fra EEA-badevandsdata
2026-09-24T16:00:17+02:00,k-node11417003880,sat vand,,ukendt,automatisk fra EEA-badevandsdata
2026-09-24T16:00:17+02:00,k-node11419884322,sat vand,,ukendt,automatisk fra EEA-badevandsdata
2026-09-24T16:00:17+02:00,k-node11419939760,sat vand,,ukendt,automatisk fra EEA-badevandsdata
2026-09-24T16:00:17+02:00,k-node11420020170,sat vand,,ukendt,automatisk fra EEA-badevandsdata
2026-09-24T16:00:17+02:00,k-node11422927070,sat vand,,ukendt,automatisk fra EEA-badevandsdata
2026-09-24T16:00:17+02:00,k-node11426718854,sat vand,,ukendt,automatisk fra EEA-badevandsdata
2026-09-24T16:00:17+02:00,k-node12182629241,sat vand,,ok,automatisk fra EEA-badevandsdata
2026-09-24T16:00:17+02:00,k-node12284864905,sat vand,,ok,automatisk fra EEA-badevandsdata
2026-09-24T16:00:17+02:00,k-node12323070958,sat vand,,ukendt,automatisk fra EEA-badevandsdata
2026-09-24T16:00:17+02:00,k-node12345686720,sat vand,,ukendt,automatisk fra EEA-badevandsdata
2026-09-24T16:00:17+02:00,k-node12592691503,sat vand,,ukendt,automatisk fra EEA-badevandsdata
2026-09-24T16:00:17+02:00,k-node13274647849,sat vand,,ok,automatisk fra EEA-badevandsdata
2026-09-24T16:00:17+02:00,k-node13283191791,sat vand,,ukendt,automatisk fra EEA-badevandsdata
2026-09-24T16:00:17+02:00,k-node13854250364,sat vand,,ok,automatisk fra EEA-badevandsdata
2026-09-24T16:00:17+02:00,k-node13854255325,sat vand,,ok,automatisk fra EEA-badevandsdata
2026-09-24T16:00:17+02:00,k-node13854313811,sat vand,,ok,automatisk fra EEA-badevandsdata
2026-09-24T16:00:17+02:00,k-node13866577355,sat vand,,ok,automatisk fra EEA-badevandsdata
2026-09-24T16:00:17+02:00,k-node13899700336,sat vand,,ok,automatisk fra EEA-badevandsdata
2026-09-24T16:00:17+02:00,k-node13907934389,sat vand,,ok,automatisk fra EEA-badevandsdata
2026-09-24T16:00:17+02:00,k-node13909738013,sat vand,,ok,automatisk fra EEA-badevandsdata
2026-09-24T16:00:17+02:00,k-node13909827749,sat vand,,ok,automatisk fra EEA-badevandsdata
2026-09-24T16:00:17+02:00,k-node13917849547,sat vand,,ok,automatisk fra EEA-badevandsdata
2026-09-24T16:00:17+02:00,k-node13917889162,sat vand,,ok,automatisk fra EEA-badevandsdata
2026-09-24T16:00:17+02:00,k-node13918478870,sat vand,,ok,automatisk fra EEA-badevandsdata
2026-09-24T16:00:17+02:00,k-node13919377969,sat vand,,ok,automatisk fra EEA-badevandsdata
2026-09-24T16:00:17+02:00,k-node13919412685,sat vand,,ok,automatisk fra EEA-badevandsdata
2026-09-24T16:00:17+02:00,k-node13919427143,sat vand,,ok,automatisk fra EEA-badevandsdata
2026-09-24T16:00:17+02:00,k-node13920372460,sat vand,,ok,automatisk fra EEA-badevandsdata
2026-09-24T16:00:17+02:00,k-node13920386038,sat vand,,ok,automatisk fra EEA-badevandsdata
2026-09-24T16:00:17+02:00,k-node13922020819,sat vand,,ok,automatisk fra EEA-badevandsdata
2026-09-24T16:00:17+02:00,k-node13922040792,sat vand,,ok,automatisk fra EEA-badevandsdata
2026-09-24T16:00:17+02:00,k-node13975074217,sat vand,,ukendt,automatisk fra EEA-badevandsdata
2026-09-24T16:00:17+02:00,k-node13976184842,sat vand,,ok,automatisk fra EEA-badevandsdata
2026-09-24T16:00:17+02:00,k-node13977279751,sat vand,,ok,automatisk fra EEA-badevandsdata
2026-09-24T16:00:17+02:00,k-node13977666053,sat vand,,ok,automatisk fra EEA-badevandsdata
2026-09-24T16:00:17+02:00,k-node13977696721,sat vand,,ok,automatisk fra EEA-badevandsdata
2026-09-24T16:00:17+02:00,k-node13978522999,sat vand,,ok,automatisk fra EEA-badevandsdata
2026-09-24T16:00:17+02:00,k-node13980034108,sat vand,,ukendt,automatisk fra EEA-badevandsdata
2026-09-24T16:00:17+02:00,k-node13981218934,sat vand,,ok,automatisk fra EEA-badevandsdata
2026-09-24T16:00:17+02:00,k-node13985359044,sat vand,,ok,automatisk fra EEA-badevandsdata
2026-09-24T16:00:17+02:00,k-node13989639439,sat vand,,tvivl,automatisk fra EEA-badevandsdata
2026-09-24T16:00:17+02:00,k-node13990726816,sat vand,,ok,automatisk fra EEA-badevandsdata
2026-09-24T16:00:17+02:00,k-node13994493270,sat vand,,ok,automatisk fra EEA-badevandsdata
2026-09-24T16:00:17+02:00,k-node13994954895,sat vand,,ok,automatisk fra EEA-badevandsdata
2026-09-24T16:00:17+02:00,k-node13994990093,sat vand,,ok,automatisk fra EEA-badevandsdata
2026-09-24T16:00:17+02:00,k-node13994999144,sat vand,,ok,automatisk fra EEA-badevandsdata
2026-09-24T16:00:17+02:00,k-node13995027251,sat vand,,ok,automatisk fra EEA-badevandsdata
2026-09-24T16:00:17+02:00,k-node13995060243,sat vand,,ukendt,automatisk fra EEA-badevandsdata
2026-09-24T16:00:17+02:00,k-node14026329479,sat vand,,ok,automatisk fra EEA-badevandsdata
2026-09-24T16:00:17+02:00,k-node2282635962,sat vand,,ok,automatisk fra EEA-badevandsdata
2026-09-24T16:00:17+02:00,k-node3033538034,sat vand,,ok,automatisk fra EEA-badevandsdata
2026-09-24T16:00:17+02:00,k-node3228021010,sat vand,,ukendt,automatisk fra EEA-badevandsdata
2026-09-24T16:00:17+02:00,k-node3234494607,sat vand,,ukendt,automatisk fra EEA-badevandsdata
2026-09-24T16:00:17+02:00,k-node3315493044,sat vand,,ok,automatisk fra EEA-badevandsdata
2026-09-24T16:00:17+02:00,k-node3404449302,sat vand,,ok,automatisk fra EEA-badevandsdata
2026-09-24T16:00:17+02:00,k-node4718031252,sat vand,,ok,automatisk fra EEA-badevandsdata
2026-09-24T16:00:17+02:00,k-node5678033017,sat vand,,ok,automatisk fra EEA-badevandsdata
2026-09-24T16:00:17+02:00,k-node5961522947,sat vand,,ok,automatisk fra EEA-badevandsdata
2026-09-24T16:00:17+02:00,k-node6001352627,sat vand,,ukendt,automatisk fra EEA-badevandsdata
2026-09-24T16:00:17+02:00,k-node7541158084,sat vand,,ukendt,automatisk fra EEA-badevandsdata
2026-09-24T16:00:17+02:00,k-node7689541583,sat vand,,ukendt,automatisk fra EEA-badevandsdata
2026-09-24T16:00:17+02:00,k-node8929111662,sat vand,,ok,automatisk fra EEA-badevandsdata
2026-09-24T16:00:17+02:00,k-node9024871313,sat vand,,ok,automatisk fra EEA-badevandsdata
2026-09-24T16:00:17+02:00,k-node9161359751,sat vand,,ukendt,automatisk fra EEA-badevandsdata
2026-09-24T16:00:17+02:00,k-node9335157681,sat vand,,ukendt,automatisk fra EEA-badevandsdata
2026-09-24T16:00:17+02:00,k-way1039251392,sat vand,,ok,automatisk fra EEA-badevandsdata
2026-09-24T16:00:17+02:00,k-way105399672,sat vand,,ok,automatisk fra EEA-badevandsdata
2026-09-24T16:00:17+02:00,k-way1055356670,sat vand,,ok,automatisk fra EEA-badevandsdata
2026-09-24T16:00:17+02:00,k-way106020151,sat vand,,ukendt,automatisk fra EEA-badevandsdata
2026-09-24T16:00:17+02:00,k-way117808271,sat vand,,ok,automatisk fra EEA-badevandsdata
2026-09-24T16:00:17+02:00,k-way1224968598,sat vand,,ukendt,automatisk fra EEA-badevandsdata
2026-09-24T16:00:17+02:00,k-way1236050613,sat vand,,ok,automatisk fra EEA-badevandsdata
2026-09-24T16:00:17+02:00,k-way1303080528,sat vand,,ukendt,automatisk fra EEA-badevandsdata
2026-09-24T16:00:17+02:00,k-way1311122584,sat vand,,ok,automatisk fra EEA-badevandsdata
2026-09-24T16:00:17+02:00,k-way1339468262,sat vand,,ok,automatisk fra EEA-badevandsdata
2026-09-24T16:00:17+02:00,k-way1368848451,sat vand,,ukendt,automatisk fra EEA-badevandsdata
2026-09-24T16:00:17+02:00,k-way143852914,sat vand,,ukendt,automatisk fra EEA-badevandsdata
2026-09-24T16:00:17+02:00,k-way166003113,sat vand,,ukendt,automatisk fra EEA-badevandsdata
2026-09-24T16:00:17+02:00,k-way169415874,sat vand,,ukendt,automatisk fra EEA-badevandsdata
2026-09-24T16:00:17+02:00,k-way170397744,sat vand,,ok,automatisk fra EEA-badevandsdata
2026-09-24T16:00:17+02:00,k-way179246438,sat vand,,ukendt,automatisk fra EEA-badevandsdata
2026-09-24T16:00:17+02:00,k-way185763886,sat vand,,ok,automatisk fra EEA-badevandsdata
2026-09-24T16:00:17+02:00,k-way219057212,sat vand,,ukendt,automatisk fra EEA-badevandsdata
2026-09-24T16:00:17+02:00,k-way219471530,sat vand,,ok,automatisk fra EEA-badevandsdata
2026-09-24T16:00:17+02:00,k-way219580774,sat vand,,ukendt,automatisk fra EEA-badevandsdata
2026-09-24T16:00:17+02:00,k-way220281512,sat vand,,ukendt,automatisk fra EEA-badevandsdata
2026-09-24T16:00:17+02:00,k-way220283123,sat vand,,ukendt,automatisk fra EEA-badevandsdata
2026-09-24T16:00:17+02:00,k-way224081323,sat vand,,ukendt,automatisk fra EEA-badevandsdata
2026-09-24T16:00:17+02:00,k-way228637721,sat vand,,ukendt,automatisk fra EEA-badevandsdata
2026-09-24T16:00:17+02:00,k-way233263309,sat vand,,ukendt,automatisk fra EEA-badevandsdata
2026-09-24T16:00:17+02:00,k-way265773319,sat vand,,ukendt,automatisk fra EEA-badevandsdata
2026-09-24T16:00:17+02:00,k-way282172529,sat vand,,ok,automatisk fra EEA-badevandsdata
2026-09-24T16:00:17+02:00,k-way305135015,sat vand,,ukendt,automatisk fra EEA-badevandsdata
2026-09-24T16:00:17+02:00,k-way317202490,sat vand,,ukendt,automatisk fra EEA-badevandsdata
2026-09-24T16:00:17+02:00,k-way317204132,sat vand,,ukendt,automatisk fra EEA-badevandsdata
2026-09-24T16:00:17+02:00,k-way332387626,sat vand,,ukendt,automatisk fra EEA-badevandsdata
2026-09-24T16:00:17+02:00,k-way390132117,sat vand,,ok,automatisk fra EEA-badevandsdata
2026-09-24T16:00:17+02:00,k-way423910268,sat vand,,ok,automatisk fra EEA-badevandsdata
2026-09-24T16:00:17+02:00,k-way610153741,sat vand,,tvivl,automatisk fra EEA-badevandsdata
2026-09-24T16:00:17+02:00,k-way614716490,sat vand,,ok,automatisk fra EEA-badevandsdata
2026-09-24T16:00:17+02:00,k-way778214214,sat vand,,ukendt,automatisk fra EEA-badevandsdata
2026-09-24T16:00:17+02:00,k-way956028975,sat vand,,ok,automatisk fra EEA-badevandsdata
2026-09-24T16:00:17+02:00,k-node10312620503,sat vand,,ukendt,automatisk fra EEA-badevandsdata
2026-09-24T16:00:17+02:00,k-node10570927403,sat vand,,tvivl,automatisk fra EEA-badevandsdata
2026-09-24T16:00:17+02:00,k-node10671972632,sat vand,,ukendt,automatisk fra EEA-badevandsdata
2026-09-24T16:00:17+02:00,k-node10671972671,sat vand,,ukendt,automatisk fra EEA-badevandsdata
2026-09-24T16:00:17+02:00,k-node10674023835,sat vand,,ukendt,automatisk fra EEA-badevandsdata
2026-09-24T16:00:17+02:00,k-node10726590760,sat vand,,ok,automatisk fra EEA-badevandsdata
2026-09-24T16:00:17+02:00,k-node10814643680,sat vand,,tvivl,automatisk fra EEA-badevandsdata
2026-09-24T16:00:17+02:00,k-node10844704039,sat vand,,ukendt,automatisk fra EEA-badevandsdata
2026-09-24T16:00:17+02:00,k-node11013955253,sat vand,,ok,automatisk fra EEA-badevandsdata
2026-09-24T16:00:17+02:00,k-node11013955255,sat vand,,ok,automatisk fra EEA-badevandsdata
2026-09-24T16:00:17+02:00,k-node11209944344,sat vand,,ukendt,automatisk fra EEA-badevandsdata
2026-09-24T16:00:17+02:00,k-node11407341156,sat vand,,ukendt,automatisk fra EEA-badevandsdata
2026-09-24T16:00:17+02:00,k-node11407341163,sat vand,,ukendt,automatisk fra EEA-badevandsdata
2026-09-24T16:00:17+02:00,k-node11417009632,sat vand,,ukendt,automatisk fra EEA-badevandsdata
2026-09-24T16:00:17+02:00,k-node11426793977,sat vand,,ukendt,automatisk fra EEA-badevandsdata
2026-09-24T16:00:17+02:00,k-node11789627167,sat vand,,ok,automatisk fra EEA-badevandsdata
2026-09-24T16:00:17+02:00,k-node11789627168,sat vand,,ukendt,automatisk fra EEA-badevandsdata
2026-09-24T16:00:17+02:00,k-node11920565051,sat vand,,ukendt,automatisk fra EEA-badevandsdata
2026-09-24T16:00:17+02:00,k-node11961297793,sat vand,,ok,automatisk fra EEA-badevandsdata
2026-09-24T16:00:17+02:00,k-node11980680649,sat vand,,ok,automatisk fra EEA-badevandsdata
2026-09-24T16:00:17+02:00,k-node11987760389,sat vand,,ukendt,automatisk fra EEA-badevandsdata
2026-09-24T16:00:17+02:00,k-node12064848501,sat vand,,ukendt,automatisk fra EEA-badevandsdata
2026-09-24T16:00:17+02:00,k-node12163062186,sat vand,,ukendt,automatisk fra EEA-badevandsdata
2026-09-24T16:00:17+02:00,k-node12278318150,sat vand,,ok,automatisk fra EEA-badevandsdata
2026-09-24T16:00:17+02:00,k-node12331274862,sat vand,,ok,automatisk fra EEA-badevandsdata
2026-09-24T16:00:17+02:00,k-node12460428733,sat vand,,ukendt,automatisk fra EEA-badevandsdata
2026-09-24T16:00:17+02:00,k-node12468469417,sat vand,,tvivl,automatisk fra EEA-badevandsdata
2026-09-24T16:00:17+02:00,k-node12471718388,sat vand,,ok,automatisk fra EEA-badevandsdata
2026-09-24T16:00:17+02:00,k-node12640404383,sat vand,,ukendt,automatisk fra EEA-badevandsdata
2026-09-24T16:00:17+02:00,k-node12771923936,sat vand,,ukendt,automatisk fra EEA-badevandsdata
2026-09-24T16:00:17+02:00,k-node12826932556,sat vand,,tvivl,automatisk fra EEA-badevandsdata
2026-09-24T16:00:17+02:00,k-node12912727953,sat vand,,ukendt,automatisk fra EEA-badevandsdata
2026-09-24T16:00:17+02:00,k-node13013612466,sat vand,,ok,automatisk fra EEA-badevandsdata
2026-09-24T16:00:17+02:00,k-node13021246521,sat vand,,ok,automatisk fra EEA-badevandsdata
2026-09-24T16:00:17+02:00,k-node13027003447,sat vand,,ukendt,automatisk fra EEA-badevandsdata
2026-09-24T16:00:17+02:00,k-node13031202095,sat vand,,ukendt,automatisk fra EEA-badevandsdata
2026-09-24T16:00:17+02:00,k-node1331261279,sat vand,,ok,automatisk fra EEA-badevandsdata
2026-09-24T16:00:17+02:00,k-node13851746109,sat vand,,ok,automatisk fra EEA-badevandsdata
2026-09-24T16:00:17+02:00,k-node13852413371,sat vand,,ok,automatisk fra EEA-badevandsdata
2026-09-24T16:00:17+02:00,k-node13852591590,sat vand,,ok,automatisk fra EEA-badevandsdata
2026-09-24T16:00:17+02:00,k-node13854255324,sat vand,,tvivl,automatisk fra EEA-badevandsdata
2026-09-24T16:00:17+02:00,k-node13854280042,sat vand,,ok,automatisk fra EEA-badevandsdata
2026-09-24T16:00:17+02:00,k-node13855689786,sat vand,,ok,automatisk fra EEA-badevandsdata
2026-09-24T16:00:17+02:00,k-node13855945843,sat vand,,ok,automatisk fra EEA-badevandsdata
2026-09-24T16:00:17+02:00,k-node13866250999,sat vand,,ok,automatisk fra EEA-badevandsdata
2026-09-24T16:00:17+02:00,k-node13869028063,sat vand,,ok,automatisk fra EEA-badevandsdata
2026-09-24T16:00:17+02:00,k-node13899681241,sat vand,,ok,automatisk fra EEA-badevandsdata
2026-09-24T16:00:17+02:00,k-node13899694875,sat vand,,ok,automatisk fra EEA-badevandsdata
2026-09-24T16:00:17+02:00,k-node13900975895,sat vand,,ok,automatisk fra EEA-badevandsdata
2026-09-24T16:00:17+02:00,k-node13900976401,sat vand,,ok,automatisk fra EEA-badevandsdata
2026-09-24T16:00:17+02:00,k-node13900983156,sat vand,,ok,automatisk fra EEA-badevandsdata
2026-09-24T16:00:17+02:00,k-node13901063015,sat vand,,ok,automatisk fra EEA-badevandsdata
2026-09-24T16:00:17+02:00,k-node13901216635,sat vand,,ok,automatisk fra EEA-badevandsdata
2026-09-24T16:00:17+02:00,k-node13901216636,sat vand,,ukendt,automatisk fra EEA-badevandsdata
2026-09-24T16:00:17+02:00,k-node13902310101,sat vand,,ok,automatisk fra EEA-badevandsdata
2026-09-24T16:00:17+02:00,k-node13902359597,sat vand,,ok,automatisk fra EEA-badevandsdata
2026-09-24T16:00:17+02:00,k-node13902416674,sat vand,,ok,automatisk fra EEA-badevandsdata
2026-09-24T16:00:17+02:00,k-node13902443048,sat vand,,ok,automatisk fra EEA-badevandsdata
2026-09-24T16:00:17+02:00,k-node13904227323,sat vand,,ok,automatisk fra EEA-badevandsdata
2026-09-24T16:00:17+02:00,k-node13904285308,sat vand,,ok,automatisk fra EEA-badevandsdata
2026-09-24T16:00:17+02:00,k-node13906412038,sat vand,,tvivl,automatisk fra EEA-badevandsdata
2026-09-24T16:00:17+02:00,k-node13906417622,sat vand,,ok,automatisk fra EEA-badevandsdata
2026-09-24T16:00:17+02:00,k-node13906446209,sat vand,,ok,automatisk fra EEA-badevandsdata
2026-09-24T16:00:17+02:00,k-node13906446249,sat vand,,ok,automatisk fra EEA-badevandsdata
2026-09-24T16:00:17+02:00,k-node13908000469,sat vand,,ok,automatisk fra EEA-badevandsdata
2026-09-24T16:00:17+02:00,k-node13908018460,sat vand,,ok,automatisk fra EEA-badevandsdata
2026-09-24T16:00:17+02:00,k-node13917214040,sat vand,,ok,automatisk fra EEA-badevandsdata
2026-09-24T16:00:17+02:00,k-node13917831423,sat vand,,ok,automatisk fra EEA-badevandsdata
2026-09-24T16:00:17+02:00,k-node13917832922,sat vand,,ok,automatisk fra EEA-badevandsdata
2026-09-24T16:00:17+02:00,k-node13917842950,sat vand,,ok,automatisk fra EEA-badevandsdata
2026-09-24T16:00:17+02:00,k-node13918172648,sat vand,,ok,automatisk fra EEA-badevandsdata
2026-09-24T16:00:17+02:00,k-node13918173173,sat vand,,ok,automatisk fra EEA-badevandsdata
2026-09-24T16:00:17+02:00,k-node13918173365,sat vand,,ok,automatisk fra EEA-badevandsdata
2026-09-24T16:00:17+02:00,k-node13918190150,sat vand,,ok,automatisk fra EEA-badevandsdata
2026-09-24T16:00:17+02:00,k-node13918190208,sat vand,,ok,automatisk fra EEA-badevandsdata
2026-09-24T16:00:17+02:00,k-node13918206894,sat vand,,ok,automatisk fra EEA-badevandsdata
2026-09-24T16:00:17+02:00,k-node13918397599,sat vand,,ok,automatisk fra EEA-badevandsdata
2026-09-24T16:00:17+02:00,k-node13918397725,sat vand,,ok,automatisk fra EEA-badevandsdata
2026-09-24T16:00:17+02:00,k-node13918420438,sat vand,,ok,automatisk fra EEA-badevandsdata
2026-09-24T16:00:17+02:00,k-node13918436706,sat vand,,ok,automatisk fra EEA-badevandsdata
2026-09-24T16:00:17+02:00,k-node13918437892,sat vand,,ok,automatisk fra EEA-badevandsdata
2026-09-24T16:00:17+02:00,k-node13918456133,sat vand,,ok,automatisk fra EEA-badevandsdata
2026-09-24T16:00:17+02:00,k-node13918489824,sat vand,,ok,automatisk fra EEA-badevandsdata
2026-09-24T16:00:17+02:00,k-node13918503119,sat vand,,ok,automatisk fra EEA-badevandsdata
2026-09-24T16:00:17+02:00,k-node13919343526,sat vand,,ok,automatisk fra EEA-badevandsdata
2026-09-24T16:00:17+02:00,k-node13919343581,sat vand,,ok,automatisk fra EEA-badevandsdata
2026-09-24T16:00:17+02:00,k-node13919370784,sat vand,,ok,automatisk fra EEA-badevandsdata
2026-09-24T16:00:17+02:00,k-node13919377987,sat vand,,ok,automatisk fra EEA-badevandsdata
2026-09-24T16:00:17+02:00,k-node13919393050,sat vand,,ok,automatisk fra EEA-badevandsdata
2026-09-24T16:00:17+02:00,k-node13919422023,sat vand,,ok,automatisk fra EEA-badevandsdata
2026-09-24T16:00:17+02:00,k-node13919428013,sat vand,,ok,automatisk fra EEA-badevandsdata
2026-09-24T16:00:17+02:00,k-node13919438963,sat vand,,ok,automatisk fra EEA-badevandsdata
2026-09-24T16:00:17+02:00,k-node13919455430,sat vand,,ok,automatisk fra EEA-badevandsdata
2026-09-24T16:00:17+02:00,k-node13919457604,sat vand,,ok,automatisk fra EEA-badevandsdata
2026-09-24T16:00:17+02:00,k-node13919461488,sat vand,,ok,automatisk fra EEA-badevandsdata
2026-09-24T16:00:17+02:00,k-node13919527991,sat vand,,ok,automatisk fra EEA-badevandsdata
2026-09-24T16:00:17+02:00,k-node13919540963,sat vand,,ok,automatisk fra EEA-badevandsdata
2026-09-24T16:00:17+02:00,k-node13919551131,sat vand,,ok,automatisk fra EEA-badevandsdata
2026-09-24T16:00:17+02:00,k-node13919576520,sat vand,,ok,automatisk fra EEA-badevandsdata
2026-09-24T16:00:17+02:00,k-node13919594725,sat vand,,ok,automatisk fra EEA-badevandsdata
2026-09-24T16:00:17+02:00,k-node13919601529,sat vand,,ok,automatisk fra EEA-badevandsdata
2026-09-24T16:00:17+02:00,k-node13919601534,sat vand,,ok,automatisk fra EEA-badevandsdata
2026-09-24T16:00:17+02:00,k-node13919708650,sat vand,,ok,automatisk fra EEA-badevandsdata
2026-09-24T16:00:17+02:00,k-node13919720810,sat vand,,ok,automatisk fra EEA-badevandsdata
2026-09-24T16:00:17+02:00,k-node13919771137,sat vand,,ok,automatisk fra EEA-badevandsdata
2026-09-24T16:00:17+02:00,k-node13919881384,sat vand,,ok,automatisk fra EEA-badevandsdata
2026-09-24T16:00:17+02:00,k-node13919887881,sat vand,,ok,automatisk fra EEA-badevandsdata
2026-09-24T16:00:17+02:00,k-node13919888372,sat vand,,ok,automatisk fra EEA-badevandsdata
2026-09-24T16:00:17+02:00,k-node13919899213,sat vand,,ukendt,automatisk fra EEA-badevandsdata
2026-09-24T16:00:17+02:00,k-node13920371176,sat vand,,ok,automatisk fra EEA-badevandsdata
2026-09-24T16:00:17+02:00,k-node13920796516,sat vand,,ok,automatisk fra EEA-badevandsdata
2026-09-24T16:00:17+02:00,k-node13920895943,sat vand,,ok,automatisk fra EEA-badevandsdata
2026-09-24T16:00:17+02:00,k-node13920932074,sat vand,,ok,automatisk fra EEA-badevandsdata
2026-09-24T16:00:17+02:00,k-node13920942585,sat vand,,ok,automatisk fra EEA-badevandsdata
2026-09-24T16:00:17+02:00,k-node13920946146,sat vand,,ok,automatisk fra EEA-badevandsdata
2026-09-24T16:00:17+02:00,k-node13920977492,sat vand,,ok,automatisk fra EEA-badevandsdata
2026-09-24T16:00:17+02:00,k-node13920983636,sat vand,,ok,automatisk fra EEA-badevandsdata
2026-09-24T16:00:17+02:00,k-node13921017899,sat vand,,ok,automatisk fra EEA-badevandsdata
2026-09-24T16:00:17+02:00,k-node13921030610,sat vand,,ok,automatisk fra EEA-badevandsdata
2026-09-24T16:00:17+02:00,k-node13921036396,sat vand,,ok,automatisk fra EEA-badevandsdata
2026-09-24T16:00:17+02:00,k-node13921085041,sat vand,,ok,automatisk fra EEA-badevandsdata
2026-09-24T16:00:17+02:00,k-node13921940791,sat vand,,ok,automatisk fra EEA-badevandsdata
2026-09-24T16:00:17+02:00,k-node13921997008,sat vand,,ok,automatisk fra EEA-badevandsdata
2026-09-24T16:00:17+02:00,k-node13922002498,sat vand,,ok,automatisk fra EEA-badevandsdata
2026-09-24T16:00:17+02:00,k-node13922005563,sat vand,,ok,automatisk fra EEA-badevandsdata
2026-09-24T16:00:17+02:00,k-node13923055803,sat vand,,ok,automatisk fra EEA-badevandsdata
2026-09-24T16:00:17+02:00,k-node13944361819,sat vand,,ok,automatisk fra EEA-badevandsdata
2026-09-24T16:00:17+02:00,k-node13965105193,sat vand,,ok,automatisk fra EEA-badevandsdata
2026-09-24T16:00:17+02:00,k-node13974388714,sat vand,,ok,automatisk fra EEA-badevandsdata
2026-09-24T16:00:17+02:00,k-node13974423307,sat vand,,ok,automatisk fra EEA-badevandsdata
2026-09-24T16:00:17+02:00,k-node13975150387,sat vand,,ok,automatisk fra EEA-badevandsdata
2026-09-24T16:00:17+02:00,k-node13975378766,sat vand,,ok,automatisk fra EEA-badevandsdata
2026-09-24T16:00:17+02:00,k-node13975401639,sat vand,,ok,automatisk fra EEA-badevandsdata
2026-09-24T16:00:17+02:00,k-node13975419601,sat vand,,ok,automatisk fra EEA-badevandsdata
2026-09-24T16:00:17+02:00,k-node13977133368,sat vand,,ok,automatisk fra EEA-badevandsdata
2026-09-24T16:00:17+02:00,k-node13977135705,sat vand,,ok,automatisk fra EEA-badevandsdata
2026-09-24T16:00:17+02:00,k-node13977155293,sat vand,,ok,automatisk fra EEA-badevandsdata
2026-09-24T16:00:17+02:00,k-node13977244932,sat vand,,ok,automatisk fra EEA-badevandsdata
2026-09-24T16:00:17+02:00,k-node13977261038,sat vand,,ok,automatisk fra EEA-badevandsdata
2026-09-24T16:00:17+02:00,k-node13977615465,sat vand,,ok,automatisk fra EEA-badevandsdata
2026-09-24T16:00:17+02:00,k-node13977694398,sat vand,,ok,automatisk fra EEA-badevandsdata
2026-09-24T16:00:17+02:00,k-node13977698268,sat vand,,ok,automatisk fra EEA-badevandsdata
2026-09-24T16:00:17+02:00,k-node13977700320,sat vand,,ok,automatisk fra EEA-badevandsdata
2026-09-24T16:00:17+02:00,k-node13978533290,sat vand,,ok,automatisk fra EEA-badevandsdata
2026-09-24T16:00:17+02:00,k-node13978601325,sat vand,,ok,automatisk fra EEA-badevandsdata
2026-09-24T16:00:17+02:00,k-node13978894378,sat vand,,ok,automatisk fra EEA-badevandsdata
2026-09-24T16:00:17+02:00,k-node13978894387,sat vand,,ok,automatisk fra EEA-badevandsdata
2026-09-24T16:00:17+02:00,k-node13978900134,sat vand,,ok,automatisk fra EEA-badevandsdata
2026-09-24T16:00:17+02:00,k-node13978900963,sat vand,,ok,automatisk fra EEA-badevandsdata
2026-09-24T16:00:17+02:00,k-node13978918756,sat vand,,ok,automatisk fra EEA-badevandsdata
2026-09-24T16:00:17+02:00,k-node13979810354,sat vand,,tvivl,automatisk fra EEA-badevandsdata
2026-09-24T16:00:17+02:00,k-node13979873140,sat vand,,ok,automatisk fra EEA-badevandsdata
2026-09-24T16:00:17+02:00,k-node13979875661,sat vand,,ok,automatisk fra EEA-badevandsdata
2026-09-24T16:00:17+02:00,k-node13979991664,sat vand,,ok,automatisk fra EEA-badevandsdata
2026-09-24T16:00:17+02:00,k-node13980018821,sat vand,,ukendt,automatisk fra EEA-badevandsdata
2026-09-24T16:00:17+02:00,k-node13980018924,sat vand,,ok,automatisk fra EEA-badevandsdata
2026-09-24T16:00:17+02:00,k-node13980208941,sat vand,,ok,automatisk fra EEA-badevandsdata
2026-09-24T16:00:17+02:00,k-node13980209225,sat vand,,ukendt,automatisk fra EEA-badevandsdata
2026-09-24T16:00:17+02:00,k-node13980219955,sat vand,,ok,automatisk fra EEA-badevandsdata
2026-09-24T16:00:17+02:00,k-node13980224814,sat vand,,ok,automatisk fra EEA-badevandsdata
2026-09-24T16:00:17+02:00,k-node13980225796,sat vand,,ok,automatisk fra EEA-badevandsdata
2026-09-24T16:00:17+02:00,k-node13980229478,sat vand,,ok,automatisk fra EEA-badevandsdata
2026-09-24T16:00:17+02:00,k-node13981142696,sat vand,,ok,automatisk fra EEA-badevandsdata
2026-09-24T16:00:17+02:00,k-node13981163058,sat vand,,ok,automatisk fra EEA-badevandsdata
2026-09-24T16:00:17+02:00,k-node13981166898,sat vand,,ok,automatisk fra EEA-badevandsdata
2026-09-24T16:00:17+02:00,k-node13981217297,sat vand,,ok,automatisk fra EEA-badevandsdata
2026-09-24T16:00:17+02:00,k-node13982255665,sat vand,,ok,automatisk fra EEA-badevandsdata
2026-09-24T16:00:17+02:00,k-node13982280898,sat vand,,ok,automatisk fra EEA-badevandsdata
2026-09-24T16:00:17+02:00,k-node13982307616,sat vand,,tvivl,automatisk fra EEA-badevandsdata
2026-09-24T16:00:17+02:00,k-node13982316569,sat vand,,ok,automatisk fra EEA-badevandsdata
2026-09-24T16:00:17+02:00,k-node13982435208,sat vand,,ok,automatisk fra EEA-badevandsdata
2026-09-24T16:00:17+02:00,k-node13982448447,sat vand,,ok,automatisk fra EEA-badevandsdata
2026-09-24T16:00:17+02:00,k-node13982470986,sat vand,,ok,automatisk fra EEA-badevandsdata
2026-09-24T16:00:17+02:00,k-node13982500617,sat vand,,ok,automatisk fra EEA-badevandsdata
2026-09-24T16:00:17+02:00,k-node13982530531,sat vand,,ok,automatisk fra EEA-badevandsdata
2026-09-24T16:00:17+02:00,k-node13982682876,sat vand,,ok,automatisk fra EEA-badevandsdata
2026-09-24T16:00:17+02:00,k-node13982697509,sat vand,,ok,automatisk fra EEA-badevandsdata
2026-09-24T16:00:17+02:00,k-node13982942729,sat vand,,ok,automatisk fra EEA-badevandsdata
2026-09-24T16:00:17+02:00,k-node13982962035,sat vand,,ok,automatisk fra EEA-badevandsdata
2026-09-24T16:00:17+02:00,k-node13982967314,sat vand,,ok,automatisk fra EEA-badevandsdata
2026-09-24T16:00:17+02:00,k-node13984970350,sat vand,,ok,automatisk fra EEA-badevandsdata
2026-09-24T16:00:17+02:00,k-node13984998938,sat vand,,ok,automatisk fra EEA-badevandsdata
2026-09-24T16:00:17+02:00,k-node13985364745,sat vand,,ok,automatisk fra EEA-badevandsdata
2026-09-24T16:00:17+02:00,k-node13985470054,sat vand,,ok,automatisk fra EEA-badevandsdata
2026-09-24T16:00:17+02:00,k-node13985488731,sat vand,,ok,automatisk fra EEA-badevandsdata
2026-09-24T16:00:17+02:00,k-node13985540514,sat vand,,ok,automatisk fra EEA-badevandsdata
2026-09-24T16:00:17+02:00,k-node13985713770,sat vand,,ok,automatisk fra EEA-badevandsdata
2026-09-24T16:00:17+02:00,k-node13985783741,sat vand,,ok,automatisk fra EEA-badevandsdata
2026-09-24T16:00:17+02:00,k-node13985946378,sat vand,,ok,automatisk fra EEA-badevandsdata
2026-09-24T16:00:17+02:00,k-node13985990362,sat vand,,ok,automatisk fra EEA-badevandsdata
2026-09-24T16:00:17+02:00,k-node13986384751,sat vand,,ukendt,automatisk fra EEA-badevandsdata
2026-09-24T16:00:17+02:00,k-node13986440618,sat vand,,ukendt,automatisk fra EEA-badevandsdata
2026-09-24T16:00:17+02:00,k-node13986443529,sat vand,,ukendt,automatisk fra EEA-badevandsdata
2026-09-24T16:00:17+02:00,k-node13986715463,sat vand,,ok,automatisk fra EEA-badevandsdata
2026-09-24T16:00:17+02:00,k-node13986824895,sat vand,,ok,automatisk fra EEA-badevandsdata
2026-09-24T16:00:17+02:00,k-node13989598398,sat vand,,ok,automatisk fra EEA-badevandsdata
2026-09-24T16:00:17+02:00,k-node13989632182,sat vand,,ok,automatisk fra EEA-badevandsdata
2026-09-24T16:00:17+02:00,k-node13989659293,sat vand,,ok,automatisk fra EEA-badevandsdata
2026-09-24T16:00:17+02:00,k-node13989665010,sat vand,,ok,automatisk fra EEA-badevandsdata
2026-09-24T16:00:17+02:00,k-node13989666891,sat vand,,ok,automatisk fra EEA-badevandsdata
2026-09-24T16:00:17+02:00,k-node13990679391,sat vand,,ok,automatisk fra EEA-badevandsdata
2026-09-24T16:00:17+02:00,k-node13990836681,sat vand,,ok,automatisk fra EEA-badevandsdata
2026-09-24T16:00:17+02:00,k-node13994495443,sat vand,,ok,automatisk fra EEA-badevandsdata
2026-09-24T16:00:17+02:00,k-node13994496427,sat vand,,ok,automatisk fra EEA-badevandsdata
2026-09-24T16:00:17+02:00,k-node13994533929,sat vand,,ok,automatisk fra EEA-badevandsdata
2026-09-24T16:00:17+02:00,k-node13994535757,sat vand,,ok,automatisk fra EEA-badevandsdata
2026-09-24T16:00:17+02:00,k-node13994868492,sat vand,,ok,automatisk fra EEA-badevandsdata
2026-09-24T16:00:17+02:00,k-node13994974665,sat vand,,ok,automatisk fra EEA-badevandsdata
2026-09-24T16:00:17+02:00,k-node13995054889,sat vand,,ok,automatisk fra EEA-badevandsdata
2026-09-24T16:00:17+02:00,k-node13995267061,sat vand,,ok,automatisk fra EEA-badevandsdata
2026-09-24T16:00:17+02:00,k-node13995420445,sat vand,,ok,automatisk fra EEA-badevandsdata
2026-09-24T16:00:17+02:00,k-node13995431934,sat vand,,ok,automatisk fra EEA-badevandsdata
2026-09-24T16:00:17+02:00,k-node13997096994,sat vand,,ukendt,automatisk fra EEA-badevandsdata
2026-09-24T16:00:17+02:00,k-node14026334196,sat vand,,ok,automatisk fra EEA-badevandsdata
2026-09-24T16:00:17+02:00,k-node14028759938,sat vand,,ok,automatisk fra EEA-badevandsdata
2026-09-24T16:00:17+02:00,k-node14029396329,sat vand,,ok,automatisk fra EEA-badevandsdata
2026-09-24T16:00:17+02:00,k-node14029403847,sat vand,,ok,automatisk fra EEA-badevandsdata
2026-09-24T16:00:17+02:00,k-node1499686693,sat vand,,ukendt,automatisk fra EEA-badevandsdata
2026-09-24T16:00:17+02:00,k-node1761990178,sat vand,,ukendt,automatisk fra EEA-badevandsdata
2026-09-24T16:00:17+02:00,k-node1840239070,sat vand,,ukendt,automatisk fra EEA-badevandsdata
2026-09-24T16:00:17+02:00,k-node2390353671,sat vand,,ukendt,automatisk fra EEA-badevandsdata
2026-09-24T16:00:17+02:00,k-node2551670076,sat vand,,ukendt,automatisk fra EEA-badevandsdata
2026-09-24T16:00:17+02:00,k-node3232315025,sat vand,,ok,automatisk fra EEA-badevandsdata
2026-09-24T16:00:17+02:00,k-node3237839457,sat vand,,ukendt,automatisk fra EEA-badevandsdata
2026-09-24T16:00:17+02:00,k-node3327008137,sat vand,,ukendt,automatisk fra EEA-badevandsdata
2026-09-24T16:00:17+02:00,k-node4317340400,sat vand,,ukendt,automatisk fra EEA-badevandsdata
2026-09-24T16:00:17+02:00,k-node489736074,sat vand,,tvivl,automatisk fra EEA-badevandsdata
2026-09-24T16:00:17+02:00,k-node5149613875,sat vand,,ukendt,automatisk fra EEA-badevandsdata
2026-09-24T16:00:17+02:00,k-node5940733669,sat vand,,ukendt,automatisk fra EEA-badevandsdata
2026-09-24T16:00:17+02:00,k-node6534091249,sat vand,,ukendt,automatisk fra EEA-badevandsdata
2026-09-24T16:00:17+02:00,k-node7187223502,sat vand,,ukendt,automatisk fra EEA-badevandsdata
2026-09-24T16:00:17+02:00,k-node7839647372,sat vand,,ok,automatisk fra EEA-badevandsdata
2026-09-24T16:00:17+02:00,k-node8507159624,sat vand,,ukendt,automatisk fra EEA-badevandsdata
2026-09-24T16:00:17+02:00,k-node8631311845,sat vand,,ok,automatisk fra EEA-badevandsdata
2026-09-24T16:00:17+02:00,k-node8648425482,sat vand,,ukendt,automatisk fra EEA-badevandsdata
2026-09-24T16:00:17+02:00,k-node8650706520,sat vand,,ok,automatisk fra EEA-badevandsdata
2026-09-24T16:00:17+02:00,k-node884243967,sat vand,,ukendt,automatisk fra EEA-badevandsdata
2026-09-24T16:00:17+02:00,k-node8944860416,sat vand,,ok,automatisk fra EEA-badevandsdata
2026-09-24T16:00:17+02:00,k-node9091818726,sat vand,,ukendt,automatisk fra EEA-badevandsdata
2026-09-24T16:00:17+02:00,k-node9202159053,sat vand,,ukendt,automatisk fra EEA-badevandsdata
2026-09-24T16:00:17+02:00,k-node9515614758,sat vand,,ok,automatisk fra EEA-badevandsdata
2026-09-24T16:00:17+02:00,k-node9652884184,sat vand,,ukendt,automatisk fra EEA-badevandsdata
2026-09-24T16:00:17+02:00,k-node9675491541,sat vand,,ukendt,automatisk fra EEA-badevandsdata
2026-09-24T16:00:17+02:00,k-node9929928494,sat vand,,ok,automatisk fra EEA-badevandsdata
2026-09-24T16:00:17+02:00,k-relation15446074,sat vand,,ukendt,automatisk fra EEA-badevandsdata
2026-09-24T16:00:17+02:00,k-relation18469565,sat vand,,ukendt,automatisk fra EEA-badevandsdata
2026-09-24T16:00:17+02:00,k-relation18469628,sat vand,,ukendt,automatisk fra EEA-badevandsdata
2026-09-24T16:00:17+02:00,k-relation18473955,sat vand,,ukendt,automatisk fra EEA-badevandsdata
2026-09-24T16:00:17+02:00,k-relation18474070,sat vand,,ukendt,automatisk fra EEA-badevandsdata
2026-09-24T16:00:17+02:00,k-relation18477389,sat vand,,ukendt,automatisk fra EEA-badevandsdata
2026-09-24T16:00:17+02:00,k-relation18561425,sat vand,,ukendt,automatisk fra EEA-badevandsdata
2026-09-24T16:00:17+02:00,k-relation18561735,sat vand,,ukendt,automatisk fra EEA-badevandsdata
2026-09-24T16:00:17+02:00,k-relation18564929,sat vand,,ukendt,automatisk fra EEA-badevandsdata
2026-09-24T16:00:17+02:00,k-relation18565528,sat vand,,ukendt,automatisk fra EEA-badevandsdata
2026-09-24T16:00:17+02:00,k-relation18571062,sat vand,,ukendt,automatisk fra EEA-badevandsdata
2026-09-24T16:00:17+02:00,k-relation18574768,sat vand,,ukendt,automatisk fra EEA-badevandsdata
2026-09-24T16:00:17+02:00,k-relation18579996,sat vand,,ukendt,automatisk fra EEA-badevandsdata
2026-09-24T16:00:17+02:00,k-relation18583846,sat vand,,ukendt,automatisk fra EEA-badevandsdata
2026-09-24T16:00:17+02:00,k-relation18583848,sat vand,,ukendt,automatisk fra EEA-badevandsdata
2026-09-24T16:00:17+02:00,k-relation1907975,sat vand,,ukendt,automatisk fra EEA-badevandsdata
2026-09-24T16:00:17+02:00,k-relation6881978,sat vand,,ukendt,automatisk fra EEA-badevandsdata
2026-09-24T16:00:17+02:00,k-way1014021439,sat vand,,ukendt,automatisk fra EEA-badevandsdata
2026-09-24T16:00:17+02:00,k-way1024234251,sat vand,,ukendt,automatisk fra EEA-badevandsdata
2026-09-24T16:00:17+02:00,k-way1036777368,sat vand,,ukendt,automatisk fra EEA-badevandsdata
2026-09-24T16:00:17+02:00,k-way1049704065,sat vand,,ukendt,automatisk fra EEA-badevandsdata
2026-09-24T16:00:17+02:00,k-way1058951537,sat vand,,ukendt,automatisk fra EEA-badevandsdata
2026-09-24T16:00:17+02:00,k-way1067848605,sat vand,,ukendt,automatisk fra EEA-badevandsdata
2026-09-24T16:00:17+02:00,k-way1074338184,sat vand,,ok,automatisk fra EEA-badevandsdata
2026-09-24T16:00:17+02:00,k-way1098071408,sat vand,,ukendt,automatisk fra EEA-badevandsdata
2026-09-24T16:00:17+02:00,k-way1117628864,sat vand,,ukendt,automatisk fra EEA-badevandsdata
2026-09-24T16:00:17+02:00,k-way1173393097,sat vand,,ok,automatisk fra EEA-badevandsdata
2026-09-24T16:00:17+02:00,k-way1177808415,sat vand,,tvivl,automatisk fra EEA-badevandsdata
2026-09-24T16:00:17+02:00,k-way1213688639,sat vand,,ok,automatisk fra EEA-badevandsdata
2026-09-24T16:00:17+02:00,k-way1233522680,sat vand,,ukendt,automatisk fra EEA-badevandsdata
2026-09-24T16:00:17+02:00,k-way1257203442,sat vand,,ukendt,automatisk fra EEA-badevandsdata
2026-09-24T16:00:17+02:00,k-way1272735832,sat vand,,ukendt,automatisk fra EEA-badevandsdata
2026-09-24T16:00:17+02:00,k-way1278993950,sat vand,,ukendt,automatisk fra EEA-badevandsdata
2026-09-24T16:00:17+02:00,k-way127958530,sat vand,,ukendt,automatisk fra EEA-badevandsdata
2026-09-24T16:00:17+02:00,k-way127958531,sat vand,,ukendt,automatisk fra EEA-badevandsdata
2026-09-24T16:00:17+02:00,k-way136432801,sat vand,,ukendt,automatisk fra EEA-badevandsdata
2026-09-24T16:00:17+02:00,k-way1372654813,sat vand,,ukendt,automatisk fra EEA-badevandsdata
2026-09-24T16:00:17+02:00,k-way1391315309,sat vand,,ok,automatisk fra EEA-badevandsdata
2026-09-24T16:00:17+02:00,k-way1408511515,sat vand,,ukendt,automatisk fra EEA-badevandsdata
2026-09-24T16:00:17+02:00,k-way1415132568,sat vand,,ukendt,automatisk fra EEA-badevandsdata
2026-09-24T16:00:17+02:00,k-way1421655795,sat vand,,ok,automatisk fra EEA-badevandsdata
2026-09-24T16:00:17+02:00,k-way143852909,sat vand,,ukendt,automatisk fra EEA-badevandsdata
2026-09-24T16:00:17+02:00,k-way1451124588,sat vand,,ok,automatisk fra EEA-badevandsdata
2026-09-24T16:00:17+02:00,k-way148963976,sat vand,,ukendt,automatisk fra EEA-badevandsdata
2026-09-24T16:00:17+02:00,k-way159279439,sat vand,,ukendt,automatisk fra EEA-badevandsdata
2026-09-24T16:00:17+02:00,k-way170370471,sat vand,,ukendt,automatisk fra EEA-badevandsdata
2026-09-24T16:00:17+02:00,k-way177967223,sat vand,,ukendt,automatisk fra EEA-badevandsdata
2026-09-24T16:00:17+02:00,k-way199347301,sat vand,,ukendt,automatisk fra EEA-badevandsdata
2026-09-24T16:00:17+02:00,k-way206998887,sat vand,,ukendt,automatisk fra EEA-badevandsdata
2026-09-24T16:00:17+02:00,k-way219447579,sat vand,,ukendt,automatisk fra EEA-badevandsdata
2026-09-24T16:00:17+02:00,k-way219467402,sat vand,,ukendt,automatisk fra EEA-badevandsdata
2026-09-24T16:00:17+02:00,k-way219468211,sat vand,,ok,automatisk fra EEA-badevandsdata
2026-09-24T16:00:17+02:00,k-way220045947,sat vand,,ok,automatisk fra EEA-badevandsdata
2026-09-24T16:00:17+02:00,k-way225879352,sat vand,,ukendt,automatisk fra EEA-badevandsdata
2026-09-24T16:00:17+02:00,k-way225879353,sat vand,,ukendt,automatisk fra EEA-badevandsdata
2026-09-24T16:00:17+02:00,k-way225879354,sat vand,,ukendt,automatisk fra EEA-badevandsdata
2026-09-24T16:00:17+02:00,k-way239965876,sat vand,,ukendt,automatisk fra EEA-badevandsdata
2026-09-24T16:00:17+02:00,k-way255007997,sat vand,,ok,automatisk fra EEA-badevandsdata
2026-09-24T16:00:17+02:00,k-way25681125,sat vand,,ukendt,automatisk fra EEA-badevandsdata
2026-09-24T16:00:17+02:00,k-way26166595,sat vand,,ukendt,automatisk fra EEA-badevandsdata
2026-09-24T16:00:17+02:00,k-way26275670,sat vand,,ukendt,automatisk fra EEA-badevandsdata
2026-09-24T16:00:17+02:00,k-way26275754,sat vand,,ukendt,automatisk fra EEA-badevandsdata
2026-09-24T16:00:17+02:00,k-way26509248,sat vand,,ukendt,automatisk fra EEA-badevandsdata
2026-09-24T16:00:17+02:00,k-way286585791,sat vand,,ok,automatisk fra EEA-badevandsdata
2026-09-24T16:00:17+02:00,k-way286588886,sat vand,,ukendt,automatisk fra EEA-badevandsdata
2026-09-24T16:00:17+02:00,k-way331583283,sat vand,,ukendt,automatisk fra EEA-badevandsdata
2026-09-24T16:00:17+02:00,k-way33605334,sat vand,,ok,automatisk fra EEA-badevandsdata
2026-09-24T16:00:17+02:00,k-way368201933,sat vand,,ukendt,automatisk fra EEA-badevandsdata
2026-09-24T16:00:17+02:00,k-way384907296,sat vand,,ukendt,automatisk fra EEA-badevandsdata
2026-09-24T16:00:17+02:00,k-way389802410,sat vand,,ukendt,automatisk fra EEA-badevandsdata
2026-09-24T16:00:17+02:00,k-way413961150,sat vand,,ukendt,automatisk fra EEA-badevandsdata
2026-09-24T16:00:17+02:00,k-way431504417,sat vand,,ukendt,automatisk fra EEA-badevandsdata
2026-09-24T16:00:17+02:00,k-way431504672,sat vand,,ukendt,automatisk fra EEA-badevandsdata
2026-09-24T16:00:17+02:00,k-way47131688,sat vand,,ukendt,automatisk fra EEA-badevandsdata
2026-09-24T16:00:17+02:00,k-way47701230,sat vand,,ok,automatisk fra EEA-badevandsdata
2026-09-24T16:00:17+02:00,k-way585495967,sat vand,,ukendt,automatisk fra EEA-badevandsdata
2026-09-24T16:00:17+02:00,k-way635558206,sat vand,,ukendt,automatisk fra EEA-badevandsdata
2026-09-24T16:00:17+02:00,k-way72271735,sat vand,,ukendt,automatisk fra EEA-badevandsdata
2026-09-24T16:00:17+02:00,k-way730247127,sat vand,,ukendt,automatisk fra EEA-badevandsdata
2026-09-24T16:00:17+02:00,k-way799211778,sat vand,,ukendt,automatisk fra EEA-badevandsdata
2026-09-24T16:00:17+02:00,k-way835008170,sat vand,,ok,automatisk fra EEA-badevandsdata
2026-09-24T16:00:17+02:00,k-way852455409,sat vand,,ukendt,automatisk fra EEA-badevandsdata
2026-09-24T16:00:17+02:00,k-way852508901,sat vand,,ukendt,automatisk fra EEA-badevandsdata
2026-09-24T16:00:17+02:00,k-way89697309,sat vand,,ok,automatisk fra EEA-badevandsdata
2026-09-24T16:00:17+02:00,k-way93193565,sat vand,,ukendt,automatisk fra EEA-badevandsdata
2026-09-24T16:00:17+02:00,k-way97089886,sat vand,,ukendt,automatisk fra EEA-badevandsdata
2026-09-24T16:00:17+02:00,k-node1154379103,sat vand,,ok,automatisk fra EEA-badevandsdata
2026-09-24T16:00:17+02:00,k-node11948108245,sat vand,,ok,automatisk fra EEA-badevandsdata
2026-09-24T16:00:17+02:00,k-node13019228202,sat vand,,ukendt,automatisk fra EEA-badevandsdata
2026-09-24T16:00:17+02:00,k-node13977149366,sat vand,,ok,automatisk fra EEA-badevandsdata
2026-09-24T16:00:17+02:00,k-node8460407442,sat vand,,ok,automatisk fra EEA-badevandsdata
2026-09-24T16:00:17+02:00,k-node8647487065,sat vand,,ok,automatisk fra EEA-badevandsdata
2026-09-24T16:00:17+02:00,k-way1027655360,sat vand,,ukendt,automatisk fra EEA-badevandsdata
2026-09-24T16:00:17+02:00,k-way1063419644,sat vand,,ok,automatisk fra EEA-badevandsdata
2026-09-24T16:00:17+02:00,k-way108355002,sat vand,,ok,automatisk fra EEA-badevandsdata
2026-09-24T16:00:17+02:00,k-way119212368,sat vand,,ok,automatisk fra EEA-badevandsdata
2026-09-24T16:00:17+02:00,k-way1297182932,sat vand,,ok,automatisk fra EEA-badevandsdata
2026-09-24T16:00:17+02:00,k-way1382557926,sat vand,,ok,automatisk fra EEA-badevandsdata
2026-09-24T16:00:17+02:00,k-way263067232,sat vand,,ukendt,automatisk fra EEA-badevandsdata
2026-09-24T16:00:17+02:00,k-way480291462,sat vand,,ok,automatisk fra EEA-badevandsdata
2026-09-24T16:00:17+02:00,k-way487162563,sat vand,,ukendt,automatisk fra EEA-badevandsdata
2026-09-24T16:00:17+02:00,k-way516560450,sat vand,,ok,automatisk fra EEA-badevandsdata
2026-09-24T16:00:17+02:00,k-way516854075,sat vand,,ok,automatisk fra EEA-badevandsdata
2026-09-24T16:00:17+02:00,k-way616897685,sat vand,,ok,automatisk fra EEA-badevandsdata
2026-09-24T16:00:17+02:00,k-node10814063246,sat vand,,ok,automatisk fra EEA-badevandsdata
2026-09-24T16:00:17+02:00,k-node13975136297,sat vand,,ok,automatisk fra EEA-badevandsdata
2026-09-24T16:00:17+02:00,k-node1832823096,sat vand,,ukendt,automatisk fra EEA-badevandsdata
2026-09-24T16:00:17+02:00,k-node2460053037,sat vand,,ok,automatisk fra EEA-badevandsdata
2026-09-24T16:00:17+02:00,k-node4309970533,sat vand,,ukendt,automatisk fra EEA-badevandsdata
2026-09-24T16:00:17+02:00,k-node4438287896,sat vand,,ukendt,automatisk fra EEA-badevandsdata
2026-09-24T16:00:17+02:00,k-node8449053037,sat vand,,ukendt,automatisk fra EEA-badevandsdata
2026-09-24T16:00:17+02:00,k-node8593151231,sat vand,,ok,automatisk fra EEA-badevandsdata
2026-09-24T16:00:17+02:00,k-node9643935121,sat vand,,ukendt,automatisk fra EEA-badevandsdata
2026-09-24T16:00:17+02:00,k-relation16216356,sat vand,,ok,automatisk fra EEA-badevandsdata
2026-09-24T16:00:17+02:00,k-way60965758,sat vand,,ukendt,automatisk fra EEA-badevandsdata
2026-09-24T16:00:17+02:00,k-way85417747,sat vand,,ok,automatisk fra EEA-badevandsdata
2026-09-24T16:00:17+02:00,k-node1018651936,sat vand,,ukendt,automatisk fra EEA-badevandsdata
2026-09-24T16:00:17+02:00,k-node11013955252,sat vand,,ukendt,automatisk fra EEA-badevandsdata
2026-09-24T16:00:17+02:00,k-node11069667570,sat vand,,ukendt,automatisk fra EEA-badevandsdata
2026-09-24T16:00:17+02:00,k-node1204259708,sat vand,,ok,automatisk fra EEA-badevandsdata
2026-09-24T16:00:17+02:00,k-node12157447389,sat vand,,ok,automatisk fra EEA-badevandsdata
2026-09-24T16:00:17+02:00,k-node12166072269,sat vand,,ok,automatisk fra EEA-badevandsdata
2026-09-24T16:00:17+02:00,k-node12174674433,sat vand,,ukendt,automatisk fra EEA-badevandsdata
2026-09-24T16:00:17+02:00,k-node12175248464,sat vand,,ukendt,automatisk fra EEA-badevandsdata
2026-09-24T16:00:17+02:00,k-node12318710953,sat vand,,ok,automatisk fra EEA-badevandsdata
2026-09-24T16:00:17+02:00,k-node12618050316,sat vand,,ukendt,automatisk fra EEA-badevandsdata
2026-09-24T16:00:17+02:00,k-node13009222202,sat vand,,ukendt,automatisk fra EEA-badevandsdata
2026-09-24T16:00:17+02:00,k-node13020705839,sat vand,,ukendt,automatisk fra EEA-badevandsdata
2026-09-24T16:00:17+02:00,k-node13040992331,sat vand,,ok,automatisk fra EEA-badevandsdata
2026-09-24T16:00:17+02:00,k-node13063434949,sat vand,,ukendt,automatisk fra EEA-badevandsdata
2026-09-24T16:00:17+02:00,k-node13872328074,sat vand,,ukendt,automatisk fra EEA-badevandsdata
2026-09-24T16:00:17+02:00,k-node13912962162,sat vand,,ok,automatisk fra EEA-badevandsdata
2026-09-24T16:00:17+02:00,k-node13920981785,sat vand,,ok,automatisk fra EEA-badevandsdata
2026-09-24T16:00:17+02:00,k-node13968570522,sat vand,,ukendt,automatisk fra EEA-badevandsdata
2026-09-24T16:00:17+02:00,k-node13977021142,sat vand,,ok,automatisk fra EEA-badevandsdata
2026-09-24T16:00:17+02:00,k-node13982693001,sat vand,,ok,automatisk fra EEA-badevandsdata
2026-09-24T16:00:17+02:00,k-node13990711089,sat vand,,ok,automatisk fra EEA-badevandsdata
2026-09-24T16:00:17+02:00,k-node1785885901,sat vand,,ukendt,automatisk fra EEA-badevandsdata
2026-09-24T16:00:17+02:00,k-node1909931111,sat vand,,ukendt,automatisk fra EEA-badevandsdata
2026-09-24T16:00:17+02:00,k-node3884055368,sat vand,,ukendt,automatisk fra EEA-badevandsdata
2026-09-24T16:00:17+02:00,k-node4089172503,sat vand,,ukendt,automatisk fra EEA-badevandsdata
2026-09-24T16:00:17+02:00,k-node476581392,sat vand,,ukendt,automatisk fra EEA-badevandsdata
2026-09-24T16:00:17+02:00,k-node6448993071,sat vand,,ukendt,automatisk fra EEA-badevandsdata
2026-09-24T16:00:17+02:00,k-node6868072501,sat vand,,ok,automatisk fra EEA-badevandsdata
2026-09-24T16:00:17+02:00,k-node9989046280,sat vand,,ukendt,automatisk fra EEA-badevandsdata
2026-09-24T16:00:17+02:00,k-way1034860592,sat vand,,ukendt,automatisk fra EEA-badevandsdata
2026-09-24T16:00:17+02:00,k-way1190652224,sat vand,,ok,automatisk fra EEA-badevandsdata
2026-09-24T16:00:17+02:00,k-way237099211,sat vand,,ukendt,automatisk fra EEA-badevandsdata
2026-09-24T16:00:17+02:00,k-way609317589,sat vand,,ukendt,automatisk fra EEA-badevandsdata
2026-09-24T16:00:17+02:00,k-node1028000785,sat vand,,ukendt,automatisk fra EEA-badevandsdata
2026-09-24T16:00:17+02:00,k-node1039983204,sat vand,,ukendt,automatisk fra EEA-badevandsdata
2026-09-24T16:00:17+02:00,k-node10614333091,sat vand,,ok,automatisk fra EEA-badevandsdata
2026-09-24T16:00:17+02:00,k-node10719047222,sat vand,,ukendt,automatisk fra EEA-badevandsdata
2026-09-24T16:00:17+02:00,k-node10765312314,sat vand,,ok,automatisk fra EEA-badevandsdata
2026-09-24T16:00:17+02:00,k-node10770884852,sat vand,,ukendt,automatisk fra EEA-badevandsdata
2026-09-24T16:00:17+02:00,k-node10775930146,sat vand,,ok,automatisk fra EEA-badevandsdata
2026-09-24T16:00:17+02:00,k-node10776284748,sat vand,,ukendt,automatisk fra EEA-badevandsdata
2026-09-24T16:00:17+02:00,k-node1089391379,sat vand,,ok,automatisk fra EEA-badevandsdata
2026-09-24T16:00:17+02:00,k-node11013955254,sat vand,,ok,automatisk fra EEA-badevandsdata
2026-09-24T16:00:17+02:00,k-node11039765128,sat vand,,ukendt,automatisk fra EEA-badevandsdata
2026-09-24T16:00:17+02:00,k-node11064885758,sat vand,,ukendt,automatisk fra EEA-badevandsdata
2026-09-24T16:00:17+02:00,k-node11070324160,sat vand,,ukendt,automatisk fra EEA-badevandsdata
2026-09-24T16:00:17+02:00,k-node11071056464,sat vand,,ukendt,automatisk fra EEA-badevandsdata
2026-09-24T16:00:17+02:00,k-node11374883151,sat vand,,ok,automatisk fra EEA-badevandsdata
2026-09-24T16:00:17+02:00,k-node11374926055,sat vand,,ukendt,automatisk fra EEA-badevandsdata
2026-09-24T16:00:17+02:00,k-node11420405324,sat vand,,ukendt,automatisk fra EEA-badevandsdata
2026-09-24T16:00:17+02:00,k-node11513538156,sat vand,,ukendt,automatisk fra EEA-badevandsdata
2026-09-24T16:00:17+02:00,k-node11610590359,sat vand,,ukendt,automatisk fra EEA-badevandsdata
2026-09-24T16:00:17+02:00,k-node11697220055,sat vand,,ukendt,automatisk fra EEA-badevandsdata
2026-09-24T16:00:17+02:00,k-node11789625033,sat vand,,ok,automatisk fra EEA-badevandsdata
2026-09-24T16:00:17+02:00,k-node11847020921,sat vand,,ukendt,automatisk fra EEA-badevandsdata
2026-09-24T16:00:17+02:00,k-node11961297792,sat vand,,ok,automatisk fra EEA-badevandsdata
2026-09-24T16:00:17+02:00,k-node11961297794,sat vand,,ok,automatisk fra EEA-badevandsdata
2026-09-24T16:00:17+02:00,k-node11961297795,sat vand,,ukendt,automatisk fra EEA-badevandsdata
2026-09-24T16:00:17+02:00,k-node1207350289,sat vand,,ok,automatisk fra EEA-badevandsdata
2026-09-24T16:00:17+02:00,k-node1210973613,sat vand,,ok,automatisk fra EEA-badevandsdata
2026-09-24T16:00:17+02:00,k-node1215771205,sat vand,,ukendt,automatisk fra EEA-badevandsdata
2026-09-24T16:00:17+02:00,k-node12258074290,sat vand,,ukendt,automatisk fra EEA-badevandsdata
2026-09-24T16:00:17+02:00,k-node12304888481,sat vand,,ukendt,automatisk fra EEA-badevandsdata
2026-09-24T16:00:17+02:00,k-node12350824628,sat vand,,ok,automatisk fra EEA-badevandsdata
2026-09-24T16:00:17+02:00,k-node12350824630,sat vand,,ok,automatisk fra EEA-badevandsdata
2026-09-24T16:00:17+02:00,k-node12409159160,sat vand,,ukendt,automatisk fra EEA-badevandsdata
2026-09-24T16:00:17+02:00,k-node12410029736,sat vand,,ukendt,automatisk fra EEA-badevandsdata
2026-09-24T16:00:17+02:00,k-node12458899372,sat vand,,ukendt,automatisk fra EEA-badevandsdata
2026-09-24T16:00:17+02:00,k-node12466920854,sat vand,,ukendt,automatisk fra EEA-badevandsdata
2026-09-24T16:00:17+02:00,k-node12472045531,sat vand,,ok,automatisk fra EEA-badevandsdata
2026-09-24T16:00:17+02:00,k-node12478490101,sat vand,,ok,automatisk fra EEA-badevandsdata
2026-09-24T16:00:17+02:00,k-node12564875127,sat vand,,ok,automatisk fra EEA-badevandsdata
2026-09-24T16:00:17+02:00,k-node12572485672,sat vand,,ukendt,automatisk fra EEA-badevandsdata
2026-09-24T16:00:17+02:00,k-node12828881678,sat vand,,ok,automatisk fra EEA-badevandsdata
2026-09-24T16:00:17+02:00,k-node12920644487,sat vand,,ok,automatisk fra EEA-badevandsdata
2026-09-24T16:00:17+02:00,k-node12925350806,sat vand,,ukendt,automatisk fra EEA-badevandsdata
2026-09-24T16:00:17+02:00,k-node13011305824,sat vand,,ukendt,automatisk fra EEA-badevandsdata
2026-09-24T16:00:17+02:00,k-node13011838890,sat vand,,ok,automatisk fra EEA-badevandsdata
2026-09-24T16:00:17+02:00,k-node13012186485,sat vand,,ok,automatisk fra EEA-badevandsdata
2026-09-24T16:00:17+02:00,k-node13013301012,sat vand,,ok,automatisk fra EEA-badevandsdata
2026-09-24T16:00:17+02:00,k-node13013579205,sat vand,,ukendt,automatisk fra EEA-badevandsdata
2026-09-24T16:00:17+02:00,k-node13013873751,sat vand,,ok,automatisk fra EEA-badevandsdata
2026-09-24T16:00:17+02:00,k-node13019523223,sat vand,,ok,automatisk fra EEA-badevandsdata
2026-09-24T16:00:17+02:00,k-node13019581325,sat vand,,ukendt,automatisk fra EEA-badevandsdata
2026-09-24T16:00:17+02:00,k-node13019685502,sat vand,,ukendt,automatisk fra EEA-badevandsdata
2026-09-24T16:00:17+02:00,k-node13020429031,sat vand,,ok,automatisk fra EEA-badevandsdata
2026-09-24T16:00:17+02:00,k-node13040991225,sat vand,,ukendt,automatisk fra EEA-badevandsdata
2026-09-24T16:00:17+02:00,k-node1339074498,sat vand,,ukendt,automatisk fra EEA-badevandsdata
2026-09-24T16:00:17+02:00,k-node1359132750,sat vand,,ok,automatisk fra EEA-badevandsdata
2026-09-24T16:00:17+02:00,k-node1359134154,sat vand,,ukendt,automatisk fra EEA-badevandsdata
2026-09-24T16:00:17+02:00,k-node1365166891,sat vand,,ukendt,automatisk fra EEA-badevandsdata
2026-09-24T16:00:17+02:00,k-node1382887355,sat vand,,ukendt,automatisk fra EEA-badevandsdata
2026-09-24T16:00:17+02:00,k-node13852532374,sat vand,,ok,automatisk fra EEA-badevandsdata
2026-09-24T16:00:17+02:00,k-node13852591591,sat vand,,ok,automatisk fra EEA-badevandsdata
2026-09-24T16:00:17+02:00,k-node13854270769,sat vand,,ok,automatisk fra EEA-badevandsdata
2026-09-24T16:00:17+02:00,k-node13854280068,sat vand,,ok,automatisk fra EEA-badevandsdata
2026-09-24T16:00:17+02:00,k-node13855717307,sat vand,,tvivl,automatisk fra EEA-badevandsdata
2026-09-24T16:00:17+02:00,k-node13855739873,sat vand,,ok,automatisk fra EEA-badevandsdata
2026-09-24T16:00:17+02:00,k-node13858643573,sat vand,,ok,automatisk fra EEA-badevandsdata
2026-09-24T16:00:17+02:00,k-node13858701220,sat vand,,ok,automatisk fra EEA-badevandsdata
2026-09-24T16:00:17+02:00,k-node13858713076,sat vand,,ok,automatisk fra EEA-badevandsdata
2026-09-24T16:00:17+02:00,k-node13866197936,sat vand,,ok,automatisk fra EEA-badevandsdata
2026-09-24T16:00:17+02:00,k-node13866659080,sat vand,,ok,automatisk fra EEA-badevandsdata
2026-09-24T16:00:17+02:00,k-node13866688604,sat vand,,ok,automatisk fra EEA-badevandsdata
2026-09-24T16:00:17+02:00,k-node13869019955,sat vand,,ok,automatisk fra EEA-badevandsdata
2026-09-24T16:00:17+02:00,k-node13899641388,sat vand,,ukendt,automatisk fra EEA-badevandsdata
2026-09-24T16:00:17+02:00,k-node13899678800,sat vand,,ok,automatisk fra EEA-badevandsdata
2026-09-24T16:00:17+02:00,k-node13899692019,sat vand,,ok,automatisk fra EEA-badevandsdata
2026-09-24T16:00:17+02:00,k-node13899721324,sat vand,,ok,automatisk fra EEA-badevandsdata
2026-09-24T16:00:17+02:00,k-node13899725713,sat vand,,ok,automatisk fra EEA-badevandsdata
2026-09-24T16:00:17+02:00,k-node13899729698,sat vand,,ok,automatisk fra EEA-badevandsdata
2026-09-24T16:00:17+02:00,k-node13899736781,sat vand,,ok,automatisk fra EEA-badevandsdata
2026-09-24T16:00:17+02:00,k-node13899768714,sat vand,,ok,automatisk fra EEA-badevandsdata
2026-09-24T16:00:17+02:00,k-node13899768890,sat vand,,ok,automatisk fra EEA-badevandsdata
2026-09-24T16:00:17+02:00,k-node13899779247,sat vand,,ok,automatisk fra EEA-badevandsdata
2026-09-24T16:00:17+02:00,k-node13899782762,sat vand,,ok,automatisk fra EEA-badevandsdata
2026-09-24T16:00:17+02:00,k-node13899784870,sat vand,,ok,automatisk fra EEA-badevandsdata
2026-09-24T16:00:17+02:00,k-node13900972478,sat vand,,ok,automatisk fra EEA-badevandsdata
2026-09-24T16:00:17+02:00,k-node13900980579,sat vand,,ok,automatisk fra EEA-badevandsdata
2026-09-24T16:00:17+02:00,k-node13901096193,sat vand,,ok,automatisk fra EEA-badevandsdata
2026-09-24T16:00:17+02:00,k-node13901096408,sat vand,,ok,automatisk fra EEA-badevandsdata
2026-09-24T16:00:17+02:00,k-node13901099378,sat vand,,ok,automatisk fra EEA-badevandsdata
2026-09-24T16:00:17+02:00,k-node13901110086,sat vand,,ok,automatisk fra EEA-badevandsdata
2026-09-24T16:00:17+02:00,k-node13901123902,sat vand,,ok,automatisk fra EEA-badevandsdata
2026-09-24T16:00:17+02:00,k-node13901206787,sat vand,,ok,automatisk fra EEA-badevandsdata
2026-09-24T16:00:17+02:00,k-node13901214194,sat vand,,ok,automatisk fra EEA-badevandsdata
2026-09-24T16:00:17+02:00,k-node13902179937,sat vand,,ok,automatisk fra EEA-badevandsdata
2026-09-24T16:00:17+02:00,k-node13902186884,sat vand,,ok,automatisk fra EEA-badevandsdata
2026-09-24T16:00:17+02:00,k-node13902269194,sat vand,,ok,automatisk fra EEA-badevandsdata
2026-09-24T16:00:17+02:00,k-node13902289568,sat vand,,ok,automatisk fra EEA-badevandsdata
2026-09-24T16:00:17+02:00,k-node13902307201,sat vand,,ok,automatisk fra EEA-badevandsdata
2026-09-24T16:00:17+02:00,k-node13902326389,sat vand,,ok,automatisk fra EEA-badevandsdata
2026-09-24T16:00:17+02:00,k-node13902341605,sat vand,,ok,automatisk fra EEA-badevandsdata
2026-09-24T16:00:17+02:00,k-node13902341906,sat vand,,ok,automatisk fra EEA-badevandsdata
2026-09-24T16:00:17+02:00,k-node13902394421,sat vand,,ok,automatisk fra EEA-badevandsdata
2026-09-24T16:00:17+02:00,k-node13902395130,sat vand,,ok,automatisk fra EEA-badevandsdata
2026-09-24T16:00:17+02:00,k-node13902407993,sat vand,,ok,automatisk fra EEA-badevandsdata
2026-09-24T16:00:17+02:00,k-node13902429896,sat vand,,ok,automatisk fra EEA-badevandsdata
2026-09-24T16:00:17+02:00,k-node13902430276,sat vand,,ok,automatisk fra EEA-badevandsdata
2026-09-24T16:00:17+02:00,k-node13902696110,sat vand,,ok,automatisk fra EEA-badevandsdata
2026-09-24T16:00:17+02:00,k-node13902703482,sat vand,,ok,automatisk fra EEA-badevandsdata
2026-09-24T16:00:17+02:00,k-node13902707014,sat vand,,ok,automatisk fra EEA-badevandsdata
2026-09-24T16:00:17+02:00,k-node13904216380,sat vand,,ok,automatisk fra EEA-badevandsdata
2026-09-24T16:00:17+02:00,k-node13904237898,sat vand,,ok,automatisk fra EEA-badevandsdata
2026-09-24T16:00:17+02:00,k-node13904241400,sat vand,,ok,automatisk fra EEA-badevandsdata
2026-09-24T16:00:17+02:00,k-node13906341794,sat vand,,tvivl,automatisk fra EEA-badevandsdata
2026-09-24T16:00:17+02:00,k-node13906405165,sat vand,,ok,automatisk fra EEA-badevandsdata
2026-09-24T16:00:17+02:00,k-node13906465005,sat vand,,ok,automatisk fra EEA-badevandsdata
2026-09-24T16:00:17+02:00,k-node13906499742,sat vand,,ok,automatisk fra EEA-badevandsdata
2026-09-24T16:00:17+02:00,k-node13906515195,sat vand,,ok,automatisk fra EEA-badevandsdata
2026-09-24T16:00:17+02:00,k-node13906521345,sat vand,,ok,automatisk fra EEA-badevandsdata
2026-09-24T16:00:17+02:00,k-node13906526400,sat vand,,ok,automatisk fra EEA-badevandsdata
2026-09-24T16:00:17+02:00,k-node13906532721,sat vand,,ok,automatisk fra EEA-badevandsdata
2026-09-24T16:00:17+02:00,k-node13906533613,sat vand,,ok,automatisk fra EEA-badevandsdata
2026-09-24T16:00:17+02:00,k-node13906533894,sat vand,,ok,automatisk fra EEA-badevandsdata
2026-09-24T16:00:17+02:00,k-node13906545206,sat vand,,ok,automatisk fra EEA-badevandsdata
2026-09-24T16:00:17+02:00,k-node13906557098,sat vand,,ok,automatisk fra EEA-badevandsdata
2026-09-24T16:00:17+02:00,k-node13906576508,sat vand,,ok,automatisk fra EEA-badevandsdata
2026-09-24T16:00:17+02:00,k-node13906915995,sat vand,,ok,automatisk fra EEA-badevandsdata
2026-09-24T16:00:17+02:00,k-node13906990333,sat vand,,ok,automatisk fra EEA-badevandsdata
2026-09-24T16:00:17+02:00,k-node13906998656,sat vand,,ok,automatisk fra EEA-badevandsdata
2026-09-24T16:00:17+02:00,k-node13907011079,sat vand,,ok,automatisk fra EEA-badevandsdata
2026-09-24T16:00:17+02:00,k-node13907035411,sat vand,,ok,automatisk fra EEA-badevandsdata
2026-09-24T16:00:17+02:00,k-node13907958237,sat vand,,ok,automatisk fra EEA-badevandsdata
2026-09-24T16:00:17+02:00,k-node13907958267,sat vand,,ok,automatisk fra EEA-badevandsdata
2026-09-24T16:00:17+02:00,k-node13907996695,sat vand,,ok,automatisk fra EEA-badevandsdata
2026-09-24T16:00:17+02:00,k-node13908033639,sat vand,,ok,automatisk fra EEA-badevandsdata
2026-09-24T16:00:17+02:00,k-node13908041729,sat vand,,ukendt,automatisk fra EEA-badevandsdata
2026-09-24T16:00:17+02:00,k-node13908053523,sat vand,,ok,automatisk fra EEA-badevandsdata
2026-09-24T16:00:17+02:00,k-node13908058799,sat vand,,ok,automatisk fra EEA-badevandsdata
2026-09-24T16:00:17+02:00,k-node13908907531,sat vand,,ok,automatisk fra EEA-badevandsdata
2026-09-24T16:00:17+02:00,k-node13908970409,sat vand,,ok,automatisk fra EEA-badevandsdata
2026-09-24T16:00:17+02:00,k-node13909003534,sat vand,,ok,automatisk fra EEA-badevandsdata
2026-09-24T16:00:17+02:00,k-node13909007308,sat vand,,ok,automatisk fra EEA-badevandsdata
2026-09-24T16:00:17+02:00,k-node13909021665,sat vand,,ok,automatisk fra EEA-badevandsdata
2026-09-24T16:00:17+02:00,k-node13909224612,sat vand,,ok,automatisk fra EEA-badevandsdata
2026-09-24T16:00:17+02:00,k-node13909276257,sat vand,,ok,automatisk fra EEA-badevandsdata
2026-09-24T16:00:17+02:00,k-node13909558270,sat vand,,ok,automatisk fra EEA-badevandsdata
2026-09-24T16:00:17+02:00,k-node13909769182,sat vand,,ok,automatisk fra EEA-badevandsdata
2026-09-24T16:00:17+02:00,k-node13909867373,sat vand,,ok,automatisk fra EEA-badevandsdata
2026-09-24T16:00:17+02:00,k-node13909868959,sat vand,,ok,automatisk fra EEA-badevandsdata
2026-09-24T16:00:17+02:00,k-node13909889366,sat vand,,ok,automatisk fra EEA-badevandsdata
2026-09-24T16:00:17+02:00,k-node13911751953,sat vand,,ok,automatisk fra EEA-badevandsdata
2026-09-24T16:00:17+02:00,k-node13911771751,sat vand,,ok,automatisk fra EEA-badevandsdata
2026-09-24T16:00:17+02:00,k-node13912912935,sat vand,,ok,automatisk fra EEA-badevandsdata
2026-09-24T16:00:17+02:00,k-node13912923378,sat vand,,ok,automatisk fra EEA-badevandsdata
2026-09-24T16:00:17+02:00,k-node13912923928,sat vand,,ok,automatisk fra EEA-badevandsdata
2026-09-24T16:00:17+02:00,k-node13912923930,sat vand,,ok,automatisk fra EEA-badevandsdata
2026-09-24T16:00:17+02:00,k-node13912931591,sat vand,,ok,automatisk fra EEA-badevandsdata
2026-09-24T16:00:17+02:00,k-node13912932113,sat vand,,ok,automatisk fra EEA-badevandsdata
2026-09-24T16:00:17+02:00,k-node13912937958,sat vand,,ok,automatisk fra EEA-badevandsdata
2026-09-24T16:00:17+02:00,k-node13912950395,sat vand,,ok,automatisk fra EEA-badevandsdata
2026-09-24T16:00:17+02:00,k-node13912950396,sat vand,,ok,automatisk fra EEA-badevandsdata
2026-09-24T16:00:17+02:00,k-node13912959472,sat vand,,ok,automatisk fra EEA-badevandsdata
2026-09-24T16:00:17+02:00,k-node13912962489,sat vand,,ok,automatisk fra EEA-badevandsdata
2026-09-24T16:00:17+02:00,k-node13912964607,sat vand,,ok,automatisk fra EEA-badevandsdata
2026-09-24T16:00:17+02:00,k-node13912976919,sat vand,,ok,automatisk fra EEA-badevandsdata
2026-09-24T16:00:17+02:00,k-node13912982201,sat vand,,ok,automatisk fra EEA-badevandsdata
2026-09-24T16:00:17+02:00,k-node1391634267,sat vand,,ok,automatisk fra EEA-badevandsdata
2026-09-24T16:00:17+02:00,k-node13917287532,sat vand,,ok,automatisk fra EEA-badevandsdata
2026-09-24T16:00:17+02:00,k-node13917288689,sat vand,,ok,automatisk fra EEA-badevandsdata
2026-09-24T16:00:17+02:00,k-node13917320956,sat vand,,ok,automatisk fra EEA-badevandsdata
2026-09-24T16:00:17+02:00,k-node13917337228,sat vand,,ok,automatisk fra EEA-badevandsdata
2026-09-24T16:00:17+02:00,k-node13917343975,sat vand,,ok,automatisk fra EEA-badevandsdata
2026-09-24T16:00:17+02:00,k-node13917345095,sat vand,,ok,automatisk fra EEA-badevandsdata
2026-09-24T16:00:17+02:00,k-node13917369649,sat vand,,ok,automatisk fra EEA-badevandsdata
2026-09-24T16:00:17+02:00,k-node13917477508,sat vand,,ok,automatisk fra EEA-badevandsdata
2026-09-24T16:00:17+02:00,k-node13917828556,sat vand,,ok,automatisk fra EEA-badevandsdata
2026-09-24T16:00:17+02:00,k-node13917829106,sat vand,,ok,automatisk fra EEA-badevandsdata
2026-09-24T16:00:17+02:00,k-node13917831749,sat vand,,ok,automatisk fra EEA-badevandsdata
2026-09-24T16:00:17+02:00,k-node13917853766,sat vand,,ok,automatisk fra EEA-badevandsdata
2026-09-24T16:00:17+02:00,k-node13917854679,sat vand,,ok,automatisk fra EEA-badevandsdata
2026-09-24T16:00:17+02:00,k-node13918113512,sat vand,,ok,automatisk fra EEA-badevandsdata
2026-09-24T16:00:17+02:00,k-node13918115404,sat vand,,ok,automatisk fra EEA-badevandsdata
2026-09-24T16:00:17+02:00,k-node13918122906,sat vand,,ok,automatisk fra EEA-badevandsdata
2026-09-24T16:00:17+02:00,k-node13918157878,sat vand,,ok,automatisk fra EEA-badevandsdata
2026-09-24T16:00:17+02:00,k-node13918165124,sat vand,,ok,automatisk fra EEA-badevandsdata
2026-09-24T16:00:17+02:00,k-node13918206669,sat vand,,ok,automatisk fra EEA-badevandsdata
2026-09-24T16:00:17+02:00,k-node13918223942,sat vand,,ukendt,automatisk fra EEA-badevandsdata
2026-09-24T16:00:17+02:00,k-node13918350778,sat vand,,ok,automatisk fra EEA-badevandsdata
2026-09-24T16:00:17+02:00,k-node13918444039,sat vand,,ok,automatisk fra EEA-badevandsdata
2026-09-24T16:00:17+02:00,k-node13918454813,sat vand,,ok,automatisk fra EEA-badevandsdata
2026-09-24T16:00:17+02:00,k-node13918481410,sat vand,,ok,automatisk fra EEA-badevandsdata
2026-09-24T16:00:17+02:00,k-node13918482841,sat vand,,ok,automatisk fra EEA-badevandsdata
2026-09-24T16:00:17+02:00,k-node13919348420,sat vand,,ok,automatisk fra EEA-badevandsdata
2026-09-24T16:00:17+02:00,k-node13919355355,sat vand,,ok,automatisk fra EEA-badevandsdata
2026-09-24T16:00:17+02:00,k-node13919371234,sat vand,,ok,automatisk fra EEA-badevandsdata
2026-09-24T16:00:17+02:00,k-node13919390700,sat vand,,ok,automatisk fra EEA-badevandsdata
2026-09-24T16:00:17+02:00,k-node13919393076,sat vand,,ok,automatisk fra EEA-badevandsdata
2026-09-24T16:00:17+02:00,k-node13919397800,sat vand,,ok,automatisk fra EEA-badevandsdata
2026-09-24T16:00:17+02:00,k-node13919422018,sat vand,,ok,automatisk fra EEA-badevandsdata
2026-09-24T16:00:17+02:00,k-node13919425051,sat vand,,ok,automatisk fra EEA-badevandsdata
2026-09-24T16:00:17+02:00,k-node13919425052,sat vand,,ok,automatisk fra EEA-badevandsdata
2026-09-24T16:00:17+02:00,k-node13919438814,sat vand,,ukendt,automatisk fra EEA-badevandsdata
2026-09-24T16:00:17+02:00,k-node13919445039,sat vand,,ok,automatisk fra EEA-badevandsdata
2026-09-24T16:00:17+02:00,k-node13919445144,sat vand,,ok,automatisk fra EEA-badevandsdata
2026-09-24T16:00:17+02:00,k-node13919447057,sat vand,,ok,automatisk fra EEA-badevandsdata
2026-09-24T16:00:17+02:00,k-node13919451967,sat vand,,ok,automatisk fra EEA-badevandsdata
2026-09-24T16:00:17+02:00,k-node13919451969,sat vand,,ok,automatisk fra EEA-badevandsdata
2026-09-24T16:00:17+02:00,k-node13919457612,sat vand,,ok,automatisk fra EEA-badevandsdata
2026-09-24T16:00:17+02:00,k-node13919460724,sat vand,,ok,automatisk fra EEA-badevandsdata
2026-09-24T16:00:17+02:00,k-node13919462986,sat vand,,ok,automatisk fra EEA-badevandsdata
2026-09-24T16:00:17+02:00,k-node13919466773,sat vand,,ok,automatisk fra EEA-badevandsdata
2026-09-24T16:00:17+02:00,k-node13919471898,sat vand,,ukendt,automatisk fra EEA-badevandsdata
2026-09-24T16:00:17+02:00,k-node13919472741,sat vand,,ok,automatisk fra EEA-badevandsdata
2026-09-24T16:00:17+02:00,k-node13919476877,sat vand,,ok,automatisk fra EEA-badevandsdata
2026-09-24T16:00:17+02:00,k-node13919480195,sat vand,,ok,automatisk fra EEA-badevandsdata
2026-09-24T16:00:17+02:00,k-node13919523911,sat vand,,ok,automatisk fra EEA-badevandsdata
2026-09-24T16:00:17+02:00,k-node13919542125,sat vand,,ok,automatisk fra EEA-badevandsdata
2026-09-24T16:00:17+02:00,k-node13919543232,sat vand,,ok,automatisk fra EEA-badevandsdata
2026-09-24T16:00:17+02:00,k-node13919544832,sat vand,,ok,automatisk fra EEA-badevandsdata
2026-09-24T16:00:17+02:00,k-node13919594726,sat vand,,ok,automatisk fra EEA-badevandsdata
2026-09-24T16:00:17+02:00,k-node13919644680,sat vand,,ok,automatisk fra EEA-badevandsdata
2026-09-24T16:00:17+02:00,k-node13919664247,sat vand,,ok,automatisk fra EEA-badevandsdata
2026-09-24T16:00:17+02:00,k-node13919675232,sat vand,,ok,automatisk fra EEA-badevandsdata
2026-09-24T16:00:17+02:00,k-node13919710547,sat vand,,ok,automatisk fra EEA-badevandsdata
2026-09-24T16:00:17+02:00,k-node13919712061,sat vand,,ok,automatisk fra EEA-badevandsdata
2026-09-24T16:00:17+02:00,k-node13919771295,sat vand,,ok,automatisk fra EEA-badevandsdata
2026-09-24T16:00:17+02:00,k-node13919783227,sat vand,,ok,automatisk fra EEA-badevandsdata
2026-09-24T16:00:17+02:00,k-node13919787079,sat vand,,ok,automatisk fra EEA-badevandsdata
2026-09-24T16:00:17+02:00,k-node13919857021,sat vand,,ok,automatisk fra EEA-badevandsdata
2026-09-24T16:00:17+02:00,k-node13919883186,sat vand,,ukendt,automatisk fra EEA-badevandsdata
2026-09-24T16:00:17+02:00,k-node13920372851,sat vand,,ok,automatisk fra EEA-badevandsdata
2026-09-24T16:00:17+02:00,k-node13920385857,sat vand,,ok,automatisk fra EEA-badevandsdata
2026-09-24T16:00:17+02:00,k-node13920423565,sat vand,,ok,automatisk fra EEA-badevandsdata
2026-09-24T16:00:17+02:00,k-node13920804355,sat vand,,ok,automatisk fra EEA-badevandsdata
2026-09-24T16:00:17+02:00,k-node13920806492,sat vand,,nej,automatisk fra EEA-badevandsdata
2026-09-24T16:00:17+02:00,k-node13920815059,sat vand,,ok,automatisk fra EEA-badevandsdata
2026-09-24T16:00:17+02:00,k-node13920875576,sat vand,,ok,automatisk fra EEA-badevandsdata
2026-09-24T16:00:17+02:00,k-node13920875582,sat vand,,ok,automatisk fra EEA-badevandsdata
2026-09-24T16:00:17+02:00,k-node13920880584,sat vand,,ok,automatisk fra EEA-badevandsdata
2026-09-24T16:00:17+02:00,k-node13920884856,sat vand,,ukendt,automatisk fra EEA-badevandsdata
2026-09-24T16:00:17+02:00,k-node13920885231,sat vand,,ok,automatisk fra EEA-badevandsdata
2026-09-24T16:00:17+02:00,k-node13920890909,sat vand,,ok,automatisk fra EEA-badevandsdata
2026-09-24T16:00:17+02:00,k-node13920901510,sat vand,,ok,automatisk fra EEA-badevandsdata
2026-09-24T16:00:17+02:00,k-node13920903249,sat vand,,ok,automatisk fra EEA-badevandsdata
2026-09-24T16:00:17+02:00,k-node13920907712,sat vand,,ok,automatisk fra EEA-badevandsdata
2026-09-24T16:00:17+02:00,k-node13920915441,sat vand,,ok,automatisk fra EEA-badevandsdata
2026-09-24T16:00:17+02:00,k-node13920929016,sat vand,,ok,automatisk fra EEA-badevandsdata
2026-09-24T16:00:17+02:00,k-node13920929096,sat vand,,ok,automatisk fra EEA-badevandsdata
2026-09-24T16:00:17+02:00,k-node13920929097,sat vand,,ok,automatisk fra EEA-badevandsdata
2026-09-24T16:00:17+02:00,k-node13920931181,sat vand,,ok,automatisk fra EEA-badevandsdata
2026-09-24T16:00:17+02:00,k-node13920936081,sat vand,,ok,automatisk fra EEA-badevandsdata
2026-09-24T16:00:17+02:00,k-node13920938713,sat vand,,ok,automatisk fra EEA-badevandsdata
2026-09-24T16:00:17+02:00,k-node13920939789,sat vand,,ok,automatisk fra EEA-badevandsdata
2026-09-24T16:00:17+02:00,k-node13920946114,sat vand,,ok,automatisk fra EEA-badevandsdata
2026-09-24T16:00:17+02:00,k-node13920959599,sat vand,,ok,automatisk fra EEA-badevandsdata
2026-09-24T16:00:17+02:00,k-node13920960967,sat vand,,ok,automatisk fra EEA-badevandsdata
2026-09-24T16:00:17+02:00,k-node13920961003,sat vand,,ok,automatisk fra EEA-badevandsdata
2026-09-24T16:00:17+02:00,k-node13920966571,sat vand,,ok,automatisk fra EEA-badevandsdata
2026-09-24T16:00:17+02:00,k-node13920971205,sat vand,,ok,automatisk fra EEA-badevandsdata
2026-09-24T16:00:17+02:00,k-node13920972278,sat vand,,ok,automatisk fra EEA-badevandsdata
2026-09-24T16:00:17+02:00,k-node13920975993,sat vand,,ok,automatisk fra EEA-badevandsdata
2026-09-24T16:00:17+02:00,k-node13920980583,sat vand,,ukendt,automatisk fra EEA-badevandsdata
2026-09-24T16:00:17+02:00,k-node13920980584,sat vand,,ok,automatisk fra EEA-badevandsdata
2026-09-24T16:00:17+02:00,k-node13921016120,sat vand,,ukendt,automatisk fra EEA-badevandsdata
2026-09-24T16:00:17+02:00,k-node13921027926,sat vand,,ok,automatisk fra EEA-badevandsdata
2026-09-24T16:00:17+02:00,k-node13921041693,sat vand,,ok,automatisk fra EEA-badevandsdata
2026-09-24T16:00:17+02:00,k-node13921059190,sat vand,,ok,automatisk fra EEA-badevandsdata
2026-09-24T16:00:17+02:00,k-node13921061505,sat vand,,ukendt,automatisk fra EEA-badevandsdata
2026-09-24T16:00:17+02:00,k-node13921078845,sat vand,,ok,automatisk fra EEA-badevandsdata
2026-09-24T16:00:17+02:00,k-node13922010749,sat vand,,ok,automatisk fra EEA-badevandsdata
2026-09-24T16:00:17+02:00,k-node13922016626,sat vand,,ok,automatisk fra EEA-badevandsdata
2026-09-24T16:00:17+02:00,k-node13922023972,sat vand,,ok,automatisk fra EEA-badevandsdata
2026-09-24T16:00:17+02:00,k-node13922030183,sat vand,,ok,automatisk fra EEA-badevandsdata
2026-09-24T16:00:17+02:00,k-node13922032673,sat vand,,ok,automatisk fra EEA-badevandsdata
2026-09-24T16:00:17+02:00,k-node13922040400,sat vand,,ok,automatisk fra EEA-badevandsdata
2026-09-24T16:00:17+02:00,k-node13922046064,sat vand,,ok,automatisk fra EEA-badevandsdata
2026-09-24T16:00:17+02:00,k-node13922049133,sat vand,,ok,automatisk fra EEA-badevandsdata
2026-09-24T16:00:17+02:00,k-node13922050562,sat vand,,ok,automatisk fra EEA-badevandsdata
2026-09-24T16:00:17+02:00,k-node13922055840,sat vand,,ok,automatisk fra EEA-badevandsdata
2026-09-24T16:00:17+02:00,k-node13922067964,sat vand,,ok,automatisk fra EEA-badevandsdata
2026-09-24T16:00:17+02:00,k-node13922069667,sat vand,,ok,automatisk fra EEA-badevandsdata
2026-09-24T16:00:17+02:00,k-node13922072105,sat vand,,ok,automatisk fra EEA-badevandsdata
2026-09-24T16:00:17+02:00,k-node13922947395,sat vand,,ok,automatisk fra EEA-badevandsdata
2026-09-24T16:00:17+02:00,k-node13923039676,sat vand,,ok,automatisk fra EEA-badevandsdata
2026-09-24T16:00:17+02:00,k-node13923058489,sat vand,,ok,automatisk fra EEA-badevandsdata
2026-09-24T16:00:17+02:00,k-node13974192745,sat vand,,ok,automatisk fra EEA-badevandsdata
2026-09-24T16:00:17+02:00,k-node13974248241,sat vand,,ok,automatisk fra EEA-badevandsdata
2026-09-24T16:00:17+02:00,k-node13974258909,sat vand,,ok,automatisk fra EEA-badevandsdata
2026-09-24T16:00:17+02:00,k-node13974281335,sat vand,,ok,automatisk fra EEA-badevandsdata
2026-09-24T16:00:17+02:00,k-node13974307386,sat vand,,ok,automatisk fra EEA-badevandsdata
2026-09-24T16:00:17+02:00,k-node13974308995,sat vand,,ok,automatisk fra EEA-badevandsdata
2026-09-24T16:00:17+02:00,k-node13974358768,sat vand,,ok,automatisk fra EEA-badevandsdata
2026-09-24T16:00:17+02:00,k-node13974359615,sat vand,,ok,automatisk fra EEA-badevandsdata
2026-09-24T16:00:17+02:00,k-node13974368079,sat vand,,ok,automatisk fra EEA-badevandsdata
2026-09-24T16:00:17+02:00,k-node13974384593,sat vand,,ok,automatisk fra EEA-badevandsdata
2026-09-24T16:00:17+02:00,k-node13974387405,sat vand,,ok,automatisk fra EEA-badevandsdata
2026-09-24T16:00:17+02:00,k-node13974387406,sat vand,,ok,automatisk fra EEA-badevandsdata
2026-09-24T16:00:17+02:00,k-node13974389011,sat vand,,ok,automatisk fra EEA-badevandsdata
2026-09-24T16:00:17+02:00,k-node13974449282,sat vand,,ok,automatisk fra EEA-badevandsdata
2026-09-24T16:00:17+02:00,k-node13974460785,sat vand,,ok,automatisk fra EEA-badevandsdata
2026-09-24T16:00:17+02:00,k-node13975097400,sat vand,,ukendt,automatisk fra EEA-badevandsdata
2026-09-24T16:00:17+02:00,k-node13975105086,sat vand,,ok,automatisk fra EEA-badevandsdata
2026-09-24T16:00:17+02:00,k-node13975138648,sat vand,,ok,automatisk fra EEA-badevandsdata
2026-09-24T16:00:17+02:00,k-node13975141004,sat vand,,ok,automatisk fra EEA-badevandsdata
2026-09-24T16:00:17+02:00,k-node13975152631,sat vand,,ok,automatisk fra EEA-badevandsdata
2026-09-24T16:00:17+02:00,k-node13975178140,sat vand,,tvivl,automatisk fra EEA-badevandsdata
2026-09-24T16:00:17+02:00,k-node13975376032,sat vand,,ok,automatisk fra EEA-badevandsdata
2026-09-24T16:00:17+02:00,k-node13975401665,sat vand,,ok,automatisk fra EEA-badevandsdata
2026-09-24T16:00:17+02:00,k-node13975411821,sat vand,,ok,automatisk fra EEA-badevandsdata
2026-09-24T16:00:17+02:00,k-node13975418152,sat vand,,ok,automatisk fra EEA-badevandsdata
2026-09-24T16:00:17+02:00,k-node13975443857,sat vand,,ok,automatisk fra EEA-badevandsdata
2026-09-24T16:00:17+02:00,k-node13975472125,sat vand,,ok,automatisk fra EEA-badevandsdata
2026-09-24T16:00:17+02:00,k-node13976158380,sat vand,,ok,automatisk fra EEA-badevandsdata
2026-09-24T16:00:17+02:00,k-node13976168440,sat vand,,ok,automatisk fra EEA-badevandsdata
2026-09-24T16:00:17+02:00,k-node13976183392,sat vand,,ok,automatisk fra EEA-badevandsdata
2026-09-24T16:00:17+02:00,k-node13976185941,sat vand,,ok,automatisk fra EEA-badevandsdata
2026-09-24T16:00:17+02:00,k-node13976195389,sat vand,,ok,automatisk fra EEA-badevandsdata
2026-09-24T16:00:17+02:00,k-node13976874668,sat vand,,ok,automatisk fra EEA-badevandsdata
2026-09-24T16:00:17+02:00,k-node13976891292,sat vand,,ok,automatisk fra EEA-badevandsdata
2026-09-24T16:00:17+02:00,k-node13976972190,sat vand,,ok,automatisk fra EEA-badevandsdata
2026-09-24T16:00:17+02:00,k-node13977076064,sat vand,,ok,automatisk fra EEA-badevandsdata
2026-09-24T16:00:17+02:00,k-node13977145590,sat vand,,ok,automatisk fra EEA-badevandsdata
2026-09-24T16:00:17+02:00,k-node13977167103,sat vand,,ok,automatisk fra EEA-badevandsdata
2026-09-24T16:00:17+02:00,k-node13977174579,sat vand,,ok,automatisk fra EEA-badevandsdata
2026-09-24T16:00:17+02:00,k-node13977177504,sat vand,,ok,automatisk fra EEA-badevandsdata
2026-09-24T16:00:17+02:00,k-node13977194438,sat vand,,ukendt,automatisk fra EEA-badevandsdata
2026-09-24T16:00:17+02:00,k-node13977251896,sat vand,,ok,automatisk fra EEA-badevandsdata
2026-09-24T16:00:17+02:00,k-node13977260836,sat vand,,ok,automatisk fra EEA-badevandsdata
2026-09-24T16:00:17+02:00,k-node13977275999,sat vand,,ok,automatisk fra EEA-badevandsdata
2026-09-24T16:00:17+02:00,k-node13977713383,sat vand,,ok,automatisk fra EEA-badevandsdata
2026-09-24T16:00:17+02:00,k-node13977714042,sat vand,,ok,automatisk fra EEA-badevandsdata
2026-09-24T16:00:17+02:00,k-node13977714364,sat vand,,ok,automatisk fra EEA-badevandsdata
2026-09-24T16:00:17+02:00,k-node13978464165,sat vand,,ok,automatisk fra EEA-badevandsdata
2026-09-24T16:00:17+02:00,k-node13978476848,sat vand,,ok,automatisk fra EEA-badevandsdata
2026-09-24T16:00:17+02:00,k-node13978498551,sat vand,,ok,automatisk fra EEA-badevandsdata
2026-09-24T16:00:17+02:00,k-node13978574984,sat vand,,ok,automatisk fra EEA-badevandsdata
2026-09-24T16:00:17+02:00,k-node13978836924,sat vand,,ok,automatisk fra EEA-badevandsdata
2026-09-24T16:00:17+02:00,k-node13978874052,sat vand,,ok,automatisk fra EEA-badevandsdata
2026-09-24T16:00:17+02:00,k-node13978884915,sat vand,,ok,automatisk fra EEA-badevandsdata
2026-09-24T16:00:17+02:00,k-node13978894379,sat vand,,ok,automatisk fra EEA-badevandsdata
2026-09-24T16:00:17+02:00,k-node13978895308,sat vand,,ok,automatisk fra EEA-badevandsdata
2026-09-24T16:00:17+02:00,k-node13979771346,sat vand,,ok,automatisk fra EEA-badevandsdata
2026-09-24T16:00:17+02:00,k-node13979868484,sat vand,,ok,automatisk fra EEA-badevandsdata
2026-09-24T16:00:17+02:00,k-node13979882218,sat vand,,ok,automatisk fra EEA-badevandsdata
2026-09-24T16:00:17+02:00,k-node13979997522,sat vand,,ok,automatisk fra EEA-badevandsdata
2026-09-24T16:00:17+02:00,k-node13980216805,sat vand,,ok,automatisk fra EEA-badevandsdata
2026-09-24T16:00:17+02:00,k-node13981122214,sat vand,,ok,automatisk fra EEA-badevandsdata
2026-09-24T16:00:17+02:00,k-node13981257026,sat vand,,ok,automatisk fra EEA-badevandsdata
2026-09-24T16:00:17+02:00,k-node13982304765,sat vand,,ok,automatisk fra EEA-badevandsdata
2026-09-24T16:00:17+02:00,k-node13982307240,sat vand,,ok,automatisk fra EEA-badevandsdata
2026-09-24T16:00:17+02:00,k-node13982320459,sat vand,,tvivl,automatisk fra EEA-badevandsdata
2026-09-24T16:00:17+02:00,k-node13982342971,sat vand,,ok,automatisk fra EEA-badevandsdata
2026-09-24T16:00:17+02:00,k-node13982345196,sat vand,,ok,automatisk fra EEA-badevandsdata
2026-09-24T16:00:17+02:00,k-node13982430292,sat vand,,ok,automatisk fra EEA-badevandsdata
2026-09-24T16:00:17+02:00,k-node13982430938,sat vand,,ok,automatisk fra EEA-badevandsdata
2026-09-24T16:00:17+02:00,k-node13982437031,sat vand,,ok,automatisk fra EEA-badevandsdata
2026-09-24T16:00:17+02:00,k-node13982475012,sat vand,,ok,automatisk fra EEA-badevandsdata
2026-09-24T16:00:17+02:00,k-node13982477690,sat vand,,ok,automatisk fra EEA-badevandsdata
2026-09-24T16:00:17+02:00,k-node13982511963,sat vand,,ok,automatisk fra EEA-badevandsdata
2026-09-24T16:00:17+02:00,k-node13982691289,sat vand,,ok,automatisk fra EEA-badevandsdata
2026-09-24T16:00:17+02:00,k-node13982694955,sat vand,,ok,automatisk fra EEA-badevandsdata
2026-09-24T16:00:17+02:00,k-node13982698973,sat vand,,ok,automatisk fra EEA-badevandsdata
2026-09-24T16:00:17+02:00,k-node13982944849,sat vand,,ok,automatisk fra EEA-badevandsdata
2026-09-24T16:00:17+02:00,k-node13984910174,sat vand,,ok,automatisk fra EEA-badevandsdata
2026-09-24T16:00:17+02:00,k-node13984989338,sat vand,,ok,automatisk fra EEA-badevandsdata
2026-09-24T16:00:17+02:00,k-node13984994153,sat vand,,ok,automatisk fra EEA-badevandsdata
2026-09-24T16:00:17+02:00,k-node13985342948,sat vand,,ok,automatisk fra EEA-badevandsdata
2026-09-24T16:00:17+02:00,k-node13985384457,sat vand,,ok,automatisk fra EEA-badevandsdata
2026-09-24T16:00:17+02:00,k-node13985403282,sat vand,,ok,automatisk fra EEA-badevandsdata
2026-09-24T16:00:17+02:00,k-node13985405883,sat vand,,ok,automatisk fra EEA-badevandsdata
2026-09-24T16:00:17+02:00,k-node13985489833,sat vand,,ok,automatisk fra EEA-badevandsdata
2026-09-24T16:00:17+02:00,k-node13985505558,sat vand,,ok,automatisk fra EEA-badevandsdata
2026-09-24T16:00:17+02:00,k-node13985512359,sat vand,,ok,automatisk fra EEA-badevandsdata
2026-09-24T16:00:17+02:00,k-node13985794162,sat vand,,ukendt,automatisk fra EEA-badevandsdata
2026-09-24T16:00:17+02:00,k-node13985805234,sat vand,,ok,automatisk fra EEA-badevandsdata
2026-09-24T16:00:17+02:00,k-node13985811406,sat vand,,ok,automatisk fra EEA-badevandsdata
2026-09-24T16:00:17+02:00,k-node13985818542,sat vand,,ok,automatisk fra EEA-badevandsdata
2026-09-24T16:00:17+02:00,k-node13985922557,sat vand,,ok,automatisk fra EEA-badevandsdata
2026-09-24T16:00:17+02:00,k-node13985948745,sat vand,,ok,automatisk fra EEA-badevandsdata
2026-09-24T16:00:17+02:00,k-node13985948825,sat vand,,ok,automatisk fra EEA-badevandsdata
2026-09-24T16:00:17+02:00,k-node13985955013,sat vand,,ok,automatisk fra EEA-badevandsdata
2026-09-24T16:00:17+02:00,k-node13985957175,sat vand,,ok,automatisk fra EEA-badevandsdata
2026-09-24T16:00:17+02:00,k-node13985966444,sat vand,,ok,automatisk fra EEA-badevandsdata
2026-09-24T16:00:17+02:00,k-node13985996084,sat vand,,ok,automatisk fra EEA-badevandsdata
2026-09-24T16:00:17+02:00,k-node13986331881,sat vand,,ok,automatisk fra EEA-badevandsdata
2026-09-24T16:00:17+02:00,k-node13986377397,sat vand,,ukendt,automatisk fra EEA-badevandsdata
2026-09-24T16:00:17+02:00,k-node13986384710,sat vand,,ok,automatisk fra EEA-badevandsdata
2026-09-24T16:00:17+02:00,k-node13986384788,sat vand,,ok,automatisk fra EEA-badevandsdata
2026-09-24T16:00:17+02:00,k-node13986398082,sat vand,,ok,automatisk fra EEA-badevandsdata
2026-09-24T16:00:17+02:00,k-node13986408361,sat vand,,ok,automatisk fra EEA-badevandsdata
2026-09-24T16:00:17+02:00,k-node13986413524,sat vand,,ukendt,automatisk fra EEA-badevandsdata
2026-09-24T16:00:17+02:00,k-node13986420887,sat vand,,ok,automatisk fra EEA-badevandsdata
2026-09-24T16:00:17+02:00,k-node13986426789,sat vand,,ok,automatisk fra EEA-badevandsdata
2026-09-24T16:00:17+02:00,k-node13986427438,sat vand,,ukendt,automatisk fra EEA-badevandsdata
2026-09-24T16:00:17+02:00,k-node13986444823,sat vand,,ok,automatisk fra EEA-badevandsdata
2026-09-24T16:00:17+02:00,k-node13986446686,sat vand,,ok,automatisk fra EEA-badevandsdata
2026-09-24T16:00:17+02:00,k-node13986460100,sat vand,,ok,automatisk fra EEA-badevandsdata
2026-09-24T16:00:17+02:00,k-node13986468316,sat vand,,ok,automatisk fra EEA-badevandsdata
2026-09-24T16:00:17+02:00,k-node13986705876,sat vand,,ok,automatisk fra EEA-badevandsdata
2026-09-24T16:00:17+02:00,k-node13986715472,sat vand,,ok,automatisk fra EEA-badevandsdata
2026-09-24T16:00:17+02:00,k-node13986716027,sat vand,,ok,automatisk fra EEA-badevandsdata
2026-09-24T16:00:17+02:00,k-node13986735402,sat vand,,ok,automatisk fra EEA-badevandsdata
2026-09-24T16:00:17+02:00,k-node13986744110,sat vand,,ok,automatisk fra EEA-badevandsdata
2026-09-24T16:00:17+02:00,k-node13986758859,sat vand,,ok,automatisk fra EEA-badevandsdata
2026-09-24T16:00:17+02:00,k-node13986776392,sat vand,,ok,automatisk fra EEA-badevandsdata
2026-09-24T16:00:17+02:00,k-node13989543718,sat vand,,ok,automatisk fra EEA-badevandsdata
2026-09-24T16:00:17+02:00,k-node13989570243,sat vand,,ok,automatisk fra EEA-badevandsdata
2026-09-24T16:00:17+02:00,k-node13989649397,sat vand,,ukendt,automatisk fra EEA-badevandsdata
2026-09-24T16:00:17+02:00,k-node13989678055,sat vand,,ok,automatisk fra EEA-badevandsdata
2026-09-24T16:00:17+02:00,k-node13989690559,sat vand,,ok,automatisk fra EEA-badevandsdata
2026-09-24T16:00:17+02:00,k-node13989705113,sat vand,,ok,automatisk fra EEA-badevandsdata
2026-09-24T16:00:17+02:00,k-node13989715428,sat vand,,ok,automatisk fra EEA-badevandsdata
2026-09-24T16:00:17+02:00,k-node13990234653,sat vand,,ok,automatisk fra EEA-badevandsdata
2026-09-24T16:00:17+02:00,k-node13990252500,sat vand,,ok,automatisk fra EEA-badevandsdata
2026-09-24T16:00:17+02:00,k-node13990255781,sat vand,,ok,automatisk fra EEA-badevandsdata
2026-09-24T16:00:17+02:00,k-node13990259346,sat vand,,ok,automatisk fra EEA-badevandsdata
2026-09-24T16:00:17+02:00,k-node13990263260,sat vand,,ok,automatisk fra EEA-badevandsdata
2026-09-24T16:00:17+02:00,k-node13990601158,sat vand,,ok,automatisk fra EEA-badevandsdata
2026-09-24T16:00:17+02:00,k-node13990665171,sat vand,,ok,automatisk fra EEA-badevandsdata
2026-09-24T16:00:17+02:00,k-node13990691802,sat vand,,ok,automatisk fra EEA-badevandsdata
2026-09-24T16:00:17+02:00,k-node13990709241,sat vand,,ok,automatisk fra EEA-badevandsdata
2026-09-24T16:00:17+02:00,k-node13990727135,sat vand,,ok,automatisk fra EEA-badevandsdata
2026-09-24T16:00:17+02:00,k-node13990744338,sat vand,,ok,automatisk fra EEA-badevandsdata
2026-09-24T16:00:17+02:00,k-node13991929234,sat vand,,ukendt,automatisk fra EEA-badevandsdata
2026-09-24T16:00:17+02:00,k-node13994468072,sat vand,,ok,automatisk fra EEA-badevandsdata
2026-09-24T16:00:17+02:00,k-node13994478858,sat vand,,ok,automatisk fra EEA-badevandsdata
2026-09-24T16:00:17+02:00,k-node13994483831,sat vand,,ok,automatisk fra EEA-badevandsdata
2026-09-24T16:00:17+02:00,k-node13994490563,sat vand,,ok,automatisk fra EEA-badevandsdata
2026-09-24T16:00:17+02:00,k-node13994496426,sat vand,,ok,automatisk fra EEA-badevandsdata
2026-09-24T16:00:17+02:00,k-node13994498632,sat vand,,ok,automatisk fra EEA-badevandsdata
2026-09-24T16:00:17+02:00,k-node13994526888,sat vand,,ok,automatisk fra EEA-badevandsdata
2026-09-24T16:00:17+02:00,k-node13994535756,sat vand,,ok,automatisk fra EEA-badevandsdata
2026-09-24T16:00:17+02:00,k-node13994892680,sat vand,,ok,automatisk fra EEA-badevandsdata
2026-09-24T16:00:17+02:00,k-node13994964099,sat vand,,ok,automatisk fra EEA-badevandsdata
2026-09-24T16:00:17+02:00,k-node13995052568,sat vand,,ok,automatisk fra EEA-badevandsdata
2026-09-24T16:00:17+02:00,k-node13995064780,sat vand,,ok,automatisk fra EEA-badevandsdata
2026-09-24T16:00:17+02:00,k-node13995194998,sat vand,,ok,automatisk fra EEA-badevandsdata
2026-09-24T16:00:17+02:00,k-node13995204833,sat vand,,ok,automatisk fra EEA-badevandsdata
2026-09-24T16:00:17+02:00,k-node13995210360,sat vand,,ok,automatisk fra EEA-badevandsdata
2026-09-24T16:00:17+02:00,k-node13995280185,sat vand,,ok,automatisk fra EEA-badevandsdata
2026-09-24T16:00:17+02:00,k-node13995352404,sat vand,,ok,automatisk fra EEA-badevandsdata
2026-09-24T16:00:17+02:00,k-node13995382531,sat vand,,ok,automatisk fra EEA-badevandsdata
2026-09-24T16:00:17+02:00,k-node13995390162,sat vand,,ok,automatisk fra EEA-badevandsdata
2026-09-24T16:00:17+02:00,k-node14026256158,sat vand,,ok,automatisk fra EEA-badevandsdata
2026-09-24T16:00:17+02:00,k-node14026307416,sat vand,,ok,automatisk fra EEA-badevandsdata
2026-09-24T16:00:17+02:00,k-node14026308660,sat vand,,ok,automatisk fra EEA-badevandsdata
2026-09-24T16:00:17+02:00,k-node14026317574,sat vand,,ok,automatisk fra EEA-badevandsdata
2026-09-24T16:00:17+02:00,k-node14026344253,sat vand,,ok,automatisk fra EEA-badevandsdata
2026-09-24T16:00:17+02:00,k-node14027523957,sat vand,,ukendt,automatisk fra EEA-badevandsdata
2026-09-24T16:00:17+02:00,k-node14028748830,sat vand,,ok,automatisk fra EEA-badevandsdata
2026-09-24T16:00:17+02:00,k-node14028759937,sat vand,,ok,automatisk fra EEA-badevandsdata
2026-09-24T16:00:17+02:00,k-node14028763598,sat vand,,ok,automatisk fra EEA-badevandsdata
2026-09-24T16:00:17+02:00,k-node14028771193,sat vand,,ok,automatisk fra EEA-badevandsdata
2026-09-24T16:00:17+02:00,k-node14029338340,sat vand,,ok,automatisk fra EEA-badevandsdata
2026-09-24T16:00:17+02:00,k-node14029404347,sat vand,,ok,automatisk fra EEA-badevandsdata
2026-09-24T16:00:17+02:00,k-node14030420929,sat vand,,ok,automatisk fra EEA-badevandsdata
2026-09-24T16:00:17+02:00,k-node1403964205,sat vand,,ukendt,automatisk fra EEA-badevandsdata
2026-09-24T16:00:17+02:00,k-node1414304237,sat vand,,ok,automatisk fra EEA-badevandsdata
2026-09-24T16:00:17+02:00,k-node1472900418,sat vand,,ukendt,automatisk fra EEA-badevandsdata
2026-09-24T16:00:17+02:00,k-node1501670423,sat vand,,ok,automatisk fra EEA-badevandsdata
2026-09-24T16:00:17+02:00,k-node1508513644,sat vand,,ukendt,automatisk fra EEA-badevandsdata
2026-09-24T16:00:17+02:00,k-node1719218554,sat vand,,ok,automatisk fra EEA-badevandsdata
2026-09-24T16:00:17+02:00,k-node1977173160,sat vand,,ukendt,automatisk fra EEA-badevandsdata
2026-09-24T16:00:17+02:00,k-node2245065190,sat vand,,tvivl,automatisk fra EEA-badevandsdata
2026-09-24T16:00:17+02:00,k-node2246091370,sat vand,,ukendt,automatisk fra EEA-badevandsdata
2026-09-24T16:00:17+02:00,k-node2246194719,sat vand,,ok,automatisk fra EEA-badevandsdata
2026-09-24T16:00:17+02:00,k-node2246361769,sat vand,,ok,automatisk fra EEA-badevandsdata
2026-09-24T16:00:17+02:00,k-node2250220525,sat vand,,ok,automatisk fra EEA-badevandsdata
2026-09-24T16:00:17+02:00,k-node2250459823,sat vand,,tvivl,automatisk fra EEA-badevandsdata
2026-09-24T16:00:17+02:00,k-node2250459830,sat vand,,ukendt,automatisk fra EEA-badevandsdata
2026-09-24T16:00:17+02:00,k-node2250720931,sat vand,,ok,automatisk fra EEA-badevandsdata
2026-09-24T16:00:17+02:00,k-node2257759330,sat vand,,ukendt,automatisk fra EEA-badevandsdata
2026-09-24T16:00:17+02:00,k-node2257759334,sat vand,,ukendt,automatisk fra EEA-badevandsdata
2026-09-24T16:00:17+02:00,k-node2258312990,sat vand,,ok,automatisk fra EEA-badevandsdata
2026-09-24T16:00:17+02:00,k-node2258351054,sat vand,,ok,automatisk fra EEA-badevandsdata
2026-09-24T16:00:17+02:00,k-node2388555730,sat vand,,ukendt,automatisk fra EEA-badevandsdata
2026-09-24T16:00:17+02:00,k-node2870329919,sat vand,,ok,automatisk fra EEA-badevandsdata
2026-09-24T16:00:17+02:00,k-node2870329925,sat vand,,ok,automatisk fra EEA-badevandsdata
2026-09-24T16:00:17+02:00,k-node2870465636,sat vand,,ukendt,automatisk fra EEA-badevandsdata
2026-09-24T16:00:17+02:00,k-node2870465637,sat vand,,ukendt,automatisk fra EEA-badevandsdata
2026-09-24T16:00:17+02:00,k-node2870465640,sat vand,,ukendt,automatisk fra EEA-badevandsdata
2026-09-24T16:00:17+02:00,k-node288488204,sat vand,,ukendt,automatisk fra EEA-badevandsdata
2026-09-24T16:00:17+02:00,k-node2894471952,sat vand,,ukendt,automatisk fra EEA-badevandsdata
2026-09-24T16:00:17+02:00,k-node2972611994,sat vand,,ukendt,automatisk fra EEA-badevandsdata
2026-09-24T16:00:17+02:00,k-node298842178,sat vand,,ukendt,automatisk fra EEA-badevandsdata
2026-09-24T16:00:17+02:00,k-node324702862,sat vand,,ok,automatisk fra EEA-badevandsdata
2026-09-24T16:00:17+02:00,k-node3248813993,sat vand,,ok,automatisk fra EEA-badevandsdata
2026-09-24T16:00:17+02:00,k-node3479078271,sat vand,,ok,automatisk fra EEA-badevandsdata
2026-09-24T16:00:17+02:00,k-node3680828678,sat vand,,ok,automatisk fra EEA-badevandsdata
2026-09-24T16:00:17+02:00,k-node3723850208,sat vand,,ok,automatisk fra EEA-badevandsdata
2026-09-24T16:00:17+02:00,k-node374203843,sat vand,,ukendt,automatisk fra EEA-badevandsdata
2026-09-24T16:00:17+02:00,k-node3885393819,sat vand,,ok,automatisk fra EEA-badevandsdata
2026-09-24T16:00:17+02:00,k-node4049013355,sat vand,,ok,automatisk fra EEA-badevandsdata
2026-09-24T16:00:17+02:00,k-node4118388866,sat vand,,ukendt,automatisk fra EEA-badevandsdata
2026-09-24T16:00:17+02:00,k-node4118409727,sat vand,,ukendt,automatisk fra EEA-badevandsdata
2026-09-24T16:00:17+02:00,k-node431329923,sat vand,,ukendt,automatisk fra EEA-badevandsdata
2026-09-24T16:00:17+02:00,k-node4321071989,sat vand,,ok,automatisk fra EEA-badevandsdata
2026-09-24T16:00:17+02:00,k-node4321108385,sat vand,,ok,automatisk fra EEA-badevandsdata
2026-09-24T16:00:17+02:00,k-node4329007321,sat vand,,ok,automatisk fra EEA-badevandsdata
2026-09-24T16:00:17+02:00,k-node4589096946,sat vand,,ukendt,automatisk fra EEA-badevandsdata
2026-09-24T16:00:17+02:00,k-node4811951902,sat vand,,ukendt,automatisk fra EEA-badevandsdata
2026-09-24T16:00:17+02:00,k-node4925183296,sat vand,,ukendt,automatisk fra EEA-badevandsdata
2026-09-24T16:00:17+02:00,k-node5550483432,sat vand,,tvivl,automatisk fra EEA-badevandsdata
2026-09-24T16:00:17+02:00,k-node5742224519,sat vand,,ok,automatisk fra EEA-badevandsdata
2026-09-24T16:00:17+02:00,k-node5799186360,sat vand,,ok,automatisk fra EEA-badevandsdata
2026-09-24T16:00:17+02:00,k-node5812993183,sat vand,,ukendt,automatisk fra EEA-badevandsdata
2026-09-24T16:00:17+02:00,k-node5812993184,sat vand,,ukendt,automatisk fra EEA-badevandsdata
2026-09-24T16:00:17+02:00,k-node6413664240,sat vand,,tvivl,automatisk fra EEA-badevandsdata
2026-09-24T16:00:17+02:00,k-node6682265494,sat vand,,ok,automatisk fra EEA-badevandsdata
2026-09-24T16:00:17+02:00,k-node6698878303,sat vand,,ukendt,automatisk fra EEA-badevandsdata
2026-09-24T16:00:17+02:00,k-node6851312933,sat vand,,ok,automatisk fra EEA-badevandsdata
2026-09-24T16:00:17+02:00,k-node798779462,sat vand,,ukendt,automatisk fra EEA-badevandsdata
2026-09-24T16:00:17+02:00,k-node8386200684,sat vand,,ukendt,automatisk fra EEA-badevandsdata
2026-09-24T16:00:17+02:00,k-node873850960,sat vand,,ukendt,automatisk fra EEA-badevandsdata
2026-09-24T16:00:17+02:00,k-node8853593824,sat vand,,ok,automatisk fra EEA-badevandsdata
2026-09-24T16:00:17+02:00,k-node8888642249,sat vand,,ok,automatisk fra EEA-badevandsdata
2026-09-24T16:00:17+02:00,k-node893194333,sat vand,,ukendt,automatisk fra EEA-badevandsdata
2026-09-24T16:00:17+02:00,k-node8985493719,sat vand,,ok,automatisk fra EEA-badevandsdata
2026-09-24T16:00:17+02:00,k-node9928952691,sat vand,,ukendt,automatisk fra EEA-badevandsdata
2026-09-24T16:00:17+02:00,k-node9939725197,sat vand,,ukendt,automatisk fra EEA-badevandsdata
2026-09-24T16:00:17+02:00,k-relation1727410,sat vand,,ok,automatisk fra EEA-badevandsdata
2026-09-24T16:00:17+02:00,k-way1030388825,sat vand,,ukendt,automatisk fra EEA-badevandsdata
2026-09-24T16:00:17+02:00,k-way103236501,sat vand,,ok,automatisk fra EEA-badevandsdata
2026-09-24T16:00:17+02:00,k-way1038334511,sat vand,,ok,automatisk fra EEA-badevandsdata
2026-09-24T16:00:17+02:00,k-way1038336914,sat vand,,ok,automatisk fra EEA-badevandsdata
2026-09-24T16:00:17+02:00,k-way110677876,sat vand,,ok,automatisk fra EEA-badevandsdata
2026-09-24T16:00:17+02:00,k-way111486635,sat vand,,ok,automatisk fra EEA-badevandsdata
2026-09-24T16:00:17+02:00,k-way111487892,sat vand,,ukendt,automatisk fra EEA-badevandsdata
2026-09-24T16:00:17+02:00,k-way1179616578,sat vand,,ukendt,automatisk fra EEA-badevandsdata
2026-09-24T16:00:17+02:00,k-way1194034572,sat vand,,ukendt,automatisk fra EEA-badevandsdata
2026-09-24T16:00:17+02:00,k-way1204847905,sat vand,,ok,automatisk fra EEA-badevandsdata
2026-09-24T16:00:17+02:00,k-way1272898728,sat vand,,ukendt,automatisk fra EEA-badevandsdata
2026-09-24T16:00:17+02:00,k-way128826486,sat vand,,ok,automatisk fra EEA-badevandsdata
2026-09-24T16:00:17+02:00,k-way135231769,sat vand,,ukendt,automatisk fra EEA-badevandsdata
2026-09-24T16:00:17+02:00,k-way140457960,sat vand,,ukendt,automatisk fra EEA-badevandsdata
2026-09-24T16:00:17+02:00,k-way1422719083,sat vand,,ok,automatisk fra EEA-badevandsdata
2026-09-24T16:00:17+02:00,k-way1464202686,sat vand,,ukendt,automatisk fra EEA-badevandsdata
2026-09-24T16:00:17+02:00,k-way1467704136,sat vand,,ukendt,automatisk fra EEA-badevandsdata
2026-09-24T16:00:17+02:00,k-way146786950,sat vand,,ok,automatisk fra EEA-badevandsdata
2026-09-24T16:00:17+02:00,k-way191305119,sat vand,,ukendt,automatisk fra EEA-badevandsdata
2026-09-24T16:00:17+02:00,k-way215077992,sat vand,,ok,automatisk fra EEA-badevandsdata
2026-09-24T16:00:17+02:00,k-way320172691,sat vand,,ukendt,automatisk fra EEA-badevandsdata
2026-09-24T16:00:17+02:00,k-way379797019,sat vand,,ukendt,automatisk fra EEA-badevandsdata
2026-09-24T16:00:17+02:00,k-way388804314,sat vand,,ukendt,automatisk fra EEA-badevandsdata
2026-09-24T16:00:17+02:00,k-way437968525,sat vand,,ukendt,automatisk fra EEA-badevandsdata
2026-09-24T16:00:17+02:00,k-way615211406,sat vand,,ok,automatisk fra EEA-badevandsdata
2026-09-24T16:00:17+02:00,k-way662505907,sat vand,,ok,automatisk fra EEA-badevandsdata
2026-09-24T16:00:17+02:00,k-way76395258,sat vand,,ok,automatisk fra EEA-badevandsdata
2026-09-24T16:00:17+02:00,k-way838386580,sat vand,,ukendt,automatisk fra EEA-badevandsdata
2026-09-24T16:00:17+02:00,k-node10188159237,sat vand,,ukendt,automatisk fra EEA-badevandsdata
2026-09-24T16:00:17+02:00,k-node1019253148,sat vand,,ukendt,automatisk fra EEA-badevandsdata
2026-09-24T16:00:17+02:00,k-node1035635309,sat vand,,ok,automatisk fra EEA-badevandsdata
2026-09-24T16:00:17+02:00,k-node10651231171,sat vand,,ukendt,automatisk fra EEA-badevandsdata
2026-09-24T16:00:17+02:00,k-node10651231172,sat vand,,ukendt,automatisk fra EEA-badevandsdata
2026-09-24T16:00:17+02:00,k-node10659780046,sat vand,,ok,automatisk fra EEA-badevandsdata
2026-09-24T16:00:17+02:00,k-node1086817186,sat vand,,ukendt,automatisk fra EEA-badevandsdata
2026-09-24T16:00:17+02:00,k-node1089391060,sat vand,,ok,automatisk fra EEA-badevandsdata
2026-09-24T16:00:17+02:00,k-node10959590876,sat vand,,ok,automatisk fra EEA-badevandsdata
2026-09-24T16:00:17+02:00,k-node11070269335,sat vand,,ok,automatisk fra EEA-badevandsdata
2026-09-24T16:00:17+02:00,k-node1117244668,sat vand,,ukendt,automatisk fra EEA-badevandsdata
2026-09-24T16:00:17+02:00,k-node11217932215,sat vand,,ukendt,automatisk fra EEA-badevandsdata
2026-09-24T16:00:17+02:00,k-node1126948265,sat vand,,ok,automatisk fra EEA-badevandsdata
2026-09-24T16:00:17+02:00,k-node1129266217,sat vand,,ok,automatisk fra EEA-badevandsdata
2026-09-24T16:00:17+02:00,k-node1145581123,sat vand,,ok,automatisk fra EEA-badevandsdata
2026-09-24T16:00:17+02:00,k-node11487102011,sat vand,,ukendt,automatisk fra EEA-badevandsdata
2026-09-24T16:00:17+02:00,k-node11487126341,sat vand,,ukendt,automatisk fra EEA-badevandsdata
2026-09-24T16:00:17+02:00,k-node11487142306,sat vand,,ok,automatisk fra EEA-badevandsdata
2026-09-24T16:00:17+02:00,k-node11487142307,sat vand,,ukendt,automatisk fra EEA-badevandsdata
2026-09-24T16:00:17+02:00,k-node11487142308,sat vand,,ukendt,automatisk fra EEA-badevandsdata
2026-09-24T16:00:17+02:00,k-node11487142309,sat vand,,ukendt,automatisk fra EEA-badevandsdata
2026-09-24T16:00:17+02:00,k-node11514195933,sat vand,,ukendt,automatisk fra EEA-badevandsdata
2026-09-24T16:00:17+02:00,k-node11597459635,sat vand,,ukendt,automatisk fra EEA-badevandsdata
2026-09-24T16:00:17+02:00,k-node11637510975,sat vand,,ukendt,automatisk fra EEA-badevandsdata
2026-09-24T16:00:17+02:00,k-node11681285192,sat vand,,ukendt,automatisk fra EEA-badevandsdata
2026-09-24T16:00:17+02:00,k-node1170263993,sat vand,,ukendt,automatisk fra EEA-badevandsdata
2026-09-24T16:00:17+02:00,k-node11736841544,sat vand,,ukendt,automatisk fra EEA-badevandsdata
2026-09-24T16:00:17+02:00,k-node11765587407,sat vand,,ukendt,automatisk fra EEA-badevandsdata
2026-09-24T16:00:17+02:00,k-node11777848554,sat vand,,ok,automatisk fra EEA-badevandsdata
2026-09-24T16:00:17+02:00,k-node11782516854,sat vand,,ukendt,automatisk fra EEA-badevandsdata
2026-09-24T16:00:17+02:00,k-node11786220593,sat vand,,ukendt,automatisk fra EEA-badevandsdata
2026-09-24T16:00:17+02:00,k-node11804640737,sat vand,,ukendt,automatisk fra EEA-badevandsdata
2026-09-24T16:00:17+02:00,k-node1181350043,sat vand,,ukendt,automatisk fra EEA-badevandsdata
2026-09-24T16:00:17+02:00,k-node11821207747,sat vand,,ukendt,automatisk fra EEA-badevandsdata
2026-09-24T16:00:17+02:00,k-node11834794256,sat vand,,ukendt,automatisk fra EEA-badevandsdata
2026-09-24T16:00:17+02:00,k-node11847020920,sat vand,,ukendt,automatisk fra EEA-badevandsdata
2026-09-24T16:00:17+02:00,k-node1188019186,sat vand,,ukendt,automatisk fra EEA-badevandsdata
2026-09-24T16:00:17+02:00,k-node11917563572,sat vand,,ukendt,automatisk fra EEA-badevandsdata
2026-09-24T16:00:17+02:00,k-node11922131778,sat vand,,ukendt,automatisk fra EEA-badevandsdata
2026-09-24T16:00:17+02:00,k-node1194007949,sat vand,,ok,automatisk fra EEA-badevandsdata
2026-09-24T16:00:17+02:00,k-node1210973602,sat vand,,ukendt,automatisk fra EEA-badevandsdata
2026-09-24T16:00:17+02:00,k-node1210973615,sat vand,,ok,automatisk fra EEA-badevandsdata
2026-09-24T16:00:17+02:00,k-node1222039954,sat vand,,ok,automatisk fra EEA-badevandsdata
2026-09-24T16:00:17+02:00,k-node12296002012,sat vand,,ok,automatisk fra EEA-badevandsdata
2026-09-24T16:00:17+02:00,k-node12459439629,sat vand,,ok,automatisk fra EEA-badevandsdata
2026-09-24T16:00:17+02:00,k-node1246266860,sat vand,,ok,automatisk fra EEA-badevandsdata
2026-09-24T16:00:17+02:00,k-node12471934053,sat vand,,ukendt,automatisk fra EEA-badevandsdata
2026-09-24T16:00:17+02:00,k-node12549433758,sat vand,,ok,automatisk fra EEA-badevandsdata
2026-09-24T16:00:17+02:00,k-node12552270940,sat vand,,ukendt,automatisk fra EEA-badevandsdata
2026-09-24T16:00:17+02:00,k-node12782095032,sat vand,,ukendt,automatisk fra EEA-badevandsdata
2026-09-24T16:00:17+02:00,k-node12946590618,sat vand,,ukendt,automatisk fra EEA-badevandsdata
2026-09-24T16:00:17+02:00,k-node1299258041,sat vand,,ok,automatisk fra EEA-badevandsdata
2026-09-24T16:00:17+02:00,k-node13019533921,sat vand,,nej,automatisk fra EEA-badevandsdata
2026-09-24T16:00:17+02:00,k-node1339074499,sat vand,,ukendt,automatisk fra EEA-badevandsdata
2026-09-24T16:00:17+02:00,k-node13431060036,sat vand,,ukendt,automatisk fra EEA-badevandsdata
2026-09-24T16:00:17+02:00,k-node1346798291,sat vand,,ok,automatisk fra EEA-badevandsdata
2026-09-24T16:00:17+02:00,k-node13633987637,sat vand,,ukendt,automatisk fra EEA-badevandsdata
2026-09-24T16:00:17+02:00,k-node1364430737,sat vand,,ukendt,automatisk fra EEA-badevandsdata
2026-09-24T16:00:17+02:00,k-node1366678238,sat vand,,ok,automatisk fra EEA-badevandsdata
2026-09-24T16:00:17+02:00,k-node1381017314,sat vand,,ok,automatisk fra EEA-badevandsdata
2026-09-24T16:00:17+02:00,k-node1381017368,sat vand,,ok,automatisk fra EEA-badevandsdata
2026-09-24T16:00:17+02:00,k-node1383574901,sat vand,,ukendt,automatisk fra EEA-badevandsdata
2026-09-24T16:00:17+02:00,k-node1390724814,sat vand,,ok,automatisk fra EEA-badevandsdata
2026-09-24T16:00:17+02:00,k-node1494413656,sat vand,,ukendt,automatisk fra EEA-badevandsdata
2026-09-24T16:00:17+02:00,k-node1508513641,sat vand,,ok,automatisk fra EEA-badevandsdata
2026-09-24T16:00:17+02:00,k-node1524692810,sat vand,,ukendt,automatisk fra EEA-badevandsdata
2026-09-24T16:00:17+02:00,k-node1593045479,sat vand,,ukendt,automatisk fra EEA-badevandsdata
2026-09-24T16:00:17+02:00,k-node1600327400,sat vand,,ukendt,automatisk fra EEA-badevandsdata
2026-09-24T16:00:17+02:00,k-node1646262516,sat vand,,ok,automatisk fra EEA-badevandsdata
2026-09-24T16:00:17+02:00,k-node1646262571,sat vand,,ok,automatisk fra EEA-badevandsdata
2026-09-24T16:00:17+02:00,k-node1646262900,sat vand,,ukendt,automatisk fra EEA-badevandsdata
2026-09-24T16:00:17+02:00,k-node1651311344,sat vand,,ok,automatisk fra EEA-badevandsdata
2026-09-24T16:00:17+02:00,k-node1700084475,sat vand,,ukendt,automatisk fra EEA-badevandsdata
2026-09-24T16:00:17+02:00,k-node1741672798,sat vand,,ukendt,automatisk fra EEA-badevandsdata
2026-09-24T16:00:17+02:00,k-node1787126936,sat vand,,ukendt,automatisk fra EEA-badevandsdata
2026-09-24T16:00:17+02:00,k-node1787127955,sat vand,,ok,automatisk fra EEA-badevandsdata
2026-09-24T16:00:17+02:00,k-node1837527400,sat vand,,ukendt,automatisk fra EEA-badevandsdata
2026-09-24T16:00:17+02:00,k-node1860105280,sat vand,,ukendt,automatisk fra EEA-badevandsdata
2026-09-24T16:00:17+02:00,k-node2062739924,sat vand,,ok,automatisk fra EEA-badevandsdata
2026-09-24T16:00:17+02:00,k-node2064782485,sat vand,,ukendt,automatisk fra EEA-badevandsdata
2026-09-24T16:00:17+02:00,k-node2091204180,sat vand,,ukendt,automatisk fra EEA-badevandsdata
2026-09-24T16:00:17+02:00,k-node2127547206,sat vand,,ok,automatisk fra EEA-badevandsdata
2026-09-24T16:00:17+02:00,k-node2244771500,sat vand,,ukendt,automatisk fra EEA-badevandsdata
2026-09-24T16:00:17+02:00,k-node2244875369,sat vand,,ukendt,automatisk fra EEA-badevandsdata
2026-09-24T16:00:17+02:00,k-node2244979908,sat vand,,ukendt,automatisk fra EEA-badevandsdata
2026-09-24T16:00:17+02:00,k-node2245007675,sat vand,,ok,automatisk fra EEA-badevandsdata
2026-09-24T16:00:17+02:00,k-node2245007676,sat vand,,ukendt,automatisk fra EEA-badevandsdata
2026-09-24T16:00:17+02:00,k-node2246132459,sat vand,,ukendt,automatisk fra EEA-badevandsdata
2026-09-24T16:00:17+02:00,k-node2246194723,sat vand,,ukendt,automatisk fra EEA-badevandsdata
2026-09-24T16:00:17+02:00,k-node2246309396,sat vand,,ukendt,automatisk fra EEA-badevandsdata
2026-09-24T16:00:17+02:00,k-node2246883578,sat vand,,ok,automatisk fra EEA-badevandsdata
2026-09-24T16:00:17+02:00,k-node2246883580,sat vand,,ukendt,automatisk fra EEA-badevandsdata
2026-09-24T16:00:17+02:00,k-node2250367710,sat vand,,ok,automatisk fra EEA-badevandsdata
2026-09-24T16:00:17+02:00,k-node2250720906,sat vand,,ukendt,automatisk fra EEA-badevandsdata
2026-09-24T16:00:17+02:00,k-node2250720935,sat vand,,ok,automatisk fra EEA-badevandsdata
2026-09-24T16:00:17+02:00,k-node2250804895,sat vand,,ok,automatisk fra EEA-badevandsdata
2026-09-24T16:00:17+02:00,k-node2257909740,sat vand,,ok,automatisk fra EEA-badevandsdata
2026-09-24T16:00:17+02:00,k-node2258089305,sat vand,,ukendt,automatisk fra EEA-badevandsdata
2026-09-24T16:00:17+02:00,k-node2258089306,sat vand,,ukendt,automatisk fra EEA-badevandsdata
2026-09-24T16:00:17+02:00,k-node2258312875,sat vand,,ok,automatisk fra EEA-badevandsdata
2026-09-24T16:00:17+02:00,k-node2258312928,sat vand,,ok,automatisk fra EEA-badevandsdata
2026-09-24T16:00:17+02:00,k-node2258312935,sat vand,,ok,automatisk fra EEA-badevandsdata
2026-09-24T16:00:17+02:00,k-node2258312963,sat vand,,ok,automatisk fra EEA-badevandsdata
2026-09-24T16:00:17+02:00,k-node2262667587,sat vand,,ok,automatisk fra EEA-badevandsdata
2026-09-24T16:00:17+02:00,k-node2301951297,sat vand,,ukendt,automatisk fra EEA-badevandsdata
2026-09-24T16:00:17+02:00,k-node2301951355,sat vand,,ukendt,automatisk fra EEA-badevandsdata
2026-09-24T16:00:17+02:00,k-node2318489731,sat vand,,ukendt,automatisk fra EEA-badevandsdata
2026-09-24T16:00:17+02:00,k-node2443109565,sat vand,,ok,automatisk fra EEA-badevandsdata
2026-09-24T16:00:17+02:00,k-node2443424933,sat vand,,ok,automatisk fra EEA-badevandsdata
2026-09-24T16:00:17+02:00,k-node2450380744,sat vand,,ukendt,automatisk fra EEA-badevandsdata
2026-09-24T16:00:17+02:00,k-node2450632299,sat vand,,ok,automatisk fra EEA-badevandsdata
2026-09-24T16:00:17+02:00,k-node2464170622,sat vand,,ok,automatisk fra EEA-badevandsdata
2026-09-24T16:00:17+02:00,k-node2552340361,sat vand,,ok,automatisk fra EEA-badevandsdata
2026-09-24T16:00:17+02:00,k-node2662108560,sat vand,,ok,automatisk fra EEA-badevandsdata
2026-09-24T16:00:17+02:00,k-node2742116869,sat vand,,ok,automatisk fra EEA-badevandsdata
2026-09-24T16:00:17+02:00,k-node281075199,sat vand,,tvivl,automatisk fra EEA-badevandsdata
2026-09-24T16:00:17+02:00,k-node2870465634,sat vand,,ok,automatisk fra EEA-badevandsdata
2026-09-24T16:00:17+02:00,k-node2870465635,sat vand,,ukendt,automatisk fra EEA-badevandsdata
2026-09-24T16:00:17+02:00,k-node3232930570,sat vand,,ukendt,automatisk fra EEA-badevandsdata
2026-09-24T16:00:17+02:00,k-node3338465059,sat vand,,ok,automatisk fra EEA-badevandsdata
2026-09-24T16:00:17+02:00,k-node3341991869,sat vand,,ukendt,automatisk fra EEA-badevandsdata
2026-09-24T16:00:17+02:00,k-node3402665440,sat vand,,ukendt,automatisk fra EEA-badevandsdata
2026-09-24T16:00:17+02:00,k-node3506049259,sat vand,,ukendt,automatisk fra EEA-badevandsdata
2026-09-24T16:00:17+02:00,k-node3530583424,sat vand,,ok,automatisk fra EEA-badevandsdata
2026-09-24T16:00:17+02:00,k-node3545281715,sat vand,,ok,automatisk fra EEA-badevandsdata
2026-09-24T16:00:17+02:00,k-node3545281726,sat vand,,ok,automatisk fra EEA-badevandsdata
2026-09-24T16:00:17+02:00,k-node3680869227,sat vand,,ukendt,automatisk fra EEA-badevandsdata
2026-09-24T16:00:17+02:00,k-node3680934544,sat vand,,ok,automatisk fra EEA-badevandsdata
2026-09-24T16:00:17+02:00,k-node3732565313,sat vand,,ok,automatisk fra EEA-badevandsdata
2026-09-24T16:00:17+02:00,k-node3732565315,sat vand,,ok,automatisk fra EEA-badevandsdata
2026-09-24T16:00:17+02:00,k-node374101107,sat vand,,ukendt,automatisk fra EEA-badevandsdata
2026-09-24T16:00:17+02:00,k-node374203848,sat vand,,ukendt,automatisk fra EEA-badevandsdata
2026-09-24T16:00:17+02:00,k-node383892898,sat vand,,ok,automatisk fra EEA-badevandsdata
2026-09-24T16:00:17+02:00,k-node3841894334,sat vand,,ukendt,automatisk fra EEA-badevandsdata
2026-09-24T16:00:17+02:00,k-node3842050724,sat vand,,ukendt,automatisk fra EEA-badevandsdata
2026-09-24T16:00:17+02:00,k-node4110557351,sat vand,,ukendt,automatisk fra EEA-badevandsdata
2026-09-24T16:00:17+02:00,k-node4118605117,sat vand,,ukendt,automatisk fra EEA-badevandsdata
2026-09-24T16:00:17+02:00,k-node4200045758,sat vand,,ok,automatisk fra EEA-badevandsdata
2026-09-24T16:00:17+02:00,k-node4286220827,sat vand,,ukendt,automatisk fra EEA-badevandsdata
2026-09-24T16:00:17+02:00,k-node4289202854,sat vand,,ukendt,automatisk fra EEA-badevandsdata
2026-09-24T16:00:17+02:00,k-node431046861,sat vand,,ok,automatisk fra EEA-badevandsdata
2026-09-24T16:00:17+02:00,k-node4321079125,sat vand,,ukendt,automatisk fra EEA-badevandsdata
2026-09-24T16:00:17+02:00,k-node4321091595,sat vand,,ok,automatisk fra EEA-badevandsdata
2026-09-24T16:00:17+02:00,k-node4337300231,sat vand,,ok,automatisk fra EEA-badevandsdata
2026-09-24T16:00:17+02:00,k-node470285840,sat vand,,ok,automatisk fra EEA-badevandsdata
2026-09-24T16:00:17+02:00,k-node474772172,sat vand,,ukendt,automatisk fra EEA-badevandsdata
2026-09-24T16:00:17+02:00,k-node474772197,sat vand,,ukendt,automatisk fra EEA-badevandsdata
2026-09-24T16:00:17+02:00,k-node4749030898,sat vand,,ukendt,automatisk fra EEA-badevandsdata
2026-09-24T16:00:17+02:00,k-node4781468410,sat vand,,ukendt,automatisk fra EEA-badevandsdata
2026-09-24T16:00:17+02:00,k-node492049664,sat vand,,ukendt,automatisk fra EEA-badevandsdata
2026-09-24T16:00:17+02:00,k-node4924805392,sat vand,,ukendt,automatisk fra EEA-badevandsdata
2026-09-24T16:00:17+02:00,k-node4996663090,sat vand,,ukendt,automatisk fra EEA-badevandsdata
2026-09-24T16:00:17+02:00,k-node5742208592,sat vand,,ok,automatisk fra EEA-badevandsdata
2026-09-24T16:00:17+02:00,k-node5772159727,sat vand,,ukendt,automatisk fra EEA-badevandsdata
2026-09-24T16:00:17+02:00,k-node5772159728,sat vand,,ukendt,automatisk fra EEA-badevandsdata
2026-09-24T16:00:17+02:00,k-node5793591030,sat vand,,ok,automatisk fra EEA-badevandsdata
2026-09-24T16:00:17+02:00,k-node5961424943,sat vand,,ukendt,automatisk fra EEA-badevandsdata
2026-09-24T16:00:17+02:00,k-node6040297827,sat vand,,ukendt,automatisk fra EEA-badevandsdata
2026-09-24T16:00:17+02:00,k-node6130429584,sat vand,,ok,automatisk fra EEA-badevandsdata
2026-09-24T16:00:17+02:00,k-node6152530978,sat vand,,ukendt,automatisk fra EEA-badevandsdata
2026-09-24T16:00:17+02:00,k-node6400141535,sat vand,,ukendt,automatisk fra EEA-badevandsdata
2026-09-24T16:00:17+02:00,k-node6419006717,sat vand,,ok,automatisk fra EEA-badevandsdata
2026-09-24T16:00:17+02:00,k-node6449003338,sat vand,,ukendt,automatisk fra EEA-badevandsdata
2026-09-24T16:00:17+02:00,k-node6477554491,sat vand,,ok,automatisk fra EEA-badevandsdata
2026-09-24T16:00:17+02:00,k-node6524053459,sat vand,,ok,automatisk fra EEA-badevandsdata
2026-09-24T16:00:17+02:00,k-node6699934632,sat vand,,ukendt,automatisk fra EEA-badevandsdata
2026-09-24T16:00:17+02:00,k-node6702605929,sat vand,,ukendt,automatisk fra EEA-badevandsdata
2026-09-24T16:00:17+02:00,k-node6773787427,sat vand,,ukendt,automatisk fra EEA-badevandsdata
2026-09-24T16:00:17+02:00,k-node711425917,sat vand,,ok,automatisk fra EEA-badevandsdata
2026-09-24T16:00:17+02:00,k-node711568731,sat vand,,ukendt,automatisk fra EEA-badevandsdata
2026-09-24T16:00:17+02:00,k-node725174326,sat vand,,ukendt,automatisk fra EEA-badevandsdata
2026-09-24T16:00:17+02:00,k-node7733574539,sat vand,,ukendt,automatisk fra EEA-badevandsdata
2026-09-24T16:00:17+02:00,k-node7734662249,sat vand,,ukendt,automatisk fra EEA-badevandsdata
2026-09-24T16:00:17+02:00,k-node7734662251,sat vand,,ukendt,automatisk fra EEA-badevandsdata
2026-09-24T16:00:17+02:00,k-node8260017815,sat vand,,ukendt,automatisk fra EEA-badevandsdata
2026-09-24T16:00:17+02:00,k-node8425433786,sat vand,,ukendt,automatisk fra EEA-badevandsdata
2026-09-24T16:00:17+02:00,k-node8425433791,sat vand,,ukendt,automatisk fra EEA-badevandsdata
2026-09-24T16:00:17+02:00,k-node852554564,sat vand,,ukendt,automatisk fra EEA-badevandsdata
2026-09-24T16:00:17+02:00,k-node854305950,sat vand,,ok,automatisk fra EEA-badevandsdata
2026-09-24T16:00:17+02:00,k-node8665846413,sat vand,,ok,automatisk fra EEA-badevandsdata
2026-09-24T16:00:17+02:00,k-node869562385,sat vand,,ukendt,automatisk fra EEA-badevandsdata
2026-09-24T16:00:17+02:00,k-node8747541802,sat vand,,ok,automatisk fra EEA-badevandsdata
2026-09-24T16:00:17+02:00,k-node8972495312,sat vand,,ukendt,automatisk fra EEA-badevandsdata
2026-09-24T16:00:17+02:00,k-node8972495335,sat vand,,ukendt,automatisk fra EEA-badevandsdata
2026-09-24T16:00:17+02:00,k-node9053150211,sat vand,,ok,automatisk fra EEA-badevandsdata
2026-09-24T16:00:17+02:00,k-node9099932856,sat vand,,ukendt,automatisk fra EEA-badevandsdata
2026-09-24T16:00:17+02:00,k-node9273032812,sat vand,,ok,automatisk fra EEA-badevandsdata
2026-09-24T16:00:17+02:00,k-node9350434553,sat vand,,ukendt,automatisk fra EEA-badevandsdata
2026-09-24T16:00:17+02:00,k-node935812864,sat vand,,ok,automatisk fra EEA-badevandsdata
2026-09-24T16:00:17+02:00,k-node9360005861,sat vand,,ukendt,automatisk fra EEA-badevandsdata
2026-09-24T16:00:17+02:00,k-node939082727,sat vand,,tvivl,automatisk fra EEA-badevandsdata
2026-09-24T16:00:17+02:00,k-node9555523286,sat vand,,ukendt,automatisk fra EEA-badevandsdata
2026-09-24T16:00:17+02:00,k-node9555527888,sat vand,,ukendt,automatisk fra EEA-badevandsdata
2026-09-24T16:00:17+02:00,k-node9626727041,sat vand,,ukendt,automatisk fra EEA-badevandsdata
2026-09-24T16:00:17+02:00,k-node9718472828,sat vand,,ukendt,automatisk fra EEA-badevandsdata
2026-09-24T16:00:17+02:00,k-node9811997210,sat vand,,ukendt,automatisk fra EEA-badevandsdata
2026-09-24T16:00:17+02:00,k-node9907395340,sat vand,,ok,automatisk fra EEA-badevandsdata
2026-09-24T16:00:17+02:00,k-relation12619319,sat vand,,ok,automatisk fra EEA-badevandsdata
2026-09-24T16:00:17+02:00,k-relation12624380,sat vand,,ukendt,automatisk fra EEA-badevandsdata
2026-09-24T16:00:17+02:00,k-relation16005679,sat vand,,ukendt,automatisk fra EEA-badevandsdata
2026-09-24T16:00:17+02:00,k-relation16061250,sat vand,,ukendt,automatisk fra EEA-badevandsdata
2026-09-24T16:00:17+02:00,k-way100430877,sat vand,,ok,automatisk fra EEA-badevandsdata
2026-09-24T16:00:17+02:00,k-way1011917690,sat vand,,ukendt,automatisk fra EEA-badevandsdata
2026-09-24T16:00:17+02:00,k-way101219786,sat vand,,ukendt,automatisk fra EEA-badevandsdata
2026-09-24T16:00:17+02:00,k-way1015324631,sat vand,,ukendt,automatisk fra EEA-badevandsdata
2026-09-24T16:00:17+02:00,k-way1025798932,sat vand,,ukendt,automatisk fra EEA-badevandsdata
2026-09-24T16:00:17+02:00,k-way1031097321,sat vand,,ukendt,automatisk fra EEA-badevandsdata
2026-09-24T16:00:17+02:00,k-way1031099423,sat vand,,ukendt,automatisk fra EEA-badevandsdata
2026-09-24T16:00:17+02:00,k-way1034860594,sat vand,,ukendt,automatisk fra EEA-badevandsdata
2026-09-24T16:00:17+02:00,k-way1034860595,sat vand,,ok,automatisk fra EEA-badevandsdata
2026-09-24T16:00:17+02:00,k-way1035013990,sat vand,,ukendt,automatisk fra EEA-badevandsdata
2026-09-24T16:00:17+02:00,k-way1035013991,sat vand,,ukendt,automatisk fra EEA-badevandsdata
2026-09-24T16:00:17+02:00,k-way1036638267,sat vand,,ukendt,automatisk fra EEA-badevandsdata
2026-09-24T16:00:17+02:00,k-way1036638895,sat vand,,ukendt,automatisk fra EEA-badevandsdata
2026-09-24T16:00:17+02:00,k-way1036638896,sat vand,,ukendt,automatisk fra EEA-badevandsdata
2026-09-24T16:00:17+02:00,k-way1038329052,sat vand,,ukendt,automatisk fra EEA-badevandsdata
2026-09-24T16:00:17+02:00,k-way1038330521,sat vand,,ukendt,automatisk fra EEA-badevandsdata
2026-09-24T16:00:17+02:00,k-way1038330524,sat vand,,ukendt,automatisk fra EEA-badevandsdata
2026-09-24T16:00:17+02:00,k-way1038334508,sat vand,,ok,automatisk fra EEA-badevandsdata
2026-09-24T16:00:17+02:00,k-way1038334512,sat vand,,ok,automatisk fra EEA-badevandsdata
2026-09-24T16:00:17+02:00,k-way1038336907,sat vand,,ukendt,automatisk fra EEA-badevandsdata
2026-09-24T16:00:17+02:00,k-way1038336909,sat vand,,ukendt,automatisk fra EEA-badevandsdata
2026-09-24T16:00:17+02:00,k-way1038336910,sat vand,,ukendt,automatisk fra EEA-badevandsdata
2026-09-24T16:00:17+02:00,k-way1038336911,sat vand,,ukendt,automatisk fra EEA-badevandsdata
2026-09-24T16:00:17+02:00,k-way1038336916,sat vand,,ukendt,automatisk fra EEA-badevandsdata
2026-09-24T16:00:17+02:00,k-way1038337763,sat vand,,ukendt,automatisk fra EEA-badevandsdata
2026-09-24T16:00:17+02:00,k-way1038340041,sat vand,,ok,automatisk fra EEA-badevandsdata
2026-09-24T16:00:17+02:00,k-way1038340042,sat vand,,ok,automatisk fra EEA-badevandsdata
2026-09-24T16:00:17+02:00,k-way1038340043,sat vand,,ok,automatisk fra EEA-badevandsdata
2026-09-24T16:00:17+02:00,k-way1038340047,sat vand,,ukendt,automatisk fra EEA-badevandsdata
2026-09-24T16:00:17+02:00,k-way1038340049,sat vand,,ok,automatisk fra EEA-badevandsdata
2026-09-24T16:00:17+02:00,k-way1038341975,sat vand,,ukendt,automatisk fra EEA-badevandsdata
2026-09-24T16:00:17+02:00,k-way1038341981,sat vand,,ukendt,automatisk fra EEA-badevandsdata
2026-09-24T16:00:17+02:00,k-way1038343414,sat vand,,ukendt,automatisk fra EEA-badevandsdata
2026-09-24T16:00:17+02:00,k-way1039251394,sat vand,,ukendt,automatisk fra EEA-badevandsdata
2026-09-24T16:00:17+02:00,k-way1039251395,sat vand,,ukendt,automatisk fra EEA-badevandsdata
2026-09-24T16:00:17+02:00,k-way1041021858,sat vand,,ukendt,automatisk fra EEA-badevandsdata
2026-09-24T16:00:17+02:00,k-way104574092,sat vand,,ok,automatisk fra EEA-badevandsdata
2026-09-24T16:00:17+02:00,k-way1053895415,sat vand,,ok,automatisk fra EEA-badevandsdata
2026-09-24T16:00:17+02:00,k-way106446310,sat vand,,ukendt,automatisk fra EEA-badevandsdata
2026-09-24T16:00:17+02:00,k-way1066789135,sat vand,,ukendt,automatisk fra EEA-badevandsdata
2026-09-24T16:00:17+02:00,k-way1075372033,sat vand,,ukendt,automatisk fra EEA-badevandsdata
2026-09-24T16:00:17+02:00,k-way1075569650,sat vand,,ok,automatisk fra EEA-badevandsdata
2026-09-24T16:00:17+02:00,k-way108149633,sat vand,,ok,automatisk fra EEA-badevandsdata
2026-09-24T16:00:17+02:00,k-way108848977,sat vand,,ukendt,automatisk fra EEA-badevandsdata
2026-09-24T16:00:17+02:00,k-way108848978,sat vand,,ok,automatisk fra EEA-badevandsdata
2026-09-24T16:00:17+02:00,k-way108849059,sat vand,,ok,automatisk fra EEA-badevandsdata
2026-09-24T16:00:17+02:00,k-way1099467383,sat vand,,ukendt,automatisk fra EEA-badevandsdata
2026-09-24T16:00:17+02:00,k-way110668771,sat vand,,ok,automatisk fra EEA-badevandsdata
2026-09-24T16:00:17+02:00,k-way110693889,sat vand,,tvivl,automatisk fra EEA-badevandsdata
2026-09-24T16:00:17+02:00,k-way110768962,sat vand,,tvivl,automatisk fra EEA-badevandsdata
2026-09-24T16:00:17+02:00,k-way1116944773,sat vand,,ukendt,automatisk fra EEA-badevandsdata
2026-09-24T16:00:17+02:00,k-way1116944794,sat vand,,ok,automatisk fra EEA-badevandsdata
2026-09-24T16:00:17+02:00,k-way1118165279,sat vand,,ukendt,automatisk fra EEA-badevandsdata
2026-09-24T16:00:17+02:00,k-way1118749834,sat vand,,ok,automatisk fra EEA-badevandsdata
2026-09-24T16:00:17+02:00,k-way1128139972,sat vand,,ok,automatisk fra EEA-badevandsdata
2026-09-24T16:00:17+02:00,k-way112941457,sat vand,,ok,automatisk fra EEA-badevandsdata
2026-09-24T16:00:17+02:00,k-way113139461,sat vand,,ok,automatisk fra EEA-badevandsdata
2026-09-24T16:00:17+02:00,k-way1133982587,sat vand,,ukendt,automatisk fra EEA-badevandsdata
2026-09-24T16:00:17+02:00,k-way1138315813,sat vand,,ok,automatisk fra EEA-badevandsdata
2026-09-24T16:00:17+02:00,k-way114372965,sat vand,,ukendt,automatisk fra EEA-badevandsdata
2026-09-24T16:00:17+02:00,k-way116537080,sat vand,,ok,automatisk fra EEA-badevandsdata
2026-09-24T16:00:17+02:00,k-way116537089,sat vand,,ok,automatisk fra EEA-badevandsdata
2026-09-24T16:00:17+02:00,k-way116537090,sat vand,,ok,automatisk fra EEA-badevandsdata
2026-09-24T16:00:17+02:00,k-way1179935039,sat vand,,ok,automatisk fra EEA-badevandsdata
2026-09-24T16:00:17+02:00,k-way1183647668,sat vand,,ok,automatisk fra EEA-badevandsdata
2026-09-24T16:00:17+02:00,k-way118757048,sat vand,,ok,automatisk fra EEA-badevandsdata
2026-09-24T16:00:17+02:00,k-way1190185257,sat vand,,ukendt,automatisk fra EEA-badevandsdata
2026-09-24T16:00:17+02:00,k-way119926061,sat vand,,ukendt,automatisk fra EEA-badevandsdata
2026-09-24T16:00:17+02:00,k-way119962124,sat vand,,ukendt,automatisk fra EEA-badevandsdata
2026-09-24T16:00:17+02:00,k-way120234729,sat vand,,ukendt,automatisk fra EEA-badevandsdata
2026-09-24T16:00:17+02:00,k-way120356461,sat vand,,ok,automatisk fra EEA-badevandsdata
2026-09-24T16:00:17+02:00,k-way121211145,sat vand,,ok,automatisk fra EEA-badevandsdata
2026-09-24T16:00:17+02:00,k-way1214497566,sat vand,,ukendt,automatisk fra EEA-badevandsdata
2026-09-24T16:00:17+02:00,k-way1229962963,sat vand,,ukendt,automatisk fra EEA-badevandsdata
2026-09-24T16:00:17+02:00,k-way124423163,sat vand,,ukendt,automatisk fra EEA-badevandsdata
2026-09-24T16:00:17+02:00,k-way1251320474,sat vand,,ukendt,automatisk fra EEA-badevandsdata
2026-09-24T16:00:17+02:00,k-way126268885,sat vand,,ukendt,automatisk fra EEA-badevandsdata
2026-09-24T16:00:17+02:00,k-way1290067986,sat vand,,ok,automatisk fra EEA-badevandsdata
2026-09-24T16:00:17+02:00,k-way1302706859,sat vand,,ukendt,automatisk fra EEA-badevandsdata
2026-09-24T16:00:17+02:00,k-way1311169354,sat vand,,ukendt,automatisk fra EEA-badevandsdata
2026-09-24T16:00:17+02:00,k-way1321559902,sat vand,,ukendt,automatisk fra EEA-badevandsdata
2026-09-24T16:00:17+02:00,k-way1321563368,sat vand,,ukendt,automatisk fra EEA-badevandsdata
2026-09-24T16:00:17+02:00,k-way1321879911,sat vand,,ukendt,automatisk fra EEA-badevandsdata
2026-09-24T16:00:17+02:00,k-way1332440159,sat vand,,ukendt,automatisk fra EEA-badevandsdata
2026-09-24T16:00:17+02:00,k-way1341755880,sat vand,,ukendt,automatisk fra EEA-badevandsdata
2026-09-24T16:00:17+02:00,k-way1344794989,sat vand,,ok,automatisk fra EEA-badevandsdata
2026-09-24T16:00:17+02:00,k-way1346653412,sat vand,,ukendt,automatisk fra EEA-badevandsdata
2026-09-24T16:00:17+02:00,k-way1348306892,sat vand,,ukendt,automatisk fra EEA-badevandsdata
2026-09-24T16:00:17+02:00,k-way1349862063,sat vand,,ukendt,automatisk fra EEA-badevandsdata
2026-09-24T16:00:17+02:00,k-way135231775,sat vand,,ukendt,automatisk fra EEA-badevandsdata
2026-09-24T16:00:17+02:00,k-way1359289838,sat vand,,ok,automatisk fra EEA-badevandsdata
2026-09-24T16:00:17+02:00,k-way137989797,sat vand,,ukendt,automatisk fra EEA-badevandsdata
2026-09-24T16:00:17+02:00,k-way1387950867,sat vand,,ukendt,automatisk fra EEA-badevandsdata
2026-09-24T16:00:17+02:00,k-way1414607928,sat vand,,ukendt,automatisk fra EEA-badevandsdata
2026-09-24T16:00:17+02:00,k-way1426045160,sat vand,,ukendt,automatisk fra EEA-badevandsdata
2026-09-24T16:00:17+02:00,k-way1464202684,sat vand,,ukendt,automatisk fra EEA-badevandsdata
2026-09-24T16:00:17+02:00,k-way1497700064,sat vand,,ukendt,automatisk fra EEA-badevandsdata
2026-09-24T16:00:17+02:00,k-way150341228,sat vand,,ukendt,automatisk fra EEA-badevandsdata
2026-09-24T16:00:17+02:00,k-way169045202,sat vand,,ukendt,automatisk fra EEA-badevandsdata
2026-09-24T16:00:17+02:00,k-way173084976,sat vand,,tvivl,automatisk fra EEA-badevandsdata
2026-09-24T16:00:17+02:00,k-way208912919,sat vand,,ok,automatisk fra EEA-badevandsdata
2026-09-24T16:00:17+02:00,k-way215077991,sat vand,,ukendt,automatisk fra EEA-badevandsdata
2026-09-24T16:00:17+02:00,k-way215077995,sat vand,,ukendt,automatisk fra EEA-badevandsdata
2026-09-24T16:00:17+02:00,k-way215082351,sat vand,,ukendt,automatisk fra EEA-badevandsdata
2026-09-24T16:00:17+02:00,k-way215566146,sat vand,,ok,automatisk fra EEA-badevandsdata
2026-09-24T16:00:17+02:00,k-way215606676,sat vand,,ok,automatisk fra EEA-badevandsdata
2026-09-24T16:00:17+02:00,k-way220214581,sat vand,,ukendt,automatisk fra EEA-badevandsdata
2026-09-24T16:00:17+02:00,k-way221619743,sat vand,,ukendt,automatisk fra EEA-badevandsdata
2026-09-24T16:00:17+02:00,k-way222563907,sat vand,,ok,automatisk fra EEA-badevandsdata
2026-09-24T16:00:17+02:00,k-way25544372,sat vand,,ok,automatisk fra EEA-badevandsdata
2026-09-24T16:00:17+02:00,k-way26451082,sat vand,,ukendt,automatisk fra EEA-badevandsdata
2026-09-24T16:00:17+02:00,k-way266535063,sat vand,,ukendt,automatisk fra EEA-badevandsdata
2026-09-24T16:00:17+02:00,k-way292604495,sat vand,,ukendt,automatisk fra EEA-badevandsdata
2026-09-24T16:00:17+02:00,k-way294947080,sat vand,,ok,automatisk fra EEA-badevandsdata
2026-09-24T16:00:17+02:00,k-way300866599,sat vand,,ukendt,automatisk fra EEA-badevandsdata
2026-09-24T16:00:17+02:00,k-way301129545,sat vand,,ok,automatisk fra EEA-badevandsdata
2026-09-24T16:00:17+02:00,k-way307885024,sat vand,,ukendt,automatisk fra EEA-badevandsdata
2026-09-24T16:00:17+02:00,k-way312845006,sat vand,,ok,automatisk fra EEA-badevandsdata
2026-09-24T16:00:17+02:00,k-way32237193,sat vand,,ukendt,automatisk fra EEA-badevandsdata
2026-09-24T16:00:17+02:00,k-way346568682,sat vand,,ok,automatisk fra EEA-badevandsdata
2026-09-24T16:00:17+02:00,k-way353585058,sat vand,,ukendt,automatisk fra EEA-badevandsdata
2026-09-24T16:00:17+02:00,k-way367453688,sat vand,,ukendt,automatisk fra EEA-badevandsdata
2026-09-24T16:00:17+02:00,k-way370501638,sat vand,,ukendt,automatisk fra EEA-badevandsdata
2026-09-24T16:00:17+02:00,k-way379780174,sat vand,,ukendt,automatisk fra EEA-badevandsdata
2026-09-24T16:00:17+02:00,k-way380901789,sat vand,,ok,automatisk fra EEA-badevandsdata
2026-09-24T16:00:17+02:00,k-way381162872,sat vand,,ukendt,automatisk fra EEA-badevandsdata
2026-09-24T16:00:17+02:00,k-way383657592,sat vand,,ok,automatisk fra EEA-badevandsdata
2026-09-24T16:00:17+02:00,k-way393319586,sat vand,,ukendt,automatisk fra EEA-badevandsdata
2026-09-24T16:00:17+02:00,k-way407682739,sat vand,,ok,automatisk fra EEA-badevandsdata
2026-09-24T16:00:17+02:00,k-way40945708,sat vand,,ok,automatisk fra EEA-badevandsdata
2026-09-24T16:00:17+02:00,k-way429472083,sat vand,,ok,automatisk fra EEA-badevandsdata
2026-09-24T16:00:17+02:00,k-way439065243,sat vand,,ok,automatisk fra EEA-badevandsdata
2026-09-24T16:00:17+02:00,k-way45357202,sat vand,,ukendt,automatisk fra EEA-badevandsdata
2026-09-24T16:00:17+02:00,k-way468333667,sat vand,,ukendt,automatisk fra EEA-badevandsdata
2026-09-24T16:00:17+02:00,k-way488651866,sat vand,,ukendt,automatisk fra EEA-badevandsdata
2026-09-24T16:00:17+02:00,k-way524171926,sat vand,,ok,automatisk fra EEA-badevandsdata
2026-09-24T16:00:17+02:00,k-way628595856,sat vand,,ok,automatisk fra EEA-badevandsdata
2026-09-24T16:00:17+02:00,k-way631279059,sat vand,,ukendt,automatisk fra EEA-badevandsdata
2026-09-24T16:00:17+02:00,k-way651553705,sat vand,,ukendt,automatisk fra EEA-badevandsdata
2026-09-24T16:00:17+02:00,k-way656703363,sat vand,,ukendt,automatisk fra EEA-badevandsdata
2026-09-24T16:00:17+02:00,k-way65973881,sat vand,,ukendt,automatisk fra EEA-badevandsdata
2026-09-24T16:00:17+02:00,k-way665873478,sat vand,,ukendt,automatisk fra EEA-badevandsdata
2026-09-24T16:00:17+02:00,k-way669255549,sat vand,,ukendt,automatisk fra EEA-badevandsdata
2026-09-24T16:00:17+02:00,k-way669329889,sat vand,,ukendt,automatisk fra EEA-badevandsdata
2026-09-24T16:00:17+02:00,k-way690048189,sat vand,,ok,automatisk fra EEA-badevandsdata
2026-09-24T16:00:17+02:00,k-way69748591,sat vand,,ukendt,automatisk fra EEA-badevandsdata
2026-09-24T16:00:17+02:00,k-way734364266,sat vand,,ukendt,automatisk fra EEA-badevandsdata
2026-09-24T16:00:17+02:00,k-way799817681,sat vand,,ukendt,automatisk fra EEA-badevandsdata
2026-09-24T16:00:17+02:00,k-way836205118,sat vand,,ukendt,automatisk fra EEA-badevandsdata
2026-09-24T16:00:17+02:00,k-way916133338,sat vand,,ok,automatisk fra EEA-badevandsdata
2026-09-24T16:00:17+02:00,k-node1023688711,sat vand,,ukendt,automatisk fra EEA-badevandsdata
2026-09-24T16:00:17+02:00,k-node1028000926,sat vand,,ok,automatisk fra EEA-badevandsdata
2026-09-24T16:00:17+02:00,k-node10651231174,sat vand,,ukendt,automatisk fra EEA-badevandsdata
2026-09-24T16:00:17+02:00,k-node1072891408,sat vand,,ukendt,automatisk fra EEA-badevandsdata
2026-09-24T16:00:17+02:00,k-node10807974358,sat vand,,ukendt,automatisk fra EEA-badevandsdata
2026-09-24T16:00:17+02:00,k-node10807974365,sat vand,,ukendt,automatisk fra EEA-badevandsdata
2026-09-24T16:00:17+02:00,k-node10807974366,sat vand,,ok,automatisk fra EEA-badevandsdata
2026-09-24T16:00:17+02:00,k-node1103583550,sat vand,,ukendt,automatisk fra EEA-badevandsdata
2026-09-24T16:00:17+02:00,k-node11049486375,sat vand,,ok,automatisk fra EEA-badevandsdata
2026-09-24T16:00:17+02:00,k-node11112544596,sat vand,,ukendt,automatisk fra EEA-badevandsdata
2026-09-24T16:00:17+02:00,k-node11112544597,sat vand,,ukendt,automatisk fra EEA-badevandsdata
2026-09-24T16:00:17+02:00,k-node1131158564,sat vand,,ukendt,automatisk fra EEA-badevandsdata
2026-09-24T16:00:17+02:00,k-node11487085207,sat vand,,ukendt,automatisk fra EEA-badevandsdata
2026-09-24T16:00:17+02:00,k-node11514190564,sat vand,,ok,automatisk fra EEA-badevandsdata
2026-09-24T16:00:17+02:00,k-node11573902592,sat vand,,ukendt,automatisk fra EEA-badevandsdata
2026-09-24T16:00:17+02:00,k-node11597459634,sat vand,,ukendt,automatisk fra EEA-badevandsdata
2026-09-24T16:00:17+02:00,k-node11637375840,sat vand,,ok,automatisk fra EEA-badevandsdata
2026-09-24T16:00:17+02:00,k-node11641013271,sat vand,,ukendt,automatisk fra EEA-badevandsdata
2026-09-24T16:00:17+02:00,k-node11778274800,sat vand,,ukendt,automatisk fra EEA-badevandsdata
2026-09-24T16:00:17+02:00,k-node11810398403,sat vand,,ukendt,automatisk fra EEA-badevandsdata
2026-09-24T16:00:17+02:00,k-node11818253411,sat vand,,ukendt,automatisk fra EEA-badevandsdata
2026-09-24T16:00:17+02:00,k-node11933113734,sat vand,,ukendt,automatisk fra EEA-badevandsdata
2026-09-24T16:00:17+02:00,k-node12450602714,sat vand,,ukendt,automatisk fra EEA-badevandsdata
2026-09-24T16:00:17+02:00,k-node12771930929,sat vand,,ok,automatisk fra EEA-badevandsdata
2026-09-24T16:00:17+02:00,k-node12791980706,sat vand,,ukendt,automatisk fra EEA-badevandsdata
2026-09-24T16:00:17+02:00,k-node12956386526,sat vand,,ukendt,automatisk fra EEA-badevandsdata
2026-09-24T16:00:17+02:00,k-node13019563493,sat vand,,ok,automatisk fra EEA-badevandsdata
2026-09-24T16:00:17+02:00,k-node13019564282,sat vand,,tvivl,automatisk fra EEA-badevandsdata
2026-09-24T16:00:17+02:00,k-node13020819272,sat vand,,ukendt,automatisk fra EEA-badevandsdata
2026-09-24T16:00:17+02:00,k-node13048551074,sat vand,,ukendt,automatisk fra EEA-badevandsdata
2026-09-24T16:00:17+02:00,k-node1316569285,sat vand,,ok,automatisk fra EEA-badevandsdata
2026-09-24T16:00:17+02:00,k-node1365307222,sat vand,,ukendt,automatisk fra EEA-badevandsdata
2026-09-24T16:00:17+02:00,k-node14002507583,sat vand,,ukendt,automatisk fra EEA-badevandsdata
2026-09-24T16:00:17+02:00,k-node1487187786,sat vand,,ukendt,automatisk fra EEA-badevandsdata
2026-09-24T16:00:17+02:00,k-node1508513642,sat vand,,ok,automatisk fra EEA-badevandsdata
2026-09-24T16:00:17+02:00,k-node1917793950,sat vand,,ukendt,automatisk fra EEA-badevandsdata
2026-09-24T16:00:17+02:00,k-node22034196,sat vand,,ukendt,automatisk fra EEA-badevandsdata
2026-09-24T16:00:17+02:00,k-node2244771486,sat vand,,ok,automatisk fra EEA-badevandsdata
2026-09-24T16:00:17+02:00,k-node2244875368,sat vand,,ukendt,automatisk fra EEA-badevandsdata
2026-09-24T16:00:17+02:00,k-node2246132458,sat vand,,ok,automatisk fra EEA-badevandsdata
2026-09-24T16:00:17+02:00,k-node2246883600,sat vand,,ukendt,automatisk fra EEA-badevandsdata
2026-09-24T16:00:17+02:00,k-node2250804861,sat vand,,ukendt,automatisk fra EEA-badevandsdata
2026-09-24T16:00:17+02:00,k-node2250804900,sat vand,,ukendt,automatisk fra EEA-badevandsdata
2026-09-24T16:00:17+02:00,k-node2293616127,sat vand,,ok,automatisk fra EEA-badevandsdata
2026-09-24T16:00:17+02:00,k-node2391247135,sat vand,,ukendt,automatisk fra EEA-badevandsdata
2026-09-24T16:00:17+02:00,k-node2431880422,sat vand,,ukendt,automatisk fra EEA-badevandsdata
2026-09-24T16:00:17+02:00,k-node2454663065,sat vand,,ok,automatisk fra EEA-badevandsdata
2026-09-24T16:00:17+02:00,k-node2754565792,sat vand,,ok,automatisk fra EEA-badevandsdata
2026-09-24T16:00:17+02:00,k-node2870465641,sat vand,,ukendt,automatisk fra EEA-badevandsdata
2026-09-24T16:00:17+02:00,k-node3005494016,sat vand,,ukendt,automatisk fra EEA-badevandsdata
2026-09-24T16:00:17+02:00,k-node318273275,sat vand,,ukendt,automatisk fra EEA-badevandsdata
2026-09-24T16:00:17+02:00,k-node3201932151,sat vand,,ok,automatisk fra EEA-badevandsdata
2026-09-24T16:00:17+02:00,k-node3269034616,sat vand,,ukendt,automatisk fra EEA-badevandsdata
2026-09-24T16:00:17+02:00,k-node3511166982,sat vand,,ukendt,automatisk fra EEA-badevandsdata
2026-09-24T16:00:17+02:00,k-node3748274247,sat vand,,ok,automatisk fra EEA-badevandsdata
2026-09-24T16:00:17+02:00,k-node3885738285,sat vand,,ok,automatisk fra EEA-badevandsdata
2026-09-24T16:00:17+02:00,k-node3995448650,sat vand,,ok,automatisk fra EEA-badevandsdata
2026-09-24T16:00:17+02:00,k-node4104399708,sat vand,,ukendt,automatisk fra EEA-badevandsdata
2026-09-24T16:00:17+02:00,k-node416391190,sat vand,,ok,automatisk fra EEA-badevandsdata
2026-09-24T16:00:17+02:00,k-node4296882194,sat vand,,ukendt,automatisk fra EEA-badevandsdata
2026-09-24T16:00:17+02:00,k-node431046816,sat vand,,ukendt,automatisk fra EEA-badevandsdata
2026-09-24T16:00:17+02:00,k-node431046832,sat vand,,ukendt,automatisk fra EEA-badevandsdata
2026-09-24T16:00:17+02:00,k-node431046893,sat vand,,ukendt,automatisk fra EEA-badevandsdata
2026-09-24T16:00:17+02:00,k-node4312509098,sat vand,,ukendt,automatisk fra EEA-badevandsdata
2026-09-24T16:00:17+02:00,k-node4321076392,sat vand,,ukendt,automatisk fra EEA-badevandsdata
2026-09-24T16:00:17+02:00,k-node4349868002,sat vand,,ukendt,automatisk fra EEA-badevandsdata
2026-09-24T16:00:17+02:00,k-node4443026251,sat vand,,ukendt,automatisk fra EEA-badevandsdata
2026-09-24T16:00:17+02:00,k-node461095822,sat vand,,ukendt,automatisk fra EEA-badevandsdata
2026-09-24T16:00:17+02:00,k-node4856262633,sat vand,,ukendt,automatisk fra EEA-badevandsdata
2026-09-24T16:00:17+02:00,k-node5012041395,sat vand,,ukendt,automatisk fra EEA-badevandsdata
2026-09-24T16:00:17+02:00,k-node5166478433,sat vand,,ukendt,automatisk fra EEA-badevandsdata
2026-09-24T16:00:17+02:00,k-node5605381864,sat vand,,ukendt,automatisk fra EEA-badevandsdata
2026-09-24T16:00:17+02:00,k-node6130333655,sat vand,,ok,automatisk fra EEA-badevandsdata
2026-09-24T16:00:17+02:00,k-node6130391023,sat vand,,ukendt,automatisk fra EEA-badevandsdata
2026-09-24T16:00:17+02:00,k-node725519853,sat vand,,ukendt,automatisk fra EEA-badevandsdata
2026-09-24T16:00:17+02:00,k-node746332824,sat vand,,ukendt,automatisk fra EEA-badevandsdata
2026-09-24T16:00:17+02:00,k-node845838845,sat vand,,ukendt,automatisk fra EEA-badevandsdata
2026-09-24T16:00:17+02:00,k-node8955375975,sat vand,,ok,automatisk fra EEA-badevandsdata
2026-09-24T16:00:17+02:00,k-node9010464136,sat vand,,ukendt,automatisk fra EEA-badevandsdata
2026-09-24T16:00:17+02:00,k-node9010464137,sat vand,,ukendt,automatisk fra EEA-badevandsdata
2026-09-24T16:00:17+02:00,k-node9119557204,sat vand,,ok,automatisk fra EEA-badevandsdata
2026-09-24T16:00:17+02:00,k-node9584470867,sat vand,,ok,automatisk fra EEA-badevandsdata
2026-09-24T16:00:17+02:00,k-node984697582,sat vand,,ok,automatisk fra EEA-badevandsdata
2026-09-24T16:00:17+02:00,k-node9939759149,sat vand,,ukendt,automatisk fra EEA-badevandsdata
2026-09-24T16:00:17+02:00,k-relation10600468,sat vand,,ukendt,automatisk fra EEA-badevandsdata
2026-09-24T16:00:17+02:00,k-relation12446144,sat vand,,ukendt,automatisk fra EEA-badevandsdata
2026-09-24T16:00:17+02:00,k-relation12638571,sat vand,,ukendt,automatisk fra EEA-badevandsdata
2026-09-24T16:00:17+02:00,k-relation17516173,sat vand,,ukendt,automatisk fra EEA-badevandsdata
2026-09-24T16:00:17+02:00,k-relation18693939,sat vand,,ukendt,automatisk fra EEA-badevandsdata
2026-09-24T16:00:17+02:00,k-relation19875651,sat vand,,ukendt,automatisk fra EEA-badevandsdata
2026-09-24T16:00:17+02:00,k-relation6476337,sat vand,,ok,automatisk fra EEA-badevandsdata
2026-09-24T16:00:17+02:00,k-relation8462956,sat vand,,ukendt,automatisk fra EEA-badevandsdata
2026-09-24T16:00:17+02:00,k-way1002322655,sat vand,,ok,automatisk fra EEA-badevandsdata
2026-09-24T16:00:17+02:00,k-way1002330354,sat vand,,ok,automatisk fra EEA-badevandsdata
2026-09-24T16:00:17+02:00,k-way1002330369,sat vand,,ok,automatisk fra EEA-badevandsdata
2026-09-24T16:00:17+02:00,k-way1002341545,sat vand,,ok,automatisk fra EEA-badevandsdata
2026-09-24T16:00:17+02:00,k-way1003038905,sat vand,,ukendt,automatisk fra EEA-badevandsdata
2026-09-24T16:00:17+02:00,k-way1003038926,sat vand,,ukendt,automatisk fra EEA-badevandsdata
2026-09-24T16:00:17+02:00,k-way1003038933,sat vand,,ukendt,automatisk fra EEA-badevandsdata
2026-09-24T16:00:17+02:00,k-way100410871,sat vand,,ukendt,automatisk fra EEA-badevandsdata
2026-09-24T16:00:17+02:00,k-way1004748413,sat vand,,ukendt,automatisk fra EEA-badevandsdata
2026-09-24T16:00:17+02:00,k-way1005049439,sat vand,,ukendt,automatisk fra EEA-badevandsdata
2026-09-24T16:00:17+02:00,k-way1005840575,sat vand,,ukendt,automatisk fra EEA-badevandsdata
2026-09-24T16:00:17+02:00,k-way100595263,sat vand,,ukendt,automatisk fra EEA-badevandsdata
2026-09-24T16:00:17+02:00,k-way1006769966,sat vand,,ukendt,automatisk fra EEA-badevandsdata
2026-09-24T16:00:17+02:00,k-way101070532,sat vand,,ok,automatisk fra EEA-badevandsdata
2026-09-24T16:00:17+02:00,k-way1012165228,sat vand,,ukendt,automatisk fra EEA-badevandsdata
2026-09-24T16:00:17+02:00,k-way101219781,sat vand,,ok,automatisk fra EEA-badevandsdata
2026-09-24T16:00:17+02:00,k-way1012393958,sat vand,,ukendt,automatisk fra EEA-badevandsdata
2026-09-24T16:00:17+02:00,k-way1014001535,sat vand,,ok,automatisk fra EEA-badevandsdata
2026-09-24T16:00:17+02:00,k-way1014261535,sat vand,,ukendt,automatisk fra EEA-badevandsdata
2026-09-24T16:00:17+02:00,k-way101533339,sat vand,,ok,automatisk fra EEA-badevandsdata
2026-09-24T16:00:17+02:00,k-way1018178835,sat vand,,tvivl,automatisk fra EEA-badevandsdata
2026-09-24T16:00:17+02:00,k-way1018884177,sat vand,,ok,automatisk fra EEA-badevandsdata
2026-09-24T16:00:17+02:00,k-way1021941452,sat vand,,ukendt,automatisk fra EEA-badevandsdata
2026-09-24T16:00:17+02:00,k-way1022190486,sat vand,,ukendt,automatisk fra EEA-badevandsdata
2026-09-24T16:00:17+02:00,k-way1022190487,sat vand,,ukendt,automatisk fra EEA-badevandsdata
2026-09-24T16:00:17+02:00,k-way1022190488,sat vand,,ok,automatisk fra EEA-badevandsdata
2026-09-24T16:00:17+02:00,k-way1022190490,sat vand,,ok,automatisk fra EEA-badevandsdata
2026-09-24T16:00:17+02:00,k-way1022297351,sat vand,,ukendt,automatisk fra EEA-badevandsdata
2026-09-24T16:00:17+02:00,k-way1022299012,sat vand,,ukendt,automatisk fra EEA-badevandsdata
2026-09-24T16:00:17+02:00,k-way102261431,sat vand,,ok,automatisk fra EEA-badevandsdata
2026-09-24T16:00:17+02:00,k-way102319922,sat vand,,ukendt,automatisk fra EEA-badevandsdata
2026-09-24T16:00:17+02:00,k-way102319930,sat vand,,ukendt,automatisk fra EEA-badevandsdata
2026-09-24T16:00:17+02:00,k-way1023331848,sat vand,,ukendt,automatisk fra EEA-badevandsdata
2026-09-24T16:00:17+02:00,k-way102334203,sat vand,,ukendt,automatisk fra EEA-badevandsdata
2026-09-24T16:00:17+02:00,k-way1023992518,sat vand,,ok,automatisk fra EEA-badevandsdata
2026-09-24T16:00:17+02:00,k-way1025163574,sat vand,,ukendt,automatisk fra EEA-badevandsdata
2026-09-24T16:00:17+02:00,k-way1025849758,sat vand,,ok,automatisk fra EEA-badevandsdata
2026-09-24T16:00:17+02:00,k-way1025849759,sat vand,,ok,automatisk fra EEA-badevandsdata
2026-09-24T16:00:17+02:00,k-way102609863,sat vand,,ukendt,automatisk fra EEA-badevandsdata
2026-09-24T16:00:17+02:00,k-way1026728112,sat vand,,ukendt,automatisk fra EEA-badevandsdata
2026-09-24T16:00:17+02:00,k-way1028930681,sat vand,,ukendt,automatisk fra EEA-badevandsdata
2026-09-24T16:00:17+02:00,k-way1030135849,sat vand,,tvivl,automatisk fra EEA-badevandsdata
2026-09-24T16:00:17+02:00,k-way1030330649,sat vand,,ukendt,automatisk fra EEA-badevandsdata
2026-09-24T16:00:17+02:00,k-way1031086731,sat vand,,ukendt,automatisk fra EEA-badevandsdata
2026-09-24T16:00:17+02:00,k-way1031095254,sat vand,,ukendt,automatisk fra EEA-badevandsdata
2026-09-24T16:00:17+02:00,k-way1031097323,sat vand,,ukendt,automatisk fra EEA-badevandsdata
2026-09-24T16:00:17+02:00,k-way1032785615,sat vand,,ok,automatisk fra EEA-badevandsdata
2026-09-24T16:00:17+02:00,k-way1032794063,sat vand,,ukendt,automatisk fra EEA-badevandsdata
2026-09-24T16:00:17+02:00,k-way1033236367,sat vand,,ok,automatisk fra EEA-badevandsdata
2026-09-24T16:00:17+02:00,k-way1033814599,sat vand,,ukendt,automatisk fra EEA-badevandsdata
2026-09-24T16:00:17+02:00,k-way1033814608,sat vand,,ukendt,automatisk fra EEA-badevandsdata
2026-09-24T16:00:17+02:00,k-way1033814611,sat vand,,ukendt,automatisk fra EEA-badevandsdata
2026-09-24T16:00:17+02:00,k-way1033825857,sat vand,,ukendt,automatisk fra EEA-badevandsdata
2026-09-24T16:00:17+02:00,k-way1033973410,sat vand,,ukendt,automatisk fra EEA-badevandsdata
2026-09-24T16:00:17+02:00,k-way1035915504,sat vand,,ukendt,automatisk fra EEA-badevandsdata
2026-09-24T16:00:17+02:00,k-way1036639243,sat vand,,ukendt,automatisk fra EEA-badevandsdata
2026-09-24T16:00:17+02:00,k-way1037429254,sat vand,,ukendt,automatisk fra EEA-badevandsdata
2026-09-24T16:00:17+02:00,k-way1037429255,sat vand,,ukendt,automatisk fra EEA-badevandsdata
2026-09-24T16:00:17+02:00,k-way1037429258,sat vand,,ukendt,automatisk fra EEA-badevandsdata
2026-09-24T16:00:17+02:00,k-way1037429263,sat vand,,ukendt,automatisk fra EEA-badevandsdata
2026-09-24T16:00:17+02:00,k-way1037429265,sat vand,,ukendt,automatisk fra EEA-badevandsdata
2026-09-24T16:00:17+02:00,k-way1037429272,sat vand,,ukendt,automatisk fra EEA-badevandsdata
2026-09-24T16:00:17+02:00,k-way1037429273,sat vand,,ukendt,automatisk fra EEA-badevandsdata
2026-09-24T16:00:17+02:00,k-way1037429279,sat vand,,ukendt,automatisk fra EEA-badevandsdata
2026-09-24T16:00:17+02:00,k-way1037429287,sat vand,,ukendt,automatisk fra EEA-badevandsdata
2026-09-24T16:00:17+02:00,k-way1037429296,sat vand,,ukendt,automatisk fra EEA-badevandsdata
2026-09-24T16:00:17+02:00,k-way1037429301,sat vand,,ukendt,automatisk fra EEA-badevandsdata
2026-09-24T16:00:17+02:00,k-way1037429302,sat vand,,ok,automatisk fra EEA-badevandsdata
2026-09-24T16:00:17+02:00,k-way1037429307,sat vand,,ok,automatisk fra EEA-badevandsdata
2026-09-24T16:00:17+02:00,k-way1037429311,sat vand,,ok,automatisk fra EEA-badevandsdata
2026-09-24T16:00:17+02:00,k-way1037429315,sat vand,,ukendt,automatisk fra EEA-badevandsdata
2026-09-24T16:00:17+02:00,k-way1038166818,sat vand,,ukendt,automatisk fra EEA-badevandsdata
2026-09-24T16:00:17+02:00,k-way1038326485,sat vand,,ok,automatisk fra EEA-badevandsdata
2026-09-24T16:00:17+02:00,k-way1038340044,sat vand,,ukendt,automatisk fra EEA-badevandsdata
2026-09-24T16:00:17+02:00,k-way1038340045,sat vand,,ukendt,automatisk fra EEA-badevandsdata
2026-09-24T16:00:17+02:00,k-way1038341979,sat vand,,ok,automatisk fra EEA-badevandsdata
2026-09-24T16:00:17+02:00,k-way1038341984,sat vand,,ukendt,automatisk fra EEA-badevandsdata
2026-09-24T16:00:17+02:00,k-way1038343415,sat vand,,ukendt,automatisk fra EEA-badevandsdata
2026-09-24T16:00:17+02:00,k-way1040118355,sat vand,,ok,automatisk fra EEA-badevandsdata
2026-09-24T16:00:17+02:00,k-way1042620163,sat vand,,ukendt,automatisk fra EEA-badevandsdata
2026-09-24T16:00:17+02:00,k-way1042650474,sat vand,,ukendt,automatisk fra EEA-badevandsdata
2026-09-24T16:00:17+02:00,k-way1043569667,sat vand,,ukendt,automatisk fra EEA-badevandsdata
2026-09-24T16:00:17+02:00,k-way1043569668,sat vand,,ukendt,automatisk fra EEA-badevandsdata
2026-09-24T16:00:17+02:00,k-way1044756231,sat vand,,ukendt,automatisk fra EEA-badevandsdata
2026-09-24T16:00:17+02:00,k-way1044756232,sat vand,,ukendt,automatisk fra EEA-badevandsdata
2026-09-24T16:00:17+02:00,k-way1044756234,sat vand,,ukendt,automatisk fra EEA-badevandsdata
2026-09-24T16:00:17+02:00,k-way1044756235,sat vand,,ukendt,automatisk fra EEA-badevandsdata
2026-09-24T16:00:17+02:00,k-way1044756237,sat vand,,ok,automatisk fra EEA-badevandsdata
2026-09-24T16:00:17+02:00,k-way104574091,sat vand,,ok,automatisk fra EEA-badevandsdata
2026-09-24T16:00:17+02:00,k-way1046823486,sat vand,,ukendt,automatisk fra EEA-badevandsdata
2026-09-24T16:00:17+02:00,k-way1046937309,sat vand,,ukendt,automatisk fra EEA-badevandsdata
2026-09-24T16:00:17+02:00,k-way1046937315,sat vand,,ok,automatisk fra EEA-badevandsdata
2026-09-24T16:00:17+02:00,k-way1047622627,sat vand,,ok,automatisk fra EEA-badevandsdata
2026-09-24T16:00:17+02:00,k-way1049609956,sat vand,,ukendt,automatisk fra EEA-badevandsdata
2026-09-24T16:00:17+02:00,k-way105040511,sat vand,,ok,automatisk fra EEA-badevandsdata
2026-09-24T16:00:17+02:00,k-way1050545428,sat vand,,ok,automatisk fra EEA-badevandsdata
2026-09-24T16:00:17+02:00,k-way1051015654,sat vand,,ukendt,automatisk fra EEA-badevandsdata
2026-09-24T16:00:17+02:00,k-way1051015655,sat vand,,ukendt,automatisk fra EEA-badevandsdata
2026-09-24T16:00:17+02:00,k-way1051228092,sat vand,,ukendt,automatisk fra EEA-badevandsdata
2026-09-24T16:00:17+02:00,k-way1051228093,sat vand,,ukendt,automatisk fra EEA-badevandsdata
2026-09-24T16:00:17+02:00,k-way1051362834,sat vand,,ukendt,automatisk fra EEA-badevandsdata
2026-09-24T16:00:17+02:00,k-way1052002247,sat vand,,ukendt,automatisk fra EEA-badevandsdata
2026-09-24T16:00:17+02:00,k-way1052622515,sat vand,,tvivl,automatisk fra EEA-badevandsdata
2026-09-24T16:00:17+02:00,k-way1052669293,sat vand,,ukendt,automatisk fra EEA-badevandsdata
2026-09-24T16:00:17+02:00,k-way105280287,sat vand,,ukendt,automatisk fra EEA-badevandsdata
2026-09-24T16:00:17+02:00,k-way1053899508,sat vand,,ok,automatisk fra EEA-badevandsdata
2026-09-24T16:00:17+02:00,k-way1054179022,sat vand,,ukendt,automatisk fra EEA-badevandsdata
2026-09-24T16:00:17+02:00,k-way1055669178,sat vand,,ukendt,automatisk fra EEA-badevandsdata
2026-09-24T16:00:17+02:00,k-way105574991,sat vand,,ukendt,automatisk fra EEA-badevandsdata
2026-09-24T16:00:17+02:00,k-way105666969,sat vand,,ok,automatisk fra EEA-badevandsdata
2026-09-24T16:00:17+02:00,k-way1057547273,sat vand,,ukendt,automatisk fra EEA-badevandsdata
2026-09-24T16:00:17+02:00,k-way1057562506,sat vand,,ukendt,automatisk fra EEA-badevandsdata
2026-09-24T16:00:17+02:00,k-way1057667273,sat vand,,ukendt,automatisk fra EEA-badevandsdata
2026-09-24T16:00:17+02:00,k-way1057810385,sat vand,,ukendt,automatisk fra EEA-badevandsdata
2026-09-24T16:00:17+02:00,k-way1057810388,sat vand,,ukendt,automatisk fra EEA-badevandsdata
2026-09-24T16:00:17+02:00,k-way1057855372,sat vand,,ukendt,automatisk fra EEA-badevandsdata
2026-09-24T16:00:17+02:00,k-way105901558,sat vand,,ukendt,automatisk fra EEA-badevandsdata
2026-09-24T16:00:17+02:00,k-way1059043406,sat vand,,ukendt,automatisk fra EEA-badevandsdata
2026-09-24T16:00:17+02:00,k-way1059043407,sat vand,,ukendt,automatisk fra EEA-badevandsdata
2026-09-24T16:00:17+02:00,k-way1059043426,sat vand,,ukendt,automatisk fra EEA-badevandsdata
2026-09-24T16:00:17+02:00,k-way1059273016,sat vand,,ukendt,automatisk fra EEA-badevandsdata
2026-09-24T16:00:17+02:00,k-way1059388636,sat vand,,ukendt,automatisk fra EEA-badevandsdata
2026-09-24T16:00:17+02:00,k-way1059580812,sat vand,,ukendt,automatisk fra EEA-badevandsdata
2026-09-24T16:00:17+02:00,k-way1059829539,sat vand,,ukendt,automatisk fra EEA-badevandsdata
2026-09-24T16:00:17+02:00,k-way1060146691,sat vand,,ukendt,automatisk fra EEA-badevandsdata
2026-09-24T16:00:17+02:00,k-way1060146693,sat vand,,ukendt,automatisk fra EEA-badevandsdata
2026-09-24T16:00:17+02:00,k-way1060146696,sat vand,,ukendt,automatisk fra EEA-badevandsdata
2026-09-24T16:00:17+02:00,k-way1060146700,sat vand,,ukendt,automatisk fra EEA-badevandsdata
2026-09-24T16:00:17+02:00,k-way1060146702,sat vand,,ukendt,automatisk fra EEA-badevandsdata
2026-09-24T16:00:17+02:00,k-way1060146703,sat vand,,ukendt,automatisk fra EEA-badevandsdata
2026-09-24T16:00:17+02:00,k-way1060146705,sat vand,,ukendt,automatisk fra EEA-badevandsdata
2026-09-24T16:00:17+02:00,k-way1060146708,sat vand,,ukendt,automatisk fra EEA-badevandsdata
2026-09-24T16:00:17+02:00,k-way1060146710,sat vand,,ukendt,automatisk fra EEA-badevandsdata
2026-09-24T16:00:17+02:00,k-way1060146711,sat vand,,ukendt,automatisk fra EEA-badevandsdata
2026-09-24T16:00:17+02:00,k-way1060146713,sat vand,,ukendt,automatisk fra EEA-badevandsdata
2026-09-24T16:00:17+02:00,k-way1060146714,sat vand,,ukendt,automatisk fra EEA-badevandsdata
2026-09-24T16:00:17+02:00,k-way1060146717,sat vand,,ukendt,automatisk fra EEA-badevandsdata
2026-09-24T16:00:17+02:00,k-way1061610861,sat vand,,ukendt,automatisk fra EEA-badevandsdata
2026-09-24T16:00:17+02:00,k-way10627901,sat vand,,ukendt,automatisk fra EEA-badevandsdata
2026-09-24T16:00:17+02:00,k-way1063142893,sat vand,,ukendt,automatisk fra EEA-badevandsdata
2026-09-24T16:00:17+02:00,k-way1063259252,sat vand,,ukendt,automatisk fra EEA-badevandsdata
2026-09-24T16:00:17+02:00,k-way1063259253,sat vand,,ukendt,automatisk fra EEA-badevandsdata
2026-09-24T16:00:17+02:00,k-way1063289466,sat vand,,ukendt,automatisk fra EEA-badevandsdata
2026-09-24T16:00:17+02:00,k-way1065062901,sat vand,,ukendt,automatisk fra EEA-badevandsdata
2026-09-24T16:00:17+02:00,k-way1065427264,sat vand,,ukendt,automatisk fra EEA-badevandsdata
2026-09-24T16:00:17+02:00,k-way1065857869,sat vand,,ukendt,automatisk fra EEA-badevandsdata
2026-09-24T16:00:17+02:00,k-way1065858038,sat vand,,ukendt,automatisk fra EEA-badevandsdata
2026-09-24T16:00:17+02:00,k-way1066014724,sat vand,,ukendt,automatisk fra EEA-badevandsdata
2026-09-24T16:00:17+02:00,k-way1066021420,sat vand,,ukendt,automatisk fra EEA-badevandsdata
2026-09-24T16:00:17+02:00,k-way1066936419,sat vand,,ok,automatisk fra EEA-badevandsdata
2026-09-24T16:00:17+02:00,k-way1066962716,sat vand,,ok,automatisk fra EEA-badevandsdata
2026-09-24T16:00:17+02:00,k-way1066996601,sat vand,,ukendt,automatisk fra EEA-badevandsdata
2026-09-24T16:00:17+02:00,k-way1066996609,sat vand,,ukendt,automatisk fra EEA-badevandsdata
2026-09-24T16:00:17+02:00,k-way1067156289,sat vand,,ok,automatisk fra EEA-badevandsdata
2026-09-24T16:00:17+02:00,k-way1067497504,sat vand,,ukendt,automatisk fra EEA-badevandsdata
2026-09-24T16:00:17+02:00,k-way1067546757,sat vand,,ukendt,automatisk fra EEA-badevandsdata
2026-09-24T16:00:17+02:00,k-way1067687465,sat vand,,ukendt,automatisk fra EEA-badevandsdata
2026-09-24T16:00:17+02:00,k-way1067687476,sat vand,,ukendt,automatisk fra EEA-badevandsdata
2026-09-24T16:00:17+02:00,k-way1067687477,sat vand,,ukendt,automatisk fra EEA-badevandsdata
2026-09-24T16:00:17+02:00,k-way1068011423,sat vand,,ukendt,automatisk fra EEA-badevandsdata
2026-09-24T16:00:17+02:00,k-way1068142173,sat vand,,ukendt,automatisk fra EEA-badevandsdata
2026-09-24T16:00:17+02:00,k-way1068911600,sat vand,,ukendt,automatisk fra EEA-badevandsdata
2026-09-24T16:00:17+02:00,k-way1068911602,sat vand,,ukendt,automatisk fra EEA-badevandsdata
2026-09-24T16:00:17+02:00,k-way106935148,sat vand,,ukendt,automatisk fra EEA-badevandsdata
2026-09-24T16:00:17+02:00,k-way106963463,sat vand,,ukendt,automatisk fra EEA-badevandsdata
2026-09-24T16:00:17+02:00,k-way106963468,sat vand,,ukendt,automatisk fra EEA-badevandsdata
2026-09-24T16:00:17+02:00,k-way1069679674,sat vand,,ukendt,automatisk fra EEA-badevandsdata
2026-09-24T16:00:17+02:00,k-way1069697983,sat vand,,ukendt,automatisk fra EEA-badevandsdata
2026-09-24T16:00:17+02:00,k-way1069697999,sat vand,,ukendt,automatisk fra EEA-badevandsdata
2026-09-24T16:00:17+02:00,k-way1069698014,sat vand,,ukendt,automatisk fra EEA-badevandsdata
2026-09-24T16:00:17+02:00,k-way1071663490,sat vand,,ukendt,automatisk fra EEA-badevandsdata
2026-09-24T16:00:17+02:00,k-way1073914506,sat vand,,ukendt,automatisk fra EEA-badevandsdata
2026-09-24T16:00:17+02:00,k-way107407629,sat vand,,ukendt,automatisk fra EEA-badevandsdata
2026-09-24T16:00:17+02:00,k-way1075890173,sat vand,,ok,automatisk fra EEA-badevandsdata
2026-09-24T16:00:17+02:00,k-way1075890183,sat vand,,ukendt,automatisk fra EEA-badevandsdata
2026-09-24T16:00:17+02:00,k-way1076125586,sat vand,,ok,automatisk fra EEA-badevandsdata
2026-09-24T16:00:17+02:00,k-way1076125589,sat vand,,ok,automatisk fra EEA-badevandsdata
2026-09-24T16:00:17+02:00,k-way1076125599,sat vand,,ok,automatisk fra EEA-badevandsdata
2026-09-24T16:00:17+02:00,k-way1076180558,sat vand,,ukendt,automatisk fra EEA-badevandsdata
2026-09-24T16:00:17+02:00,k-way1076180560,sat vand,,ukendt,automatisk fra EEA-badevandsdata
2026-09-24T16:00:17+02:00,k-way1076328635,sat vand,,ukendt,automatisk fra EEA-badevandsdata
2026-09-24T16:00:17+02:00,k-way107683859,sat vand,,ukendt,automatisk fra EEA-badevandsdata
2026-09-24T16:00:17+02:00,k-way1077792667,sat vand,,ok,automatisk fra EEA-badevandsdata
2026-09-24T16:00:17+02:00,k-way1078507658,sat vand,,ukendt,automatisk fra EEA-badevandsdata
2026-09-24T16:00:17+02:00,k-way1079158623,sat vand,,ukendt,automatisk fra EEA-badevandsdata
2026-09-24T16:00:17+02:00,k-way1079333796,sat vand,,ukendt,automatisk fra EEA-badevandsdata
2026-09-24T16:00:17+02:00,k-way1080219220,sat vand,,ok,automatisk fra EEA-badevandsdata
2026-09-24T16:00:17+02:00,k-way1080219222,sat vand,,ok,automatisk fra EEA-badevandsdata
2026-09-24T16:00:17+02:00,k-way1080242487,sat vand,,ok,automatisk fra EEA-badevandsdata
2026-09-24T16:00:17+02:00,k-way1080680341,sat vand,,ukendt,automatisk fra EEA-badevandsdata
2026-09-24T16:00:17+02:00,k-way108128549,sat vand,,ukendt,automatisk fra EEA-badevandsdata
2026-09-24T16:00:17+02:00,k-way1083764476,sat vand,,ukendt,automatisk fra EEA-badevandsdata
2026-09-24T16:00:17+02:00,k-way1084383717,sat vand,,ukendt,automatisk fra EEA-badevandsdata
2026-09-24T16:00:17+02:00,k-way1085617859,sat vand,,ukendt,automatisk fra EEA-badevandsdata
2026-09-24T16:00:17+02:00,k-way1085741302,sat vand,,ukendt,automatisk fra EEA-badevandsdata
2026-09-24T16:00:17+02:00,k-way108702682,sat vand,,ok,automatisk fra EEA-badevandsdata
2026-09-24T16:00:17+02:00,k-way108702686,sat vand,,ok,automatisk fra EEA-badevandsdata
2026-09-24T16:00:17+02:00,k-way108720356,sat vand,,ukendt,automatisk fra EEA-badevandsdata
2026-09-24T16:00:17+02:00,k-way108720361,sat vand,,ukendt,automatisk fra EEA-badevandsdata
2026-09-24T16:00:17+02:00,k-way108720366,sat vand,,ok,automatisk fra EEA-badevandsdata
2026-09-24T16:00:17+02:00,k-way108740495,sat vand,,ok,automatisk fra EEA-badevandsdata
2026-09-24T16:00:17+02:00,k-way108848986,sat vand,,ukendt,automatisk fra EEA-badevandsdata
2026-09-24T16:00:17+02:00,k-way108848994,sat vand,,ok,automatisk fra EEA-badevandsdata
2026-09-24T16:00:17+02:00,k-way108849000,sat vand,,ok,automatisk fra EEA-badevandsdata
2026-09-24T16:00:17+02:00,k-way108849004,sat vand,,ukendt,automatisk fra EEA-badevandsdata
2026-09-24T16:00:17+02:00,k-way108849005,sat vand,,ukendt,automatisk fra EEA-badevandsdata
2026-09-24T16:00:17+02:00,k-way108849044,sat vand,,ukendt,automatisk fra EEA-badevandsdata
2026-09-24T16:00:17+02:00,k-way108849049,sat vand,,ukendt,automatisk fra EEA-badevandsdata
2026-09-24T16:00:17+02:00,k-way108849071,sat vand,,ukendt,automatisk fra EEA-badevandsdata
2026-09-24T16:00:17+02:00,k-way108849086,sat vand,,ukendt,automatisk fra EEA-badevandsdata
2026-09-24T16:00:17+02:00,k-way1089712148,sat vand,,ukendt,automatisk fra EEA-badevandsdata
2026-09-24T16:00:17+02:00,k-way1090509626,sat vand,,ok,automatisk fra EEA-badevandsdata
2026-09-24T16:00:17+02:00,k-way1090672875,sat vand,,ok,automatisk fra EEA-badevandsdata
2026-09-24T16:00:17+02:00,k-way1092331028,sat vand,,ukendt,automatisk fra EEA-badevandsdata
2026-09-24T16:00:17+02:00,k-way1093679923,sat vand,,ukendt,automatisk fra EEA-badevandsdata
2026-09-24T16:00:17+02:00,k-way1094084302,sat vand,,ukendt,automatisk fra EEA-badevandsdata
2026-09-24T16:00:17+02:00,k-way109443806,sat vand,,ok,automatisk fra EEA-badevandsdata
2026-09-24T16:00:17+02:00,k-way1095579165,sat vand,,ukendt,automatisk fra EEA-badevandsdata
2026-09-24T16:00:17+02:00,k-way109593829,sat vand,,ukendt,automatisk fra EEA-badevandsdata
2026-09-24T16:00:17+02:00,k-way1098510926,sat vand,,ok,automatisk fra EEA-badevandsdata
2026-09-24T16:00:17+02:00,k-way1098688522,sat vand,,ukendt,automatisk fra EEA-badevandsdata
2026-09-24T16:00:17+02:00,k-way1098776786,sat vand,,ukendt,automatisk fra EEA-badevandsdata
2026-09-24T16:00:17+02:00,k-way1099451866,sat vand,,ukendt,automatisk fra EEA-badevandsdata
2026-09-24T16:00:17+02:00,k-way1099457917,sat vand,,ukendt,automatisk fra EEA-badevandsdata
2026-09-24T16:00:17+02:00,k-way1099467398,sat vand,,ukendt,automatisk fra EEA-badevandsdata
2026-09-24T16:00:17+02:00,k-way1103604266,sat vand,,ukendt,automatisk fra EEA-badevandsdata
2026-09-24T16:00:17+02:00,k-way1104785043,sat vand,,ukendt,automatisk fra EEA-badevandsdata
2026-09-24T16:00:17+02:00,k-way1104812251,sat vand,,ukendt,automatisk fra EEA-badevandsdata
2026-09-24T16:00:17+02:00,k-way1104876872,sat vand,,ukendt,automatisk fra EEA-badevandsdata
2026-09-24T16:00:17+02:00,k-way110657678,sat vand,,ukendt,automatisk fra EEA-badevandsdata
2026-09-24T16:00:17+02:00,k-way110693894,sat vand,,tvivl,automatisk fra EEA-badevandsdata
2026-09-24T16:00:17+02:00,k-way1107026806,sat vand,,ukendt,automatisk fra EEA-badevandsdata
2026-09-24T16:00:17+02:00,k-way1107090635,sat vand,,ukendt,automatisk fra EEA-badevandsdata
2026-09-24T16:00:17+02:00,k-way110860416,sat vand,,ukendt,automatisk fra EEA-badevandsdata
2026-09-24T16:00:17+02:00,k-way110860421,sat vand,,ukendt,automatisk fra EEA-badevandsdata
2026-09-24T16:00:17+02:00,k-way110867229,sat vand,,ukendt,automatisk fra EEA-badevandsdata
2026-09-24T16:00:17+02:00,k-way110888807,sat vand,,ukendt,automatisk fra EEA-badevandsdata
2026-09-24T16:00:17+02:00,k-way111122955,sat vand,,ukendt,automatisk fra EEA-badevandsdata
2026-09-24T16:00:17+02:00,k-way1111594210,sat vand,,ukendt,automatisk fra EEA-badevandsdata
2026-09-24T16:00:17+02:00,k-way1113597551,sat vand,,ukendt,automatisk fra EEA-badevandsdata
2026-09-24T16:00:17+02:00,k-way1113614383,sat vand,,ok,automatisk fra EEA-badevandsdata
2026-09-24T16:00:17+02:00,k-way111585325,sat vand,,ok,automatisk fra EEA-badevandsdata
2026-09-24T16:00:17+02:00,k-way1116255784,sat vand,,ok,automatisk fra EEA-badevandsdata
2026-09-24T16:00:17+02:00,k-way111666977,sat vand,,ok,automatisk fra EEA-badevandsdata
2026-09-24T16:00:17+02:00,k-way111666979,sat vand,,ok,automatisk fra EEA-badevandsdata
2026-09-24T16:00:17+02:00,k-way1116840993,sat vand,,ukendt,automatisk fra EEA-badevandsdata
2026-09-24T16:00:17+02:00,k-way1118096125,sat vand,,ok,automatisk fra EEA-badevandsdata
2026-09-24T16:00:17+02:00,k-way1118096129,sat vand,,ukendt,automatisk fra EEA-badevandsdata
2026-09-24T16:00:17+02:00,k-way1118096130,sat vand,,ok,automatisk fra EEA-badevandsdata
2026-09-24T16:00:17+02:00,k-way1118142516,sat vand,,ukendt,automatisk fra EEA-badevandsdata
2026-09-24T16:00:17+02:00,k-way112021589,sat vand,,ukendt,automatisk fra EEA-badevandsdata
2026-09-24T16:00:17+02:00,k-way1121198959,sat vand,,ok,automatisk fra EEA-badevandsdata
2026-09-24T16:00:17+02:00,k-way112279664,sat vand,,ukendt,automatisk fra EEA-badevandsdata
2026-09-24T16:00:17+02:00,k-way1124641812,sat vand,,ukendt,automatisk fra EEA-badevandsdata
2026-09-24T16:00:17+02:00,k-way112503666,sat vand,,ok,automatisk fra EEA-badevandsdata
2026-09-24T16:00:17+02:00,k-way1125258425,sat vand,,ukendt,automatisk fra EEA-badevandsdata
2026-09-24T16:00:17+02:00,k-way1125858410,sat vand,,ok,automatisk fra EEA-badevandsdata
2026-09-24T16:00:17+02:00,k-way1125858411,sat vand,,ok,automatisk fra EEA-badevandsdata
2026-09-24T16:00:17+02:00,k-way1126227624,sat vand,,ukendt,automatisk fra EEA-badevandsdata
2026-09-24T16:00:17+02:00,k-way112629639,sat vand,,ok,automatisk fra EEA-badevandsdata
2026-09-24T16:00:17+02:00,k-way112629701,sat vand,,ok,automatisk fra EEA-badevandsdata
2026-09-24T16:00:17+02:00,k-way1126477721,sat vand,,ok,automatisk fra EEA-badevandsdata
2026-09-24T16:00:17+02:00,k-way1126966536,sat vand,,ukendt,automatisk fra EEA-badevandsdata
2026-09-24T16:00:17+02:00,k-way112707861,sat vand,,ok,automatisk fra EEA-badevandsdata
2026-09-24T16:00:18+02:00,k-way112707865,sat vand,,ok,automatisk fra EEA-badevandsdata
2026-09-24T16:00:18+02:00,k-way1127375020,sat vand,,ukendt,automatisk fra EEA-badevandsdata
2026-09-24T16:00:18+02:00,k-way1127375026,sat vand,,ukendt,automatisk fra EEA-badevandsdata
2026-09-24T16:00:18+02:00,k-way1127957498,sat vand,,ukendt,automatisk fra EEA-badevandsdata
2026-09-24T16:00:18+02:00,k-way1127959291,sat vand,,ukendt,automatisk fra EEA-badevandsdata
2026-09-24T16:00:18+02:00,k-way1128504978,sat vand,,ukendt,automatisk fra EEA-badevandsdata
2026-09-24T16:00:18+02:00,k-way1133424137,sat vand,,ukendt,automatisk fra EEA-badevandsdata
2026-09-24T16:00:18+02:00,k-way1136433772,sat vand,,ukendt,automatisk fra EEA-badevandsdata
2026-09-24T16:00:18+02:00,k-way1136687518,sat vand,,ok,automatisk fra EEA-badevandsdata
2026-09-24T16:00:18+02:00,k-way1137895955,sat vand,,ukendt,automatisk fra EEA-badevandsdata
2026-09-24T16:00:18+02:00,k-way1138336291,sat vand,,ukendt,automatisk fra EEA-badevandsdata
2026-09-24T16:00:18+02:00,k-way113835516,sat vand,,ukendt,automatisk fra EEA-badevandsdata
2026-09-24T16:00:18+02:00,k-way1138778368,sat vand,,ok,automatisk fra EEA-badevandsdata
2026-09-24T16:00:18+02:00,k-way1139043210,sat vand,,ukendt,automatisk fra EEA-badevandsdata
2026-09-24T16:00:18+02:00,k-way1143632842,sat vand,,ukendt,automatisk fra EEA-badevandsdata
2026-09-24T16:00:18+02:00,k-way1144669712,sat vand,,ukendt,automatisk fra EEA-badevandsdata
2026-09-24T16:00:18+02:00,k-way1146766484,sat vand,,ok,automatisk fra EEA-badevandsdata
2026-09-24T16:00:18+02:00,k-way1147526175,sat vand,,ukendt,automatisk fra EEA-badevandsdata
2026-09-24T16:00:18+02:00,k-way114790681,sat vand,,ukendt,automatisk fra EEA-badevandsdata
2026-09-24T16:00:18+02:00,k-way1148233153,sat vand,,ok,automatisk fra EEA-badevandsdata
2026-09-24T16:00:18+02:00,k-way1148520931,sat vand,,ukendt,automatisk fra EEA-badevandsdata
2026-09-24T16:00:18+02:00,k-way1148734065,sat vand,,ok,automatisk fra EEA-badevandsdata
2026-09-24T16:00:18+02:00,k-way1149612334,sat vand,,ukendt,automatisk fra EEA-badevandsdata
2026-09-24T16:00:18+02:00,k-way1149866023,sat vand,,ukendt,automatisk fra EEA-badevandsdata
2026-09-24T16:00:18+02:00,k-way1149866024,sat vand,,ukendt,automatisk fra EEA-badevandsdata
2026-09-24T16:00:18+02:00,k-way1149977009,sat vand,,ukendt,automatisk fra EEA-badevandsdata
2026-09-24T16:00:18+02:00,k-way1150660409,sat vand,,ukendt,automatisk fra EEA-badevandsdata
2026-09-24T16:00:18+02:00,k-way1154132227,sat vand,,ukendt,automatisk fra EEA-badevandsdata
2026-09-24T16:00:18+02:00,k-way115466423,sat vand,,ukendt,automatisk fra EEA-badevandsdata
2026-09-24T16:00:18+02:00,k-way115544750,sat vand,,ukendt,automatisk fra EEA-badevandsdata
2026-09-24T16:00:18+02:00,k-way1158743161,sat vand,,ukendt,automatisk fra EEA-badevandsdata
2026-09-24T16:00:18+02:00,k-way1159306228,sat vand,,ok,automatisk fra EEA-badevandsdata
2026-09-24T16:00:18+02:00,k-way1161004607,sat vand,,ukendt,automatisk fra EEA-badevandsdata
2026-09-24T16:00:18+02:00,k-way1162270353,sat vand,,ukendt,automatisk fra EEA-badevandsdata
2026-09-24T16:00:18+02:00,k-way1162980085,sat vand,,ukendt,automatisk fra EEA-badevandsdata
2026-09-24T16:00:18+02:00,k-way116433522,sat vand,,ok,automatisk fra EEA-badevandsdata
2026-09-24T16:00:18+02:00,k-way1164395425,sat vand,,ukendt,automatisk fra EEA-badevandsdata
2026-09-24T16:00:18+02:00,k-way1164792434,sat vand,,ukendt,automatisk fra EEA-badevandsdata
2026-09-24T16:00:18+02:00,k-way1164792436,sat vand,,ukendt,automatisk fra EEA-badevandsdata
2026-09-24T16:00:18+02:00,k-way116537095,sat vand,,ok,automatisk fra EEA-badevandsdata
2026-09-24T16:00:18+02:00,k-way1165569093,sat vand,,ukendt,automatisk fra EEA-badevandsdata
2026-09-24T16:00:18+02:00,k-way116660976,sat vand,,ukendt,automatisk fra EEA-badevandsdata
2026-09-24T16:00:18+02:00,k-way117101402,sat vand,,ukendt,automatisk fra EEA-badevandsdata
2026-09-24T16:00:18+02:00,k-way1174250250,sat vand,,ok,automatisk fra EEA-badevandsdata
2026-09-24T16:00:18+02:00,k-way1175531191,sat vand,,ukendt,automatisk fra EEA-badevandsdata
2026-09-24T16:00:18+02:00,k-way1175724166,sat vand,,ok,automatisk fra EEA-badevandsdata
2026-09-24T16:00:18+02:00,k-way1176005775,sat vand,,ukendt,automatisk fra EEA-badevandsdata
2026-09-24T16:00:18+02:00,k-way1179916223,sat vand,,ok,automatisk fra EEA-badevandsdata
2026-09-24T16:00:18+02:00,k-way1180912583,sat vand,,ukendt,automatisk fra EEA-badevandsdata
2026-09-24T16:00:18+02:00,k-way1181167116,sat vand,,ukendt,automatisk fra EEA-badevandsdata
2026-09-24T16:00:18+02:00,k-way118165253,sat vand,,ukendt,automatisk fra EEA-badevandsdata
2026-09-24T16:00:18+02:00,k-way1181987979,sat vand,,ok,automatisk fra EEA-badevandsdata
2026-09-24T16:00:18+02:00,k-way1183494854,sat vand,,ukendt,automatisk fra EEA-badevandsdata
2026-09-24T16:00:18+02:00,k-way1183732025,sat vand,,ukendt,automatisk fra EEA-badevandsdata
2026-09-24T16:00:18+02:00,k-way1184552049,sat vand,,ukendt,automatisk fra EEA-badevandsdata
2026-09-24T16:00:18+02:00,k-way1184783554,sat vand,,ukendt,automatisk fra EEA-badevandsdata
2026-09-24T16:00:18+02:00,k-way1184841689,sat vand,,ukendt,automatisk fra EEA-badevandsdata
2026-09-24T16:00:18+02:00,k-way118506509,sat vand,,ukendt,automatisk fra EEA-badevandsdata
2026-09-24T16:00:18+02:00,k-way1185234957,sat vand,,ukendt,automatisk fra EEA-badevandsdata
2026-09-24T16:00:18+02:00,k-way1185316345,sat vand,,ukendt,automatisk fra EEA-badevandsdata
2026-09-24T16:00:18+02:00,k-way1185317078,sat vand,,ok,automatisk fra EEA-badevandsdata
2026-09-24T16:00:18+02:00,k-way1185721089,sat vand,,ok,automatisk fra EEA-badevandsdata
2026-09-24T16:00:18+02:00,k-way118606866,sat vand,,ukendt,automatisk fra EEA-badevandsdata
2026-09-24T16:00:18+02:00,k-way118606867,sat vand,,ukendt,automatisk fra EEA-badevandsdata
2026-09-24T16:00:18+02:00,k-way1186165746,sat vand,,ukendt,automatisk fra EEA-badevandsdata
2026-09-24T16:00:18+02:00,k-way1186237116,sat vand,,ukendt,automatisk fra EEA-badevandsdata
2026-09-24T16:00:18+02:00,k-way1186490972,sat vand,,ukendt,automatisk fra EEA-badevandsdata
2026-09-24T16:00:18+02:00,k-way1186508869,sat vand,,ukendt,automatisk fra EEA-badevandsdata
2026-09-24T16:00:18+02:00,k-way1186557384,sat vand,,ok,automatisk fra EEA-badevandsdata
2026-09-24T16:00:18+02:00,k-way1186557385,sat vand,,ok,automatisk fra EEA-badevandsdata
2026-09-24T16:00:18+02:00,k-way1186742750,sat vand,,ok,automatisk fra EEA-badevandsdata
2026-09-24T16:00:18+02:00,k-way1186981460,sat vand,,ok,automatisk fra EEA-badevandsdata
2026-09-24T16:00:18+02:00,k-way1186981465,sat vand,,ok,automatisk fra EEA-badevandsdata
2026-09-24T16:00:18+02:00,k-way1186981477,sat vand,,ok,automatisk fra EEA-badevandsdata
2026-09-24T16:00:18+02:00,k-way1186981486,sat vand,,ok,automatisk fra EEA-badevandsdata
2026-09-24T16:00:18+02:00,k-way1186981492,sat vand,,ok,automatisk fra EEA-badevandsdata
2026-09-24T16:00:18+02:00,k-way1186981495,sat vand,,ok,automatisk fra EEA-badevandsdata
2026-09-24T16:00:18+02:00,k-way1186981500,sat vand,,ok,automatisk fra EEA-badevandsdata
2026-09-24T16:00:18+02:00,k-way1187423163,sat vand,,ukendt,automatisk fra EEA-badevandsdata
2026-09-24T16:00:18+02:00,k-way1187423169,sat vand,,ok,automatisk fra EEA-badevandsdata
2026-09-24T16:00:18+02:00,k-way1187423176,sat vand,,ok,automatisk fra EEA-badevandsdata
2026-09-24T16:00:18+02:00,k-way118781109,sat vand,,ukendt,automatisk fra EEA-badevandsdata
2026-09-24T16:00:18+02:00,k-way1188132564,sat vand,,ukendt,automatisk fra EEA-badevandsdata
2026-09-24T16:00:18+02:00,k-way1189505386,sat vand,,ok,automatisk fra EEA-badevandsdata
2026-09-24T16:00:18+02:00,k-way1189736685,sat vand,,ok,automatisk fra EEA-badevandsdata
2026-09-24T16:00:18+02:00,k-way118991394,sat vand,,ukendt,automatisk fra EEA-badevandsdata
2026-09-24T16:00:18+02:00,k-way1190159223,sat vand,,ukendt,automatisk fra EEA-badevandsdata
2026-09-24T16:00:18+02:00,k-way1190175726,sat vand,,ukendt,automatisk fra EEA-badevandsdata
2026-09-24T16:00:18+02:00,k-way1190750161,sat vand,,ukendt,automatisk fra EEA-badevandsdata
2026-09-24T16:00:18+02:00,k-way1191233376,sat vand,,ok,automatisk fra EEA-badevandsdata
2026-09-24T16:00:18+02:00,k-way1191246765,sat vand,,ukendt,automatisk fra EEA-badevandsdata
2026-09-24T16:00:18+02:00,k-way1191416916,sat vand,,ukendt,automatisk fra EEA-badevandsdata
2026-09-24T16:00:18+02:00,k-way1191559704,sat vand,,ukendt,automatisk fra EEA-badevandsdata
2026-09-24T16:00:18+02:00,k-way1191559705,sat vand,,ok,automatisk fra EEA-badevandsdata
2026-09-24T16:00:18+02:00,k-way1191916282,sat vand,,ukendt,automatisk fra EEA-badevandsdata
2026-09-24T16:00:18+02:00,k-way1192335092,sat vand,,ok,automatisk fra EEA-badevandsdata
2026-09-24T16:00:18+02:00,k-way1193132352,sat vand,,ukendt,automatisk fra EEA-badevandsdata
2026-09-24T16:00:18+02:00,k-way1193300313,sat vand,,ukendt,automatisk fra EEA-badevandsdata
2026-09-24T16:00:18+02:00,k-way1193300331,sat vand,,ukendt,automatisk fra EEA-badevandsdata
2026-09-24T16:00:18+02:00,k-way1193672477,sat vand,,ukendt,automatisk fra EEA-badevandsdata
2026-09-24T16:00:18+02:00,k-way1194551033,sat vand,,ukendt,automatisk fra EEA-badevandsdata
2026-09-24T16:00:18+02:00,k-way1195564924,sat vand,,ok,automatisk fra EEA-badevandsdata
2026-09-24T16:00:18+02:00,k-way1195763065,sat vand,,ukendt,automatisk fra EEA-badevandsdata
2026-09-24T16:00:18+02:00,k-way1196309519,sat vand,,ok,automatisk fra EEA-badevandsdata
2026-09-24T16:00:18+02:00,k-way1196309528,sat vand,,ok,automatisk fra EEA-badevandsdata
2026-09-24T16:00:18+02:00,k-way1198922553,sat vand,,ukendt,automatisk fra EEA-badevandsdata
2026-09-24T16:00:18+02:00,k-way119905554,sat vand,,ukendt,automatisk fra EEA-badevandsdata
2026-09-24T16:00:18+02:00,k-way1199235476,sat vand,,ukendt,automatisk fra EEA-badevandsdata
2026-09-24T16:00:18+02:00,k-way1199454698,sat vand,,ukendt,automatisk fra EEA-badevandsdata
2026-09-24T16:00:18+02:00,k-way1199454699,sat vand,,ukendt,automatisk fra EEA-badevandsdata
2026-09-24T16:00:18+02:00,k-way1199499546,sat vand,,ok,automatisk fra EEA-badevandsdata
2026-09-24T16:00:18+02:00,k-way1199499547,sat vand,,ok,automatisk fra EEA-badevandsdata
2026-09-24T16:00:18+02:00,k-way119962132,sat vand,,ukendt,automatisk fra EEA-badevandsdata
2026-09-24T16:00:18+02:00,k-way119999196,sat vand,,ok,automatisk fra EEA-badevandsdata
2026-09-24T16:00:18+02:00,k-way119999198,sat vand,,ukendt,automatisk fra EEA-badevandsdata
2026-09-24T16:00:18+02:00,k-way1201008597,sat vand,,ok,automatisk fra EEA-badevandsdata
2026-09-24T16:00:18+02:00,k-way1201148806,sat vand,,tvivl,automatisk fra EEA-badevandsdata
2026-09-24T16:00:18+02:00,k-way1201709482,sat vand,,ukendt,automatisk fra EEA-badevandsdata
2026-09-24T16:00:18+02:00,k-way1201853470,sat vand,,ukendt,automatisk fra EEA-badevandsdata
2026-09-24T16:00:18+02:00,k-way1202005383,sat vand,,ukendt,automatisk fra EEA-badevandsdata
2026-09-24T16:00:18+02:00,k-way1202752577,sat vand,,ukendt,automatisk fra EEA-badevandsdata
2026-09-24T16:00:18+02:00,k-way120278035,sat vand,,ukendt,automatisk fra EEA-badevandsdata
2026-09-24T16:00:18+02:00,k-way1202909449,sat vand,,ok,automatisk fra EEA-badevandsdata
2026-09-24T16:00:18+02:00,k-way1203870368,sat vand,,ukendt,automatisk fra EEA-badevandsdata
2026-09-24T16:00:18+02:00,k-way120393645,sat vand,,ukendt,automatisk fra EEA-badevandsdata
2026-09-24T16:00:18+02:00,k-way1204136955,sat vand,,ukendt,automatisk fra EEA-badevandsdata
2026-09-24T16:00:18+02:00,k-way1204638744,sat vand,,ukendt,automatisk fra EEA-badevandsdata
2026-09-24T16:00:18+02:00,k-way1204918261,sat vand,,ok,automatisk fra EEA-badevandsdata
2026-09-24T16:00:18+02:00,k-way1204918262,sat vand,,ok,automatisk fra EEA-badevandsdata
2026-09-24T16:00:18+02:00,k-way1204918263,sat vand,,ok,automatisk fra EEA-badevandsdata
2026-09-24T16:00:18+02:00,k-way1204918264,sat vand,,ok,automatisk fra EEA-badevandsdata
2026-09-24T16:00:18+02:00,k-way1204918265,sat vand,,ok,automatisk fra EEA-badevandsdata
2026-09-24T16:00:18+02:00,k-way1204919199,sat vand,,ukendt,automatisk fra EEA-badevandsdata
2026-09-24T16:00:18+02:00,k-way1205148043,sat vand,,ukendt,automatisk fra EEA-badevandsdata
2026-09-24T16:00:18+02:00,k-way1205173066,sat vand,,ukendt,automatisk fra EEA-badevandsdata
2026-09-24T16:00:18+02:00,k-way1205400859,sat vand,,ukendt,automatisk fra EEA-badevandsdata
2026-09-24T16:00:18+02:00,k-way1205490203,sat vand,,ukendt,automatisk fra EEA-badevandsdata
2026-09-24T16:00:18+02:00,k-way1206117617,sat vand,,ukendt,automatisk fra EEA-badevandsdata
2026-09-24T16:00:18+02:00,k-way1206798470,sat vand,,ukendt,automatisk fra EEA-badevandsdata
2026-09-24T16:00:18+02:00,k-way1206798476,sat vand,,ok,automatisk fra EEA-badevandsdata
2026-09-24T16:00:18+02:00,k-way1206798482,sat vand,,ok,automatisk fra EEA-badevandsdata
2026-09-24T16:00:18+02:00,k-way1206798490,sat vand,,ok,automatisk fra EEA-badevandsdata
2026-09-24T16:00:18+02:00,k-way1206798495,sat vand,,ok,automatisk fra EEA-badevandsdata
2026-09-24T16:00:18+02:00,k-way1206798499,sat vand,,ukendt,automatisk fra EEA-badevandsdata
2026-09-24T16:00:18+02:00,k-way1206798506,sat vand,,ukendt,automatisk fra EEA-badevandsdata
2026-09-24T16:00:18+02:00,k-way1206826121,sat vand,,ukendt,automatisk fra EEA-badevandsdata
2026-09-24T16:00:18+02:00,k-way1206826277,sat vand,,ukendt,automatisk fra EEA-badevandsdata
2026-09-24T16:00:18+02:00,k-way1206826279,sat vand,,ukendt,automatisk fra EEA-badevandsdata
2026-09-24T16:00:18+02:00,k-way120725196,sat vand,,ukendt,automatisk fra EEA-badevandsdata
2026-09-24T16:00:18+02:00,k-way1207254777,sat vand,,ukendt,automatisk fra EEA-badevandsdata
2026-09-24T16:00:18+02:00,k-way1207254783,sat vand,,ukendt,automatisk fra EEA-badevandsdata
2026-09-24T16:00:18+02:00,k-way1207254785,sat vand,,ok,automatisk fra EEA-badevandsdata
2026-09-24T16:00:18+02:00,k-way1207255989,sat vand,,ok,automatisk fra EEA-badevandsdata
2026-09-24T16:00:18+02:00,k-way1207255990,sat vand,,ukendt,automatisk fra EEA-badevandsdata
2026-09-24T16:00:18+02:00,k-way1207255991,sat vand,,ok,automatisk fra EEA-badevandsdata
2026-09-24T16:00:18+02:00,k-way1207255993,sat vand,,ok,automatisk fra EEA-badevandsdata
2026-09-24T16:00:18+02:00,k-way1207255999,sat vand,,ukendt,automatisk fra EEA-badevandsdata
2026-09-24T16:00:18+02:00,k-way1207256002,sat vand,,ukendt,automatisk fra EEA-badevandsdata
2026-09-24T16:00:18+02:00,k-way1208703603,sat vand,,ukendt,automatisk fra EEA-badevandsdata
2026-09-24T16:00:18+02:00,k-way1208749951,sat vand,,ukendt,automatisk fra EEA-badevandsdata
2026-09-24T16:00:18+02:00,k-way1209065598,sat vand,,ukendt,automatisk fra EEA-badevandsdata
2026-09-24T16:00:18+02:00,k-way120943760,sat vand,,ukendt,automatisk fra EEA-badevandsdata
2026-09-24T16:00:18+02:00,k-way120943762,sat vand,,ukendt,automatisk fra EEA-badevandsdata
2026-09-24T16:00:18+02:00,k-way1209685647,sat vand,,ukendt,automatisk fra EEA-badevandsdata
2026-09-24T16:00:18+02:00,k-way1210442377,sat vand,,ukendt,automatisk fra EEA-badevandsdata
2026-09-24T16:00:18+02:00,k-way1210581871,sat vand,,ukendt,automatisk fra EEA-badevandsdata
2026-09-24T16:00:18+02:00,k-way1210700785,sat vand,,ukendt,automatisk fra EEA-badevandsdata
2026-09-24T16:00:18+02:00,k-way1210711311,sat vand,,ukendt,automatisk fra EEA-badevandsdata
2026-09-24T16:00:18+02:00,k-way1210757634,sat vand,,ukendt,automatisk fra EEA-badevandsdata
2026-09-24T16:00:18+02:00,k-way1210769346,sat vand,,ukendt,automatisk fra EEA-badevandsdata
2026-09-24T16:00:18+02:00,k-way1210924273,sat vand,,ukendt,automatisk fra EEA-badevandsdata
2026-09-24T16:00:18+02:00,k-way1211818876,sat vand,,ukendt,automatisk fra EEA-badevandsdata
2026-09-24T16:00:18+02:00,k-way1211818881,sat vand,,ukendt,automatisk fra EEA-badevandsdata
2026-09-24T16:00:18+02:00,k-way1211819164,sat vand,,ok,automatisk fra EEA-badevandsdata
2026-09-24T16:00:18+02:00,k-way1211819167,sat vand,,ok,automatisk fra EEA-badevandsdata
2026-09-24T16:00:18+02:00,k-way121202079,sat vand,,ukendt,automatisk fra EEA-badevandsdata
2026-09-24T16:00:18+02:00,k-way121211144,sat vand,,ok,automatisk fra EEA-badevandsdata
2026-09-24T16:00:18+02:00,k-way121390839,sat vand,,ukendt,automatisk fra EEA-badevandsdata
2026-09-24T16:00:18+02:00,k-way1214508405,sat vand,,ukendt,automatisk fra EEA-badevandsdata
2026-09-24T16:00:18+02:00,k-way1214516517,sat vand,,ok,automatisk fra EEA-badevandsdata
2026-09-24T16:00:18+02:00,k-way1214516524,sat vand,,ok,automatisk fra EEA-badevandsdata
2026-09-24T16:00:18+02:00,k-way1214516529,sat vand,,ukendt,automatisk fra EEA-badevandsdata
2026-09-24T16:00:18+02:00,k-way121480700,sat vand,,ukendt,automatisk fra EEA-badevandsdata
2026-09-24T16:00:18+02:00,k-way121480714,sat vand,,ukendt,automatisk fra EEA-badevandsdata
2026-09-24T16:00:18+02:00,k-way1214984613,sat vand,,ukendt,automatisk fra EEA-badevandsdata
2026-09-24T16:00:18+02:00,k-way1215018243,sat vand,,ukendt,automatisk fra EEA-badevandsdata
2026-09-24T16:00:18+02:00,k-way1215018244,sat vand,,ukendt,automatisk fra EEA-badevandsdata
2026-09-24T16:00:18+02:00,k-way1215018246,sat vand,,ukendt,automatisk fra EEA-badevandsdata
2026-09-24T16:00:18+02:00,k-way1215018248,sat vand,,ukendt,automatisk fra EEA-badevandsdata
2026-09-24T16:00:18+02:00,k-way1215021750,sat vand,,ok,automatisk fra EEA-badevandsdata
2026-09-24T16:00:18+02:00,k-way1215722447,sat vand,,ok,automatisk fra EEA-badevandsdata
2026-09-24T16:00:18+02:00,k-way1219535059,sat vand,,ukendt,automatisk fra EEA-badevandsdata
2026-09-24T16:00:18+02:00,k-way1219570736,sat vand,,ukendt,automatisk fra EEA-badevandsdata
2026-09-24T16:00:18+02:00,k-way1219870481,sat vand,,ukendt,automatisk fra EEA-badevandsdata
2026-09-24T16:00:18+02:00,k-way1219870482,sat vand,,ukendt,automatisk fra EEA-badevandsdata
2026-09-24T16:00:18+02:00,k-way122203095,sat vand,,ukendt,automatisk fra EEA-badevandsdata
2026-09-24T16:00:18+02:00,k-way1224026964,sat vand,,ukendt,automatisk fra EEA-badevandsdata
2026-09-24T16:00:18+02:00,k-way1224026967,sat vand,,ukendt,automatisk fra EEA-badevandsdata
2026-09-24T16:00:18+02:00,k-way1225050915,sat vand,,ukendt,automatisk fra EEA-badevandsdata
2026-09-24T16:00:18+02:00,k-way122528963,sat vand,,ukendt,automatisk fra EEA-badevandsdata
2026-09-24T16:00:18+02:00,k-way122539713,sat vand,,ukendt,automatisk fra EEA-badevandsdata
2026-09-24T16:00:18+02:00,k-way122539714,sat vand,,ukendt,automatisk fra EEA-badevandsdata
2026-09-24T16:00:18+02:00,k-way1225864074,sat vand,,ukendt,automatisk fra EEA-badevandsdata
2026-09-24T16:00:18+02:00,k-way1227086396,sat vand,,ok,automatisk fra EEA-badevandsdata
2026-09-24T16:00:18+02:00,k-way1227220800,sat vand,,ukendt,automatisk fra EEA-badevandsdata
2026-09-24T16:00:18+02:00,k-way1227329448,sat vand,,ukendt,automatisk fra EEA-badevandsdata
2026-09-24T16:00:18+02:00,k-way1227948930,sat vand,,ukendt,automatisk fra EEA-badevandsdata
2026-09-24T16:00:18+02:00,k-way1227948932,sat vand,,ukendt,automatisk fra EEA-badevandsdata
2026-09-24T16:00:18+02:00,k-way1227948933,sat vand,,ukendt,automatisk fra EEA-badevandsdata
2026-09-24T16:00:18+02:00,k-way1227948935,sat vand,,ok,automatisk fra EEA-badevandsdata
2026-09-24T16:00:18+02:00,k-way1227948936,sat vand,,ok,automatisk fra EEA-badevandsdata
2026-09-24T16:00:18+02:00,k-way1228090067,sat vand,,ukendt,automatisk fra EEA-badevandsdata
2026-09-24T16:00:18+02:00,k-way1228463172,sat vand,,ok,automatisk fra EEA-badevandsdata
2026-09-24T16:00:18+02:00,k-way1228465386,sat vand,,ukendt,automatisk fra EEA-badevandsdata
2026-09-24T16:00:18+02:00,k-way1228465387,sat vand,,ukendt,automatisk fra EEA-badevandsdata
2026-09-24T16:00:18+02:00,k-way1228465388,sat vand,,ukendt,automatisk fra EEA-badevandsdata
2026-09-24T16:00:18+02:00,k-way1228465397,sat vand,,ukendt,automatisk fra EEA-badevandsdata
2026-09-24T16:00:18+02:00,k-way1228465399,sat vand,,ukendt,automatisk fra EEA-badevandsdata
2026-09-24T16:00:18+02:00,k-way1228980937,sat vand,,ukendt,automatisk fra EEA-badevandsdata
2026-09-24T16:00:18+02:00,k-way1228980944,sat vand,,ukendt,automatisk fra EEA-badevandsdata
2026-09-24T16:00:18+02:00,k-way1228980945,sat vand,,ukendt,automatisk fra EEA-badevandsdata
2026-09-24T16:00:18+02:00,k-way1228980946,sat vand,,ukendt,automatisk fra EEA-badevandsdata
2026-09-24T16:00:18+02:00,k-way1230790734,sat vand,,ukendt,automatisk fra EEA-badevandsdata
2026-09-24T16:00:18+02:00,k-way1231871235,sat vand,,ukendt,automatisk fra EEA-badevandsdata
2026-09-24T16:00:18+02:00,k-way1231885242,sat vand,,ukendt,automatisk fra EEA-badevandsdata
2026-09-24T16:00:18+02:00,k-way1232385136,sat vand,,ukendt,automatisk fra EEA-badevandsdata
2026-09-24T16:00:18+02:00,k-way1232387484,sat vand,,ukendt,automatisk fra EEA-badevandsdata
2026-09-24T16:00:18+02:00,k-way123318934,sat vand,,ukendt,automatisk fra EEA-badevandsdata
2026-09-24T16:00:18+02:00,k-way1234242472,sat vand,,ukendt,automatisk fra EEA-badevandsdata
2026-09-24T16:00:18+02:00,k-way1235903928,sat vand,,ukendt,automatisk fra EEA-badevandsdata
2026-09-24T16:00:18+02:00,k-way1236588961,sat vand,,ukendt,automatisk fra EEA-badevandsdata
2026-09-24T16:00:18+02:00,k-way1236593784,sat vand,,ukendt,automatisk fra EEA-badevandsdata
2026-09-24T16:00:18+02:00,k-way1236706018,sat vand,,ukendt,automatisk fra EEA-badevandsdata
2026-09-24T16:00:18+02:00,k-way1236781401,sat vand,,ukendt,automatisk fra EEA-badevandsdata
2026-09-24T16:00:18+02:00,k-way1236781410,sat vand,,ukendt,automatisk fra EEA-badevandsdata
2026-09-24T16:00:18+02:00,k-way1237488872,sat vand,,ok,automatisk fra EEA-badevandsdata
2026-09-24T16:00:18+02:00,k-way1237546197,sat vand,,ukendt,automatisk fra EEA-badevandsdata
2026-09-24T16:00:18+02:00,k-way1239421702,sat vand,,ok,automatisk fra EEA-badevandsdata
2026-09-24T16:00:18+02:00,k-way1239601543,sat vand,,ukendt,automatisk fra EEA-badevandsdata
2026-09-24T16:00:18+02:00,k-way1239986546,sat vand,,ukendt,automatisk fra EEA-badevandsdata
2026-09-24T16:00:18+02:00,k-way1239986555,sat vand,,ok,automatisk fra EEA-badevandsdata
2026-09-24T16:00:18+02:00,k-way1240397194,sat vand,,ok,automatisk fra EEA-badevandsdata
2026-09-24T16:00:18+02:00,k-way1240456880,sat vand,,ukendt,automatisk fra EEA-badevandsdata
2026-09-24T16:00:18+02:00,k-way1240500509,sat vand,,ukendt,automatisk fra EEA-badevandsdata
2026-09-24T16:00:18+02:00,k-way1240709701,sat vand,,ukendt,automatisk fra EEA-badevandsdata
2026-09-24T16:00:18+02:00,k-way1240763851,sat vand,,ukendt,automatisk fra EEA-badevandsdata
2026-09-24T16:00:18+02:00,k-way1242190771,sat vand,,ukendt,automatisk fra EEA-badevandsdata
2026-09-24T16:00:18+02:00,k-way1242769793,sat vand,,ukendt,automatisk fra EEA-badevandsdata
2026-09-24T16:00:18+02:00,k-way1243119946,sat vand,,ukendt,automatisk fra EEA-badevandsdata
2026-09-24T16:00:18+02:00,k-way1244696204,sat vand,,ukendt,automatisk fra EEA-badevandsdata
2026-09-24T16:00:18+02:00,k-way1244820604,sat vand,,ok,automatisk fra EEA-badevandsdata
2026-09-24T16:00:18+02:00,k-way124537429,sat vand,,ukendt,automatisk fra EEA-badevandsdata
2026-09-24T16:00:18+02:00,k-way124537430,sat vand,,ukendt,automatisk fra EEA-badevandsdata
2026-09-24T16:00:18+02:00,k-way1245637129,sat vand,,ukendt,automatisk fra EEA-badevandsdata
2026-09-24T16:00:18+02:00,k-way1247431118,sat vand,,ukendt,automatisk fra EEA-badevandsdata
2026-09-24T16:00:18+02:00,k-way1247431120,sat vand,,ok,automatisk fra EEA-badevandsdata
2026-09-24T16:00:18+02:00,k-way1247431126,sat vand,,ok,automatisk fra EEA-badevandsdata
2026-09-24T16:00:18+02:00,k-way1252998662,sat vand,,ukendt,automatisk fra EEA-badevandsdata
2026-09-24T16:00:18+02:00,k-way1256805445,sat vand,,ok,automatisk fra EEA-badevandsdata
2026-09-24T16:00:18+02:00,k-way1257924896,sat vand,,ukendt,automatisk fra EEA-badevandsdata
2026-09-24T16:00:18+02:00,k-way1262104199,sat vand,,ukendt,automatisk fra EEA-badevandsdata
2026-09-24T16:00:18+02:00,k-way1263158097,sat vand,,ukendt,automatisk fra EEA-badevandsdata
2026-09-24T16:00:18+02:00,k-way1264766092,sat vand,,ok,automatisk fra EEA-badevandsdata
2026-09-24T16:00:18+02:00,k-way126546304,sat vand,,ukendt,automatisk fra EEA-badevandsdata
2026-09-24T16:00:18+02:00,k-way126554098,sat vand,,ukendt,automatisk fra EEA-badevandsdata
2026-09-24T16:00:18+02:00,k-way1265772867,sat vand,,ukendt,automatisk fra EEA-badevandsdata
2026-09-24T16:00:18+02:00,k-way1266092726,sat vand,,ukendt,automatisk fra EEA-badevandsdata
2026-09-24T16:00:18+02:00,k-way1266410252,sat vand,,ukendt,automatisk fra EEA-badevandsdata
2026-09-24T16:00:18+02:00,k-way1266592333,sat vand,,ukendt,automatisk fra EEA-badevandsdata
2026-09-24T16:00:18+02:00,k-way126710930,sat vand,,ukendt,automatisk fra EEA-badevandsdata
2026-09-24T16:00:18+02:00,k-way1267207506,sat vand,,ok,automatisk fra EEA-badevandsdata
2026-09-24T16:00:18+02:00,k-way126977791,sat vand,,ukendt,automatisk fra EEA-badevandsdata
2026-09-24T16:00:18+02:00,k-way1270323219,sat vand,,ok,automatisk fra EEA-badevandsdata
2026-09-24T16:00:18+02:00,k-way127077738,sat vand,,ok,automatisk fra EEA-badevandsdata
2026-09-24T16:00:18+02:00,k-way1270818633,sat vand,,ukendt,automatisk fra EEA-badevandsdata
2026-09-24T16:00:18+02:00,k-way1271480029,sat vand,,ukendt,automatisk fra EEA-badevandsdata
2026-09-24T16:00:18+02:00,k-way1271798109,sat vand,,ukendt,automatisk fra EEA-badevandsdata
2026-09-24T16:00:18+02:00,k-way1272612000,sat vand,,ok,automatisk fra EEA-badevandsdata
2026-09-24T16:00:18+02:00,k-way1276411072,sat vand,,ukendt,automatisk fra EEA-badevandsdata
2026-09-24T16:00:18+02:00,k-way1278732106,sat vand,,ukendt,automatisk fra EEA-badevandsdata
2026-09-24T16:00:18+02:00,k-way1278732107,sat vand,,ukendt,automatisk fra EEA-badevandsdata
2026-09-24T16:00:18+02:00,k-way1282009291,sat vand,,ukendt,automatisk fra EEA-badevandsdata
2026-09-24T16:00:18+02:00,k-way1284896089,sat vand,,ukendt,automatisk fra EEA-badevandsdata
2026-09-24T16:00:18+02:00,k-way1285552743,sat vand,,ukendt,automatisk fra EEA-badevandsdata
2026-09-24T16:00:18+02:00,k-way1285552745,sat vand,,ukendt,automatisk fra EEA-badevandsdata
2026-09-24T16:00:18+02:00,k-way1285857972,sat vand,,ukendt,automatisk fra EEA-badevandsdata
2026-09-24T16:00:18+02:00,k-way128638374,sat vand,,ukendt,automatisk fra EEA-badevandsdata
2026-09-24T16:00:18+02:00,k-way1286617190,sat vand,,ok,automatisk fra EEA-badevandsdata
2026-09-24T16:00:18+02:00,k-way1286617196,sat vand,,ukendt,automatisk fra EEA-badevandsdata
2026-09-24T16:00:18+02:00,k-way1286617197,sat vand,,ukendt,automatisk fra EEA-badevandsdata
2026-09-24T16:00:18+02:00,k-way1286617204,sat vand,,ukendt,automatisk fra EEA-badevandsdata
2026-09-24T16:00:18+02:00,k-way1287960582,sat vand,,ok,automatisk fra EEA-badevandsdata
2026-09-24T16:00:18+02:00,k-way1288136850,sat vand,,ukendt,automatisk fra EEA-badevandsdata
2026-09-24T16:00:18+02:00,k-way1288763326,sat vand,,ukendt,automatisk fra EEA-badevandsdata
2026-09-24T16:00:18+02:00,k-way1289177206,sat vand,,ukendt,automatisk fra EEA-badevandsdata
2026-09-24T16:00:18+02:00,k-way1290067988,sat vand,,ok,automatisk fra EEA-badevandsdata
2026-09-24T16:00:18+02:00,k-way1290395603,sat vand,,ukendt,automatisk fra EEA-badevandsdata
2026-09-24T16:00:18+02:00,k-way1290486847,sat vand,,ok,automatisk fra EEA-badevandsdata
2026-09-24T16:00:18+02:00,k-way1292349781,sat vand,,ok,automatisk fra EEA-badevandsdata
2026-09-24T16:00:18+02:00,k-way1292712547,sat vand,,ukendt,automatisk fra EEA-badevandsdata
2026-09-24T16:00:18+02:00,k-way1292858854,sat vand,,ukendt,automatisk fra EEA-badevandsdata
2026-09-24T16:00:18+02:00,k-way1293004340,sat vand,,ukendt,automatisk fra EEA-badevandsdata
2026-09-24T16:00:18+02:00,k-way1293826057,sat vand,,ok,automatisk fra EEA-badevandsdata
2026-09-24T16:00:18+02:00,k-way1295965294,sat vand,,ukendt,automatisk fra EEA-badevandsdata
2026-09-24T16:00:18+02:00,k-way1296175188,sat vand,,ukendt,automatisk fra EEA-badevandsdata
2026-09-24T16:00:18+02:00,k-way1296809707,sat vand,,ukendt,automatisk fra EEA-badevandsdata
2026-09-24T16:00:18+02:00,k-way129690835,sat vand,,ok,automatisk fra EEA-badevandsdata
2026-09-24T16:00:18+02:00,k-way1296963018,sat vand,,ukendt,automatisk fra EEA-badevandsdata
2026-09-24T16:00:18+02:00,k-way1297191354,sat vand,,ukendt,automatisk fra EEA-badevandsdata
2026-09-24T16:00:18+02:00,k-way1297744535,sat vand,,ukendt,automatisk fra EEA-badevandsdata
2026-09-24T16:00:18+02:00,k-way1300087370,sat vand,,ukendt,automatisk fra EEA-badevandsdata
2026-09-24T16:00:18+02:00,k-way1302706861,sat vand,,ukendt,automatisk fra EEA-badevandsdata
2026-09-24T16:00:18+02:00,k-way1303226941,sat vand,,ok,automatisk fra EEA-badevandsdata
2026-09-24T16:00:18+02:00,k-way1303687040,sat vand,,ukendt,automatisk fra EEA-badevandsdata
2026-09-24T16:00:18+02:00,k-way1304103538,sat vand,,ukendt,automatisk fra EEA-badevandsdata
2026-09-24T16:00:18+02:00,k-way1304314278,sat vand,,ok,automatisk fra EEA-badevandsdata
2026-09-24T16:00:18+02:00,k-way1304624795,sat vand,,ok,automatisk fra EEA-badevandsdata
2026-09-24T16:00:18+02:00,k-way1304853548,sat vand,,ukendt,automatisk fra EEA-badevandsdata
2026-09-24T16:00:18+02:00,k-way1304913367,sat vand,,ukendt,automatisk fra EEA-badevandsdata
2026-09-24T16:00:18+02:00,k-way1305359587,sat vand,,ok,automatisk fra EEA-badevandsdata
2026-09-24T16:00:18+02:00,k-way1306082450,sat vand,,ukendt,automatisk fra EEA-badevandsdata
2026-09-24T16:00:18+02:00,k-way1306082454,sat vand,,ukendt,automatisk fra EEA-badevandsdata
2026-09-24T16:00:18+02:00,k-way1307272044,sat vand,,ukendt,automatisk fra EEA-badevandsdata
2026-09-24T16:00:18+02:00,k-way1307316475,sat vand,,ok,automatisk fra EEA-badevandsdata
2026-09-24T16:00:18+02:00,k-way130742533,sat vand,,ok,automatisk fra EEA-badevandsdata
2026-09-24T16:00:18+02:00,k-way1307834682,sat vand,,ukendt,automatisk fra EEA-badevandsdata
2026-09-24T16:00:18+02:00,k-way1308387828,sat vand,,ukendt,automatisk fra EEA-badevandsdata
2026-09-24T16:00:18+02:00,k-way1311105880,sat vand,,ok,automatisk fra EEA-badevandsdata
2026-09-24T16:00:18+02:00,k-way1311105881,sat vand,,ukendt,automatisk fra EEA-badevandsdata
2026-09-24T16:00:18+02:00,k-way1311272945,sat vand,,ukendt,automatisk fra EEA-badevandsdata
2026-09-24T16:00:18+02:00,k-way1311476394,sat vand,,tvivl,automatisk fra EEA-badevandsdata
2026-09-24T16:00:18+02:00,k-way1311821238,sat vand,,ukendt,automatisk fra EEA-badevandsdata
2026-09-24T16:00:18+02:00,k-way1313071048,sat vand,,ukendt,automatisk fra EEA-badevandsdata
2026-09-24T16:00:18+02:00,k-way1313071049,sat vand,,ukendt,automatisk fra EEA-badevandsdata
2026-09-24T16:00:18+02:00,k-way1313428996,sat vand,,ukendt,automatisk fra EEA-badevandsdata
2026-09-24T16:00:18+02:00,k-way1314378048,sat vand,,ukendt,automatisk fra EEA-badevandsdata
2026-09-24T16:00:18+02:00,k-way1314690981,sat vand,,ukendt,automatisk fra EEA-badevandsdata
2026-09-24T16:00:18+02:00,k-way1314771819,sat vand,,ok,automatisk fra EEA-badevandsdata
2026-09-24T16:00:18+02:00,k-way1315134392,sat vand,,ok,automatisk fra EEA-badevandsdata
2026-09-24T16:00:18+02:00,k-way1315155653,sat vand,,ok,automatisk fra EEA-badevandsdata
2026-09-24T16:00:18+02:00,k-way1315255010,sat vand,,ukendt,automatisk fra EEA-badevandsdata
2026-09-24T16:00:18+02:00,k-way1315348556,sat vand,,ukendt,automatisk fra EEA-badevandsdata
2026-09-24T16:00:18+02:00,k-way131638272,sat vand,,ok,automatisk fra EEA-badevandsdata
2026-09-24T16:00:18+02:00,k-way1316999962,sat vand,,ukendt,automatisk fra EEA-badevandsdata
2026-09-24T16:00:18+02:00,k-way1317060449,sat vand,,ukendt,automatisk fra EEA-badevandsdata
2026-09-24T16:00:18+02:00,k-way1318310041,sat vand,,ukendt,automatisk fra EEA-badevandsdata
2026-09-24T16:00:18+02:00,k-way1318970026,sat vand,,ukendt,automatisk fra EEA-badevandsdata
2026-09-24T16:00:18+02:00,k-way131945936,sat vand,,ukendt,automatisk fra EEA-badevandsdata
2026-09-24T16:00:18+02:00,k-way1319693381,sat vand,,ukendt,automatisk fra EEA-badevandsdata
2026-09-24T16:00:18+02:00,k-way1320070463,sat vand,,ukendt,automatisk fra EEA-badevandsdata
2026-09-24T16:00:18+02:00,k-way1321563374,sat vand,,ok,automatisk fra EEA-badevandsdata
2026-09-24T16:00:18+02:00,k-way132197847,sat vand,,ukendt,automatisk fra EEA-badevandsdata
2026-09-24T16:00:18+02:00,k-way1322123108,sat vand,,ukendt,automatisk fra EEA-badevandsdata
2026-09-24T16:00:18+02:00,k-way1322831840,sat vand,,ukendt,automatisk fra EEA-badevandsdata
2026-09-24T16:00:18+02:00,k-way1323482977,sat vand,,ukendt,automatisk fra EEA-badevandsdata
2026-09-24T16:00:18+02:00,k-way132471926,sat vand,,ukendt,automatisk fra EEA-badevandsdata
2026-09-24T16:00:18+02:00,k-way1325583521,sat vand,,ok,automatisk fra EEA-badevandsdata
2026-09-24T16:00:18+02:00,k-way132569880,sat vand,,ukendt,automatisk fra EEA-badevandsdata
2026-09-24T16:00:18+02:00,k-way1326198447,sat vand,,ukendt,automatisk fra EEA-badevandsdata
2026-09-24T16:00:18+02:00,k-way1326199430,sat vand,,ok,automatisk fra EEA-badevandsdata
2026-09-24T16:00:18+02:00,k-way132762320,sat vand,,ukendt,automatisk fra EEA-badevandsdata
2026-09-24T16:00:18+02:00,k-way1329299083,sat vand,,ukendt,automatisk fra EEA-badevandsdata
2026-09-24T16:00:18+02:00,k-way1329299851,sat vand,,ukendt,automatisk fra EEA-badevandsdata
2026-09-24T16:00:18+02:00,k-way1329837377,sat vand,,ukendt,automatisk fra EEA-badevandsdata
2026-09-24T16:00:18+02:00,k-way1330143162,sat vand,,ukendt,automatisk fra EEA-badevandsdata
2026-09-24T16:00:18+02:00,k-way1330202994,sat vand,,ukendt,automatisk fra EEA-badevandsdata
2026-09-24T16:00:18+02:00,k-way1331626199,sat vand,,ukendt,automatisk fra EEA-badevandsdata
2026-09-24T16:00:18+02:00,k-way1332018698,sat vand,,ukendt,automatisk fra EEA-badevandsdata
2026-09-24T16:00:18+02:00,k-way1332140620,sat vand,,ukendt,automatisk fra EEA-badevandsdata
2026-09-24T16:00:18+02:00,k-way1332440146,sat vand,,ukendt,automatisk fra EEA-badevandsdata
2026-09-24T16:00:18+02:00,k-way1333168096,sat vand,,ok,automatisk fra EEA-badevandsdata
2026-09-24T16:00:18+02:00,k-way1333431713,sat vand,,ukendt,automatisk fra EEA-badevandsdata
2026-09-24T16:00:18+02:00,k-way1333584140,sat vand,,ukendt,automatisk fra EEA-badevandsdata
2026-09-24T16:00:18+02:00,k-way1333782266,sat vand,,ok,automatisk fra EEA-badevandsdata
2026-09-24T16:00:18+02:00,k-way1335010396,sat vand,,ok,automatisk fra EEA-badevandsdata
2026-09-24T16:00:18+02:00,k-way133600921,sat vand,,ukendt,automatisk fra EEA-badevandsdata
2026-09-24T16:00:18+02:00,k-way1336067010,sat vand,,ukendt,automatisk fra EEA-badevandsdata
2026-09-24T16:00:18+02:00,k-way1336067013,sat vand,,ukendt,automatisk fra EEA-badevandsdata
2026-09-24T16:00:18+02:00,k-way1336068497,sat vand,,ukendt,automatisk fra EEA-badevandsdata
2026-09-24T16:00:18+02:00,k-way1336068498,sat vand,,ukendt,automatisk fra EEA-badevandsdata
2026-09-24T16:00:18+02:00,k-way1336068502,sat vand,,ukendt,automatisk fra EEA-badevandsdata
2026-09-24T16:00:18+02:00,k-way1336068503,sat vand,,ukendt,automatisk fra EEA-badevandsdata
2026-09-24T16:00:18+02:00,k-way1336068504,sat vand,,ok,automatisk fra EEA-badevandsdata
2026-09-24T16:00:18+02:00,k-way1336069567,sat vand,,ok,automatisk fra EEA-badevandsdata
2026-09-24T16:00:18+02:00,k-way1338260117,sat vand,,ukendt,automatisk fra EEA-badevandsdata
2026-09-24T16:00:18+02:00,k-way1338284791,sat vand,,ok,automatisk fra EEA-badevandsdata
2026-09-24T16:00:18+02:00,k-way1338551757,sat vand,,ukendt,automatisk fra EEA-badevandsdata
2026-09-24T16:00:18+02:00,k-way1338552473,sat vand,,ukendt,automatisk fra EEA-badevandsdata
2026-09-24T16:00:18+02:00,k-way1339064429,sat vand,,ukendt,automatisk fra EEA-badevandsdata
2026-09-24T16:00:18+02:00,k-way1340352563,sat vand,,ukendt,automatisk fra EEA-badevandsdata
2026-09-24T16:00:18+02:00,k-way1340390659,sat vand,,ukendt,automatisk fra EEA-badevandsdata
2026-09-24T16:00:18+02:00,k-way1340390668,sat vand,,ukendt,automatisk fra EEA-badevandsdata
2026-09-24T16:00:18+02:00,k-way1341530501,sat vand,,ok,automatisk fra EEA-badevandsdata
2026-09-24T16:00:18+02:00,k-way1341765268,sat vand,,ukendt,automatisk fra EEA-badevandsdata
2026-09-24T16:00:18+02:00,k-way134289277,sat vand,,ukendt,automatisk fra EEA-badevandsdata
2026-09-24T16:00:18+02:00,k-way1342929268,sat vand,,ukendt,automatisk fra EEA-badevandsdata
2026-09-24T16:00:18+02:00,k-way1343397145,sat vand,,ukendt,automatisk fra EEA-badevandsdata
2026-09-24T16:00:18+02:00,k-way1345417230,sat vand,,ok,automatisk fra EEA-badevandsdata
2026-09-24T16:00:18+02:00,k-way1345417235,sat vand,,ok,automatisk fra EEA-badevandsdata
2026-09-24T16:00:18+02:00,k-way1346122060,sat vand,,ok,automatisk fra EEA-badevandsdata
2026-09-24T16:00:18+02:00,k-way1346601383,sat vand,,ukendt,automatisk fra EEA-badevandsdata
2026-09-24T16:00:18+02:00,k-way1346653410,sat vand,,ukendt,automatisk fra EEA-badevandsdata
2026-09-24T16:00:18+02:00,k-way1346653414,sat vand,,ukendt,automatisk fra EEA-badevandsdata
2026-09-24T16:00:18+02:00,k-way1346653416,sat vand,,ok,automatisk fra EEA-badevandsdata
2026-09-24T16:00:18+02:00,k-way1346653424,sat vand,,ok,automatisk fra EEA-badevandsdata
2026-09-24T16:00:18+02:00,k-way1346653428,sat vand,,ukendt,automatisk fra EEA-badevandsdata
2026-09-24T16:00:18+02:00,k-way1346653435,sat vand,,ukendt,automatisk fra EEA-badevandsdata
2026-09-24T16:00:18+02:00,k-way1346653446,sat vand,,ukendt,automatisk fra EEA-badevandsdata
2026-09-24T16:00:18+02:00,k-way1346653459,sat vand,,ukendt,automatisk fra EEA-badevandsdata
2026-09-24T16:00:18+02:00,k-way1346653462,sat vand,,ok,automatisk fra EEA-badevandsdata
2026-09-24T16:00:18+02:00,k-way1346659972,sat vand,,ukendt,automatisk fra EEA-badevandsdata
2026-09-24T16:00:18+02:00,k-way1346659975,sat vand,,ukendt,automatisk fra EEA-badevandsdata
2026-09-24T16:00:18+02:00,k-way1346659978,sat vand,,ukendt,automatisk fra EEA-badevandsdata
2026-09-24T16:00:18+02:00,k-way1346659979,sat vand,,ukendt,automatisk fra EEA-badevandsdata
2026-09-24T16:00:18+02:00,k-way1346659980,sat vand,,ukendt,automatisk fra EEA-badevandsdata
2026-09-24T16:00:18+02:00,k-way1346659985,sat vand,,ukendt,automatisk fra EEA-badevandsdata
2026-09-24T16:00:18+02:00,k-way1346659988,sat vand,,ukendt,automatisk fra EEA-badevandsdata
2026-09-24T16:00:18+02:00,k-way1346659989,sat vand,,ukendt,automatisk fra EEA-badevandsdata
2026-09-24T16:00:18+02:00,k-way1346659990,sat vand,,ukendt,automatisk fra EEA-badevandsdata
2026-09-24T16:00:18+02:00,k-way1346659991,sat vand,,ukendt,automatisk fra EEA-badevandsdata
2026-09-24T16:00:18+02:00,k-way1346659992,sat vand,,ukendt,automatisk fra EEA-badevandsdata
2026-09-24T16:00:18+02:00,k-way1346659993,sat vand,,ukendt,automatisk fra EEA-badevandsdata
2026-09-24T16:00:18+02:00,k-way1346659994,sat vand,,ukendt,automatisk fra EEA-badevandsdata
2026-09-24T16:00:18+02:00,k-way1346659995,sat vand,,ukendt,automatisk fra EEA-badevandsdata
2026-09-24T16:00:18+02:00,k-way1346659996,sat vand,,ukendt,automatisk fra EEA-badevandsdata
2026-09-24T16:00:18+02:00,k-way1346659997,sat vand,,ukendt,automatisk fra EEA-badevandsdata
2026-09-24T16:00:18+02:00,k-way1346660002,sat vand,,ukendt,automatisk fra EEA-badevandsdata
2026-09-24T16:00:18+02:00,k-way1346660005,sat vand,,ukendt,automatisk fra EEA-badevandsdata
2026-09-24T16:00:18+02:00,k-way1346660006,sat vand,,ukendt,automatisk fra EEA-badevandsdata
2026-09-24T16:00:18+02:00,k-way1346660010,sat vand,,ukendt,automatisk fra EEA-badevandsdata
2026-09-24T16:00:18+02:00,k-way1346682175,sat vand,,ok,automatisk fra EEA-badevandsdata
2026-09-24T16:00:18+02:00,k-way1346682178,sat vand,,ok,automatisk fra EEA-badevandsdata
2026-09-24T16:00:18+02:00,k-way1346682179,sat vand,,ukendt,automatisk fra EEA-badevandsdata
2026-09-24T16:00:18+02:00,k-way1346682180,sat vand,,ok,automatisk fra EEA-badevandsdata
2026-09-24T16:00:18+02:00,k-way1346682181,sat vand,,ok,automatisk fra EEA-badevandsdata
2026-09-24T16:00:18+02:00,k-way1346682182,sat vand,,ok,automatisk fra EEA-badevandsdata
2026-09-24T16:00:18+02:00,k-way1346682184,sat vand,,ukendt,automatisk fra EEA-badevandsdata
2026-09-24T16:00:18+02:00,k-way1346682189,sat vand,,ukendt,automatisk fra EEA-badevandsdata
2026-09-24T16:00:18+02:00,k-way1346689907,sat vand,,ukendt,automatisk fra EEA-badevandsdata
2026-09-24T16:00:18+02:00,k-way1346689913,sat vand,,tvivl,automatisk fra EEA-badevandsdata
2026-09-24T16:00:18+02:00,k-way1346689917,sat vand,,tvivl,automatisk fra EEA-badevandsdata
2026-09-24T16:00:18+02:00,k-way1346689919,sat vand,,tvivl,automatisk fra EEA-badevandsdata
2026-09-24T16:00:18+02:00,k-way1346689923,sat vand,,tvivl,automatisk fra EEA-badevandsdata
2026-09-24T16:00:18+02:00,k-way1346689934,sat vand,,ukendt,automatisk fra EEA-badevandsdata
2026-09-24T16:00:18+02:00,k-way1346689935,sat vand,,ukendt,automatisk fra EEA-badevandsdata
2026-09-24T16:00:18+02:00,k-way1346689939,sat vand,,ok,automatisk fra EEA-badevandsdata
2026-09-24T16:00:18+02:00,k-way1346689943,sat vand,,ok,automatisk fra EEA-badevandsdata
2026-09-24T16:00:18+02:00,k-way1346689947,sat vand,,ok,automatisk fra EEA-badevandsdata
2026-09-24T16:00:18+02:00,k-way1346689948,sat vand,,ukendt,automatisk fra EEA-badevandsdata
2026-09-24T16:00:18+02:00,k-way1346689949,sat vand,,ok,automatisk fra EEA-badevandsdata
2026-09-24T16:00:18+02:00,k-way1346689950,sat vand,,ukendt,automatisk fra EEA-badevandsdata
2026-09-24T16:00:18+02:00,k-way1346696269,sat vand,,ok,automatisk fra EEA-badevandsdata
2026-09-24T16:00:18+02:00,k-way1346696270,sat vand,,ok,automatisk fra EEA-badevandsdata
2026-09-24T16:00:18+02:00,k-way1346696271,sat vand,,ok,automatisk fra EEA-badevandsdata
2026-09-24T16:00:18+02:00,k-way1346696274,sat vand,,ukendt,automatisk fra EEA-badevandsdata
2026-09-24T16:00:18+02:00,k-way1346696277,sat vand,,ukendt,automatisk fra EEA-badevandsdata
2026-09-24T16:00:18+02:00,k-way1346696280,sat vand,,ukendt,automatisk fra EEA-badevandsdata
2026-09-24T16:00:18+02:00,k-way1346696285,sat vand,,ukendt,automatisk fra EEA-badevandsdata
2026-09-24T16:00:18+02:00,k-way1346696287,sat vand,,ukendt,automatisk fra EEA-badevandsdata
2026-09-24T16:00:18+02:00,k-way1346696289,sat vand,,ukendt,automatisk fra EEA-badevandsdata
2026-09-24T16:00:18+02:00,k-way1346696295,sat vand,,ukendt,automatisk fra EEA-badevandsdata
2026-09-24T16:00:18+02:00,k-way1346696301,sat vand,,ukendt,automatisk fra EEA-badevandsdata
2026-09-24T16:00:18+02:00,k-way1346696304,sat vand,,ukendt,automatisk fra EEA-badevandsdata
2026-09-24T16:00:18+02:00,k-way1346696306,sat vand,,ukendt,automatisk fra EEA-badevandsdata
2026-09-24T16:00:18+02:00,k-way1346696310,sat vand,,ok,automatisk fra EEA-badevandsdata
2026-09-24T16:00:18+02:00,k-way1346696314,sat vand,,ok,automatisk fra EEA-badevandsdata
2026-09-24T16:00:18+02:00,k-way1346696319,sat vand,,ok,automatisk fra EEA-badevandsdata
2026-09-24T16:00:18+02:00,k-way1346696321,sat vand,,ok,automatisk fra EEA-badevandsdata
2026-09-24T16:00:18+02:00,k-way1346845427,sat vand,,ok,automatisk fra EEA-badevandsdata
2026-09-24T16:00:18+02:00,k-way1346892850,sat vand,,ukendt,automatisk fra EEA-badevandsdata
2026-09-24T16:00:18+02:00,k-way1346912057,sat vand,,ukendt,automatisk fra EEA-badevandsdata
2026-09-24T16:00:18+02:00,k-way1346912060,sat vand,,ukendt,automatisk fra EEA-badevandsdata
2026-09-24T16:00:18+02:00,k-way1346912065,sat vand,,ukendt,automatisk fra EEA-badevandsdata
2026-09-24T16:00:18+02:00,k-way1346912072,sat vand,,ukendt,automatisk fra EEA-badevandsdata
2026-09-24T16:00:18+02:00,k-way1346912076,sat vand,,ukendt,automatisk fra EEA-badevandsdata
2026-09-24T16:00:18+02:00,k-way1346912079,sat vand,,ukendt,automatisk fra EEA-badevandsdata
2026-09-24T16:00:18+02:00,k-way1346933023,sat vand,,ukendt,automatisk fra EEA-badevandsdata
2026-09-24T16:00:18+02:00,k-way1346933024,sat vand,,ukendt,automatisk fra EEA-badevandsdata
2026-09-24T16:00:18+02:00,k-way1346933025,sat vand,,ukendt,automatisk fra EEA-badevandsdata
2026-09-24T16:00:18+02:00,k-way1346933026,sat vand,,ukendt,automatisk fra EEA-badevandsdata
2026-09-24T16:00:18+02:00,k-way1347044746,sat vand,,ukendt,automatisk fra EEA-badevandsdata
2026-09-24T16:00:18+02:00,k-way1347044750,sat vand,,ukendt,automatisk fra EEA-badevandsdata
2026-09-24T16:00:18+02:00,k-way1347044780,sat vand,,ukendt,automatisk fra EEA-badevandsdata
2026-09-24T16:00:18+02:00,k-way1347044784,sat vand,,ukendt,automatisk fra EEA-badevandsdata
2026-09-24T16:00:18+02:00,k-way1347044785,sat vand,,ukendt,automatisk fra EEA-badevandsdata
2026-09-24T16:00:18+02:00,k-way1347044791,sat vand,,ok,automatisk fra EEA-badevandsdata
2026-09-24T16:00:18+02:00,k-way1347044793,sat vand,,ukendt,automatisk fra EEA-badevandsdata
2026-09-24T16:00:18+02:00,k-way1347044794,sat vand,,ok,automatisk fra EEA-badevandsdata
2026-09-24T16:00:18+02:00,k-way1347056816,sat vand,,ukendt,automatisk fra EEA-badevandsdata
2026-09-24T16:00:18+02:00,k-way1347078991,sat vand,,ukendt,automatisk fra EEA-badevandsdata
2026-09-24T16:00:18+02:00,k-way1347078992,sat vand,,ukendt,automatisk fra EEA-badevandsdata
2026-09-24T16:00:18+02:00,k-way1347079002,sat vand,,ukendt,automatisk fra EEA-badevandsdata
2026-09-24T16:00:18+02:00,k-way1347079004,sat vand,,ukendt,automatisk fra EEA-badevandsdata
2026-09-24T16:00:18+02:00,k-way1347079006,sat vand,,ukendt,automatisk fra EEA-badevandsdata
2026-09-24T16:00:18+02:00,k-way1347526752,sat vand,,ok,automatisk fra EEA-badevandsdata
2026-09-24T16:00:18+02:00,k-way1347526755,sat vand,,ukendt,automatisk fra EEA-badevandsdata
2026-09-24T16:00:18+02:00,k-way1347526760,sat vand,,ukendt,automatisk fra EEA-badevandsdata
2026-09-24T16:00:18+02:00,k-way1347758523,sat vand,,ukendt,automatisk fra EEA-badevandsdata
2026-09-24T16:00:18+02:00,k-way1347758527,sat vand,,ukendt,automatisk fra EEA-badevandsdata
2026-09-24T16:00:18+02:00,k-way1347758539,sat vand,,ukendt,automatisk fra EEA-badevandsdata
2026-09-24T16:00:18+02:00,k-way1347758540,sat vand,,ukendt,automatisk fra EEA-badevandsdata
2026-09-24T16:00:18+02:00,k-way1347758545,sat vand,,ukendt,automatisk fra EEA-badevandsdata
2026-09-24T16:00:18+02:00,k-way1347768703,sat vand,,ukendt,automatisk fra EEA-badevandsdata
2026-09-24T16:00:18+02:00,k-way1347774943,sat vand,,ukendt,automatisk fra EEA-badevandsdata
2026-09-24T16:00:18+02:00,k-way1347774945,sat vand,,ok,automatisk fra EEA-badevandsdata
2026-09-24T16:00:18+02:00,k-way1347774946,sat vand,,ukendt,automatisk fra EEA-badevandsdata
2026-09-24T16:00:18+02:00,k-way1347774948,sat vand,,ukendt,automatisk fra EEA-badevandsdata
2026-09-24T16:00:18+02:00,k-way1347774949,sat vand,,ukendt,automatisk fra EEA-badevandsdata
2026-09-24T16:00:18+02:00,k-way1347774950,sat vand,,ukendt,automatisk fra EEA-badevandsdata
2026-09-24T16:00:18+02:00,k-way1347774956,sat vand,,ukendt,automatisk fra EEA-badevandsdata
2026-09-24T16:00:18+02:00,k-way1347774958,sat vand,,ukendt,automatisk fra EEA-badevandsdata
2026-09-24T16:00:18+02:00,k-way1347774964,sat vand,,ukendt,automatisk fra EEA-badevandsdata
2026-09-24T16:00:18+02:00,k-way1347774968,sat vand,,ok,automatisk fra EEA-badevandsdata
2026-09-24T16:00:18+02:00,k-way1347785531,sat vand,,ukendt,automatisk fra EEA-badevandsdata
2026-09-24T16:00:18+02:00,k-way1347785532,sat vand,,ukendt,automatisk fra EEA-badevandsdata
2026-09-24T16:00:18+02:00,k-way1347785535,sat vand,,ukendt,automatisk fra EEA-badevandsdata
2026-09-24T16:00:18+02:00,k-way1347785538,sat vand,,ukendt,automatisk fra EEA-badevandsdata
2026-09-24T16:00:18+02:00,k-way1347785539,sat vand,,ukendt,automatisk fra EEA-badevandsdata
2026-09-24T16:00:18+02:00,k-way1347785541,sat vand,,ukendt,automatisk fra EEA-badevandsdata
2026-09-24T16:00:18+02:00,k-way1347785544,sat vand,,ukendt,automatisk fra EEA-badevandsdata
2026-09-24T16:00:18+02:00,k-way1347785549,sat vand,,ukendt,automatisk fra EEA-badevandsdata
2026-09-24T16:00:18+02:00,k-way1347785551,sat vand,,ukendt,automatisk fra EEA-badevandsdata
2026-09-24T16:00:18+02:00,k-way1347788801,sat vand,,ukendt,automatisk fra EEA-badevandsdata
2026-09-24T16:00:18+02:00,k-way1347806617,sat vand,,ok,automatisk fra EEA-badevandsdata
2026-09-24T16:00:18+02:00,k-way1347816437,sat vand,,ukendt,automatisk fra EEA-badevandsdata
2026-09-24T16:00:18+02:00,k-way1347822917,sat vand,,ukendt,automatisk fra EEA-badevandsdata
2026-09-24T16:00:18+02:00,k-way1347822920,sat vand,,ukendt,automatisk fra EEA-badevandsdata
2026-09-24T16:00:18+02:00,k-way1347822922,sat vand,,ukendt,automatisk fra EEA-badevandsdata
2026-09-24T16:00:18+02:00,k-way1347822925,sat vand,,ukendt,automatisk fra EEA-badevandsdata
2026-09-24T16:00:18+02:00,k-way1347822927,sat vand,,ukendt,automatisk fra EEA-badevandsdata
2026-09-24T16:00:18+02:00,k-way1347822928,sat vand,,ukendt,automatisk fra EEA-badevandsdata
2026-09-24T16:00:18+02:00,k-way1347822931,sat vand,,ukendt,automatisk fra EEA-badevandsdata
2026-09-24T16:00:18+02:00,k-way1347822933,sat vand,,ukendt,automatisk fra EEA-badevandsdata
2026-09-24T16:00:18+02:00,k-way1348199642,sat vand,,ukendt,automatisk fra EEA-badevandsdata
2026-09-24T16:00:18+02:00,k-way1348306874,sat vand,,ukendt,automatisk fra EEA-badevandsdata
2026-09-24T16:00:18+02:00,k-way1348306898,sat vand,,ukendt,automatisk fra EEA-badevandsdata
2026-09-24T16:00:18+02:00,k-way1348321342,sat vand,,ukendt,automatisk fra EEA-badevandsdata
2026-09-24T16:00:18+02:00,k-way1348321347,sat vand,,ukendt,automatisk fra EEA-badevandsdata
2026-09-24T16:00:18+02:00,k-way1348321349,sat vand,,ukendt,automatisk fra EEA-badevandsdata
2026-09-24T16:00:18+02:00,k-way1348321350,sat vand,,ukendt,automatisk fra EEA-badevandsdata
2026-09-24T16:00:18+02:00,k-way1348321351,sat vand,,ukendt,automatisk fra EEA-badevandsdata
2026-09-24T16:00:18+02:00,k-way1348321358,sat vand,,ukendt,automatisk fra EEA-badevandsdata
2026-09-24T16:00:18+02:00,k-way1348321364,sat vand,,ukendt,automatisk fra EEA-badevandsdata
2026-09-24T16:00:18+02:00,k-way1348321368,sat vand,,ukendt,automatisk fra EEA-badevandsdata
2026-09-24T16:00:18+02:00,k-way1348321372,sat vand,,ukendt,automatisk fra EEA-badevandsdata
2026-09-24T16:00:18+02:00,k-way1348321376,sat vand,,ukendt,automatisk fra EEA-badevandsdata
2026-09-24T16:00:18+02:00,k-way1348321382,sat vand,,ukendt,automatisk fra EEA-badevandsdata
2026-09-24T16:00:18+02:00,k-way1348321385,sat vand,,ukendt,automatisk fra EEA-badevandsdata
2026-09-24T16:00:18+02:00,k-way1348321390,sat vand,,ukendt,automatisk fra EEA-badevandsdata
2026-09-24T16:00:18+02:00,k-way1348321394,sat vand,,ukendt,automatisk fra EEA-badevandsdata
2026-09-24T16:00:18+02:00,k-way1348321401,sat vand,,ukendt,automatisk fra EEA-badevandsdata
2026-09-24T16:00:18+02:00,k-way1348333190,sat vand,,ukendt,automatisk fra EEA-badevandsdata
2026-09-24T16:00:18+02:00,k-way1348333194,sat vand,,ukendt,automatisk fra EEA-badevandsdata
2026-09-24T16:00:18+02:00,k-way1348333195,sat vand,,ukendt,automatisk fra EEA-badevandsdata
2026-09-24T16:00:18+02:00,k-way1348967486,sat vand,,ok,automatisk fra EEA-badevandsdata
2026-09-24T16:00:18+02:00,k-way1348967488,sat vand,,ukendt,automatisk fra EEA-badevandsdata
2026-09-24T16:00:18+02:00,k-way1348967566,sat vand,,ok,automatisk fra EEA-badevandsdata
2026-09-24T16:00:18+02:00,k-way1348967570,sat vand,,ok,automatisk fra EEA-badevandsdata
2026-09-24T16:00:18+02:00,k-way1348969398,sat vand,,ok,automatisk fra EEA-badevandsdata
2026-09-24T16:00:18+02:00,k-way1348969420,sat vand,,ok,automatisk fra EEA-badevandsdata
2026-09-24T16:00:18+02:00,k-way1348969427,sat vand,,ok,automatisk fra EEA-badevandsdata
2026-09-24T16:00:18+02:00,k-way1348969428,sat vand,,ukendt,automatisk fra EEA-badevandsdata
2026-09-24T16:00:18+02:00,k-way1349006308,sat vand,,ok,automatisk fra EEA-badevandsdata
2026-09-24T16:00:18+02:00,k-way1349006309,sat vand,,ok,automatisk fra EEA-badevandsdata
2026-09-24T16:00:18+02:00,k-way1349006316,sat vand,,ok,automatisk fra EEA-badevandsdata
2026-09-24T16:00:18+02:00,k-way1349006318,sat vand,,ok,automatisk fra EEA-badevandsdata
2026-09-24T16:00:18+02:00,k-way1349006320,sat vand,,ukendt,automatisk fra EEA-badevandsdata
2026-09-24T16:00:18+02:00,k-way1349006321,sat vand,,ukendt,automatisk fra EEA-badevandsdata
2026-09-24T16:00:18+02:00,k-way1349006322,sat vand,,ukendt,automatisk fra EEA-badevandsdata
2026-09-24T16:00:18+02:00,k-way1349023902,sat vand,,ok,automatisk fra EEA-badevandsdata
2026-09-24T16:00:18+02:00,k-way1349023903,sat vand,,ok,automatisk fra EEA-badevandsdata
2026-09-24T16:00:18+02:00,k-way1349023904,sat vand,,ukendt,automatisk fra EEA-badevandsdata
2026-09-24T16:00:18+02:00,k-way1349023906,sat vand,,ukendt,automatisk fra EEA-badevandsdata
2026-09-24T16:00:18+02:00,k-way1349023908,sat vand,,ukendt,automatisk fra EEA-badevandsdata
2026-09-24T16:00:18+02:00,k-way1349200206,sat vand,,ok,automatisk fra EEA-badevandsdata
2026-09-24T16:00:18+02:00,k-way1349200208,sat vand,,ok,automatisk fra EEA-badevandsdata
2026-09-24T16:00:18+02:00,k-way1349200211,sat vand,,ukendt,automatisk fra EEA-badevandsdata
2026-09-24T16:00:18+02:00,k-way1349200213,sat vand,,ukendt,automatisk fra EEA-badevandsdata
2026-09-24T16:00:18+02:00,k-way1349200215,sat vand,,ukendt,automatisk fra EEA-badevandsdata
2026-09-24T16:00:18+02:00,k-way1349200216,sat vand,,ukendt,automatisk fra EEA-badevandsdata
2026-09-24T16:00:18+02:00,k-way1349200218,sat vand,,ukendt,automatisk fra EEA-badevandsdata
2026-09-24T16:00:18+02:00,k-way1349200219,sat vand,,ukendt,automatisk fra EEA-badevandsdata
2026-09-24T16:00:18+02:00,k-way1349200220,sat vand,,ukendt,automatisk fra EEA-badevandsdata
2026-09-24T16:00:18+02:00,k-way1349200221,sat vand,,ukendt,automatisk fra EEA-badevandsdata
2026-09-24T16:00:18+02:00,k-way1349200228,sat vand,,ok,automatisk fra EEA-badevandsdata
2026-09-24T16:00:18+02:00,k-way1349200232,sat vand,,ok,automatisk fra EEA-badevandsdata
2026-09-24T16:00:18+02:00,k-way1349200234,sat vand,,ok,automatisk fra EEA-badevandsdata
2026-09-24T16:00:18+02:00,k-way1349200237,sat vand,,ok,automatisk fra EEA-badevandsdata
2026-09-24T16:00:18+02:00,k-way1349200243,sat vand,,ukendt,automatisk fra EEA-badevandsdata
2026-09-24T16:00:18+02:00,k-way1349200249,sat vand,,ukendt,automatisk fra EEA-badevandsdata
2026-09-24T16:00:18+02:00,k-way1349200255,sat vand,,ukendt,automatisk fra EEA-badevandsdata
2026-09-24T16:00:18+02:00,k-way1349200261,sat vand,,ukendt,automatisk fra EEA-badevandsdata
2026-09-24T16:00:18+02:00,k-way1349200264,sat vand,,ok,automatisk fra EEA-badevandsdata
2026-09-24T16:00:18+02:00,k-way1349200274,sat vand,,ok,automatisk fra EEA-badevandsdata
2026-09-24T16:00:18+02:00,k-way1349200275,sat vand,,ok,automatisk fra EEA-badevandsdata
2026-09-24T16:00:18+02:00,k-way1349200276,sat vand,,ok,automatisk fra EEA-badevandsdata
2026-09-24T16:00:18+02:00,k-way1349200277,sat vand,,ok,automatisk fra EEA-badevandsdata
2026-09-24T16:00:18+02:00,k-way1349200278,sat vand,,ok,automatisk fra EEA-badevandsdata
2026-09-24T16:00:18+02:00,k-way1349206821,sat vand,,ok,automatisk fra EEA-badevandsdata
2026-09-24T16:00:18+02:00,k-way1349206824,sat vand,,ok,automatisk fra EEA-badevandsdata
2026-09-24T16:00:18+02:00,k-way1349206826,sat vand,,ok,automatisk fra EEA-badevandsdata
2026-09-24T16:00:18+02:00,k-way1349206827,sat vand,,ukendt,automatisk fra EEA-badevandsdata
2026-09-24T16:00:18+02:00,k-way1349206830,sat vand,,ok,automatisk fra EEA-badevandsdata
2026-09-24T16:00:18+02:00,k-way1349206831,sat vand,,ok,automatisk fra EEA-badevandsdata
2026-09-24T16:00:18+02:00,k-way1349206838,sat vand,,ukendt,automatisk fra EEA-badevandsdata
2026-09-24T16:00:18+02:00,k-way1349206840,sat vand,,ukendt,automatisk fra EEA-badevandsdata
2026-09-24T16:00:18+02:00,k-way1349206843,sat vand,,ukendt,automatisk fra EEA-badevandsdata
2026-09-24T16:00:18+02:00,k-way1349206854,sat vand,,ok,automatisk fra EEA-badevandsdata
2026-09-24T16:00:18+02:00,k-way1349206866,sat vand,,ok,automatisk fra EEA-badevandsdata
2026-09-24T16:00:18+02:00,k-way1349206868,sat vand,,ok,automatisk fra EEA-badevandsdata
2026-09-24T16:00:18+02:00,k-way1349221388,sat vand,,ok,automatisk fra EEA-badevandsdata
2026-09-24T16:00:18+02:00,k-way1349221393,sat vand,,ok,automatisk fra EEA-badevandsdata
2026-09-24T16:00:18+02:00,k-way1349221400,sat vand,,ok,automatisk fra EEA-badevandsdata
2026-09-24T16:00:18+02:00,k-way1349221401,sat vand,,ukendt,automatisk fra EEA-badevandsdata
2026-09-24T16:00:18+02:00,k-way1349221402,sat vand,,ukendt,automatisk fra EEA-badevandsdata
2026-09-24T16:00:18+02:00,k-way1349221406,sat vand,,ukendt,automatisk fra EEA-badevandsdata
2026-09-24T16:00:18+02:00,k-way1349221409,sat vand,,ukendt,automatisk fra EEA-badevandsdata
2026-09-24T16:00:18+02:00,k-way1349221411,sat vand,,ok,automatisk fra EEA-badevandsdata
2026-09-24T16:00:18+02:00,k-way1349221413,sat vand,,ok,automatisk fra EEA-badevandsdata
2026-09-24T16:00:18+02:00,k-way1349279716,sat vand,,ok,automatisk fra EEA-badevandsdata
2026-09-24T16:00:18+02:00,k-way1349279736,sat vand,,ukendt,automatisk fra EEA-badevandsdata
2026-09-24T16:00:18+02:00,k-way1349279737,sat vand,,ukendt,automatisk fra EEA-badevandsdata
2026-09-24T16:00:18+02:00,k-way1349279738,sat vand,,ukendt,automatisk fra EEA-badevandsdata
2026-09-24T16:00:18+02:00,k-way1349279740,sat vand,,ukendt,automatisk fra EEA-badevandsdata
2026-09-24T16:00:18+02:00,k-way1349279743,sat vand,,ukendt,automatisk fra EEA-badevandsdata
2026-09-24T16:00:18+02:00,k-way1349279745,sat vand,,ukendt,automatisk fra EEA-badevandsdata
2026-09-24T16:00:18+02:00,k-way1349536485,sat vand,,ok,automatisk fra EEA-badevandsdata
2026-09-24T16:00:18+02:00,k-way1349536499,sat vand,,ukendt,automatisk fra EEA-badevandsdata
2026-09-24T16:00:18+02:00,k-way1349536504,sat vand,,ukendt,automatisk fra EEA-badevandsdata
2026-09-24T16:00:18+02:00,k-way1349560799,sat vand,,ukendt,automatisk fra EEA-badevandsdata
2026-09-24T16:00:18+02:00,k-way1349560801,sat vand,,ukendt,automatisk fra EEA-badevandsdata
2026-09-24T16:00:18+02:00,k-way1349560812,sat vand,,ok,automatisk fra EEA-badevandsdata
2026-09-24T16:00:18+02:00,k-way1349628281,sat vand,,ukendt,automatisk fra EEA-badevandsdata
2026-09-24T16:00:18+02:00,k-way1349628285,sat vand,,ukendt,automatisk fra EEA-badevandsdata
2026-09-24T16:00:18+02:00,k-way1349628289,sat vand,,ok,automatisk fra EEA-badevandsdata
2026-09-24T16:00:18+02:00,k-way1349628302,sat vand,,ukendt,automatisk fra EEA-badevandsdata
2026-09-24T16:00:18+02:00,k-way1349628325,sat vand,,ukendt,automatisk fra EEA-badevandsdata
2026-09-24T16:00:18+02:00,k-way1349862049,sat vand,,ukendt,automatisk fra EEA-badevandsdata
2026-09-24T16:00:18+02:00,k-way1349862050,sat vand,,ukendt,automatisk fra EEA-badevandsdata
2026-09-24T16:00:18+02:00,k-way1349862052,sat vand,,ukendt,automatisk fra EEA-badevandsdata
2026-09-24T16:00:18+02:00,k-way1349862054,sat vand,,ukendt,automatisk fra EEA-badevandsdata
2026-09-24T16:00:18+02:00,k-way1349862055,sat vand,,ukendt,automatisk fra EEA-badevandsdata
2026-09-24T16:00:18+02:00,k-way1349862058,sat vand,,ok,automatisk fra EEA-badevandsdata
2026-09-24T16:00:18+02:00,k-way1349862061,sat vand,,ukendt,automatisk fra EEA-badevandsdata
2026-09-24T16:00:18+02:00,k-way1349862062,sat vand,,ukendt,automatisk fra EEA-badevandsdata
2026-09-24T16:00:18+02:00,k-way1349862064,sat vand,,ukendt,automatisk fra EEA-badevandsdata
2026-09-24T16:00:18+02:00,k-way1349862065,sat vand,,ukendt,automatisk fra EEA-badevandsdata
2026-09-24T16:00:18+02:00,k-way1349862066,sat vand,,ukendt,automatisk fra EEA-badevandsdata
2026-09-24T16:00:18+02:00,k-way1349862067,sat vand,,ukendt,automatisk fra EEA-badevandsdata
2026-09-24T16:00:18+02:00,k-way1349862068,sat vand,,ukendt,automatisk fra EEA-badevandsdata
2026-09-24T16:00:18+02:00,k-way1349862070,sat vand,,ukendt,automatisk fra EEA-badevandsdata
2026-09-24T16:00:18+02:00,k-way1349862071,sat vand,,ukendt,automatisk fra EEA-badevandsdata
2026-09-24T16:00:18+02:00,k-way1350047001,sat vand,,ukendt,automatisk fra EEA-badevandsdata
2026-09-24T16:00:18+02:00,k-way1350047003,sat vand,,ukendt,automatisk fra EEA-badevandsdata
2026-09-24T16:00:18+02:00,k-way1351268232,sat vand,,ukendt,automatisk fra EEA-badevandsdata
2026-09-24T16:00:18+02:00,k-way1351268233,sat vand,,ukendt,automatisk fra EEA-badevandsdata
2026-09-24T16:00:18+02:00,k-way1351268234,sat vand,,ok,automatisk fra EEA-badevandsdata
2026-09-24T16:00:18+02:00,k-way1351268235,sat vand,,ok,automatisk fra EEA-badevandsdata
2026-09-24T16:00:18+02:00,k-way1351268236,sat vand,,ukendt,automatisk fra EEA-badevandsdata
2026-09-24T16:00:18+02:00,k-way1351268237,sat vand,,ukendt,automatisk fra EEA-badevandsdata
2026-09-24T16:00:18+02:00,k-way1351651248,sat vand,,ukendt,automatisk fra EEA-badevandsdata
2026-09-24T16:00:18+02:00,k-way1351651249,sat vand,,ok,automatisk fra EEA-badevandsdata
2026-09-24T16:00:18+02:00,k-way1351651251,sat vand,,ukendt,automatisk fra EEA-badevandsdata
2026-09-24T16:00:18+02:00,k-way1351651253,sat vand,,ukendt,automatisk fra EEA-badevandsdata
2026-09-24T16:00:18+02:00,k-way1351651254,sat vand,,ukendt,automatisk fra EEA-badevandsdata
2026-09-24T16:00:18+02:00,k-way1351651255,sat vand,,ukendt,automatisk fra EEA-badevandsdata
2026-09-24T16:00:18+02:00,k-way1351651256,sat vand,,ukendt,automatisk fra EEA-badevandsdata
2026-09-24T16:00:18+02:00,k-way1351651260,sat vand,,ukendt,automatisk fra EEA-badevandsdata
2026-09-24T16:00:18+02:00,k-way1351651261,sat vand,,ukendt,automatisk fra EEA-badevandsdata
2026-09-24T16:00:18+02:00,k-way1351651264,sat vand,,ok,automatisk fra EEA-badevandsdata
2026-09-24T16:00:18+02:00,k-way1351651267,sat vand,,ukendt,automatisk fra EEA-badevandsdata
2026-09-24T16:00:18+02:00,k-way1351809410,sat vand,,ukendt,automatisk fra EEA-badevandsdata
2026-09-24T16:00:18+02:00,k-way1351809411,sat vand,,ok,automatisk fra EEA-badevandsdata
2026-09-24T16:00:18+02:00,k-way1351809412,sat vand,,ok,automatisk fra EEA-badevandsdata
2026-09-24T16:00:18+02:00,k-way1351809414,sat vand,,ukendt,automatisk fra EEA-badevandsdata
2026-09-24T16:00:18+02:00,k-way1351809418,sat vand,,ok,automatisk fra EEA-badevandsdata
2026-09-24T16:00:18+02:00,k-way1351809420,sat vand,,ok,automatisk fra EEA-badevandsdata
2026-09-24T16:00:18+02:00,k-way1351809421,sat vand,,ukendt,automatisk fra EEA-badevandsdata
2026-09-24T16:00:18+02:00,k-way1351809422,sat vand,,ukendt,automatisk fra EEA-badevandsdata
2026-09-24T16:00:18+02:00,k-way1351849127,sat vand,,ukendt,automatisk fra EEA-badevandsdata
2026-09-24T16:00:18+02:00,k-way1351849128,sat vand,,ukendt,automatisk fra EEA-badevandsdata
2026-09-24T16:00:18+02:00,k-way1352005025,sat vand,,ukendt,automatisk fra EEA-badevandsdata
2026-09-24T16:00:18+02:00,k-way1352013743,sat vand,,ukendt,automatisk fra EEA-badevandsdata
2026-09-24T16:00:18+02:00,k-way1352019462,sat vand,,ukendt,automatisk fra EEA-badevandsdata
2026-09-24T16:00:18+02:00,k-way1352032160,sat vand,,ukendt,automatisk fra EEA-badevandsdata
2026-09-24T16:00:18+02:00,k-way1352039834,sat vand,,ukendt,automatisk fra EEA-badevandsdata
2026-09-24T16:00:18+02:00,k-way1352043574,sat vand,,ukendt,automatisk fra EEA-badevandsdata
2026-09-24T16:00:18+02:00,k-way1352043579,sat vand,,ukendt,automatisk fra EEA-badevandsdata
2026-09-24T16:00:18+02:00,k-way1352043589,sat vand,,ukendt,automatisk fra EEA-badevandsdata
2026-09-24T16:00:18+02:00,k-way1352043947,sat vand,,ukendt,automatisk fra EEA-badevandsdata
2026-09-24T16:00:18+02:00,k-way1352056520,sat vand,,ukendt,automatisk fra EEA-badevandsdata
2026-09-24T16:00:18+02:00,k-way1352274532,sat vand,,ukendt,automatisk fra EEA-badevandsdata
2026-09-24T16:00:18+02:00,k-way1352282431,sat vand,,ukendt,automatisk fra EEA-badevandsdata
2026-09-24T16:00:18+02:00,k-way1352284875,sat vand,,ukendt,automatisk fra EEA-badevandsdata
2026-09-24T16:00:18+02:00,k-way1352390090,sat vand,,ukendt,automatisk fra EEA-badevandsdata
2026-09-24T16:00:18+02:00,k-way1352390092,sat vand,,ukendt,automatisk fra EEA-badevandsdata
2026-09-24T16:00:18+02:00,k-way1352390095,sat vand,,ok,automatisk fra EEA-badevandsdata
2026-09-24T16:00:18+02:00,k-way1352390105,sat vand,,ukendt,automatisk fra EEA-badevandsdata
2026-09-24T16:00:18+02:00,k-way1352396721,sat vand,,ukendt,automatisk fra EEA-badevandsdata
2026-09-24T16:00:18+02:00,k-way1352396731,sat vand,,ukendt,automatisk fra EEA-badevandsdata
2026-09-24T16:00:18+02:00,k-way1352396732,sat vand,,ukendt,automatisk fra EEA-badevandsdata
2026-09-24T16:00:18+02:00,k-way1352396733,sat vand,,ukendt,automatisk fra EEA-badevandsdata
2026-09-24T16:00:18+02:00,k-way1352396734,sat vand,,ukendt,automatisk fra EEA-badevandsdata
2026-09-24T16:00:18+02:00,k-way1352396751,sat vand,,ok,automatisk fra EEA-badevandsdata
2026-09-24T16:00:18+02:00,k-way1352396777,sat vand,,ok,automatisk fra EEA-badevandsdata
2026-09-24T16:00:18+02:00,k-way1352396797,sat vand,,ok,automatisk fra EEA-badevandsdata
2026-09-24T16:00:18+02:00,k-way1352396809,sat vand,,ok,automatisk fra EEA-badevandsdata
2026-09-24T16:00:18+02:00,k-way1352396834,sat vand,,ok,automatisk fra EEA-badevandsdata
2026-09-24T16:00:18+02:00,k-way1352396836,sat vand,,ok,automatisk fra EEA-badevandsdata
2026-09-24T16:00:18+02:00,k-way1352509991,sat vand,,ukendt,automatisk fra EEA-badevandsdata
2026-09-24T16:00:18+02:00,k-way1352618573,sat vand,,ukendt,automatisk fra EEA-badevandsdata
2026-09-24T16:00:18+02:00,k-way1352626657,sat vand,,ukendt,automatisk fra EEA-badevandsdata
2026-09-24T16:00:18+02:00,k-way1352858310,sat vand,,ukendt,automatisk fra EEA-badevandsdata
2026-09-24T16:00:18+02:00,k-way1352887413,sat vand,,ukendt,automatisk fra EEA-badevandsdata
2026-09-24T16:00:18+02:00,k-way1353226191,sat vand,,ukendt,automatisk fra EEA-badevandsdata
2026-09-24T16:00:18+02:00,k-way1353226193,sat vand,,ukendt,automatisk fra EEA-badevandsdata
2026-09-24T16:00:18+02:00,k-way1353304792,sat vand,,ukendt,automatisk fra EEA-badevandsdata
2026-09-24T16:00:18+02:00,k-way135529878,sat vand,,ok,automatisk fra EEA-badevandsdata
2026-09-24T16:00:18+02:00,k-way1356014561,sat vand,,ukendt,automatisk fra EEA-badevandsdata
2026-09-24T16:00:18+02:00,k-way1356216101,sat vand,,ukendt,automatisk fra EEA-badevandsdata
2026-09-24T16:00:18+02:00,k-way1356216313,sat vand,,ukendt,automatisk fra EEA-badevandsdata
2026-09-24T16:00:18+02:00,k-way1358116005,sat vand,,ok,automatisk fra EEA-badevandsdata
2026-09-24T16:00:18+02:00,k-way1358155230,sat vand,,ukendt,automatisk fra EEA-badevandsdata
2026-09-24T16:00:18+02:00,k-way1358242627,sat vand,,ukendt,automatisk fra EEA-badevandsdata
2026-09-24T16:00:18+02:00,k-way1359257461,sat vand,,ukendt,automatisk fra EEA-badevandsdata
2026-09-24T16:00:18+02:00,k-way1359269805,sat vand,,ukendt,automatisk fra EEA-badevandsdata
2026-09-24T16:00:18+02:00,k-way1359289882,sat vand,,ok,automatisk fra EEA-badevandsdata
2026-09-24T16:00:18+02:00,k-way136014477,sat vand,,ukendt,automatisk fra EEA-badevandsdata
2026-09-24T16:00:18+02:00,k-way1361388413,sat vand,,ukendt,automatisk fra EEA-badevandsdata
2026-09-24T16:00:18+02:00,k-way1361638018,sat vand,,ukendt,automatisk fra EEA-badevandsdata
2026-09-24T16:00:18+02:00,k-way1362809657,sat vand,,ukendt,automatisk fra EEA-badevandsdata
2026-09-24T16:00:18+02:00,k-way1367654968,sat vand,,ukendt,automatisk fra EEA-badevandsdata
2026-09-24T16:00:18+02:00,k-way137027067,sat vand,,ok,automatisk fra EEA-badevandsdata
2026-09-24T16:00:18+02:00,k-way1370939158,sat vand,,ukendt,automatisk fra EEA-badevandsdata
2026-09-24T16:00:18+02:00,k-way137149844,sat vand,,ok,automatisk fra EEA-badevandsdata
2026-09-24T16:00:18+02:00,k-way137149846,sat vand,,ok,automatisk fra EEA-badevandsdata
2026-09-24T16:00:18+02:00,k-way137307310,sat vand,,ukendt,automatisk fra EEA-badevandsdata
2026-09-24T16:00:18+02:00,k-way1373193353,sat vand,,ukendt,automatisk fra EEA-badevandsdata
2026-09-24T16:00:18+02:00,k-way1373193868,sat vand,,ukendt,automatisk fra EEA-badevandsdata
2026-09-24T16:00:18+02:00,k-way1373194333,sat vand,,ok,automatisk fra EEA-badevandsdata
2026-09-24T16:00:18+02:00,k-way1374054299,sat vand,,ukendt,automatisk fra EEA-badevandsdata
2026-09-24T16:00:18+02:00,k-way1376421765,sat vand,,ukendt,automatisk fra EEA-badevandsdata
2026-09-24T16:00:18+02:00,k-way1377157742,sat vand,,ok,automatisk fra EEA-badevandsdata
2026-09-24T16:00:18+02:00,k-way137718169,sat vand,,ukendt,automatisk fra EEA-badevandsdata
2026-09-24T16:00:18+02:00,k-way137991300,sat vand,,ukendt,automatisk fra EEA-badevandsdata
2026-09-24T16:00:18+02:00,k-way1385329259,sat vand,,ukendt,automatisk fra EEA-badevandsdata
2026-09-24T16:00:18+02:00,k-way1385329260,sat vand,,ok,automatisk fra EEA-badevandsdata
2026-09-24T16:00:18+02:00,k-way1385329261,sat vand,,ok,automatisk fra EEA-badevandsdata
2026-09-24T16:00:18+02:00,k-way1385329264,sat vand,,ok,automatisk fra EEA-badevandsdata
2026-09-24T16:00:18+02:00,k-way1385329265,sat vand,,ok,automatisk fra EEA-badevandsdata
2026-09-24T16:00:18+02:00,k-way1386132627,sat vand,,ukendt,automatisk fra EEA-badevandsdata
2026-09-24T16:00:18+02:00,k-way1386533511,sat vand,,ukendt,automatisk fra EEA-badevandsdata
2026-09-24T16:00:18+02:00,k-way1387017819,sat vand,,ok,automatisk fra EEA-badevandsdata
2026-09-24T16:00:18+02:00,k-way1389115767,sat vand,,ok,automatisk fra EEA-badevandsdata
2026-09-24T16:00:18+02:00,k-way138932995,sat vand,,ok,automatisk fra EEA-badevandsdata
2026-09-24T16:00:18+02:00,k-way1389902336,sat vand,,ok,automatisk fra EEA-badevandsdata
2026-09-24T16:00:18+02:00,k-way1390305586,sat vand,,ukendt,automatisk fra EEA-badevandsdata
2026-09-24T16:00:18+02:00,k-way1390479548,sat vand,,ukendt,automatisk fra EEA-badevandsdata
2026-09-24T16:00:18+02:00,k-way1390770797,sat vand,,ukendt,automatisk fra EEA-badevandsdata
2026-09-24T16:00:18+02:00,k-way1392307639,sat vand,,ukendt,automatisk fra EEA-badevandsdata
2026-09-24T16:00:18+02:00,k-way1395563923,sat vand,,ok,automatisk fra EEA-badevandsdata
2026-09-24T16:00:18+02:00,k-way1395585320,sat vand,,ukendt,automatisk fra EEA-badevandsdata
2026-09-24T16:00:18+02:00,k-way1395585321,sat vand,,ukendt,automatisk fra EEA-badevandsdata
2026-09-24T16:00:18+02:00,k-way1395585323,sat vand,,ukendt,automatisk fra EEA-badevandsdata
2026-09-24T16:00:18+02:00,k-way1395717200,sat vand,,ukendt,automatisk fra EEA-badevandsdata
2026-09-24T16:00:18+02:00,k-way140677093,sat vand,,ukendt,automatisk fra EEA-badevandsdata
2026-09-24T16:00:18+02:00,k-way1408542849,sat vand,,ukendt,automatisk fra EEA-badevandsdata
2026-09-24T16:00:18+02:00,k-way1410042841,sat vand,,ukendt,automatisk fra EEA-badevandsdata
2026-09-24T16:00:18+02:00,k-way1417684465,sat vand,,ok,automatisk fra EEA-badevandsdata
2026-09-24T16:00:18+02:00,k-way1417846615,sat vand,,ukendt,automatisk fra EEA-badevandsdata
2026-09-24T16:00:18+02:00,k-way1417910672,sat vand,,ok,automatisk fra EEA-badevandsdata
2026-09-24T16:00:18+02:00,k-way1418640711,sat vand,,ukendt,automatisk fra EEA-badevandsdata
2026-09-24T16:00:18+02:00,k-way1419417693,sat vand,,ukendt,automatisk fra EEA-badevandsdata
2026-09-24T16:00:18+02:00,k-way1419914463,sat vand,,ok,automatisk fra EEA-badevandsdata
2026-09-24T16:00:18+02:00,k-way1420398558,sat vand,,ukendt,automatisk fra EEA-badevandsdata
2026-09-24T16:00:18+02:00,k-way1420398603,sat vand,,ukendt,automatisk fra EEA-badevandsdata
2026-09-24T16:00:18+02:00,k-way1421956173,sat vand,,ok,automatisk fra EEA-badevandsdata
2026-09-24T16:00:18+02:00,k-way1424062552,sat vand,,ukendt,automatisk fra EEA-badevandsdata
2026-09-24T16:00:18+02:00,k-way1424930108,sat vand,,ukendt,automatisk fra EEA-badevandsdata
2026-09-24T16:00:18+02:00,k-way1424969512,sat vand,,ukendt,automatisk fra EEA-badevandsdata
2026-09-24T16:00:18+02:00,k-way1426002038,sat vand,,ukendt,automatisk fra EEA-badevandsdata
2026-09-24T16:00:18+02:00,k-way1426009892,sat vand,,ok,automatisk fra EEA-badevandsdata
2026-09-24T16:00:18+02:00,k-way1426059799,sat vand,,ukendt,automatisk fra EEA-badevandsdata
2026-09-24T16:00:18+02:00,k-way1426065614,sat vand,,ukendt,automatisk fra EEA-badevandsdata
2026-09-24T16:00:18+02:00,k-way1426340537,sat vand,,ukendt,automatisk fra EEA-badevandsdata
2026-09-24T16:00:18+02:00,k-way1426383334,sat vand,,ok,automatisk fra EEA-badevandsdata
2026-09-24T16:00:18+02:00,k-way1427902054,sat vand,,ok,automatisk fra EEA-badevandsdata
2026-09-24T16:00:18+02:00,k-way1428504799,sat vand,,ok,automatisk fra EEA-badevandsdata
2026-09-24T16:00:18+02:00,k-way1429005634,sat vand,,ukendt,automatisk fra EEA-badevandsdata
2026-09-24T16:00:18+02:00,k-way1429450955,sat vand,,ukendt,automatisk fra EEA-badevandsdata
2026-09-24T16:00:18+02:00,k-way1429727562,sat vand,,ukendt,automatisk fra EEA-badevandsdata
2026-09-24T16:00:18+02:00,k-way1431191175,sat vand,,ukendt,automatisk fra EEA-badevandsdata
2026-09-24T16:00:18+02:00,k-way1432570560,sat vand,,ok,automatisk fra EEA-badevandsdata
2026-09-24T16:00:18+02:00,k-way1433705835,sat vand,,ok,automatisk fra EEA-badevandsdata
2026-09-24T16:00:18+02:00,k-way1434171381,sat vand,,ukendt,automatisk fra EEA-badevandsdata
2026-09-24T16:00:18+02:00,k-way143764337,sat vand,,ok,automatisk fra EEA-badevandsdata
2026-09-24T16:00:18+02:00,k-way143764346,sat vand,,ukendt,automatisk fra EEA-badevandsdata
2026-09-24T16:00:18+02:00,k-way143766078,sat vand,,ok,automatisk fra EEA-badevandsdata
2026-09-24T16:00:18+02:00,k-way143962315,sat vand,,ukendt,automatisk fra EEA-badevandsdata
2026-09-24T16:00:18+02:00,k-way1441643487,sat vand,,ukendt,automatisk fra EEA-badevandsdata
2026-09-24T16:00:18+02:00,k-way1442010256,sat vand,,ukendt,automatisk fra EEA-badevandsdata
2026-09-24T16:00:18+02:00,k-way1443868848,sat vand,,ok,automatisk fra EEA-badevandsdata
2026-09-24T16:00:18+02:00,k-way1447972436,sat vand,,ukendt,automatisk fra EEA-badevandsdata
2026-09-24T16:00:18+02:00,k-way1447972438,sat vand,,ukendt,automatisk fra EEA-badevandsdata
2026-09-24T16:00:18+02:00,k-way1447972448,sat vand,,ukendt,automatisk fra EEA-badevandsdata
2026-09-24T16:00:18+02:00,k-way1448435435,sat vand,,ukendt,automatisk fra EEA-badevandsdata
2026-09-24T16:00:18+02:00,k-way144885842,sat vand,,ukendt,automatisk fra EEA-badevandsdata
2026-09-24T16:00:18+02:00,k-way1450463595,sat vand,,ukendt,automatisk fra EEA-badevandsdata
2026-09-24T16:00:18+02:00,k-way1451909160,sat vand,,ukendt,automatisk fra EEA-badevandsdata
2026-09-24T16:00:18+02:00,k-way1452394573,sat vand,,ukendt,automatisk fra EEA-badevandsdata
2026-09-24T16:00:18+02:00,k-way1452394575,sat vand,,ok,automatisk fra EEA-badevandsdata
2026-09-24T16:00:18+02:00,k-way1452394576,sat vand,,ukendt,automatisk fra EEA-badevandsdata
2026-09-24T16:00:18+02:00,k-way1452599516,sat vand,,ok,automatisk fra EEA-badevandsdata
2026-09-24T16:00:18+02:00,k-way1452629638,sat vand,,ok,automatisk fra EEA-badevandsdata
2026-09-24T16:00:18+02:00,k-way1452629646,sat vand,,ok,automatisk fra EEA-badevandsdata
2026-09-24T16:00:18+02:00,k-way1454415177,sat vand,,ukendt,automatisk fra EEA-badevandsdata
2026-09-24T16:00:18+02:00,k-way1454923223,sat vand,,ukendt,automatisk fra EEA-badevandsdata
2026-09-24T16:00:18+02:00,k-way1456105672,sat vand,,ukendt,automatisk fra EEA-badevandsdata
2026-09-24T16:00:18+02:00,k-way1456837569,sat vand,,ukendt,automatisk fra EEA-badevandsdata
2026-09-24T16:00:18+02:00,k-way145832258,sat vand,,ukendt,automatisk fra EEA-badevandsdata
2026-09-24T16:00:18+02:00,k-way1459520466,sat vand,,ukendt,automatisk fra EEA-badevandsdata
2026-09-24T16:00:18+02:00,k-way1462270499,sat vand,,ukendt,automatisk fra EEA-badevandsdata
2026-09-24T16:00:18+02:00,k-way1462400702,sat vand,,ok,automatisk fra EEA-badevandsdata
2026-09-24T16:00:18+02:00,k-way146419897,sat vand,,ukendt,automatisk fra EEA-badevandsdata
2026-09-24T16:00:18+02:00,k-way146419899,sat vand,,ukendt,automatisk fra EEA-badevandsdata
2026-09-24T16:00:18+02:00,k-way1464202687,sat vand,,ukendt,automatisk fra EEA-badevandsdata
2026-09-24T16:00:18+02:00,k-way1464202689,sat vand,,ukendt,automatisk fra EEA-badevandsdata
2026-09-24T16:00:18+02:00,k-way1464202693,sat vand,,ukendt,automatisk fra EEA-badevandsdata
2026-09-24T16:00:18+02:00,k-way1464202711,sat vand,,ukendt,automatisk fra EEA-badevandsdata
2026-09-24T16:00:18+02:00,k-way1464202719,sat vand,,ukendt,automatisk fra EEA-badevandsdata
2026-09-24T16:00:18+02:00,k-way1464202720,sat vand,,ukendt,automatisk fra EEA-badevandsdata
2026-09-24T16:00:18+02:00,k-way1464202722,sat vand,,ukendt,automatisk fra EEA-badevandsdata
2026-09-24T16:00:18+02:00,k-way1464202724,sat vand,,ukendt,automatisk fra EEA-badevandsdata
2026-09-24T16:00:18+02:00,k-way1464202726,sat vand,,ukendt,automatisk fra EEA-badevandsdata
2026-09-24T16:00:18+02:00,k-way1464202729,sat vand,,ukendt,automatisk fra EEA-badevandsdata
2026-09-24T16:00:18+02:00,k-way1464202730,sat vand,,ok,automatisk fra EEA-badevandsdata
2026-09-24T16:00:18+02:00,k-way1465079106,sat vand,,ukendt,automatisk fra EEA-badevandsdata
2026-09-24T16:00:18+02:00,k-way1467227376,sat vand,,ukendt,automatisk fra EEA-badevandsdata
2026-09-24T16:00:18+02:00,k-way1467377123,sat vand,,ukendt,automatisk fra EEA-badevandsdata
2026-09-24T16:00:18+02:00,k-way1467377138,sat vand,,ukendt,automatisk fra EEA-badevandsdata
2026-09-24T16:00:18+02:00,k-way1467377139,sat vand,,ukendt,automatisk fra EEA-badevandsdata
2026-09-24T16:00:18+02:00,k-way1473970848,sat vand,,ukendt,automatisk fra EEA-badevandsdata
2026-09-24T16:00:18+02:00,k-way147489001,sat vand,,ukendt,automatisk fra EEA-badevandsdata
2026-09-24T16:00:18+02:00,k-way1480907099,sat vand,,ukendt,automatisk fra EEA-badevandsdata
2026-09-24T16:00:18+02:00,k-way1481053765,sat vand,,ukendt,automatisk fra EEA-badevandsdata
2026-09-24T16:00:18+02:00,k-way1481605421,sat vand,,ukendt,automatisk fra EEA-badevandsdata
2026-09-24T16:00:18+02:00,k-way1484737251,sat vand,,ukendt,automatisk fra EEA-badevandsdata
2026-09-24T16:00:18+02:00,k-way1487000391,sat vand,,ukendt,automatisk fra EEA-badevandsdata
2026-09-24T16:00:18+02:00,k-way1488870033,sat vand,,ukendt,automatisk fra EEA-badevandsdata
2026-09-24T16:00:18+02:00,k-way1488953576,sat vand,,ukendt,automatisk fra EEA-badevandsdata
2026-09-24T16:00:18+02:00,k-way1490453456,sat vand,,ukendt,automatisk fra EEA-badevandsdata
2026-09-24T16:00:18+02:00,k-way1490488447,sat vand,,ok,automatisk fra EEA-badevandsdata
2026-09-24T16:00:18+02:00,k-way1492883154,sat vand,,ukendt,automatisk fra EEA-badevandsdata
2026-09-24T16:00:18+02:00,k-way1495305787,sat vand,,ukendt,automatisk fra EEA-badevandsdata
2026-09-24T16:00:18+02:00,k-way1495380823,sat vand,,ukendt,automatisk fra EEA-badevandsdata
2026-09-24T16:00:18+02:00,k-way1496738449,sat vand,,ukendt,automatisk fra EEA-badevandsdata
2026-09-24T16:00:18+02:00,k-way1497616601,sat vand,,ukendt,automatisk fra EEA-badevandsdata
2026-09-24T16:00:18+02:00,k-way1497616602,sat vand,,ukendt,automatisk fra EEA-badevandsdata
2026-09-24T16:00:18+02:00,k-way1497846540,sat vand,,ok,automatisk fra EEA-badevandsdata
2026-09-24T16:00:18+02:00,k-way1497911233,sat vand,,ukendt,automatisk fra EEA-badevandsdata
2026-09-24T16:00:18+02:00,k-way1498229467,sat vand,,ukendt,automatisk fra EEA-badevandsdata
2026-09-24T16:00:18+02:00,k-way1498383914,sat vand,,ukendt,automatisk fra EEA-badevandsdata
2026-09-24T16:00:18+02:00,k-way1499116255,sat vand,,ukendt,automatisk fra EEA-badevandsdata
2026-09-24T16:00:18+02:00,k-way1499343093,sat vand,,ukendt,automatisk fra EEA-badevandsdata
2026-09-24T16:00:18+02:00,k-way1499831323,sat vand,,ok,automatisk fra EEA-badevandsdata
2026-09-24T16:00:18+02:00,k-way149995826,sat vand,,ukendt,automatisk fra EEA-badevandsdata
2026-09-24T16:00:18+02:00,k-way1499983394,sat vand,,ukendt,automatisk fra EEA-badevandsdata
2026-09-24T16:00:18+02:00,k-way1499983423,sat vand,,ukendt,automatisk fra EEA-badevandsdata
2026-09-24T16:00:18+02:00,k-way1500197325,sat vand,,ukendt,automatisk fra EEA-badevandsdata
2026-09-24T16:00:18+02:00,k-way1500340439,sat vand,,ukendt,automatisk fra EEA-badevandsdata
2026-09-24T16:00:18+02:00,k-way1500669276,sat vand,,ukendt,automatisk fra EEA-badevandsdata
2026-09-24T16:00:18+02:00,k-way1500669975,sat vand,,ukendt,automatisk fra EEA-badevandsdata
2026-09-24T16:00:18+02:00,k-way1500669976,sat vand,,ok,automatisk fra EEA-badevandsdata
2026-09-24T16:00:18+02:00,k-way1500670213,sat vand,,ok,automatisk fra EEA-badevandsdata
2026-09-24T16:00:18+02:00,k-way1500777869,sat vand,,ukendt,automatisk fra EEA-badevandsdata
2026-09-24T16:00:18+02:00,k-way1500777870,sat vand,,ukendt,automatisk fra EEA-badevandsdata
2026-09-24T16:00:18+02:00,k-way1500788787,sat vand,,ok,automatisk fra EEA-badevandsdata
2026-09-24T16:00:18+02:00,k-way1500788791,sat vand,,ok,automatisk fra EEA-badevandsdata
2026-09-24T16:00:18+02:00,k-way1500846599,sat vand,,ukendt,automatisk fra EEA-badevandsdata
2026-09-24T16:00:18+02:00,k-way1501282484,sat vand,,ukendt,automatisk fra EEA-badevandsdata
2026-09-24T16:00:18+02:00,k-way150139361,sat vand,,ok,automatisk fra EEA-badevandsdata
2026-09-24T16:00:18+02:00,k-way150139362,sat vand,,ok,automatisk fra EEA-badevandsdata
2026-09-24T16:00:18+02:00,k-way1501507869,sat vand,,ukendt,automatisk fra EEA-badevandsdata
2026-09-24T16:00:18+02:00,k-way1501507871,sat vand,,ukendt,automatisk fra EEA-badevandsdata
2026-09-24T16:00:18+02:00,k-way1502078286,sat vand,,ukendt,automatisk fra EEA-badevandsdata
2026-09-24T16:00:18+02:00,k-way1502851052,sat vand,,ukendt,automatisk fra EEA-badevandsdata
2026-09-24T16:00:18+02:00,k-way1507868018,sat vand,,ukendt,automatisk fra EEA-badevandsdata
2026-09-24T16:00:18+02:00,k-way1508042847,sat vand,,ukendt,automatisk fra EEA-badevandsdata
2026-09-24T16:00:18+02:00,k-way1508048749,sat vand,,ukendt,automatisk fra EEA-badevandsdata
2026-09-24T16:00:18+02:00,k-way1508388728,sat vand,,ukendt,automatisk fra EEA-badevandsdata
2026-09-24T16:00:18+02:00,k-way1510913577,sat vand,,ok,automatisk fra EEA-badevandsdata
2026-09-24T16:00:18+02:00,k-way1511351908,sat vand,,ukendt,automatisk fra EEA-badevandsdata
2026-09-24T16:00:18+02:00,k-way1513362889,sat vand,,ok,automatisk fra EEA-badevandsdata
2026-09-24T16:00:18+02:00,k-way1516019047,sat vand,,ukendt,automatisk fra EEA-badevandsdata
2026-09-24T16:00:18+02:00,k-way151773092,sat vand,,ukendt,automatisk fra EEA-badevandsdata
2026-09-24T16:00:18+02:00,k-way1518007890,sat vand,,ok,automatisk fra EEA-badevandsdata
2026-09-24T16:00:18+02:00,k-way1518652090,sat vand,,ukendt,automatisk fra EEA-badevandsdata
2026-09-24T16:00:18+02:00,k-way1518652091,sat vand,,ukendt,automatisk fra EEA-badevandsdata
2026-09-24T16:00:18+02:00,k-way1518654059,sat vand,,tvivl,automatisk fra EEA-badevandsdata
2026-09-24T16:00:18+02:00,k-way1519940703,sat vand,,ukendt,automatisk fra EEA-badevandsdata
2026-09-24T16:00:18+02:00,k-way152253962,sat vand,,ukendt,automatisk fra EEA-badevandsdata
2026-09-24T16:00:18+02:00,k-way1522803684,sat vand,,ukendt,automatisk fra EEA-badevandsdata
2026-09-24T16:00:18+02:00,k-way153998724,sat vand,,ukendt,automatisk fra EEA-badevandsdata
2026-09-24T16:00:18+02:00,k-way154821681,sat vand,,ukendt,automatisk fra EEA-badevandsdata
2026-09-24T16:00:18+02:00,k-way155614078,sat vand,,ukendt,automatisk fra EEA-badevandsdata
2026-09-24T16:00:18+02:00,k-way155614105,sat vand,,ukendt,automatisk fra EEA-badevandsdata
2026-09-24T16:00:18+02:00,k-way155614116,sat vand,,ukendt,automatisk fra EEA-badevandsdata
2026-09-24T16:00:18+02:00,k-way155614128,sat vand,,ukendt,automatisk fra EEA-badevandsdata
2026-09-24T16:00:18+02:00,k-way155614141,sat vand,,ukendt,automatisk fra EEA-badevandsdata
2026-09-24T16:00:18+02:00,k-way156393072,sat vand,,ukendt,automatisk fra EEA-badevandsdata
2026-09-24T16:00:18+02:00,k-way157467588,sat vand,,ukendt,automatisk fra EEA-badevandsdata
2026-09-24T16:00:18+02:00,k-way157467589,sat vand,,ok,automatisk fra EEA-badevandsdata
2026-09-24T16:00:18+02:00,k-way157759204,sat vand,,ukendt,automatisk fra EEA-badevandsdata
2026-09-24T16:00:18+02:00,k-way158278838,sat vand,,ukendt,automatisk fra EEA-badevandsdata
2026-09-24T16:00:18+02:00,k-way158292620,sat vand,,ok,automatisk fra EEA-badevandsdata
2026-09-24T16:00:18+02:00,k-way158292621,sat vand,,ok,automatisk fra EEA-badevandsdata
2026-09-24T16:00:18+02:00,k-way158292627,sat vand,,ok,automatisk fra EEA-badevandsdata
2026-09-24T16:00:18+02:00,k-way158805323,sat vand,,ukendt,automatisk fra EEA-badevandsdata
2026-09-24T16:00:18+02:00,k-way158805325,sat vand,,ukendt,automatisk fra EEA-badevandsdata
2026-09-24T16:00:18+02:00,k-way159033705,sat vand,,ukendt,automatisk fra EEA-badevandsdata
2026-09-24T16:00:18+02:00,k-way159762574,sat vand,,ukendt,automatisk fra EEA-badevandsdata
2026-09-24T16:00:18+02:00,k-way161112671,sat vand,,ok,automatisk fra EEA-badevandsdata
2026-09-24T16:00:18+02:00,k-way163432539,sat vand,,ok,automatisk fra EEA-badevandsdata
2026-09-24T16:00:18+02:00,k-way164389263,sat vand,,ukendt,automatisk fra EEA-badevandsdata
2026-09-24T16:00:18+02:00,k-way164389264,sat vand,,ukendt,automatisk fra EEA-badevandsdata
2026-09-24T16:00:18+02:00,k-way164389267,sat vand,,ukendt,automatisk fra EEA-badevandsdata
2026-09-24T16:00:18+02:00,k-way164389270,sat vand,,ukendt,automatisk fra EEA-badevandsdata
2026-09-24T16:00:18+02:00,k-way165420525,sat vand,,ukendt,automatisk fra EEA-badevandsdata
2026-09-24T16:00:18+02:00,k-way165474120,sat vand,,ukendt,automatisk fra EEA-badevandsdata
2026-09-24T16:00:18+02:00,k-way166870690,sat vand,,ukendt,automatisk fra EEA-badevandsdata
2026-09-24T16:00:18+02:00,k-way166870691,sat vand,,ok,automatisk fra EEA-badevandsdata
2026-09-24T16:00:18+02:00,k-way167260100,sat vand,,ukendt,automatisk fra EEA-badevandsdata
2026-09-24T16:00:18+02:00,k-way167260103,sat vand,,ukendt,automatisk fra EEA-badevandsdata
2026-09-24T16:00:18+02:00,k-way168411257,sat vand,,ukendt,automatisk fra EEA-badevandsdata
2026-09-24T16:00:18+02:00,k-way169004572,sat vand,,ukendt,automatisk fra EEA-badevandsdata
2026-09-24T16:00:18+02:00,k-way170393258,sat vand,,ukendt,automatisk fra EEA-badevandsdata
2026-09-24T16:00:18+02:00,k-way170779973,sat vand,,ukendt,automatisk fra EEA-badevandsdata
2026-09-24T16:00:18+02:00,k-way171040185,sat vand,,ok,automatisk fra EEA-badevandsdata
2026-09-24T16:00:18+02:00,k-way173398363,sat vand,,ukendt,automatisk fra EEA-badevandsdata
2026-09-24T16:00:18+02:00,k-way174178457,sat vand,,ukendt,automatisk fra EEA-badevandsdata
2026-09-24T16:00:18+02:00,k-way174195204,sat vand,,ok,automatisk fra EEA-badevandsdata
2026-09-24T16:00:18+02:00,k-way174332208,sat vand,,ukendt,automatisk fra EEA-badevandsdata
2026-09-24T16:00:18+02:00,k-way174743978,sat vand,,ukendt,automatisk fra EEA-badevandsdata
2026-09-24T16:00:18+02:00,k-way174743980,sat vand,,ukendt,automatisk fra EEA-badevandsdata
2026-09-24T16:00:18+02:00,k-way176865131,sat vand,,ok,automatisk fra EEA-badevandsdata
2026-09-24T16:00:18+02:00,k-way177897338,sat vand,,ukendt,automatisk fra EEA-badevandsdata
2026-09-24T16:00:18+02:00,k-way178139383,sat vand,,ok,automatisk fra EEA-badevandsdata
2026-09-24T16:00:18+02:00,k-way180569840,sat vand,,ukendt,automatisk fra EEA-badevandsdata
2026-09-24T16:00:18+02:00,k-way180569841,sat vand,,ukendt,automatisk fra EEA-badevandsdata
2026-09-24T16:00:18+02:00,k-way180569844,sat vand,,ukendt,automatisk fra EEA-badevandsdata
2026-09-24T16:00:18+02:00,k-way180569853,sat vand,,ukendt,automatisk fra EEA-badevandsdata
2026-09-24T16:00:18+02:00,k-way181220273,sat vand,,ok,automatisk fra EEA-badevandsdata
2026-09-24T16:00:18+02:00,k-way181228281,sat vand,,ukendt,automatisk fra EEA-badevandsdata
2026-09-24T16:00:18+02:00,k-way182095894,sat vand,,ukendt,automatisk fra EEA-badevandsdata
2026-09-24T16:00:18+02:00,k-way184503871,sat vand,,ukendt,automatisk fra EEA-badevandsdata
2026-09-24T16:00:18+02:00,k-way184503985,sat vand,,ukendt,automatisk fra EEA-badevandsdata
2026-09-24T16:00:18+02:00,k-way185763898,sat vand,,ok,automatisk fra EEA-badevandsdata
2026-09-24T16:00:18+02:00,k-way185763900,sat vand,,ok,automatisk fra EEA-badevandsdata
2026-09-24T16:00:18+02:00,k-way187908960,sat vand,,ukendt,automatisk fra EEA-badevandsdata
2026-09-24T16:00:18+02:00,k-way190040433,sat vand,,ok,automatisk fra EEA-badevandsdata
2026-09-24T16:00:18+02:00,k-way194784085,sat vand,,ukendt,automatisk fra EEA-badevandsdata
2026-09-24T16:00:18+02:00,k-way195708962,sat vand,,ukendt,automatisk fra EEA-badevandsdata
2026-09-24T16:00:18+02:00,k-way195709925,sat vand,,ukendt,automatisk fra EEA-badevandsdata
2026-09-24T16:00:18+02:00,k-way195711005,sat vand,,ukendt,automatisk fra EEA-badevandsdata
2026-09-24T16:00:18+02:00,k-way195951287,sat vand,,ukendt,automatisk fra EEA-badevandsdata
2026-09-24T16:00:18+02:00,k-way196378679,sat vand,,ukendt,automatisk fra EEA-badevandsdata
2026-09-24T16:00:18+02:00,k-way196951233,sat vand,,ukendt,automatisk fra EEA-badevandsdata
2026-09-24T16:00:18+02:00,k-way196952102,sat vand,,ok,automatisk fra EEA-badevandsdata
2026-09-24T16:00:18+02:00,k-way196952104,sat vand,,ok,automatisk fra EEA-badevandsdata
2026-09-24T16:00:18+02:00,k-way207775125,sat vand,,ukendt,automatisk fra EEA-badevandsdata
2026-09-24T16:00:18+02:00,k-way207775126,sat vand,,ukendt,automatisk fra EEA-badevandsdata
2026-09-24T16:00:18+02:00,k-way208346361,sat vand,,ok,automatisk fra EEA-badevandsdata
2026-09-24T16:00:18+02:00,k-way209211129,sat vand,,ok,automatisk fra EEA-badevandsdata
2026-09-24T16:00:18+02:00,k-way209337360,sat vand,,ukendt,automatisk fra EEA-badevandsdata
2026-09-24T16:00:18+02:00,k-way210138173,sat vand,,ukendt,automatisk fra EEA-badevandsdata
2026-09-24T16:00:18+02:00,k-way210460298,sat vand,,ok,automatisk fra EEA-badevandsdata
2026-09-24T16:00:18+02:00,k-way210634436,sat vand,,ukendt,automatisk fra EEA-badevandsdata
2026-09-24T16:00:18+02:00,k-way211919332,sat vand,,ukendt,automatisk fra EEA-badevandsdata
2026-09-24T16:00:18+02:00,k-way212720578,sat vand,,ok,automatisk fra EEA-badevandsdata
2026-09-24T16:00:18+02:00,k-way214565580,sat vand,,ok,automatisk fra EEA-badevandsdata
2026-09-24T16:00:18+02:00,k-way214659317,sat vand,,ukendt,automatisk fra EEA-badevandsdata
2026-09-24T16:00:18+02:00,k-way215286723,sat vand,,ok,automatisk fra EEA-badevandsdata
2026-09-24T16:00:18+02:00,k-way215557207,sat vand,,ok,automatisk fra EEA-badevandsdata
2026-09-24T16:00:18+02:00,k-way215557210,sat vand,,ok,automatisk fra EEA-badevandsdata
2026-09-24T16:00:18+02:00,k-way215566149,sat vand,,ok,automatisk fra EEA-badevandsdata
2026-09-24T16:00:18+02:00,k-way215784036,sat vand,,ukendt,automatisk fra EEA-badevandsdata
2026-09-24T16:00:18+02:00,k-way216429337,sat vand,,ukendt,automatisk fra EEA-badevandsdata
2026-09-24T16:00:18+02:00,k-way216494545,sat vand,,ok,automatisk fra EEA-badevandsdata
2026-09-24T16:00:18+02:00,k-way217416229,sat vand,,ukendt,automatisk fra EEA-badevandsdata
2026-09-24T16:00:18+02:00,k-way217993580,sat vand,,ukendt,automatisk fra EEA-badevandsdata
2026-09-24T16:00:18+02:00,k-way218811312,sat vand,,ok,automatisk fra EEA-badevandsdata
2026-09-24T16:00:18+02:00,k-way219413214,sat vand,,ukendt,automatisk fra EEA-badevandsdata
2026-09-24T16:00:18+02:00,k-way219413222,sat vand,,ukendt,automatisk fra EEA-badevandsdata
2026-09-24T16:00:18+02:00,k-way219772349,sat vand,,ukendt,automatisk fra EEA-badevandsdata
2026-09-24T16:00:18+02:00,k-way220263791,sat vand,,ukendt,automatisk fra EEA-badevandsdata
2026-09-24T16:00:18+02:00,k-way220263796,sat vand,,ukendt,automatisk fra EEA-badevandsdata
2026-09-24T16:00:18+02:00,k-way220263797,sat vand,,ukendt,automatisk fra EEA-badevandsdata
2026-09-24T16:00:18+02:00,k-way220263802,sat vand,,ukendt,automatisk fra EEA-badevandsdata
2026-09-24T16:00:18+02:00,k-way220392215,sat vand,,ukendt,automatisk fra EEA-badevandsdata
2026-09-24T16:00:18+02:00,k-way221654488,sat vand,,ukendt,automatisk fra EEA-badevandsdata
2026-09-24T16:00:18+02:00,k-way221654489,sat vand,,ukendt,automatisk fra EEA-badevandsdata
2026-09-24T16:00:18+02:00,k-way222069078,sat vand,,ok,automatisk fra EEA-badevandsdata
2026-09-24T16:00:18+02:00,k-way222850488,sat vand,,ukendt,automatisk fra EEA-badevandsdata
2026-09-24T16:00:18+02:00,k-way223369818,sat vand,,ukendt,automatisk fra EEA-badevandsdata
2026-09-24T16:00:18+02:00,k-way224057380,sat vand,,ukendt,automatisk fra EEA-badevandsdata
2026-09-24T16:00:18+02:00,k-way224275090,sat vand,,ukendt,automatisk fra EEA-badevandsdata
2026-09-24T16:00:18+02:00,k-way225089507,sat vand,,ukendt,automatisk fra EEA-badevandsdata
2026-09-24T16:00:18+02:00,k-way225876172,sat vand,,ukendt,automatisk fra EEA-badevandsdata
2026-09-24T16:00:18+02:00,k-way226620040,sat vand,,ukendt,automatisk fra EEA-badevandsdata
2026-09-24T16:00:18+02:00,k-way226620042,sat vand,,ukendt,automatisk fra EEA-badevandsdata
2026-09-24T16:00:18+02:00,k-way226620045,sat vand,,ukendt,automatisk fra EEA-badevandsdata
2026-09-24T16:00:18+02:00,k-way226620047,sat vand,,ukendt,automatisk fra EEA-badevandsdata
2026-09-24T16:00:18+02:00,k-way226620058,sat vand,,ukendt,automatisk fra EEA-badevandsdata
2026-09-24T16:00:18+02:00,k-way226669779,sat vand,,ukendt,automatisk fra EEA-badevandsdata
2026-09-24T16:00:18+02:00,k-way226669780,sat vand,,ukendt,automatisk fra EEA-badevandsdata
2026-09-24T16:00:18+02:00,k-way226836823,sat vand,,ukendt,automatisk fra EEA-badevandsdata
2026-09-24T16:00:18+02:00,k-way226840116,sat vand,,ok,automatisk fra EEA-badevandsdata
2026-09-24T16:00:18+02:00,k-way226840117,sat vand,,ok,automatisk fra EEA-badevandsdata
2026-09-24T16:00:18+02:00,k-way227830187,sat vand,,ukendt,automatisk fra EEA-badevandsdata
2026-09-24T16:00:18+02:00,k-way227830189,sat vand,,ukendt,automatisk fra EEA-badevandsdata
2026-09-24T16:00:18+02:00,k-way227830190,sat vand,,ukendt,automatisk fra EEA-badevandsdata
2026-09-24T16:00:18+02:00,k-way228067545,sat vand,,ukendt,automatisk fra EEA-badevandsdata
2026-09-24T16:00:18+02:00,k-way228067552,sat vand,,ukendt,automatisk fra EEA-badevandsdata
2026-09-24T16:00:18+02:00,k-way228087120,sat vand,,ukendt,automatisk fra EEA-badevandsdata
2026-09-24T16:00:18+02:00,k-way228116199,sat vand,,ukendt,automatisk fra EEA-badevandsdata
2026-09-24T16:00:18+02:00,k-way228974870,sat vand,,ok,automatisk fra EEA-badevandsdata
2026-09-24T16:00:18+02:00,k-way229046774,sat vand,,ukendt,automatisk fra EEA-badevandsdata
2026-09-24T16:00:18+02:00,k-way229193896,sat vand,,ukendt,automatisk fra EEA-badevandsdata
2026-09-24T16:00:18+02:00,k-way229631388,sat vand,,ukendt,automatisk fra EEA-badevandsdata
2026-09-24T16:00:18+02:00,k-way230368508,sat vand,,ukendt,automatisk fra EEA-badevandsdata
2026-09-24T16:00:18+02:00,k-way230368509,sat vand,,ukendt,automatisk fra EEA-badevandsdata
2026-09-24T16:00:18+02:00,k-way230385401,sat vand,,ukendt,automatisk fra EEA-badevandsdata
2026-09-24T16:00:18+02:00,k-way230589614,sat vand,,ok,automatisk fra EEA-badevandsdata
2026-09-24T16:00:18+02:00,k-way230738309,sat vand,,ukendt,automatisk fra EEA-badevandsdata
2026-09-24T16:00:18+02:00,k-way230777650,sat vand,,ukendt,automatisk fra EEA-badevandsdata
2026-09-24T16:00:18+02:00,k-way231071977,sat vand,,ukendt,automatisk fra EEA-badevandsdata
2026-09-24T16:00:18+02:00,k-way231071979,sat vand,,ukendt,automatisk fra EEA-badevandsdata
2026-09-24T16:00:18+02:00,k-way231071984,sat vand,,ukendt,automatisk fra EEA-badevandsdata
2026-09-24T16:00:18+02:00,k-way231071986,sat vand,,ukendt,automatisk fra EEA-badevandsdata
2026-09-24T16:00:18+02:00,k-way231071994,sat vand,,ukendt,automatisk fra EEA-badevandsdata
2026-09-24T16:00:18+02:00,k-way231071997,sat vand,,ok,automatisk fra EEA-badevandsdata
2026-09-24T16:00:18+02:00,k-way231230194,sat vand,,ukendt,automatisk fra EEA-badevandsdata
2026-09-24T16:00:18+02:00,k-way231349371,sat vand,,ukendt,automatisk fra EEA-badevandsdata
2026-09-24T16:00:18+02:00,k-way231560926,sat vand,,ukendt,automatisk fra EEA-badevandsdata
2026-09-24T16:00:18+02:00,k-way232096129,sat vand,,ukendt,automatisk fra EEA-badevandsdata
2026-09-24T16:00:18+02:00,k-way232096149,sat vand,,ukendt,automatisk fra EEA-badevandsdata
2026-09-24T16:00:18+02:00,k-way232096671,sat vand,,ukendt,automatisk fra EEA-badevandsdata
2026-09-24T16:00:18+02:00,k-way232555104,sat vand,,ukendt,automatisk fra EEA-badevandsdata
2026-09-24T16:00:18+02:00,k-way232664796,sat vand,,ukendt,automatisk fra EEA-badevandsdata
2026-09-24T16:00:18+02:00,k-way232670317,sat vand,,ukendt,automatisk fra EEA-badevandsdata
2026-09-24T16:00:18+02:00,k-way232854752,sat vand,,ok,automatisk fra EEA-badevandsdata
2026-09-24T16:00:18+02:00,k-way232854833,sat vand,,ok,automatisk fra EEA-badevandsdata
2026-09-24T16:00:18+02:00,k-way233029322,sat vand,,ukendt,automatisk fra EEA-badevandsdata
2026-09-24T16:00:18+02:00,k-way233029347,sat vand,,ukendt,automatisk fra EEA-badevandsdata
2026-09-24T16:00:18+02:00,k-way233510376,sat vand,,ukendt,automatisk fra EEA-badevandsdata
2026-09-24T16:00:18+02:00,k-way233512509,sat vand,,ukendt,automatisk fra EEA-badevandsdata
2026-09-24T16:00:18+02:00,k-way233674775,sat vand,,ukendt,automatisk fra EEA-badevandsdata
2026-09-24T16:00:18+02:00,k-way234894416,sat vand,,ukendt,automatisk fra EEA-badevandsdata
2026-09-24T16:00:18+02:00,k-way234894417,sat vand,,ok,automatisk fra EEA-badevandsdata
2026-09-24T16:00:18+02:00,k-way234894419,sat vand,,ukendt,automatisk fra EEA-badevandsdata
2026-09-24T16:00:18+02:00,k-way236100043,sat vand,,ok,automatisk fra EEA-badevandsdata
2026-09-24T16:00:18+02:00,k-way236360409,sat vand,,ukendt,automatisk fra EEA-badevandsdata
2026-09-24T16:00:18+02:00,k-way236421021,sat vand,,ukendt,automatisk fra EEA-badevandsdata
2026-09-24T16:00:18+02:00,k-way236424154,sat vand,,ok,automatisk fra EEA-badevandsdata
2026-09-24T16:00:18+02:00,k-way236510489,sat vand,,ok,automatisk fra EEA-badevandsdata
2026-09-24T16:00:18+02:00,k-way236512573,sat vand,,ok,automatisk fra EEA-badevandsdata
2026-09-24T16:00:18+02:00,k-way237076315,sat vand,,ukendt,automatisk fra EEA-badevandsdata
2026-09-24T16:00:18+02:00,k-way237099504,sat vand,,ukendt,automatisk fra EEA-badevandsdata
2026-09-24T16:00:18+02:00,k-way237099564,sat vand,,ok,automatisk fra EEA-badevandsdata
2026-09-24T16:00:18+02:00,k-way237100750,sat vand,,ukendt,automatisk fra EEA-badevandsdata
2026-09-24T16:00:18+02:00,k-way237101670,sat vand,,ukendt,automatisk fra EEA-badevandsdata
2026-09-24T16:00:18+02:00,k-way237101672,sat vand,,ukendt,automatisk fra EEA-badevandsdata
2026-09-24T16:00:18+02:00,k-way237766645,sat vand,,ukendt,automatisk fra EEA-badevandsdata
2026-09-24T16:00:18+02:00,k-way237889876,sat vand,,ok,automatisk fra EEA-badevandsdata
2026-09-24T16:00:18+02:00,k-way238035028,sat vand,,ok,automatisk fra EEA-badevandsdata
2026-09-24T16:00:18+02:00,k-way238133763,sat vand,,ukendt,automatisk fra EEA-badevandsdata
2026-09-24T16:00:18+02:00,k-way239033613,sat vand,,ok,automatisk fra EEA-badevandsdata
2026-09-24T16:00:18+02:00,k-way239536576,sat vand,,ukendt,automatisk fra EEA-badevandsdata
2026-09-24T16:00:18+02:00,k-way239575296,sat vand,,ukendt,automatisk fra EEA-badevandsdata
2026-09-24T16:00:18+02:00,k-way239706608,sat vand,,ukendt,automatisk fra EEA-badevandsdata
2026-09-24T16:00:18+02:00,k-way240244660,sat vand,,ok,automatisk fra EEA-badevandsdata
2026-09-24T16:00:18+02:00,k-way242855231,sat vand,,ukendt,automatisk fra EEA-badevandsdata
2026-09-24T16:00:18+02:00,k-way244024202,sat vand,,ok,automatisk fra EEA-badevandsdata
2026-09-24T16:00:18+02:00,k-way244416877,sat vand,,ukendt,automatisk fra EEA-badevandsdata
2026-09-24T16:00:18+02:00,k-way245081409,sat vand,,ukendt,automatisk fra EEA-badevandsdata
2026-09-24T16:00:18+02:00,k-way245081599,sat vand,,ok,automatisk fra EEA-badevandsdata
2026-09-24T16:00:18+02:00,k-way245081600,sat vand,,ok,automatisk fra EEA-badevandsdata
2026-09-24T16:00:18+02:00,k-way245081603,sat vand,,ukendt,automatisk fra EEA-badevandsdata
2026-09-24T16:00:18+02:00,k-way245192389,sat vand,,ok,automatisk fra EEA-badevandsdata
2026-09-24T16:00:18+02:00,k-way245836689,sat vand,,ok,automatisk fra EEA-badevandsdata
2026-09-24T16:00:18+02:00,k-way246925800,sat vand,,ukendt,automatisk fra EEA-badevandsdata
2026-09-24T16:00:18+02:00,k-way250547575,sat vand,,ukendt,automatisk fra EEA-badevandsdata
2026-09-24T16:00:18+02:00,k-way251509988,sat vand,,ukendt,automatisk fra EEA-badevandsdata
2026-09-24T16:00:18+02:00,k-way251579625,sat vand,,ukendt,automatisk fra EEA-badevandsdata
2026-09-24T16:00:18+02:00,k-way251834557,sat vand,,ok,automatisk fra EEA-badevandsdata
2026-09-24T16:00:18+02:00,k-way253483832,sat vand,,ukendt,automatisk fra EEA-badevandsdata
2026-09-24T16:00:18+02:00,k-way253816688,sat vand,,ok,automatisk fra EEA-badevandsdata
2026-09-24T16:00:18+02:00,k-way254644838,sat vand,,ok,automatisk fra EEA-badevandsdata
2026-09-24T16:00:18+02:00,k-way255105778,sat vand,,ok,automatisk fra EEA-badevandsdata
2026-09-24T16:00:18+02:00,k-way255106532,sat vand,,ukendt,automatisk fra EEA-badevandsdata
2026-09-24T16:00:18+02:00,k-way25544377,sat vand,,ok,automatisk fra EEA-badevandsdata
2026-09-24T16:00:18+02:00,k-way25544865,sat vand,,ukendt,automatisk fra EEA-badevandsdata
2026-09-24T16:00:18+02:00,k-way25563263,sat vand,,ok,automatisk fra EEA-badevandsdata
2026-09-24T16:00:18+02:00,k-way255826325,sat vand,,ukendt,automatisk fra EEA-badevandsdata
2026-09-24T16:00:18+02:00,k-way257351616,sat vand,,ukendt,automatisk fra EEA-badevandsdata
2026-09-24T16:00:18+02:00,k-way25896235,sat vand,,ok,automatisk fra EEA-badevandsdata
2026-09-24T16:00:18+02:00,k-way26005060,sat vand,,ok,automatisk fra EEA-badevandsdata
2026-09-24T16:00:18+02:00,k-way260244157,sat vand,,ukendt,automatisk fra EEA-badevandsdata
2026-09-24T16:00:18+02:00,k-way260673592,sat vand,,ukendt,automatisk fra EEA-badevandsdata
2026-09-24T16:00:18+02:00,k-way260673597,sat vand,,ok,automatisk fra EEA-badevandsdata
2026-09-24T16:00:18+02:00,k-way260679456,sat vand,,ukendt,automatisk fra EEA-badevandsdata
2026-09-24T16:00:18+02:00,k-way260679457,sat vand,,ukendt,automatisk fra EEA-badevandsdata
2026-09-24T16:00:18+02:00,k-way26144484,sat vand,,ok,automatisk fra EEA-badevandsdata
2026-09-24T16:00:18+02:00,k-way26171974,sat vand,,ok,automatisk fra EEA-badevandsdata
2026-09-24T16:00:18+02:00,k-way26172023,sat vand,,ok,automatisk fra EEA-badevandsdata
2026-09-24T16:00:18+02:00,k-way26172030,sat vand,,ok,automatisk fra EEA-badevandsdata
2026-09-24T16:00:18+02:00,k-way26174334,sat vand,,ok,automatisk fra EEA-badevandsdata
2026-09-24T16:00:18+02:00,k-way26174346,sat vand,,ok,automatisk fra EEA-badevandsdata
2026-09-24T16:00:18+02:00,k-way26179095,sat vand,,ok,automatisk fra EEA-badevandsdata
2026-09-24T16:00:18+02:00,k-way26179138,sat vand,,ok,automatisk fra EEA-badevandsdata
2026-09-24T16:00:18+02:00,k-way26205050,sat vand,,ok,automatisk fra EEA-badevandsdata
2026-09-24T16:00:18+02:00,k-way26222497,sat vand,,ukendt,automatisk fra EEA-badevandsdata
2026-09-24T16:00:18+02:00,k-way262748623,sat vand,,ok,automatisk fra EEA-badevandsdata
2026-09-24T16:00:18+02:00,k-way263067243,sat vand,,ukendt,automatisk fra EEA-badevandsdata
2026-09-24T16:00:18+02:00,k-way264450074,sat vand,,ukendt,automatisk fra EEA-badevandsdata
2026-09-24T16:00:18+02:00,k-way26450723,sat vand,,ukendt,automatisk fra EEA-badevandsdata
2026-09-24T16:00:18+02:00,k-way26584735,sat vand,,tvivl,automatisk fra EEA-badevandsdata
2026-09-24T16:00:18+02:00,k-way26584739,sat vand,,tvivl,automatisk fra EEA-badevandsdata
2026-09-24T16:00:18+02:00,k-way268399478,sat vand,,ukendt,automatisk fra EEA-badevandsdata
2026-09-24T16:00:18+02:00,k-way27060097,sat vand,,ukendt,automatisk fra EEA-badevandsdata
2026-09-24T16:00:18+02:00,k-way27060641,sat vand,,ukendt,automatisk fra EEA-badevandsdata
2026-09-24T16:00:18+02:00,k-way271843019,sat vand,,ukendt,automatisk fra EEA-badevandsdata
2026-09-24T16:00:18+02:00,k-way273903276,sat vand,,ukendt,automatisk fra EEA-badevandsdata
2026-09-24T16:00:18+02:00,k-way275856275,sat vand,,ukendt,automatisk fra EEA-badevandsdata
2026-09-24T16:00:18+02:00,k-way276222691,sat vand,,ok,automatisk fra EEA-badevandsdata
2026-09-24T16:00:18+02:00,k-way276656324,sat vand,,ukendt,automatisk fra EEA-badevandsdata
2026-09-24T16:00:18+02:00,k-way276656326,sat vand,,ukendt,automatisk fra EEA-badevandsdata
2026-09-24T16:00:18+02:00,k-way276656330,sat vand,,ukendt,automatisk fra EEA-badevandsdata
2026-09-24T16:00:18+02:00,k-way276715455,sat vand,,ukendt,automatisk fra EEA-badevandsdata
2026-09-24T16:00:18+02:00,k-way276815651,sat vand,,ukendt,automatisk fra EEA-badevandsdata
2026-09-24T16:00:18+02:00,k-way276815652,sat vand,,ukendt,automatisk fra EEA-badevandsdata
2026-09-24T16:00:18+02:00,k-way276815671,sat vand,,ukendt,automatisk fra EEA-badevandsdata
2026-09-24T16:00:18+02:00,k-way276815672,sat vand,,ukendt,automatisk fra EEA-badevandsdata
2026-09-24T16:00:18+02:00,k-way276815685,sat vand,,ukendt,automatisk fra EEA-badevandsdata
2026-09-24T16:00:18+02:00,k-way276815699,sat vand,,ukendt,automatisk fra EEA-badevandsdata
2026-09-24T16:00:18+02:00,k-way276831413,sat vand,,ukendt,automatisk fra EEA-badevandsdata
2026-09-24T16:00:18+02:00,k-way276871534,sat vand,,ukendt,automatisk fra EEA-badevandsdata
2026-09-24T16:00:18+02:00,k-way277071450,sat vand,,ukendt,automatisk fra EEA-badevandsdata
2026-09-24T16:00:18+02:00,k-way277071455,sat vand,,ok,automatisk fra EEA-badevandsdata
2026-09-24T16:00:18+02:00,k-way277147184,sat vand,,ok,automatisk fra EEA-badevandsdata
2026-09-24T16:00:18+02:00,k-way279453486,sat vand,,ok,automatisk fra EEA-badevandsdata
2026-09-24T16:00:18+02:00,k-way282121643,sat vand,,ukendt,automatisk fra EEA-badevandsdata
2026-09-24T16:00:18+02:00,k-way283118101,sat vand,,ukendt,automatisk fra EEA-badevandsdata
2026-09-24T16:00:18+02:00,k-way283395677,sat vand,,ukendt,automatisk fra EEA-badevandsdata
2026-09-24T16:00:18+02:00,k-way283545276,sat vand,,ukendt,automatisk fra EEA-badevandsdata
2026-09-24T16:00:18+02:00,k-way283849531,sat vand,,ok,automatisk fra EEA-badevandsdata
2026-09-24T16:00:18+02:00,k-way283849537,sat vand,,ok,automatisk fra EEA-badevandsdata
2026-09-24T16:00:18+02:00,k-way283849559,sat vand,,ok,automatisk fra EEA-badevandsdata
2026-09-24T16:00:18+02:00,k-way284229771,sat vand,,ukendt,automatisk fra EEA-badevandsdata
2026-09-24T16:00:18+02:00,k-way284887213,sat vand,,ukendt,automatisk fra EEA-badevandsdata
2026-09-24T16:00:18+02:00,k-way284887217,sat vand,,ukendt,automatisk fra EEA-badevandsdata
2026-09-24T16:00:18+02:00,k-way285147034,sat vand,,ukendt,automatisk fra EEA-badevandsdata
2026-09-24T16:00:18+02:00,k-way285334190,sat vand,,ukendt,automatisk fra EEA-badevandsdata
2026-09-24T16:00:18+02:00,k-way285819413,sat vand,,tvivl,automatisk fra EEA-badevandsdata
2026-09-24T16:00:18+02:00,k-way285884284,sat vand,,ukendt,automatisk fra EEA-badevandsdata
2026-09-24T16:00:18+02:00,k-way286309498,sat vand,,ok,automatisk fra EEA-badevandsdata
2026-09-24T16:00:18+02:00,k-way286309501,sat vand,,ok,automatisk fra EEA-badevandsdata
2026-09-24T16:00:18+02:00,k-way28634630,sat vand,,ukendt,automatisk fra EEA-badevandsdata
2026-09-24T16:00:18+02:00,k-way288905561,sat vand,,ukendt,automatisk fra EEA-badevandsdata
2026-09-24T16:00:18+02:00,k-way290560229,sat vand,,ukendt,automatisk fra EEA-badevandsdata
2026-09-24T16:00:18+02:00,k-way29089596,sat vand,,ukendt,automatisk fra EEA-badevandsdata
2026-09-24T16:00:18+02:00,k-way292064130,sat vand,,ukendt,automatisk fra EEA-badevandsdata
2026-09-24T16:00:18+02:00,k-way292911261,sat vand,,ukendt,automatisk fra EEA-badevandsdata
2026-09-24T16:00:18+02:00,k-way293282794,sat vand,,ukendt,automatisk fra EEA-badevandsdata
2026-09-24T16:00:18+02:00,k-way294746118,sat vand,,ukendt,automatisk fra EEA-badevandsdata
2026-09-24T16:00:18+02:00,k-way295457141,sat vand,,ukendt,automatisk fra EEA-badevandsdata
2026-09-24T16:00:18+02:00,k-way298261286,sat vand,,ukendt,automatisk fra EEA-badevandsdata
2026-09-24T16:00:18+02:00,k-way298974300,sat vand,,ok,automatisk fra EEA-badevandsdata
2026-09-24T16:00:18+02:00,k-way298974304,sat vand,,ok,automatisk fra EEA-badevandsdata
2026-09-24T16:00:18+02:00,k-way298974312,sat vand,,ok,automatisk fra EEA-badevandsdata
2026-09-24T16:00:18+02:00,k-way301061639,sat vand,,ukendt,automatisk fra EEA-badevandsdata
2026-09-24T16:00:18+02:00,k-way30216794,sat vand,,ok,automatisk fra EEA-badevandsdata
2026-09-24T16:00:18+02:00,k-way302332067,sat vand,,ukendt,automatisk fra EEA-badevandsdata
2026-09-24T16:00:18+02:00,k-way303536674,sat vand,,ukendt,automatisk fra EEA-badevandsdata
2026-09-24T16:00:18+02:00,k-way303537561,sat vand,,ukendt,automatisk fra EEA-badevandsdata
2026-09-24T16:00:18+02:00,k-way303537567,sat vand,,ukendt,automatisk fra EEA-badevandsdata
2026-09-24T16:00:18+02:00,k-way303538673,sat vand,,ukendt,automatisk fra EEA-badevandsdata
2026-09-24T16:00:18+02:00,k-way304631853,sat vand,,ukendt,automatisk fra EEA-badevandsdata
2026-09-24T16:00:18+02:00,k-way304631855,sat vand,,ukendt,automatisk fra EEA-badevandsdata
2026-09-24T16:00:18+02:00,k-way304635636,sat vand,,ukendt,automatisk fra EEA-badevandsdata
2026-09-24T16:00:18+02:00,k-way306410276,sat vand,,ukendt,automatisk fra EEA-badevandsdata
2026-09-24T16:00:18+02:00,k-way306576919,sat vand,,ukendt,automatisk fra EEA-badevandsdata
2026-09-24T16:00:18+02:00,k-way308130179,sat vand,,ok,automatisk fra EEA-badevandsdata
2026-09-24T16:00:18+02:00,k-way310758874,sat vand,,ukendt,automatisk fra EEA-badevandsdata
2026-09-24T16:00:18+02:00,k-way312845007,sat vand,,ok,automatisk fra EEA-badevandsdata
2026-09-24T16:00:18+02:00,k-way314515790,sat vand,,ukendt,automatisk fra EEA-badevandsdata
2026-09-24T16:00:18+02:00,k-way316257699,sat vand,,ukendt,automatisk fra EEA-badevandsdata
2026-09-24T16:00:18+02:00,k-way317415083,sat vand,,ukendt,automatisk fra EEA-badevandsdata
2026-09-24T16:00:18+02:00,k-way317415095,sat vand,,ukendt,automatisk fra EEA-badevandsdata
2026-09-24T16:00:18+02:00,k-way317443181,sat vand,,ukendt,automatisk fra EEA-badevandsdata
2026-09-24T16:00:18+02:00,k-way317730262,sat vand,,ukendt,automatisk fra EEA-badevandsdata
2026-09-24T16:00:18+02:00,k-way317730276,sat vand,,ukendt,automatisk fra EEA-badevandsdata
2026-09-24T16:00:18+02:00,k-way319145644,sat vand,,ukendt,automatisk fra EEA-badevandsdata
2026-09-24T16:00:18+02:00,k-way319994660,sat vand,,ukendt,automatisk fra EEA-badevandsdata
2026-09-24T16:00:18+02:00,k-way320040105,sat vand,,ukendt,automatisk fra EEA-badevandsdata
2026-09-24T16:00:18+02:00,k-way320052365,sat vand,,ok,automatisk fra EEA-badevandsdata
2026-09-24T16:00:18+02:00,k-way320391467,sat vand,,ukendt,automatisk fra EEA-badevandsdata
2026-09-24T16:00:18+02:00,k-way321002824,sat vand,,ukendt,automatisk fra EEA-badevandsdata
2026-09-24T16:00:18+02:00,k-way321005356,sat vand,,ukendt,automatisk fra EEA-badevandsdata
2026-09-24T16:00:18+02:00,k-way321299579,sat vand,,ukendt,automatisk fra EEA-badevandsdata
2026-09-24T16:00:18+02:00,k-way321299586,sat vand,,ukendt,automatisk fra EEA-badevandsdata
2026-09-24T16:00:18+02:00,k-way321299598,sat vand,,ukendt,automatisk fra EEA-badevandsdata
2026-09-24T16:00:18+02:00,k-way321299609,sat vand,,ukendt,automatisk fra EEA-badevandsdata
2026-09-24T16:00:18+02:00,k-way321299615,sat vand,,ok,automatisk fra EEA-badevandsdata
2026-09-24T16:00:18+02:00,k-way324050357,sat vand,,ukendt,automatisk fra EEA-badevandsdata
2026-09-24T16:00:18+02:00,k-way32445315,sat vand,,ok,automatisk fra EEA-badevandsdata
2026-09-24T16:00:18+02:00,k-way32445317,sat vand,,ok,automatisk fra EEA-badevandsdata
2026-09-24T16:00:18+02:00,k-way32445320,sat vand,,ok,automatisk fra EEA-badevandsdata
2026-09-24T16:00:18+02:00,k-way326002777,sat vand,,ukendt,automatisk fra EEA-badevandsdata
2026-09-24T16:00:18+02:00,k-way327091330,sat vand,,ukendt,automatisk fra EEA-badevandsdata
2026-09-24T16:00:18+02:00,k-way327222120,sat vand,,ukendt,automatisk fra EEA-badevandsdata
2026-09-24T16:00:18+02:00,k-way327760845,sat vand,,ukendt,automatisk fra EEA-badevandsdata
2026-09-24T16:00:18+02:00,k-way32808678,sat vand,,ok,automatisk fra EEA-badevandsdata
2026-09-24T16:00:18+02:00,k-way32808747,sat vand,,ok,automatisk fra EEA-badevandsdata
2026-09-24T16:00:18+02:00,k-way328306023,sat vand,,ok,automatisk fra EEA-badevandsdata
2026-09-24T16:00:18+02:00,k-way328538384,sat vand,,ok,automatisk fra EEA-badevandsdata
2026-09-24T16:00:18+02:00,k-way32957875,sat vand,,ukendt,automatisk fra EEA-badevandsdata
2026-09-24T16:00:18+02:00,k-way32957888,sat vand,,ukendt,automatisk fra EEA-badevandsdata
2026-09-24T16:00:18+02:00,k-way331829260,sat vand,,ukendt,automatisk fra EEA-badevandsdata
2026-09-24T16:00:18+02:00,k-way331829263,sat vand,,ukendt,automatisk fra EEA-badevandsdata
2026-09-24T16:00:18+02:00,k-way331853072,sat vand,,ukendt,automatisk fra EEA-badevandsdata
2026-09-24T16:00:18+02:00,k-way331853073,sat vand,,ukendt,automatisk fra EEA-badevandsdata
2026-09-24T16:00:18+02:00,k-way334282341,sat vand,,ukendt,automatisk fra EEA-badevandsdata
2026-09-24T16:00:18+02:00,k-way334938191,sat vand,,ok,automatisk fra EEA-badevandsdata
2026-09-24T16:00:18+02:00,k-way33598739,sat vand,,ok,automatisk fra EEA-badevandsdata
2026-09-24T16:00:18+02:00,k-way336003605,sat vand,,ukendt,automatisk fra EEA-badevandsdata
2026-09-24T16:00:18+02:00,k-way33605179,sat vand,,ukendt,automatisk fra EEA-badevandsdata
2026-09-24T16:00:18+02:00,k-way341008485,sat vand,,ukendt,automatisk fra EEA-badevandsdata
2026-09-24T16:00:18+02:00,k-way341390671,sat vand,,ukendt,automatisk fra EEA-badevandsdata
2026-09-24T16:00:18+02:00,k-way342358694,sat vand,,ok,automatisk fra EEA-badevandsdata
2026-09-24T16:00:18+02:00,k-way343961521,sat vand,,ukendt,automatisk fra EEA-badevandsdata
2026-09-24T16:00:18+02:00,k-way344055989,sat vand,,ukendt,automatisk fra EEA-badevandsdata
2026-09-24T16:00:18+02:00,k-way344545560,sat vand,,ukendt,automatisk fra EEA-badevandsdata
2026-09-24T16:00:18+02:00,k-way345836301,sat vand,,ukendt,automatisk fra EEA-badevandsdata
2026-09-24T16:00:18+02:00,k-way346027144,sat vand,,ukendt,automatisk fra EEA-badevandsdata
2026-09-24T16:00:18+02:00,k-way346027145,sat vand,,ukendt,automatisk fra EEA-badevandsdata
2026-09-24T16:00:18+02:00,k-way348679713,sat vand,,ukendt,automatisk fra EEA-badevandsdata
2026-09-24T16:00:18+02:00,k-way348679715,sat vand,,ukendt,automatisk fra EEA-badevandsdata
2026-09-24T16:00:18+02:00,k-way348746180,sat vand,,ok,automatisk fra EEA-badevandsdata
2026-09-24T16:00:18+02:00,k-way348746183,sat vand,,ukendt,automatisk fra EEA-badevandsdata
2026-09-24T16:00:18+02:00,k-way348746184,sat vand,,ukendt,automatisk fra EEA-badevandsdata
2026-09-24T16:00:18+02:00,k-way348746186,sat vand,,ok,automatisk fra EEA-badevandsdata
2026-09-24T16:00:18+02:00,k-way348746187,sat vand,,ukendt,automatisk fra EEA-badevandsdata
2026-09-24T16:00:18+02:00,k-way348746189,sat vand,,ukendt,automatisk fra EEA-badevandsdata
2026-09-24T16:00:18+02:00,k-way348746205,sat vand,,ukendt,automatisk fra EEA-badevandsdata
2026-09-24T16:00:18+02:00,k-way349885639,sat vand,,ok,automatisk fra EEA-badevandsdata
2026-09-24T16:00:18+02:00,k-way349890670,sat vand,,ukendt,automatisk fra EEA-badevandsdata
2026-09-24T16:00:18+02:00,k-way349890671,sat vand,,ok,automatisk fra EEA-badevandsdata
2026-09-24T16:00:18+02:00,k-way349890674,sat vand,,ukendt,automatisk fra EEA-badevandsdata
2026-09-24T16:00:18+02:00,k-way349912035,sat vand,,ukendt,automatisk fra EEA-badevandsdata
2026-09-24T16:00:18+02:00,k-way349912040,sat vand,,ukendt,automatisk fra EEA-badevandsdata
2026-09-24T16:00:18+02:00,k-way349912049,sat vand,,ok,automatisk fra EEA-badevandsdata
2026-09-24T16:00:18+02:00,k-way349912051,sat vand,,ok,automatisk fra EEA-badevandsdata
2026-09-24T16:00:18+02:00,k-way349912054,sat vand,,ok,automatisk fra EEA-badevandsdata
2026-09-24T16:00:18+02:00,k-way349914795,sat vand,,ukendt,automatisk fra EEA-badevandsdata
2026-09-24T16:00:18+02:00,k-way349914796,sat vand,,ukendt,automatisk fra EEA-badevandsdata
2026-09-24T16:00:18+02:00,k-way349914797,sat vand,,ukendt,automatisk fra EEA-badevandsdata
2026-09-24T16:00:18+02:00,k-way350050761,sat vand,,ukendt,automatisk fra EEA-badevandsdata
2026-09-24T16:00:18+02:00,k-way350050765,sat vand,,ukendt,automatisk fra EEA-badevandsdata
2026-09-24T16:00:18+02:00,k-way352286091,sat vand,,ukendt,automatisk fra EEA-badevandsdata
2026-09-24T16:00:18+02:00,k-way356794715,sat vand,,ok,automatisk fra EEA-badevandsdata
2026-09-24T16:00:18+02:00,k-way357095121,sat vand,,ukendt,automatisk fra EEA-badevandsdata
2026-09-24T16:00:18+02:00,k-way357095122,sat vand,,ukendt,automatisk fra EEA-badevandsdata
2026-09-24T16:00:18+02:00,k-way357173542,sat vand,,ukendt,automatisk fra EEA-badevandsdata
2026-09-24T16:00:18+02:00,k-way357173543,sat vand,,ukendt,automatisk fra EEA-badevandsdata
2026-09-24T16:00:18+02:00,k-way360542237,sat vand,,ukendt,automatisk fra EEA-badevandsdata
2026-09-24T16:00:18+02:00,k-way360618032,sat vand,,ukendt,automatisk fra EEA-badevandsdata
2026-09-24T16:00:18+02:00,k-way36253162,sat vand,,ukendt,automatisk fra EEA-badevandsdata
2026-09-24T16:00:18+02:00,k-way363728036,sat vand,,ok,automatisk fra EEA-badevandsdata
2026-09-24T16:00:18+02:00,k-way363982880,sat vand,,ukendt,automatisk fra EEA-badevandsdata
2026-09-24T16:00:18+02:00,k-way364951372,sat vand,,ukendt,automatisk fra EEA-badevandsdata
2026-09-24T16:00:18+02:00,k-way366082674,sat vand,,ok,automatisk fra EEA-badevandsdata
2026-09-24T16:00:18+02:00,k-way366889113,sat vand,,ukendt,automatisk fra EEA-badevandsdata
2026-09-24T16:00:18+02:00,k-way366889123,sat vand,,ok,automatisk fra EEA-badevandsdata
2026-09-24T16:00:18+02:00,k-way366889125,sat vand,,ok,automatisk fra EEA-badevandsdata
2026-09-24T16:00:18+02:00,k-way366889138,sat vand,,ukendt,automatisk fra EEA-badevandsdata
2026-09-24T16:00:18+02:00,k-way366889139,sat vand,,ukendt,automatisk fra EEA-badevandsdata
2026-09-24T16:00:18+02:00,k-way366889140,sat vand,,ukendt,automatisk fra EEA-badevandsdata
2026-09-24T16:00:18+02:00,k-way366889141,sat vand,,ukendt,automatisk fra EEA-badevandsdata
2026-09-24T16:00:18+02:00,k-way366889142,sat vand,,ok,automatisk fra EEA-badevandsdata
2026-09-24T16:00:18+02:00,k-way367044073,sat vand,,ok,automatisk fra EEA-badevandsdata
2026-09-24T16:00:18+02:00,k-way367330863,sat vand,,ukendt,automatisk fra EEA-badevandsdata
2026-09-24T16:00:18+02:00,k-way367503942,sat vand,,ukendt,automatisk fra EEA-badevandsdata
2026-09-24T16:00:18+02:00,k-way367513116,sat vand,,ukendt,automatisk fra EEA-badevandsdata
2026-09-24T16:00:18+02:00,k-way368348820,sat vand,,ukendt,automatisk fra EEA-badevandsdata
2026-09-24T16:00:18+02:00,k-way368911507,sat vand,,ukendt,automatisk fra EEA-badevandsdata
2026-09-24T16:00:18+02:00,k-way369594739,sat vand,,ukendt,automatisk fra EEA-badevandsdata
2026-09-24T16:00:18+02:00,k-way370269926,sat vand,,tvivl,automatisk fra EEA-badevandsdata
2026-09-24T16:00:18+02:00,k-way371632365,sat vand,,ukendt,automatisk fra EEA-badevandsdata
2026-09-24T16:00:18+02:00,k-way371632368,sat vand,,ukendt,automatisk fra EEA-badevandsdata
2026-09-24T16:00:18+02:00,k-way371632369,sat vand,,ukendt,automatisk fra EEA-badevandsdata
2026-09-24T16:00:18+02:00,k-way371632370,sat vand,,ukendt,automatisk fra EEA-badevandsdata
2026-09-24T16:00:18+02:00,k-way371632392,sat vand,,ukendt,automatisk fra EEA-badevandsdata
2026-09-24T16:00:18+02:00,k-way374251580,sat vand,,ukendt,automatisk fra EEA-badevandsdata
2026-09-24T16:00:18+02:00,k-way374613982,sat vand,,ok,automatisk fra EEA-badevandsdata
2026-09-24T16:00:18+02:00,k-way377264527,sat vand,,ukendt,automatisk fra EEA-badevandsdata
2026-09-24T16:00:18+02:00,k-way378882461,sat vand,,ukendt,automatisk fra EEA-badevandsdata
2026-09-24T16:00:18+02:00,k-way378946742,sat vand,,ok,automatisk fra EEA-badevandsdata
2026-09-24T16:00:18+02:00,k-way378946743,sat vand,,ok,automatisk fra EEA-badevandsdata
2026-09-24T16:00:18+02:00,k-way378946744,sat vand,,ok,automatisk fra EEA-badevandsdata
2026-09-24T16:00:18+02:00,k-way379098302,sat vand,,ok,automatisk fra EEA-badevandsdata
2026-09-24T16:00:18+02:00,k-way380911532,sat vand,,ok,automatisk fra EEA-badevandsdata
2026-09-24T16:00:18+02:00,k-way381161042,sat vand,,ok,automatisk fra EEA-badevandsdata
2026-09-24T16:00:18+02:00,k-way381164899,sat vand,,ukendt,automatisk fra EEA-badevandsdata
2026-09-24T16:00:18+02:00,k-way381453749,sat vand,,ok,automatisk fra EEA-badevandsdata
2026-09-24T16:00:18+02:00,k-way381454800,sat vand,,ok,automatisk fra EEA-badevandsdata
2026-09-24T16:00:18+02:00,k-way381454802,sat vand,,ukendt,automatisk fra EEA-badevandsdata
2026-09-24T16:00:18+02:00,k-way38146661,sat vand,,ukendt,automatisk fra EEA-badevandsdata
2026-09-24T16:00:18+02:00,k-way382351976,sat vand,,ukendt,automatisk fra EEA-badevandsdata
2026-09-24T16:00:18+02:00,k-way38236313,sat vand,,ukendt,automatisk fra EEA-badevandsdata
2026-09-24T16:00:18+02:00,k-way382425839,sat vand,,ukendt,automatisk fra EEA-badevandsdata
2026-09-24T16:00:18+02:00,k-way38245075,sat vand,,ok,automatisk fra EEA-badevandsdata
2026-09-24T16:00:18+02:00,k-way383480324,sat vand,,ukendt,automatisk fra EEA-badevandsdata
2026-09-24T16:00:18+02:00,k-way383657593,sat vand,,ok,automatisk fra EEA-badevandsdata
2026-09-24T16:00:18+02:00,k-way383657599,sat vand,,ok,automatisk fra EEA-badevandsdata
2026-09-24T16:00:18+02:00,k-way383990346,sat vand,,ukendt,automatisk fra EEA-badevandsdata
2026-09-24T16:00:18+02:00,k-way386640276,sat vand,,ukendt,automatisk fra EEA-badevandsdata
2026-09-24T16:00:18+02:00,k-way387036753,sat vand,,ukendt,automatisk fra EEA-badevandsdata
2026-09-24T16:00:18+02:00,k-way38776128,sat vand,,ukendt,automatisk fra EEA-badevandsdata
2026-09-24T16:00:18+02:00,k-way38776132,sat vand,,ukendt,automatisk fra EEA-badevandsdata
2026-09-24T16:00:18+02:00,k-way389351674,sat vand,,ukendt,automatisk fra EEA-badevandsdata
2026-09-24T16:00:18+02:00,k-way38982137,sat vand,,ok,automatisk fra EEA-badevandsdata
2026-09-24T16:00:18+02:00,k-way38991597,sat vand,,ukendt,automatisk fra EEA-badevandsdata
2026-09-24T16:00:18+02:00,k-way38991602,sat vand,,ukendt,automatisk fra EEA-badevandsdata
2026-09-24T16:00:18+02:00,k-way391707940,sat vand,,ukendt,automatisk fra EEA-badevandsdata
2026-09-24T16:00:18+02:00,k-way393003659,sat vand,,ukendt,automatisk fra EEA-badevandsdata
2026-09-24T16:00:18+02:00,k-way393003664,sat vand,,ukendt,automatisk fra EEA-badevandsdata
2026-09-24T16:00:18+02:00,k-way394905658,sat vand,,ukendt,automatisk fra EEA-badevandsdata
2026-09-24T16:00:18+02:00,k-way395140594,sat vand,,ukendt,automatisk fra EEA-badevandsdata
2026-09-24T16:00:18+02:00,k-way396710269,sat vand,,ukendt,automatisk fra EEA-badevandsdata
2026-09-24T16:00:18+02:00,k-way400618644,sat vand,,ukendt,automatisk fra EEA-badevandsdata
2026-09-24T16:00:18+02:00,k-way400618646,sat vand,,ukendt,automatisk fra EEA-badevandsdata
2026-09-24T16:00:18+02:00,k-way400618647,sat vand,,ukendt,automatisk fra EEA-badevandsdata
2026-09-24T16:00:18+02:00,k-way400618649,sat vand,,ukendt,automatisk fra EEA-badevandsdata
2026-09-24T16:00:18+02:00,k-way400618650,sat vand,,ok,automatisk fra EEA-badevandsdata
2026-09-24T16:00:18+02:00,k-way400618653,sat vand,,ukendt,automatisk fra EEA-badevandsdata
2026-09-24T16:00:18+02:00,k-way400618654,sat vand,,ok,automatisk fra EEA-badevandsdata
2026-09-24T16:00:18+02:00,k-way400618659,sat vand,,ukendt,automatisk fra EEA-badevandsdata
2026-09-24T16:00:18+02:00,k-way400618660,sat vand,,ukendt,automatisk fra EEA-badevandsdata
2026-09-24T16:00:18+02:00,k-way400618663,sat vand,,ukendt,automatisk fra EEA-badevandsdata
2026-09-24T16:00:18+02:00,k-way400618665,sat vand,,ukendt,automatisk fra EEA-badevandsdata
2026-09-24T16:00:18+02:00,k-way400618669,sat vand,,ukendt,automatisk fra EEA-badevandsdata
2026-09-24T16:00:18+02:00,k-way401613384,sat vand,,ok,automatisk fra EEA-badevandsdata
2026-09-24T16:00:18+02:00,k-way402105814,sat vand,,ok,automatisk fra EEA-badevandsdata
2026-09-24T16:00:18+02:00,k-way402138517,sat vand,,ok,automatisk fra EEA-badevandsdata
2026-09-24T16:00:18+02:00,k-way402138518,sat vand,,ok,automatisk fra EEA-badevandsdata
2026-09-24T16:00:18+02:00,k-way40401584,sat vand,,ok,automatisk fra EEA-badevandsdata
2026-09-24T16:00:18+02:00,k-way40525082,sat vand,,ukendt,automatisk fra EEA-badevandsdata
2026-09-24T16:00:18+02:00,k-way40525085,sat vand,,ok,automatisk fra EEA-badevandsdata
2026-09-24T16:00:18+02:00,k-way405738931,sat vand,,ok,automatisk fra EEA-badevandsdata
2026-09-24T16:00:18+02:00,k-way40583226,sat vand,,ukendt,automatisk fra EEA-badevandsdata
2026-09-24T16:00:18+02:00,k-way407266176,sat vand,,ukendt,automatisk fra EEA-badevandsdata
2026-09-24T16:00:18+02:00,k-way407485338,sat vand,,ok,automatisk fra EEA-badevandsdata
2026-09-24T16:00:18+02:00,k-way407488883,sat vand,,ok,automatisk fra EEA-badevandsdata
2026-09-24T16:00:18+02:00,k-way407497131,sat vand,,ok,automatisk fra EEA-badevandsdata
2026-09-24T16:00:18+02:00,k-way407521427,sat vand,,ukendt,automatisk fra EEA-badevandsdata
2026-09-24T16:00:18+02:00,k-way408163526,sat vand,,ukendt,automatisk fra EEA-badevandsdata
2026-09-24T16:00:18+02:00,k-way408828403,sat vand,,ukendt,automatisk fra EEA-badevandsdata
2026-09-24T16:00:18+02:00,k-way408828411,sat vand,,ukendt,automatisk fra EEA-badevandsdata
2026-09-24T16:00:18+02:00,k-way409322115,sat vand,,ukendt,automatisk fra EEA-badevandsdata
2026-09-24T16:00:18+02:00,k-way409426098,sat vand,,ok,automatisk fra EEA-badevandsdata
2026-09-24T16:00:18+02:00,k-way409426101,sat vand,,ok,automatisk fra EEA-badevandsdata
2026-09-24T16:00:18+02:00,k-way40945703,sat vand,,ukendt,automatisk fra EEA-badevandsdata
2026-09-24T16:00:18+02:00,k-way40945714,sat vand,,ok,automatisk fra EEA-badevandsdata
2026-09-24T16:00:18+02:00,k-way40953590,sat vand,,ok,automatisk fra EEA-badevandsdata
2026-09-24T16:00:18+02:00,k-way40960152,sat vand,,ukendt,automatisk fra EEA-badevandsdata
2026-09-24T16:00:18+02:00,k-way409976639,sat vand,,ukendt,automatisk fra EEA-badevandsdata
2026-09-24T16:00:18+02:00,k-way410882718,sat vand,,ok,automatisk fra EEA-badevandsdata
2026-09-24T16:00:18+02:00,k-way414675572,sat vand,,ukendt,automatisk fra EEA-badevandsdata
2026-09-24T16:00:18+02:00,k-way414675575,sat vand,,ukendt,automatisk fra EEA-badevandsdata
2026-09-24T16:00:18+02:00,k-way414825468,sat vand,,ok,automatisk fra EEA-badevandsdata
2026-09-24T16:00:18+02:00,k-way41563323,sat vand,,ok,automatisk fra EEA-badevandsdata
2026-09-24T16:00:18+02:00,k-way416904597,sat vand,,ok,automatisk fra EEA-badevandsdata
2026-09-24T16:00:18+02:00,k-way420016448,sat vand,,ok,automatisk fra EEA-badevandsdata
2026-09-24T16:00:18+02:00,k-way420741847,sat vand,,ukendt,automatisk fra EEA-badevandsdata
2026-09-24T16:00:18+02:00,k-way421149638,sat vand,,ukendt,automatisk fra EEA-badevandsdata
2026-09-24T16:00:18+02:00,k-way421149639,sat vand,,ukendt,automatisk fra EEA-badevandsdata
2026-09-24T16:00:18+02:00,k-way421179063,sat vand,,ukendt,automatisk fra EEA-badevandsdata
2026-09-24T16:00:18+02:00,k-way421467534,sat vand,,ukendt,automatisk fra EEA-badevandsdata
2026-09-24T16:00:18+02:00,k-way421467535,sat vand,,ukendt,automatisk fra EEA-badevandsdata
2026-09-24T16:00:18+02:00,k-way422064462,sat vand,,ukendt,automatisk fra EEA-badevandsdata
2026-09-24T16:00:18+02:00,k-way424285569,sat vand,,ukendt,automatisk fra EEA-badevandsdata
2026-09-24T16:00:18+02:00,k-way42503944,sat vand,,tvivl,automatisk fra EEA-badevandsdata
2026-09-24T16:00:18+02:00,k-way425070163,sat vand,,ukendt,automatisk fra EEA-badevandsdata
2026-09-24T16:00:18+02:00,k-way425831571,sat vand,,ukendt,automatisk fra EEA-badevandsdata
2026-09-24T16:00:18+02:00,k-way426584288,sat vand,,ukendt,automatisk fra EEA-badevandsdata
2026-09-24T16:00:18+02:00,k-way426746028,sat vand,,ok,automatisk fra EEA-badevandsdata
2026-09-24T16:00:18+02:00,k-way427510443,sat vand,,ok,automatisk fra EEA-badevandsdata
2026-09-24T16:00:18+02:00,k-way429448541,sat vand,,ok,automatisk fra EEA-badevandsdata
2026-09-24T16:00:18+02:00,k-way429455411,sat vand,,ok,automatisk fra EEA-badevandsdata
2026-09-24T16:00:18+02:00,k-way429455997,sat vand,,ok,automatisk fra EEA-badevandsdata
2026-09-24T16:00:18+02:00,k-way429473024,sat vand,,ukendt,automatisk fra EEA-badevandsdata
2026-09-24T16:00:18+02:00,k-way429900566,sat vand,,ukendt,automatisk fra EEA-badevandsdata
2026-09-24T16:00:18+02:00,k-way429900569,sat vand,,ukendt,automatisk fra EEA-badevandsdata
2026-09-24T16:00:18+02:00,k-way429900575,sat vand,,ukendt,automatisk fra EEA-badevandsdata
2026-09-24T16:00:18+02:00,k-way429900576,sat vand,,ukendt,automatisk fra EEA-badevandsdata
2026-09-24T16:00:18+02:00,k-way429900577,sat vand,,ukendt,automatisk fra EEA-badevandsdata
2026-09-24T16:00:18+02:00,k-way430038967,sat vand,,ok,automatisk fra EEA-badevandsdata
2026-09-24T16:00:18+02:00,k-way430119264,sat vand,,ukendt,automatisk fra EEA-badevandsdata
2026-09-24T16:00:18+02:00,k-way430119481,sat vand,,ukendt,automatisk fra EEA-badevandsdata
2026-09-24T16:00:18+02:00,k-way430247471,sat vand,,ukendt,automatisk fra EEA-badevandsdata
2026-09-24T16:00:18+02:00,k-way43108684,sat vand,,ukendt,automatisk fra EEA-badevandsdata
2026-09-24T16:00:18+02:00,k-way43109740,sat vand,,ok,automatisk fra EEA-badevandsdata
2026-09-24T16:00:18+02:00,k-way43113379,sat vand,,ukendt,automatisk fra EEA-badevandsdata
2026-09-24T16:00:18+02:00,k-way43113381,sat vand,,ukendt,automatisk fra EEA-badevandsdata
2026-09-24T16:00:18+02:00,k-way431330150,sat vand,,ok,automatisk fra EEA-badevandsdata
2026-09-24T16:00:18+02:00,k-way4327240,sat vand,,ukendt,automatisk fra EEA-badevandsdata
2026-09-24T16:00:18+02:00,k-way432989679,sat vand,,ukendt,automatisk fra EEA-badevandsdata
2026-09-24T16:00:18+02:00,k-way43308603,sat vand,,ok,automatisk fra EEA-badevandsdata
2026-09-24T16:00:18+02:00,k-way433256800,sat vand,,ukendt,automatisk fra EEA-badevandsdata
2026-09-24T16:00:18+02:00,k-way433866929,sat vand,,ukendt,automatisk fra EEA-badevandsdata
2026-09-24T16:00:18+02:00,k-way435217094,sat vand,,ukendt,automatisk fra EEA-badevandsdata
2026-09-24T16:00:18+02:00,k-way436156067,sat vand,,ukendt,automatisk fra EEA-badevandsdata
2026-09-24T16:00:18+02:00,k-way437169534,sat vand,,ukendt,automatisk fra EEA-badevandsdata
2026-09-24T16:00:18+02:00,k-way437884067,sat vand,,ukendt,automatisk fra EEA-badevandsdata
2026-09-24T16:00:18+02:00,k-way43914593,sat vand,,ukendt,automatisk fra EEA-badevandsdata
2026-09-24T16:00:18+02:00,k-way439383628,sat vand,,ukendt,automatisk fra EEA-badevandsdata
2026-09-24T16:00:18+02:00,k-way440207115,sat vand,,ukendt,automatisk fra EEA-badevandsdata
2026-09-24T16:00:18+02:00,k-way440207118,sat vand,,ukendt,automatisk fra EEA-badevandsdata
2026-09-24T16:00:18+02:00,k-way442486896,sat vand,,tvivl,automatisk fra EEA-badevandsdata
2026-09-24T16:00:18+02:00,k-way443061412,sat vand,,ok,automatisk fra EEA-badevandsdata
2026-09-24T16:00:18+02:00,k-way443145010,sat vand,,ukendt,automatisk fra EEA-badevandsdata
2026-09-24T16:00:18+02:00,k-way443182222,sat vand,,ukendt,automatisk fra EEA-badevandsdata
2026-09-24T16:00:18+02:00,k-way444260232,sat vand,,ukendt,automatisk fra EEA-badevandsdata
2026-09-24T16:00:18+02:00,k-way444429483,sat vand,,ukendt,automatisk fra EEA-badevandsdata
2026-09-24T16:00:18+02:00,k-way444788803,sat vand,,ukendt,automatisk fra EEA-badevandsdata
2026-09-24T16:00:18+02:00,k-way444825067,sat vand,,ukendt,automatisk fra EEA-badevandsdata
2026-09-24T16:00:18+02:00,k-way445107282,sat vand,,ok,automatisk fra EEA-badevandsdata
2026-09-24T16:00:18+02:00,k-way446918265,sat vand,,ok,automatisk fra EEA-badevandsdata
2026-09-24T16:00:18+02:00,k-way447100130,sat vand,,ok,automatisk fra EEA-badevandsdata
2026-09-24T16:00:18+02:00,k-way447103545,sat vand,,ukendt,automatisk fra EEA-badevandsdata
2026-09-24T16:00:18+02:00,k-way447452123,sat vand,,ukendt,automatisk fra EEA-badevandsdata
2026-09-24T16:00:18+02:00,k-way447945525,sat vand,,ukendt,automatisk fra EEA-badevandsdata
2026-09-24T16:00:18+02:00,k-way447945526,sat vand,,ukendt,automatisk fra EEA-badevandsdata
2026-09-24T16:00:18+02:00,k-way447945529,sat vand,,ukendt,automatisk fra EEA-badevandsdata
2026-09-24T16:00:18+02:00,k-way448937393,sat vand,,ok,automatisk fra EEA-badevandsdata
2026-09-24T16:00:18+02:00,k-way448937394,sat vand,,ok,automatisk fra EEA-badevandsdata
2026-09-24T16:00:18+02:00,k-way448937396,sat vand,,ok,automatisk fra EEA-badevandsdata
2026-09-24T16:00:18+02:00,k-way448939479,sat vand,,ukendt,automatisk fra EEA-badevandsdata
2026-09-24T16:00:18+02:00,k-way448941802,sat vand,,ukendt,automatisk fra EEA-badevandsdata
2026-09-24T16:00:18+02:00,k-way448986586,sat vand,,ukendt,automatisk fra EEA-badevandsdata
2026-09-24T16:00:18+02:00,k-way449043950,sat vand,,ukendt,automatisk fra EEA-badevandsdata
2026-09-24T16:00:18+02:00,k-way449131564,sat vand,,ukendt,automatisk fra EEA-badevandsdata
2026-09-24T16:00:18+02:00,k-way449132077,sat vand,,ukendt,automatisk fra EEA-badevandsdata
2026-09-24T16:00:18+02:00,k-way449222897,sat vand,,ukendt,automatisk fra EEA-badevandsdata
2026-09-24T16:00:18+02:00,k-way450128286,sat vand,,ukendt,automatisk fra EEA-badevandsdata
2026-09-24T16:00:18+02:00,k-way454190031,sat vand,,ukendt,automatisk fra EEA-badevandsdata
2026-09-24T16:00:18+02:00,k-way454190032,sat vand,,ukendt,automatisk fra EEA-badevandsdata
2026-09-24T16:00:18+02:00,k-way454705313,sat vand,,ukendt,automatisk fra EEA-badevandsdata
2026-09-24T16:00:18+02:00,k-way454730409,sat vand,,ok,automatisk fra EEA-badevandsdata
2026-09-24T16:00:18+02:00,k-way457328928,sat vand,,ukendt,automatisk fra EEA-badevandsdata
2026-09-24T16:00:18+02:00,k-way458323038,sat vand,,ukendt,automatisk fra EEA-badevandsdata
2026-09-24T16:00:18+02:00,k-way460920283,sat vand,,ukendt,automatisk fra EEA-badevandsdata
2026-09-24T16:00:18+02:00,k-way46138500,sat vand,,ukendt,automatisk fra EEA-badevandsdata
2026-09-24T16:00:18+02:00,k-way46138503,sat vand,,ukendt,automatisk fra EEA-badevandsdata
2026-09-24T16:00:18+02:00,k-way462577593,sat vand,,ukendt,automatisk fra EEA-badevandsdata
2026-09-24T16:00:18+02:00,k-way463258840,sat vand,,ok,automatisk fra EEA-badevandsdata
2026-09-24T16:00:18+02:00,k-way463978309,sat vand,,ukendt,automatisk fra EEA-badevandsdata
2026-09-24T16:00:18+02:00,k-way465304806,sat vand,,ukendt,automatisk fra EEA-badevandsdata
2026-09-24T16:00:18+02:00,k-way465671714,sat vand,,ok,automatisk fra EEA-badevandsdata
2026-09-24T16:00:18+02:00,k-way465671720,sat vand,,ok,automatisk fra EEA-badevandsdata
2026-09-24T16:00:18+02:00,k-way465974694,sat vand,,ukendt,automatisk fra EEA-badevandsdata
2026-09-24T16:00:18+02:00,k-way466652251,sat vand,,ok,automatisk fra EEA-badevandsdata
2026-09-24T16:00:18+02:00,k-way466939769,sat vand,,ok,automatisk fra EEA-badevandsdata
2026-09-24T16:00:18+02:00,k-way467028054,sat vand,,ukendt,automatisk fra EEA-badevandsdata
2026-09-24T16:00:18+02:00,k-way467226733,sat vand,,ok,automatisk fra EEA-badevandsdata
2026-09-24T16:00:18+02:00,k-way467836945,sat vand,,ukendt,automatisk fra EEA-badevandsdata
2026-09-24T16:00:18+02:00,k-way467958682,sat vand,,ukendt,automatisk fra EEA-badevandsdata
2026-09-24T16:00:18+02:00,k-way468073471,sat vand,,ukendt,automatisk fra EEA-badevandsdata
2026-09-24T16:00:18+02:00,k-way468073742,sat vand,,ukendt,automatisk fra EEA-badevandsdata
2026-09-24T16:00:18+02:00,k-way469210725,sat vand,,ukendt,automatisk fra EEA-badevandsdata
2026-09-24T16:00:18+02:00,k-way470664412,sat vand,,ukendt,automatisk fra EEA-badevandsdata
2026-09-24T16:00:18+02:00,k-way470664423,sat vand,,ukendt,automatisk fra EEA-badevandsdata
2026-09-24T16:00:18+02:00,k-way47093437,sat vand,,ukendt,automatisk fra EEA-badevandsdata
2026-09-24T16:00:18+02:00,k-way472393507,sat vand,,ok,automatisk fra EEA-badevandsdata
2026-09-24T16:00:18+02:00,k-way473347901,sat vand,,ukendt,automatisk fra EEA-badevandsdata
2026-09-24T16:00:18+02:00,k-way473431641,sat vand,,ukendt,automatisk fra EEA-badevandsdata
2026-09-24T16:00:18+02:00,k-way473572619,sat vand,,ukendt,automatisk fra EEA-badevandsdata
2026-09-24T16:00:18+02:00,k-way475882603,sat vand,,ukendt,automatisk fra EEA-badevandsdata
2026-09-24T16:00:18+02:00,k-way476104164,sat vand,,ukendt,automatisk fra EEA-badevandsdata
2026-09-24T16:00:18+02:00,k-way476162456,sat vand,,ukendt,automatisk fra EEA-badevandsdata
2026-09-24T16:00:18+02:00,k-way476512120,sat vand,,ukendt,automatisk fra EEA-badevandsdata
2026-09-24T16:00:18+02:00,k-way477387816,sat vand,,ukendt,automatisk fra EEA-badevandsdata
2026-09-24T16:00:18+02:00,k-way477387834,sat vand,,ukendt,automatisk fra EEA-badevandsdata
2026-09-24T16:00:18+02:00,k-way478157645,sat vand,,ukendt,automatisk fra EEA-badevandsdata
2026-09-24T16:00:18+02:00,k-way478636694,sat vand,,ukendt,automatisk fra EEA-badevandsdata
2026-09-24T16:00:18+02:00,k-way478793376,sat vand,,ukendt,automatisk fra EEA-badevandsdata
2026-09-24T16:00:18+02:00,k-way481398367,sat vand,,ukendt,automatisk fra EEA-badevandsdata
2026-09-24T16:00:18+02:00,k-way481398372,sat vand,,ukendt,automatisk fra EEA-badevandsdata
2026-09-24T16:00:18+02:00,k-way483196105,sat vand,,ukendt,automatisk fra EEA-badevandsdata
2026-09-24T16:00:18+02:00,k-way483198927,sat vand,,ukendt,automatisk fra EEA-badevandsdata
2026-09-24T16:00:18+02:00,k-way483487951,sat vand,,ukendt,automatisk fra EEA-badevandsdata
2026-09-24T16:00:18+02:00,k-way483487955,sat vand,,ukendt,automatisk fra EEA-badevandsdata
2026-09-24T16:00:18+02:00,k-way484048811,sat vand,,ukendt,automatisk fra EEA-badevandsdata
2026-09-24T16:00:18+02:00,k-way484048821,sat vand,,ukendt,automatisk fra EEA-badevandsdata
2026-09-24T16:00:18+02:00,k-way484048823,sat vand,,ok,automatisk fra EEA-badevandsdata
2026-09-24T16:00:18+02:00,k-way484048848,sat vand,,ok,automatisk fra EEA-badevandsdata
2026-09-24T16:00:18+02:00,k-way484048873,sat vand,,ukendt,automatisk fra EEA-badevandsdata
2026-09-24T16:00:18+02:00,k-way484048876,sat vand,,ok,automatisk fra EEA-badevandsdata
2026-09-24T16:00:18+02:00,k-way484048932,sat vand,,ukendt,automatisk fra EEA-badevandsdata
2026-09-24T16:00:18+02:00,k-way48738224,sat vand,,ukendt,automatisk fra EEA-badevandsdata
2026-09-24T16:00:18+02:00,k-way488269588,sat vand,,ukendt,automatisk fra EEA-badevandsdata
2026-09-24T16:00:18+02:00,k-way488269590,sat vand,,ukendt,automatisk fra EEA-badevandsdata
2026-09-24T16:00:18+02:00,k-way488269592,sat vand,,ukendt,automatisk fra EEA-badevandsdata
2026-09-24T16:00:18+02:00,k-way488547257,sat vand,,ok,automatisk fra EEA-badevandsdata
2026-09-24T16:00:18+02:00,k-way488651868,sat vand,,ukendt,automatisk fra EEA-badevandsdata
2026-09-24T16:00:18+02:00,k-way488651869,sat vand,,ukendt,automatisk fra EEA-badevandsdata
2026-09-24T16:00:18+02:00,k-way489095171,sat vand,,ok,automatisk fra EEA-badevandsdata
2026-09-24T16:00:18+02:00,k-way48975466,sat vand,,ukendt,automatisk fra EEA-badevandsdata
2026-09-24T16:00:18+02:00,k-way48975472,sat vand,,ukendt,automatisk fra EEA-badevandsdata
2026-09-24T16:00:18+02:00,k-way489759367,sat vand,,ukendt,automatisk fra EEA-badevandsdata
2026-09-24T16:00:18+02:00,k-way489812516,sat vand,,ukendt,automatisk fra EEA-badevandsdata
2026-09-24T16:00:18+02:00,k-way491169567,sat vand,,ukendt,automatisk fra EEA-badevandsdata
2026-09-24T16:00:18+02:00,k-way491169569,sat vand,,ukendt,automatisk fra EEA-badevandsdata
2026-09-24T16:00:18+02:00,k-way491169574,sat vand,,ukendt,automatisk fra EEA-badevandsdata
2026-09-24T16:00:18+02:00,k-way491860421,sat vand,,ukendt,automatisk fra EEA-badevandsdata
2026-09-24T16:00:18+02:00,k-way494828029,sat vand,,ukendt,automatisk fra EEA-badevandsdata
2026-09-24T16:00:18+02:00,k-way496923351,sat vand,,ukendt,automatisk fra EEA-badevandsdata
2026-09-24T16:00:18+02:00,k-way498021739,sat vand,,ok,automatisk fra EEA-badevandsdata
2026-09-24T16:00:18+02:00,k-way499428584,sat vand,,ukendt,automatisk fra EEA-badevandsdata
2026-09-24T16:00:18+02:00,k-way499430723,sat vand,,ok,automatisk fra EEA-badevandsdata
2026-09-24T16:00:18+02:00,k-way499649864,sat vand,,ok,automatisk fra EEA-badevandsdata
2026-09-24T16:00:18+02:00,k-way500202178,sat vand,,ukendt,automatisk fra EEA-badevandsdata
2026-09-24T16:00:18+02:00,k-way501249106,sat vand,,ukendt,automatisk fra EEA-badevandsdata
2026-09-24T16:00:18+02:00,k-way501749125,sat vand,,ukendt,automatisk fra EEA-badevandsdata
2026-09-24T16:00:18+02:00,k-way502381547,sat vand,,ok,automatisk fra EEA-badevandsdata
2026-09-24T16:00:18+02:00,k-way503755679,sat vand,,ok,automatisk fra EEA-badevandsdata
2026-09-24T16:00:18+02:00,k-way504544949,sat vand,,ukendt,automatisk fra EEA-badevandsdata
2026-09-24T16:00:18+02:00,k-way504544952,sat vand,,ukendt,automatisk fra EEA-badevandsdata
2026-09-24T16:00:18+02:00,k-way504544958,sat vand,,ukendt,automatisk fra EEA-badevandsdata
2026-09-24T16:00:18+02:00,k-way506159048,sat vand,,ok,automatisk fra EEA-badevandsdata
2026-09-24T16:00:18+02:00,k-way507274729,sat vand,,ok,automatisk fra EEA-badevandsdata
2026-09-24T16:00:18+02:00,k-way509324392,sat vand,,ukendt,automatisk fra EEA-badevandsdata
2026-09-24T16:00:18+02:00,k-way512140100,sat vand,,ukendt,automatisk fra EEA-badevandsdata
2026-09-24T16:00:18+02:00,k-way513051497,sat vand,,ok,automatisk fra EEA-badevandsdata
2026-09-24T16:00:18+02:00,k-way513707442,sat vand,,ukendt,automatisk fra EEA-badevandsdata
2026-09-24T16:00:18+02:00,k-way515858868,sat vand,,ukendt,automatisk fra EEA-badevandsdata
2026-09-24T16:00:18+02:00,k-way517395050,sat vand,,ukendt,automatisk fra EEA-badevandsdata
2026-09-24T16:00:18+02:00,k-way520035340,sat vand,,ok,automatisk fra EEA-badevandsdata
2026-09-24T16:00:18+02:00,k-way520655110,sat vand,,ukendt,automatisk fra EEA-badevandsdata
2026-09-24T16:00:18+02:00,k-way522165755,sat vand,,ukendt,automatisk fra EEA-badevandsdata
2026-09-24T16:00:18+02:00,k-way523495902,sat vand,,ukendt,automatisk fra EEA-badevandsdata
2026-09-24T16:00:18+02:00,k-way528368790,sat vand,,ukendt,automatisk fra EEA-badevandsdata
2026-09-24T16:00:18+02:00,k-way528368792,sat vand,,ukendt,automatisk fra EEA-badevandsdata
2026-09-24T16:00:18+02:00,k-way530082661,sat vand,,ukendt,automatisk fra EEA-badevandsdata
2026-09-24T16:00:18+02:00,k-way530082733,sat vand,,ukendt,automatisk fra EEA-badevandsdata
2026-09-24T16:00:18+02:00,k-way531932322,sat vand,,ok,automatisk fra EEA-badevandsdata
2026-09-24T16:00:18+02:00,k-way537485882,sat vand,,ukendt,automatisk fra EEA-badevandsdata
2026-09-24T16:00:18+02:00,k-way538558830,sat vand,,ukendt,automatisk fra EEA-badevandsdata
2026-09-24T16:00:18+02:00,k-way538558840,sat vand,,ukendt,automatisk fra EEA-badevandsdata
2026-09-24T16:00:18+02:00,k-way538558841,sat vand,,ukendt,automatisk fra EEA-badevandsdata
2026-09-24T16:00:18+02:00,k-way538558854,sat vand,,ukendt,automatisk fra EEA-badevandsdata
2026-09-24T16:00:18+02:00,k-way539234583,sat vand,,ukendt,automatisk fra EEA-badevandsdata
2026-09-24T16:00:18+02:00,k-way539302758,sat vand,,ukendt,automatisk fra EEA-badevandsdata
2026-09-24T16:00:18+02:00,k-way539825504,sat vand,,ok,automatisk fra EEA-badevandsdata
2026-09-24T16:00:18+02:00,k-way540125962,sat vand,,ok,automatisk fra EEA-badevandsdata
2026-09-24T16:00:18+02:00,k-way54104096,sat vand,,ok,automatisk fra EEA-badevandsdata
2026-09-24T16:00:18+02:00,k-way541142452,sat vand,,ok,automatisk fra EEA-badevandsdata
2026-09-24T16:00:18+02:00,k-way54183844,sat vand,,ukendt,automatisk fra EEA-badevandsdata
2026-09-24T16:00:18+02:00,k-way543463016,sat vand,,ok,automatisk fra EEA-badevandsdata
2026-09-24T16:00:18+02:00,k-way544991999,sat vand,,ukendt,automatisk fra EEA-badevandsdata
2026-09-24T16:00:18+02:00,k-way544992001,sat vand,,ukendt,automatisk fra EEA-badevandsdata
2026-09-24T16:00:18+02:00,k-way544992002,sat vand,,ukendt,automatisk fra EEA-badevandsdata
2026-09-24T16:00:18+02:00,k-way546053583,sat vand,,ukendt,automatisk fra EEA-badevandsdata
2026-09-24T16:00:18+02:00,k-way546162034,sat vand,,ukendt,automatisk fra EEA-badevandsdata
2026-09-24T16:00:18+02:00,k-way547888283,sat vand,,ukendt,automatisk fra EEA-badevandsdata
2026-09-24T16:00:18+02:00,k-way548582327,sat vand,,ok,automatisk fra EEA-badevandsdata
2026-09-24T16:00:18+02:00,k-way548676432,sat vand,,ok,automatisk fra EEA-badevandsdata
2026-09-24T16:00:18+02:00,k-way549714841,sat vand,,ukendt,automatisk fra EEA-badevandsdata
2026-09-24T16:00:18+02:00,k-way552590636,sat vand,,ok,automatisk fra EEA-badevandsdata
2026-09-24T16:00:18+02:00,k-way553978641,sat vand,,ukendt,automatisk fra EEA-badevandsdata
2026-09-24T16:00:18+02:00,k-way554010524,sat vand,,ok,automatisk fra EEA-badevandsdata
2026-09-24T16:00:18+02:00,k-way554010525,sat vand,,ukendt,automatisk fra EEA-badevandsdata
2026-09-24T16:00:18+02:00,k-way554010527,sat vand,,ukendt,automatisk fra EEA-badevandsdata
2026-09-24T16:00:18+02:00,k-way555042766,sat vand,,ukendt,automatisk fra EEA-badevandsdata
2026-09-24T16:00:18+02:00,k-way555182551,sat vand,,ukendt,automatisk fra EEA-badevandsdata
2026-09-24T16:00:18+02:00,k-way558479755,sat vand,,ok,automatisk fra EEA-badevandsdata
2026-09-24T16:00:18+02:00,k-way561468147,sat vand,,ukendt,automatisk fra EEA-badevandsdata
2026-09-24T16:00:18+02:00,k-way561479316,sat vand,,ukendt,automatisk fra EEA-badevandsdata
2026-09-24T16:00:18+02:00,k-way564814223,sat vand,,ok,automatisk fra EEA-badevandsdata
2026-09-24T16:00:18+02:00,k-way566361984,sat vand,,ukendt,automatisk fra EEA-badevandsdata
2026-09-24T16:00:18+02:00,k-way566814361,sat vand,,ok,automatisk fra EEA-badevandsdata
2026-09-24T16:00:18+02:00,k-way566814364,sat vand,,ok,automatisk fra EEA-badevandsdata
2026-09-24T16:00:18+02:00,k-way569606981,sat vand,,ukendt,automatisk fra EEA-badevandsdata
2026-09-24T16:00:18+02:00,k-way576079517,sat vand,,ukendt,automatisk fra EEA-badevandsdata
2026-09-24T16:00:18+02:00,k-way576593071,sat vand,,ok,automatisk fra EEA-badevandsdata
2026-09-24T16:00:18+02:00,k-way579194344,sat vand,,ukendt,automatisk fra EEA-badevandsdata
2026-09-24T16:00:18+02:00,k-way579194345,sat vand,,ukendt,automatisk fra EEA-badevandsdata
2026-09-24T16:00:18+02:00,k-way579598523,sat vand,,ukendt,automatisk fra EEA-badevandsdata
2026-09-24T16:00:18+02:00,k-way581704266,sat vand,,ukendt,automatisk fra EEA-badevandsdata
2026-09-24T16:00:18+02:00,k-way58297199,sat vand,,ukendt,automatisk fra EEA-badevandsdata
2026-09-24T16:00:18+02:00,k-way58485140,sat vand,,ok,automatisk fra EEA-badevandsdata
2026-09-24T16:00:18+02:00,k-way58485146,sat vand,,ok,automatisk fra EEA-badevandsdata
2026-09-24T16:00:18+02:00,k-way58485147,sat vand,,ukendt,automatisk fra EEA-badevandsdata
2026-09-24T16:00:18+02:00,k-way58509673,sat vand,,ukendt,automatisk fra EEA-badevandsdata
2026-09-24T16:00:18+02:00,k-way589563371,sat vand,,ok,automatisk fra EEA-badevandsdata
2026-09-24T16:00:18+02:00,k-way589975796,sat vand,,ukendt,automatisk fra EEA-badevandsdata
2026-09-24T16:00:18+02:00,k-way590553507,sat vand,,ukendt,automatisk fra EEA-badevandsdata
2026-09-24T16:00:18+02:00,k-way590873107,sat vand,,ukendt,automatisk fra EEA-badevandsdata
2026-09-24T16:00:18+02:00,k-way592058603,sat vand,,ukendt,automatisk fra EEA-badevandsdata
2026-09-24T16:00:18+02:00,k-way593784543,sat vand,,ukendt,automatisk fra EEA-badevandsdata
2026-09-24T16:00:18+02:00,k-way594080482,sat vand,,ukendt,automatisk fra EEA-badevandsdata
2026-09-24T16:00:18+02:00,k-way59534140,sat vand,,ukendt,automatisk fra EEA-badevandsdata
2026-09-24T16:00:18+02:00,k-way598241775,sat vand,,ok,automatisk fra EEA-badevandsdata
2026-09-24T16:00:18+02:00,k-way598827177,sat vand,,ukendt,automatisk fra EEA-badevandsdata
2026-09-24T16:00:18+02:00,k-way598827183,sat vand,,ukendt,automatisk fra EEA-badevandsdata
2026-09-24T16:00:18+02:00,k-way598827194,sat vand,,ukendt,automatisk fra EEA-badevandsdata
2026-09-24T16:00:18+02:00,k-way599389767,sat vand,,ukendt,automatisk fra EEA-badevandsdata
2026-09-24T16:00:18+02:00,k-way599839865,sat vand,,ukendt,automatisk fra EEA-badevandsdata
2026-09-24T16:00:18+02:00,k-way600799558,sat vand,,ukendt,automatisk fra EEA-badevandsdata
2026-09-24T16:00:18+02:00,k-way601536691,sat vand,,ukendt,automatisk fra EEA-badevandsdata
2026-09-24T16:00:18+02:00,k-way605674397,sat vand,,ukendt,automatisk fra EEA-badevandsdata
2026-09-24T16:00:18+02:00,k-way605674398,sat vand,,ukendt,automatisk fra EEA-badevandsdata
2026-09-24T16:00:18+02:00,k-way605674400,sat vand,,ukendt,automatisk fra EEA-badevandsdata
2026-09-24T16:00:18+02:00,k-way606598427,sat vand,,ukendt,automatisk fra EEA-badevandsdata
2026-09-24T16:00:18+02:00,k-way606897593,sat vand,,ok,automatisk fra EEA-badevandsdata
2026-09-24T16:00:18+02:00,k-way607104141,sat vand,,ukendt,automatisk fra EEA-badevandsdata
2026-09-24T16:00:18+02:00,k-way607476166,sat vand,,ukendt,automatisk fra EEA-badevandsdata
2026-09-24T16:00:18+02:00,k-way607875956,sat vand,,ok,automatisk fra EEA-badevandsdata
2026-09-24T16:00:18+02:00,k-way607958662,sat vand,,ok,automatisk fra EEA-badevandsdata
2026-09-24T16:00:18+02:00,k-way608012293,sat vand,,ukendt,automatisk fra EEA-badevandsdata
2026-09-24T16:00:18+02:00,k-way608012298,sat vand,,ukendt,automatisk fra EEA-badevandsdata
2026-09-24T16:00:18+02:00,k-way608012304,sat vand,,ukendt,automatisk fra EEA-badevandsdata
2026-09-24T16:00:18+02:00,k-way608012308,sat vand,,ukendt,automatisk fra EEA-badevandsdata
2026-09-24T16:00:18+02:00,k-way608012313,sat vand,,ukendt,automatisk fra EEA-badevandsdata
2026-09-24T16:00:18+02:00,k-way608705859,sat vand,,ok,automatisk fra EEA-badevandsdata
2026-09-24T16:00:18+02:00,k-way608834571,sat vand,,ok,automatisk fra EEA-badevandsdata
2026-09-24T16:00:18+02:00,k-way609532547,sat vand,,ukendt,automatisk fra EEA-badevandsdata
2026-09-24T16:00:18+02:00,k-way610044085,sat vand,,ukendt,automatisk fra EEA-badevandsdata
2026-09-24T16:00:18+02:00,k-way611815384,sat vand,,ukendt,automatisk fra EEA-badevandsdata
2026-09-24T16:00:18+02:00,k-way614133740,sat vand,,ok,automatisk fra EEA-badevandsdata
2026-09-24T16:00:18+02:00,k-way614838397,sat vand,,ukendt,automatisk fra EEA-badevandsdata
2026-09-24T16:00:18+02:00,k-way616218725,sat vand,,ukendt,automatisk fra EEA-badevandsdata
2026-09-24T16:00:18+02:00,k-way616261354,sat vand,,ok,automatisk fra EEA-badevandsdata
2026-09-24T16:00:18+02:00,k-way616261361,sat vand,,ok,automatisk fra EEA-badevandsdata
2026-09-24T16:00:18+02:00,k-way616897196,sat vand,,ok,automatisk fra EEA-badevandsdata
2026-09-24T16:00:18+02:00,k-way617022653,sat vand,,ok,automatisk fra EEA-badevandsdata
2026-09-24T16:00:18+02:00,k-way617631392,sat vand,,ukendt,automatisk fra EEA-badevandsdata
2026-09-24T16:00:18+02:00,k-way617631393,sat vand,,ukendt,automatisk fra EEA-badevandsdata
2026-09-24T16:00:18+02:00,k-way617838654,sat vand,,ukendt,automatisk fra EEA-badevandsdata
2026-09-24T16:00:18+02:00,k-way617934656,sat vand,,ukendt,automatisk fra EEA-badevandsdata
2026-09-24T16:00:18+02:00,k-way618336062,sat vand,,ok,automatisk fra EEA-badevandsdata
2026-09-24T16:00:18+02:00,k-way618459856,sat vand,,ukendt,automatisk fra EEA-badevandsdata
2026-09-24T16:00:18+02:00,k-way618501054,sat vand,,ukendt,automatisk fra EEA-badevandsdata
2026-09-24T16:00:18+02:00,k-way619168711,sat vand,,ok,automatisk fra EEA-badevandsdata
2026-09-24T16:00:18+02:00,k-way619763897,sat vand,,ukendt,automatisk fra EEA-badevandsdata
2026-09-24T16:00:18+02:00,k-way619838071,sat vand,,ukendt,automatisk fra EEA-badevandsdata
2026-09-24T16:00:18+02:00,k-way620531219,sat vand,,ukendt,automatisk fra EEA-badevandsdata
2026-09-24T16:00:18+02:00,k-way620950844,sat vand,,ukendt,automatisk fra EEA-badevandsdata
2026-09-24T16:00:18+02:00,k-way623134080,sat vand,,ukendt,automatisk fra EEA-badevandsdata
2026-09-24T16:00:18+02:00,k-way623828055,sat vand,,ok,automatisk fra EEA-badevandsdata
2026-09-24T16:00:18+02:00,k-way623828784,sat vand,,ok,automatisk fra EEA-badevandsdata
2026-09-24T16:00:18+02:00,k-way624342690,sat vand,,ok,automatisk fra EEA-badevandsdata
2026-09-24T16:00:18+02:00,k-way625249358,sat vand,,ukendt,automatisk fra EEA-badevandsdata
2026-09-24T16:00:18+02:00,k-way625250475,sat vand,,ukendt,automatisk fra EEA-badevandsdata
2026-09-24T16:00:18+02:00,k-way625779446,sat vand,,ukendt,automatisk fra EEA-badevandsdata
2026-09-24T16:00:18+02:00,k-way625779447,sat vand,,ok,automatisk fra EEA-badevandsdata
2026-09-24T16:00:18+02:00,k-way625779453,sat vand,,ok,automatisk fra EEA-badevandsdata
2026-09-24T16:00:18+02:00,k-way625779454,sat vand,,ok,automatisk fra EEA-badevandsdata
2026-09-24T16:00:18+02:00,k-way625779459,sat vand,,ukendt,automatisk fra EEA-badevandsdata
2026-09-24T16:00:18+02:00,k-way625779465,sat vand,,ukendt,automatisk fra EEA-badevandsdata
2026-09-24T16:00:18+02:00,k-way626415213,sat vand,,ukendt,automatisk fra EEA-badevandsdata
2026-09-24T16:00:18+02:00,k-way628064937,sat vand,,ok,automatisk fra EEA-badevandsdata
2026-09-24T16:00:18+02:00,k-way629246805,sat vand,,ukendt,automatisk fra EEA-badevandsdata
2026-09-24T16:00:18+02:00,k-way630192459,sat vand,,ukendt,automatisk fra EEA-badevandsdata
2026-09-24T16:00:18+02:00,k-way631325770,sat vand,,ukendt,automatisk fra EEA-badevandsdata
2026-09-24T16:00:18+02:00,k-way631958715,sat vand,,ukendt,automatisk fra EEA-badevandsdata
2026-09-24T16:00:18+02:00,k-way634390792,sat vand,,ukendt,automatisk fra EEA-badevandsdata
2026-09-24T16:00:18+02:00,k-way635040267,sat vand,,ukendt,automatisk fra EEA-badevandsdata
2026-09-24T16:00:18+02:00,k-way636386767,sat vand,,ukendt,automatisk fra EEA-badevandsdata
2026-09-24T16:00:18+02:00,k-way641505286,sat vand,,ukendt,automatisk fra EEA-badevandsdata
2026-09-24T16:00:18+02:00,k-way641505289,sat vand,,ukendt,automatisk fra EEA-badevandsdata
2026-09-24T16:00:18+02:00,k-way642120010,sat vand,,ukendt,automatisk fra EEA-badevandsdata
2026-09-24T16:00:18+02:00,k-way647911476,sat vand,,ukendt,automatisk fra EEA-badevandsdata
2026-09-24T16:00:18+02:00,k-way648707534,sat vand,,ukendt,automatisk fra EEA-badevandsdata
2026-09-24T16:00:18+02:00,k-way649217071,sat vand,,ukendt,automatisk fra EEA-badevandsdata
2026-09-24T16:00:18+02:00,k-way650802693,sat vand,,ukendt,automatisk fra EEA-badevandsdata
2026-09-24T16:00:18+02:00,k-way650813172,sat vand,,ukendt,automatisk fra EEA-badevandsdata
2026-09-24T16:00:18+02:00,k-way650996479,sat vand,,ukendt,automatisk fra EEA-badevandsdata
2026-09-24T16:00:18+02:00,k-way650996490,sat vand,,ukendt,automatisk fra EEA-badevandsdata
2026-09-24T16:00:18+02:00,k-way651233395,sat vand,,ukendt,automatisk fra EEA-badevandsdata
2026-09-24T16:00:18+02:00,k-way651370381,sat vand,,ukendt,automatisk fra EEA-badevandsdata
2026-09-24T16:00:18+02:00,k-way652339885,sat vand,,ukendt,automatisk fra EEA-badevandsdata
2026-09-24T16:00:18+02:00,k-way652405425,sat vand,,ukendt,automatisk fra EEA-badevandsdata
2026-09-24T16:00:18+02:00,k-way652405426,sat vand,,ukendt,automatisk fra EEA-badevandsdata
2026-09-24T16:00:18+02:00,k-way652505563,sat vand,,ukendt,automatisk fra EEA-badevandsdata
2026-09-24T16:00:18+02:00,k-way652923709,sat vand,,ok,automatisk fra EEA-badevandsdata
2026-09-24T16:00:18+02:00,k-way653725024,sat vand,,ukendt,automatisk fra EEA-badevandsdata
2026-09-24T16:00:18+02:00,k-way653725026,sat vand,,ukendt,automatisk fra EEA-badevandsdata
2026-09-24T16:00:18+02:00,k-way65403959,sat vand,,ukendt,automatisk fra EEA-badevandsdata
2026-09-24T16:00:18+02:00,k-way655061193,sat vand,,ukendt,automatisk fra EEA-badevandsdata
2026-09-24T16:00:18+02:00,k-way656033051,sat vand,,ukendt,automatisk fra EEA-badevandsdata
2026-09-24T16:00:18+02:00,k-way656520577,sat vand,,ukendt,automatisk fra EEA-badevandsdata
2026-09-24T16:00:18+02:00,k-way656520579,sat vand,,ukendt,automatisk fra EEA-badevandsdata
2026-09-24T16:00:18+02:00,k-way656520583,sat vand,,ukendt,automatisk fra EEA-badevandsdata
2026-09-24T16:00:18+02:00,k-way656520585,sat vand,,ukendt,automatisk fra EEA-badevandsdata
2026-09-24T16:00:18+02:00,k-way656520589,sat vand,,ukendt,automatisk fra EEA-badevandsdata
2026-09-24T16:00:18+02:00,k-way656520614,sat vand,,ukendt,automatisk fra EEA-badevandsdata
2026-09-24T16:00:18+02:00,k-way656520617,sat vand,,ukendt,automatisk fra EEA-badevandsdata
2026-09-24T16:00:18+02:00,k-way656520627,sat vand,,ok,automatisk fra EEA-badevandsdata
2026-09-24T16:00:18+02:00,k-way657569526,sat vand,,ukendt,automatisk fra EEA-badevandsdata
2026-09-24T16:00:18+02:00,k-way659357757,sat vand,,ukendt,automatisk fra EEA-badevandsdata
2026-09-24T16:00:18+02:00,k-way660038717,sat vand,,ukendt,automatisk fra EEA-badevandsdata
2026-09-24T16:00:18+02:00,k-way660634315,sat vand,,ukendt,automatisk fra EEA-badevandsdata
2026-09-24T16:00:18+02:00,k-way661119355,sat vand,,ukendt,automatisk fra EEA-badevandsdata
2026-09-24T16:00:18+02:00,k-way662505906,sat vand,,ok,automatisk fra EEA-badevandsdata
2026-09-24T16:00:18+02:00,k-way662515008,sat vand,,ukendt,automatisk fra EEA-badevandsdata
2026-09-24T16:00:18+02:00,k-way662840310,sat vand,,ok,automatisk fra EEA-badevandsdata
2026-09-24T16:00:18+02:00,k-way662840331,sat vand,,ukendt,automatisk fra EEA-badevandsdata
2026-09-24T16:00:18+02:00,k-way662840333,sat vand,,ok,automatisk fra EEA-badevandsdata
2026-09-24T16:00:18+02:00,k-way662840341,sat vand,,ok,automatisk fra EEA-badevandsdata
2026-09-24T16:00:18+02:00,k-way664969296,sat vand,,ok,automatisk fra EEA-badevandsdata
2026-09-24T16:00:18+02:00,k-way666238622,sat vand,,ukendt,automatisk fra EEA-badevandsdata
2026-09-24T16:00:18+02:00,k-way667124933,sat vand,,ukendt,automatisk fra EEA-badevandsdata
2026-09-24T16:00:18+02:00,k-way668618258,sat vand,,ukendt,automatisk fra EEA-badevandsdata
2026-09-24T16:00:18+02:00,k-way668618264,sat vand,,ukendt,automatisk fra EEA-badevandsdata
2026-09-24T16:00:18+02:00,k-way668618273,sat vand,,ok,automatisk fra EEA-badevandsdata
2026-09-24T16:00:18+02:00,k-way668618287,sat vand,,ok,automatisk fra EEA-badevandsdata
2026-09-24T16:00:18+02:00,k-way669255036,sat vand,,ukendt,automatisk fra EEA-badevandsdata
2026-09-24T16:00:18+02:00,k-way669329892,sat vand,,ok,automatisk fra EEA-badevandsdata
2026-09-24T16:00:18+02:00,k-way669372567,sat vand,,ok,automatisk fra EEA-badevandsdata
2026-09-24T16:00:18+02:00,k-way669672092,sat vand,,ukendt,automatisk fra EEA-badevandsdata
2026-09-24T16:00:18+02:00,k-way670759203,sat vand,,ok,automatisk fra EEA-badevandsdata
2026-09-24T16:00:18+02:00,k-way671075888,sat vand,,ok,automatisk fra EEA-badevandsdata
2026-09-24T16:00:18+02:00,k-way671075889,sat vand,,ok,automatisk fra EEA-badevandsdata
2026-09-24T16:00:18+02:00,k-way671075890,sat vand,,ukendt,automatisk fra EEA-badevandsdata
2026-09-24T16:00:18+02:00,k-way671103984,sat vand,,ok,automatisk fra EEA-badevandsdata
2026-09-24T16:00:18+02:00,k-way671105536,sat vand,,ukendt,automatisk fra EEA-badevandsdata
2026-09-24T16:00:18+02:00,k-way671105537,sat vand,,ukendt,automatisk fra EEA-badevandsdata
2026-09-24T16:00:18+02:00,k-way673916443,sat vand,,ok,automatisk fra EEA-badevandsdata
2026-09-24T16:00:18+02:00,k-way673916461,sat vand,,ok,automatisk fra EEA-badevandsdata
2026-09-24T16:00:18+02:00,k-way673916462,sat vand,,ok,automatisk fra EEA-badevandsdata
2026-09-24T16:00:18+02:00,k-way674259006,sat vand,,ukendt,automatisk fra EEA-badevandsdata
2026-09-24T16:00:18+02:00,k-way674445555,sat vand,,ok,automatisk fra EEA-badevandsdata
2026-09-24T16:00:18+02:00,k-way676789797,sat vand,,ok,automatisk fra EEA-badevandsdata
2026-09-24T16:00:18+02:00,k-way678974111,sat vand,,ukendt,automatisk fra EEA-badevandsdata
2026-09-24T16:00:18+02:00,k-way683307769,sat vand,,ukendt,automatisk fra EEA-badevandsdata
2026-09-24T16:00:18+02:00,k-way683313082,sat vand,,ok,automatisk fra EEA-badevandsdata
2026-09-24T16:00:18+02:00,k-way684036157,sat vand,,ukendt,automatisk fra EEA-badevandsdata
2026-09-24T16:00:18+02:00,k-way684365680,sat vand,,ukendt,automatisk fra EEA-badevandsdata
2026-09-24T16:00:18+02:00,k-way684365682,sat vand,,ok,automatisk fra EEA-badevandsdata
2026-09-24T16:00:18+02:00,k-way684446841,sat vand,,ukendt,automatisk fra EEA-badevandsdata
2026-09-24T16:00:18+02:00,k-way684719529,sat vand,,ok,automatisk fra EEA-badevandsdata
2026-09-24T16:00:18+02:00,k-way685145530,sat vand,,ukendt,automatisk fra EEA-badevandsdata
2026-09-24T16:00:18+02:00,k-way685145532,sat vand,,ukendt,automatisk fra EEA-badevandsdata
2026-09-24T16:00:18+02:00,k-way685303994,sat vand,,ukendt,automatisk fra EEA-badevandsdata
2026-09-24T16:00:18+02:00,k-way68647437,sat vand,,ukendt,automatisk fra EEA-badevandsdata
2026-09-24T16:00:18+02:00,k-way687325458,sat vand,,ukendt,automatisk fra EEA-badevandsdata
2026-09-24T16:00:18+02:00,k-way688581586,sat vand,,ok,automatisk fra EEA-badevandsdata
2026-09-24T16:00:18+02:00,k-way696162601,sat vand,,ukendt,automatisk fra EEA-badevandsdata
2026-09-24T16:00:18+02:00,k-way69707261,sat vand,,ukendt,automatisk fra EEA-badevandsdata
2026-09-24T16:00:18+02:00,k-way697267017,sat vand,,ukendt,automatisk fra EEA-badevandsdata
2026-09-24T16:00:18+02:00,k-way697476242,sat vand,,ukendt,automatisk fra EEA-badevandsdata
2026-09-24T16:00:18+02:00,k-way697829452,sat vand,,ukendt,automatisk fra EEA-badevandsdata
2026-09-24T16:00:18+02:00,k-way698340778,sat vand,,ukendt,automatisk fra EEA-badevandsdata
2026-09-24T16:00:18+02:00,k-way699358023,sat vand,,ukendt,automatisk fra EEA-badevandsdata
2026-09-24T16:00:18+02:00,k-way704224153,sat vand,,ukendt,automatisk fra EEA-badevandsdata
2026-09-24T16:00:18+02:00,k-way704561243,sat vand,,ok,automatisk fra EEA-badevandsdata
2026-09-24T16:00:18+02:00,k-way704563924,sat vand,,ok,automatisk fra EEA-badevandsdata
2026-09-24T16:00:18+02:00,k-way704563925,sat vand,,ok,automatisk fra EEA-badevandsdata
2026-09-24T16:00:18+02:00,k-way704803660,sat vand,,ukendt,automatisk fra EEA-badevandsdata
2026-09-24T16:00:18+02:00,k-way705815308,sat vand,,ukendt,automatisk fra EEA-badevandsdata
2026-09-24T16:00:18+02:00,k-way706247486,sat vand,,ok,automatisk fra EEA-badevandsdata
2026-09-24T16:00:18+02:00,k-way706655219,sat vand,,ok,automatisk fra EEA-badevandsdata
2026-09-24T16:00:18+02:00,k-way707259520,sat vand,,ukendt,automatisk fra EEA-badevandsdata
2026-09-24T16:00:18+02:00,k-way707259531,sat vand,,ukendt,automatisk fra EEA-badevandsdata
2026-09-24T16:00:18+02:00,k-way707259532,sat vand,,ukendt,automatisk fra EEA-badevandsdata
2026-09-24T16:00:18+02:00,k-way707259538,sat vand,,ukendt,automatisk fra EEA-badevandsdata
2026-09-24T16:00:18+02:00,k-way707259542,sat vand,,ukendt,automatisk fra EEA-badevandsdata
2026-09-24T16:00:18+02:00,k-way707259557,sat vand,,ukendt,automatisk fra EEA-badevandsdata
2026-09-24T16:00:18+02:00,k-way707259561,sat vand,,ukendt,automatisk fra EEA-badevandsdata
2026-09-24T16:00:18+02:00,k-way707259588,sat vand,,ukendt,automatisk fra EEA-badevandsdata
2026-09-24T16:00:18+02:00,k-way707259589,sat vand,,ukendt,automatisk fra EEA-badevandsdata
2026-09-24T16:00:18+02:00,k-way707259590,sat vand,,ukendt,automatisk fra EEA-badevandsdata
2026-09-24T16:00:18+02:00,k-way708990303,sat vand,,ukendt,automatisk fra EEA-badevandsdata
2026-09-24T16:00:18+02:00,k-way710426589,sat vand,,ukendt,automatisk fra EEA-badevandsdata
2026-09-24T16:00:18+02:00,k-way710758907,sat vand,,ukendt,automatisk fra EEA-badevandsdata
2026-09-24T16:00:18+02:00,k-way71079281,sat vand,,ukendt,automatisk fra EEA-badevandsdata
2026-09-24T16:00:18+02:00,k-way712109850,sat vand,,ok,automatisk fra EEA-badevandsdata
2026-09-24T16:00:18+02:00,k-way712109861,sat vand,,ok,automatisk fra EEA-badevandsdata
2026-09-24T16:00:18+02:00,k-way713391777,sat vand,,ok,automatisk fra EEA-badevandsdata
2026-09-24T16:00:18+02:00,k-way71513150,sat vand,,ok,automatisk fra EEA-badevandsdata
2026-09-24T16:00:18+02:00,k-way717077473,sat vand,,ukendt,automatisk fra EEA-badevandsdata
2026-09-24T16:00:18+02:00,k-way71714219,sat vand,,ukendt,automatisk fra EEA-badevandsdata
2026-09-24T16:00:18+02:00,k-way717943503,sat vand,,ukendt,automatisk fra EEA-badevandsdata
2026-09-24T16:00:18+02:00,k-way718373449,sat vand,,ok,automatisk fra EEA-badevandsdata
2026-09-24T16:00:18+02:00,k-way718970491,sat vand,,ukendt,automatisk fra EEA-badevandsdata
2026-09-24T16:00:18+02:00,k-way718970492,sat vand,,ukendt,automatisk fra EEA-badevandsdata
2026-09-24T16:00:18+02:00,k-way725682196,sat vand,,ok,automatisk fra EEA-badevandsdata
2026-09-24T16:00:18+02:00,k-way725690238,sat vand,,ukendt,automatisk fra EEA-badevandsdata
2026-09-24T16:00:18+02:00,k-way725690243,sat vand,,ukendt,automatisk fra EEA-badevandsdata
2026-09-24T16:00:18+02:00,k-way725690251,sat vand,,ukendt,automatisk fra EEA-badevandsdata
2026-09-24T16:00:18+02:00,k-way725690254,sat vand,,ukendt,automatisk fra EEA-badevandsdata
2026-09-24T16:00:18+02:00,k-way725690258,sat vand,,ukendt,automatisk fra EEA-badevandsdata
2026-09-24T16:00:18+02:00,k-way725690259,sat vand,,ukendt,automatisk fra EEA-badevandsdata
2026-09-24T16:00:18+02:00,k-way730246026,sat vand,,ukendt,automatisk fra EEA-badevandsdata
2026-09-24T16:00:18+02:00,k-way732407479,sat vand,,ukendt,automatisk fra EEA-badevandsdata
2026-09-24T16:00:18+02:00,k-way735508891,sat vand,,ukendt,automatisk fra EEA-badevandsdata
2026-09-24T16:00:18+02:00,k-way736279758,sat vand,,ukendt,automatisk fra EEA-badevandsdata
2026-09-24T16:00:18+02:00,k-way739846205,sat vand,,ukendt,automatisk fra EEA-badevandsdata
2026-09-24T16:00:18+02:00,k-way739846206,sat vand,,ukendt,automatisk fra EEA-badevandsdata
2026-09-24T16:00:18+02:00,k-way739846211,sat vand,,ukendt,automatisk fra EEA-badevandsdata
2026-09-24T16:00:18+02:00,k-way739846213,sat vand,,ukendt,automatisk fra EEA-badevandsdata
2026-09-24T16:00:18+02:00,k-way739846214,sat vand,,ukendt,automatisk fra EEA-badevandsdata
2026-09-24T16:00:18+02:00,k-way739846217,sat vand,,ukendt,automatisk fra EEA-badevandsdata
2026-09-24T16:00:18+02:00,k-way739846218,sat vand,,ukendt,automatisk fra EEA-badevandsdata
2026-09-24T16:00:18+02:00,k-way74074350,sat vand,,ukendt,automatisk fra EEA-badevandsdata
2026-09-24T16:00:18+02:00,k-way74428086,sat vand,,ukendt,automatisk fra EEA-badevandsdata
2026-09-24T16:00:18+02:00,k-way744810955,sat vand,,ok,automatisk fra EEA-badevandsdata
2026-09-24T16:00:18+02:00,k-way745481863,sat vand,,ukendt,automatisk fra EEA-badevandsdata
2026-09-24T16:00:18+02:00,k-way750218868,sat vand,,ukendt,automatisk fra EEA-badevandsdata
2026-09-24T16:00:18+02:00,k-way751021624,sat vand,,ukendt,automatisk fra EEA-badevandsdata
2026-09-24T16:00:18+02:00,k-way753656494,sat vand,,ukendt,automatisk fra EEA-badevandsdata
2026-09-24T16:00:18+02:00,k-way760089802,sat vand,,ukendt,automatisk fra EEA-badevandsdata
2026-09-24T16:00:18+02:00,k-way760237057,sat vand,,ukendt,automatisk fra EEA-badevandsdata
2026-09-24T16:00:18+02:00,k-way764489952,sat vand,,ukendt,automatisk fra EEA-badevandsdata
2026-09-24T16:00:18+02:00,k-way765127194,sat vand,,ukendt,automatisk fra EEA-badevandsdata
2026-09-24T16:00:18+02:00,k-way779365375,sat vand,,ukendt,automatisk fra EEA-badevandsdata
2026-09-24T16:00:18+02:00,k-way783656784,sat vand,,ukendt,automatisk fra EEA-badevandsdata
2026-09-24T16:00:18+02:00,k-way785509563,sat vand,,ukendt,automatisk fra EEA-badevandsdata
2026-09-24T16:00:18+02:00,k-way785772028,sat vand,,ukendt,automatisk fra EEA-badevandsdata
2026-09-24T16:00:18+02:00,k-way792820666,sat vand,,ok,automatisk fra EEA-badevandsdata
2026-09-24T16:00:18+02:00,k-way798436504,sat vand,,ukendt,automatisk fra EEA-badevandsdata
2026-09-24T16:00:18+02:00,k-way79860196,sat vand,,ukendt,automatisk fra EEA-badevandsdata
2026-09-24T16:00:18+02:00,k-way79941925,sat vand,,ok,automatisk fra EEA-badevandsdata
2026-09-24T16:00:18+02:00,k-way800094804,sat vand,,ukendt,automatisk fra EEA-badevandsdata
2026-09-24T16:00:18+02:00,k-way800781452,sat vand,,ukendt,automatisk fra EEA-badevandsdata
2026-09-24T16:00:18+02:00,k-way803102388,sat vand,,ukendt,automatisk fra EEA-badevandsdata
2026-09-24T16:00:18+02:00,k-way80383892,sat vand,,ukendt,automatisk fra EEA-badevandsdata
2026-09-24T16:00:18+02:00,k-way8040333,sat vand,,ukendt,automatisk fra EEA-badevandsdata
2026-09-24T16:00:18+02:00,k-way804374851,sat vand,,ukendt,automatisk fra EEA-badevandsdata
2026-09-24T16:00:18+02:00,k-way804557537,sat vand,,ukendt,automatisk fra EEA-badevandsdata
2026-09-24T16:00:18+02:00,k-way810858272,sat vand,,ukendt,automatisk fra EEA-badevandsdata
2026-09-24T16:00:18+02:00,k-way814889138,sat vand,,ukendt,automatisk fra EEA-badevandsdata
2026-09-24T16:00:18+02:00,k-way816071281,sat vand,,ukendt,automatisk fra EEA-badevandsdata
2026-09-24T16:00:18+02:00,k-way823622196,sat vand,,ok,automatisk fra EEA-badevandsdata
2026-09-24T16:00:18+02:00,k-way824105403,sat vand,,ukendt,automatisk fra EEA-badevandsdata
2026-09-24T16:00:18+02:00,k-way826476595,sat vand,,ukendt,automatisk fra EEA-badevandsdata
2026-09-24T16:00:18+02:00,k-way828423134,sat vand,,ukendt,automatisk fra EEA-badevandsdata
2026-09-24T16:00:18+02:00,k-way828548110,sat vand,,ukendt,automatisk fra EEA-badevandsdata
2026-09-24T16:00:18+02:00,k-way834008895,sat vand,,ukendt,automatisk fra EEA-badevandsdata
2026-09-24T16:00:18+02:00,k-way834343721,sat vand,,ukendt,automatisk fra EEA-badevandsdata
2026-09-24T16:00:18+02:00,k-way835438455,sat vand,,ukendt,automatisk fra EEA-badevandsdata
2026-09-24T16:00:18+02:00,k-way835478224,sat vand,,ukendt,automatisk fra EEA-badevandsdata
2026-09-24T16:00:18+02:00,k-way835690771,sat vand,,ukendt,automatisk fra EEA-badevandsdata
2026-09-24T16:00:18+02:00,k-way836045927,sat vand,,ukendt,automatisk fra EEA-badevandsdata
2026-09-24T16:00:18+02:00,k-way836045932,sat vand,,ukendt,automatisk fra EEA-badevandsdata
2026-09-24T16:00:18+02:00,k-way836045937,sat vand,,ukendt,automatisk fra EEA-badevandsdata
2026-09-24T16:00:18+02:00,k-way836205115,sat vand,,ukendt,automatisk fra EEA-badevandsdata
2026-09-24T16:00:18+02:00,k-way837781724,sat vand,,ukendt,automatisk fra EEA-badevandsdata
2026-09-24T16:00:18+02:00,k-way838285332,sat vand,,ukendt,automatisk fra EEA-badevandsdata
2026-09-24T16:00:18+02:00,k-way838468865,sat vand,,ukendt,automatisk fra EEA-badevandsdata
2026-09-24T16:00:18+02:00,k-way838795699,sat vand,,ukendt,automatisk fra EEA-badevandsdata
2026-09-24T16:00:18+02:00,k-way839822275,sat vand,,ukendt,automatisk fra EEA-badevandsdata
2026-09-24T16:00:18+02:00,k-way839896308,sat vand,,ok,automatisk fra EEA-badevandsdata
2026-09-24T16:00:18+02:00,k-way843264232,sat vand,,ukendt,automatisk fra EEA-badevandsdata
2026-09-24T16:00:18+02:00,k-way845214908,sat vand,,ukendt,automatisk fra EEA-badevandsdata
2026-09-24T16:00:18+02:00,k-way846870949,sat vand,,ukendt,automatisk fra EEA-badevandsdata
2026-09-24T16:00:18+02:00,k-way846870954,sat vand,,ukendt,automatisk fra EEA-badevandsdata
2026-09-24T16:00:18+02:00,k-way846870962,sat vand,,ok,automatisk fra EEA-badevandsdata
2026-09-24T16:00:18+02:00,k-way846870983,sat vand,,ok,automatisk fra EEA-badevandsdata
2026-09-24T16:00:18+02:00,k-way847110317,sat vand,,ok,automatisk fra EEA-badevandsdata
2026-09-24T16:00:18+02:00,k-way847804903,sat vand,,ok,automatisk fra EEA-badevandsdata
2026-09-24T16:00:18+02:00,k-way848741739,sat vand,,ukendt,automatisk fra EEA-badevandsdata
2026-09-24T16:00:18+02:00,k-way849591322,sat vand,,ukendt,automatisk fra EEA-badevandsdata
2026-09-24T16:00:18+02:00,k-way849713415,sat vand,,ok,automatisk fra EEA-badevandsdata
2026-09-24T16:00:18+02:00,k-way850138265,sat vand,,ukendt,automatisk fra EEA-badevandsdata
2026-09-24T16:00:18+02:00,k-way852996409,sat vand,,ukendt,automatisk fra EEA-badevandsdata
2026-09-24T16:00:18+02:00,k-way853536257,sat vand,,ukendt,automatisk fra EEA-badevandsdata
2026-09-24T16:00:18+02:00,k-way85400756,sat vand,,ok,automatisk fra EEA-badevandsdata
2026-09-24T16:00:18+02:00,k-way854550250,sat vand,,ukendt,automatisk fra EEA-badevandsdata
2026-09-24T16:00:18+02:00,k-way854843020,sat vand,,ukendt,automatisk fra EEA-badevandsdata
2026-09-24T16:00:18+02:00,k-way860230458,sat vand,,ukendt,automatisk fra EEA-badevandsdata
2026-09-24T16:00:18+02:00,k-way860371038,sat vand,,ukendt,automatisk fra EEA-badevandsdata
2026-09-24T16:00:18+02:00,k-way865731549,sat vand,,ukendt,automatisk fra EEA-badevandsdata
2026-09-24T16:00:18+02:00,k-way865918763,sat vand,,ukendt,automatisk fra EEA-badevandsdata
2026-09-24T16:00:18+02:00,k-way87364636,sat vand,,ukendt,automatisk fra EEA-badevandsdata
2026-09-24T16:00:18+02:00,k-way87696716,sat vand,,ukendt,automatisk fra EEA-badevandsdata
2026-09-24T16:00:18+02:00,k-way87700953,sat vand,,ukendt,automatisk fra EEA-badevandsdata
2026-09-24T16:00:18+02:00,k-way87700956,sat vand,,ukendt,automatisk fra EEA-badevandsdata
2026-09-24T16:00:18+02:00,k-way886542402,sat vand,,ukendt,automatisk fra EEA-badevandsdata
2026-09-24T16:00:18+02:00,k-way886542405,sat vand,,ukendt,automatisk fra EEA-badevandsdata
2026-09-24T16:00:18+02:00,k-way886542408,sat vand,,ukendt,automatisk fra EEA-badevandsdata
2026-09-24T16:00:18+02:00,k-way887937038,sat vand,,ukendt,automatisk fra EEA-badevandsdata
2026-09-24T16:00:18+02:00,k-way888805646,sat vand,,ukendt,automatisk fra EEA-badevandsdata
2026-09-24T16:00:18+02:00,k-way893125600,sat vand,,ukendt,automatisk fra EEA-badevandsdata
2026-09-24T16:00:18+02:00,k-way895028423,sat vand,,ukendt,automatisk fra EEA-badevandsdata
2026-09-24T16:00:18+02:00,k-way895028424,sat vand,,ukendt,automatisk fra EEA-badevandsdata
2026-09-24T16:00:18+02:00,k-way896990998,sat vand,,ok,automatisk fra EEA-badevandsdata
2026-09-24T16:00:18+02:00,k-way897316046,sat vand,,ukendt,automatisk fra EEA-badevandsdata
2026-09-24T16:00:18+02:00,k-way897316058,sat vand,,ok,automatisk fra EEA-badevandsdata
2026-09-24T16:00:18+02:00,k-way897316060,sat vand,,ukendt,automatisk fra EEA-badevandsdata
2026-09-24T16:00:18+02:00,k-way897316064,sat vand,,ukendt,automatisk fra EEA-badevandsdata
2026-09-24T16:00:18+02:00,k-way897549857,sat vand,,ok,automatisk fra EEA-badevandsdata
2026-09-24T16:00:18+02:00,k-way901085099,sat vand,,ukendt,automatisk fra EEA-badevandsdata
2026-09-24T16:00:18+02:00,k-way901096218,sat vand,,ukendt,automatisk fra EEA-badevandsdata
2026-09-24T16:00:18+02:00,k-way901100175,sat vand,,ukendt,automatisk fra EEA-badevandsdata
2026-09-24T16:00:18+02:00,k-way901113741,sat vand,,ukendt,automatisk fra EEA-badevandsdata
2026-09-24T16:00:18+02:00,k-way901158573,sat vand,,ukendt,automatisk fra EEA-badevandsdata
2026-09-24T16:00:18+02:00,k-way901163475,sat vand,,ukendt,automatisk fra EEA-badevandsdata
2026-09-24T16:00:18+02:00,k-way901163476,sat vand,,ukendt,automatisk fra EEA-badevandsdata
2026-09-24T16:00:18+02:00,k-way901452042,sat vand,,ukendt,automatisk fra EEA-badevandsdata
2026-09-24T16:00:18+02:00,k-way901453717,sat vand,,ukendt,automatisk fra EEA-badevandsdata
2026-09-24T16:00:18+02:00,k-way901453718,sat vand,,ukendt,automatisk fra EEA-badevandsdata
2026-09-24T16:00:18+02:00,k-way901456085,sat vand,,ok,automatisk fra EEA-badevandsdata
2026-09-24T16:00:18+02:00,k-way901458412,sat vand,,ukendt,automatisk fra EEA-badevandsdata
2026-09-24T16:00:18+02:00,k-way901458418,sat vand,,ukendt,automatisk fra EEA-badevandsdata
2026-09-24T16:00:18+02:00,k-way901461933,sat vand,,ukendt,automatisk fra EEA-badevandsdata
2026-09-24T16:00:18+02:00,k-way901463046,sat vand,,ukendt,automatisk fra EEA-badevandsdata
2026-09-24T16:00:18+02:00,k-way901467458,sat vand,,ukendt,automatisk fra EEA-badevandsdata
2026-09-24T16:00:18+02:00,k-way901468254,sat vand,,ukendt,automatisk fra EEA-badevandsdata
2026-09-24T16:00:18+02:00,k-way901468540,sat vand,,ukendt,automatisk fra EEA-badevandsdata
2026-09-24T16:00:18+02:00,k-way901485797,sat vand,,ukendt,automatisk fra EEA-badevandsdata
2026-09-24T16:00:18+02:00,k-way901485799,sat vand,,ukendt,automatisk fra EEA-badevandsdata
2026-09-24T16:00:18+02:00,k-way901489603,sat vand,,ukendt,automatisk fra EEA-badevandsdata
2026-09-24T16:00:18+02:00,k-way901489604,sat vand,,ukendt,automatisk fra EEA-badevandsdata
2026-09-24T16:00:18+02:00,k-way901493398,sat vand,,ukendt,automatisk fra EEA-badevandsdata
2026-09-24T16:00:18+02:00,k-way901494037,sat vand,,ukendt,automatisk fra EEA-badevandsdata
2026-09-24T16:00:18+02:00,k-way901497782,sat vand,,ukendt,automatisk fra EEA-badevandsdata
2026-09-24T16:00:18+02:00,k-way901500852,sat vand,,ukendt,automatisk fra EEA-badevandsdata
2026-09-24T16:00:18+02:00,k-way901500853,sat vand,,ukendt,automatisk fra EEA-badevandsdata
2026-09-24T16:00:18+02:00,k-way901500854,sat vand,,ukendt,automatisk fra EEA-badevandsdata
2026-09-24T16:00:18+02:00,k-way901504924,sat vand,,ukendt,automatisk fra EEA-badevandsdata
2026-09-24T16:00:18+02:00,k-way901506798,sat vand,,ukendt,automatisk fra EEA-badevandsdata
2026-09-24T16:00:18+02:00,k-way901511348,sat vand,,ukendt,automatisk fra EEA-badevandsdata
2026-09-24T16:00:18+02:00,k-way901511349,sat vand,,ukendt,automatisk fra EEA-badevandsdata
2026-09-24T16:00:18+02:00,k-way901512459,sat vand,,ukendt,automatisk fra EEA-badevandsdata
2026-09-24T16:00:18+02:00,k-way901512460,sat vand,,ukendt,automatisk fra EEA-badevandsdata
2026-09-24T16:00:18+02:00,k-way901512461,sat vand,,ukendt,automatisk fra EEA-badevandsdata
2026-09-24T16:00:18+02:00,k-way901512462,sat vand,,ukendt,automatisk fra EEA-badevandsdata
2026-09-24T16:00:18+02:00,k-way901512465,sat vand,,ukendt,automatisk fra EEA-badevandsdata
2026-09-24T16:00:18+02:00,k-way901513345,sat vand,,ukendt,automatisk fra EEA-badevandsdata
2026-09-24T16:00:18+02:00,k-way901513346,sat vand,,ukendt,automatisk fra EEA-badevandsdata
2026-09-24T16:00:18+02:00,k-way901513350,sat vand,,ukendt,automatisk fra EEA-badevandsdata
2026-09-24T16:00:18+02:00,k-way901513352,sat vand,,ukendt,automatisk fra EEA-badevandsdata
2026-09-24T16:00:18+02:00,k-way901513357,sat vand,,ukendt,automatisk fra EEA-badevandsdata
2026-09-24T16:00:18+02:00,k-way901513361,sat vand,,ukendt,automatisk fra EEA-badevandsdata
2026-09-24T16:00:18+02:00,k-way901534504,sat vand,,ukendt,automatisk fra EEA-badevandsdata
2026-09-24T16:00:18+02:00,k-way901539936,sat vand,,ukendt,automatisk fra EEA-badevandsdata
2026-09-24T16:00:18+02:00,k-way901554814,sat vand,,ukendt,automatisk fra EEA-badevandsdata
2026-09-24T16:00:18+02:00,k-way901564982,sat vand,,ukendt,automatisk fra EEA-badevandsdata
2026-09-24T16:00:18+02:00,k-way901564983,sat vand,,ukendt,automatisk fra EEA-badevandsdata
2026-09-24T16:00:18+02:00,k-way901848205,sat vand,,ok,automatisk fra EEA-badevandsdata
2026-09-24T16:00:18+02:00,k-way901848206,sat vand,,ok,automatisk fra EEA-badevandsdata
2026-09-24T16:00:18+02:00,k-way901848857,sat vand,,ok,automatisk fra EEA-badevandsdata
2026-09-24T16:00:18+02:00,k-way901848858,sat vand,,ok,automatisk fra EEA-badevandsdata
2026-09-24T16:00:18+02:00,k-way901848859,sat vand,,ok,automatisk fra EEA-badevandsdata
2026-09-24T16:00:18+02:00,k-way901850846,sat vand,,ukendt,automatisk fra EEA-badevandsdata
2026-09-24T16:00:18+02:00,k-way901852288,sat vand,,ukendt,automatisk fra EEA-badevandsdata
2026-09-24T16:00:18+02:00,k-way901859406,sat vand,,ukendt,automatisk fra EEA-badevandsdata
2026-09-24T16:00:18+02:00,k-way901859668,sat vand,,ukendt,automatisk fra EEA-badevandsdata
2026-09-24T16:00:18+02:00,k-way901861834,sat vand,,ukendt,automatisk fra EEA-badevandsdata
2026-09-24T16:00:18+02:00,k-way901861835,sat vand,,ok,automatisk fra EEA-badevandsdata
2026-09-24T16:00:18+02:00,k-way901864536,sat vand,,ukendt,automatisk fra EEA-badevandsdata
2026-09-24T16:00:18+02:00,k-way901864543,sat vand,,ukendt,automatisk fra EEA-badevandsdata
2026-09-24T16:00:18+02:00,k-way901864544,sat vand,,ukendt,automatisk fra EEA-badevandsdata
2026-09-24T16:00:18+02:00,k-way901864546,sat vand,,ukendt,automatisk fra EEA-badevandsdata
2026-09-24T16:00:18+02:00,k-way901864547,sat vand,,ukendt,automatisk fra EEA-badevandsdata
2026-09-24T16:00:18+02:00,k-way901865627,sat vand,,ukendt,automatisk fra EEA-badevandsdata
2026-09-24T16:00:18+02:00,k-way901865629,sat vand,,ukendt,automatisk fra EEA-badevandsdata
2026-09-24T16:00:18+02:00,k-way901890370,sat vand,,ukendt,automatisk fra EEA-badevandsdata
2026-09-24T16:00:18+02:00,k-way901890371,sat vand,,ukendt,automatisk fra EEA-badevandsdata
2026-09-24T16:00:18+02:00,k-way901890373,sat vand,,ukendt,automatisk fra EEA-badevandsdata
2026-09-24T16:00:18+02:00,k-way901926880,sat vand,,ukendt,automatisk fra EEA-badevandsdata
2026-09-24T16:00:18+02:00,k-way901926896,sat vand,,ukendt,automatisk fra EEA-badevandsdata
2026-09-24T16:00:18+02:00,k-way901926897,sat vand,,ukendt,automatisk fra EEA-badevandsdata
2026-09-24T16:00:18+02:00,k-way901929372,sat vand,,ukendt,automatisk fra EEA-badevandsdata
2026-09-24T16:00:18+02:00,k-way901929378,sat vand,,ukendt,automatisk fra EEA-badevandsdata
2026-09-24T16:00:18+02:00,k-way901929383,sat vand,,ukendt,automatisk fra EEA-badevandsdata
2026-09-24T16:00:18+02:00,k-way901929390,sat vand,,ukendt,automatisk fra EEA-badevandsdata
2026-09-24T16:00:18+02:00,k-way901929395,sat vand,,ukendt,automatisk fra EEA-badevandsdata
2026-09-24T16:00:18+02:00,k-way901932279,sat vand,,ok,automatisk fra EEA-badevandsdata
2026-09-24T16:00:18+02:00,k-way902520577,sat vand,,ukendt,automatisk fra EEA-badevandsdata
2026-09-24T16:00:18+02:00,k-way902524798,sat vand,,ukendt,automatisk fra EEA-badevandsdata
2026-09-24T16:00:18+02:00,k-way902526056,sat vand,,ukendt,automatisk fra EEA-badevandsdata
2026-09-24T16:00:18+02:00,k-way902533901,sat vand,,ukendt,automatisk fra EEA-badevandsdata
2026-09-24T16:00:18+02:00,k-way902538569,sat vand,,ok,automatisk fra EEA-badevandsdata
2026-09-24T16:00:18+02:00,k-way902540707,sat vand,,ukendt,automatisk fra EEA-badevandsdata
2026-09-24T16:00:18+02:00,k-way902540708,sat vand,,ok,automatisk fra EEA-badevandsdata
2026-09-24T16:00:18+02:00,k-way902540711,sat vand,,ok,automatisk fra EEA-badevandsdata
2026-09-24T16:00:18+02:00,k-way902545122,sat vand,,ok,automatisk fra EEA-badevandsdata
2026-09-24T16:00:18+02:00,k-way902545128,sat vand,,ok,automatisk fra EEA-badevandsdata
2026-09-24T16:00:18+02:00,k-way902545130,sat vand,,ukendt,automatisk fra EEA-badevandsdata
2026-09-24T16:00:18+02:00,k-way902545131,sat vand,,ukendt,automatisk fra EEA-badevandsdata
2026-09-24T16:00:18+02:00,k-way902545133,sat vand,,ukendt,automatisk fra EEA-badevandsdata
2026-09-24T16:00:18+02:00,k-way902548109,sat vand,,ukendt,automatisk fra EEA-badevandsdata
2026-09-24T16:00:18+02:00,k-way902552176,sat vand,,ok,automatisk fra EEA-badevandsdata
2026-09-24T16:00:18+02:00,k-way902552181,sat vand,,ukendt,automatisk fra EEA-badevandsdata
2026-09-24T16:00:18+02:00,k-way902552197,sat vand,,ukendt,automatisk fra EEA-badevandsdata
2026-09-24T16:00:18+02:00,k-way902553193,sat vand,,ukendt,automatisk fra EEA-badevandsdata
2026-09-24T16:00:18+02:00,k-way902591150,sat vand,,ukendt,automatisk fra EEA-badevandsdata
2026-09-24T16:00:18+02:00,k-way902617578,sat vand,,ukendt,automatisk fra EEA-badevandsdata
2026-09-24T16:00:18+02:00,k-way902620731,sat vand,,ukendt,automatisk fra EEA-badevandsdata
2026-09-24T16:00:18+02:00,k-way902624567,sat vand,,ukendt,automatisk fra EEA-badevandsdata
2026-09-24T16:00:18+02:00,k-way902625522,sat vand,,ukendt,automatisk fra EEA-badevandsdata
2026-09-24T16:00:18+02:00,k-way902625537,sat vand,,ukendt,automatisk fra EEA-badevandsdata
2026-09-24T16:00:18+02:00,k-way902626589,sat vand,,ukendt,automatisk fra EEA-badevandsdata
2026-09-24T16:00:18+02:00,k-way902627665,sat vand,,ukendt,automatisk fra EEA-badevandsdata
2026-09-24T16:00:18+02:00,k-way902627666,sat vand,,ukendt,automatisk fra EEA-badevandsdata
2026-09-24T16:00:18+02:00,k-way902894078,sat vand,,ukendt,automatisk fra EEA-badevandsdata
2026-09-24T16:00:18+02:00,k-way902894079,sat vand,,ukendt,automatisk fra EEA-badevandsdata
2026-09-24T16:00:18+02:00,k-way902894081,sat vand,,ukendt,automatisk fra EEA-badevandsdata
2026-09-24T16:00:18+02:00,k-way902898490,sat vand,,ukendt,automatisk fra EEA-badevandsdata
2026-09-24T16:00:18+02:00,k-way902929341,sat vand,,ukendt,automatisk fra EEA-badevandsdata
2026-09-24T16:00:18+02:00,k-way902974604,sat vand,,ukendt,automatisk fra EEA-badevandsdata
2026-09-24T16:00:18+02:00,k-way902975903,sat vand,,ukendt,automatisk fra EEA-badevandsdata
2026-09-24T16:00:18+02:00,k-way902982039,sat vand,,ukendt,automatisk fra EEA-badevandsdata
2026-09-24T16:00:18+02:00,k-way902982041,sat vand,,ukendt,automatisk fra EEA-badevandsdata
2026-09-24T16:00:18+02:00,k-way902986717,sat vand,,ukendt,automatisk fra EEA-badevandsdata
2026-09-24T16:00:18+02:00,k-way902990949,sat vand,,ukendt,automatisk fra EEA-badevandsdata
2026-09-24T16:00:18+02:00,k-way903016133,sat vand,,ukendt,automatisk fra EEA-badevandsdata
2026-09-24T16:00:18+02:00,k-way903022414,sat vand,,ukendt,automatisk fra EEA-badevandsdata
2026-09-24T16:00:18+02:00,k-way903022416,sat vand,,ukendt,automatisk fra EEA-badevandsdata
2026-09-24T16:00:18+02:00,k-way903022427,sat vand,,ukendt,automatisk fra EEA-badevandsdata
2026-09-24T16:00:18+02:00,k-way903248858,sat vand,,ukendt,automatisk fra EEA-badevandsdata
2026-09-24T16:00:18+02:00,k-way903265147,sat vand,,ukendt,automatisk fra EEA-badevandsdata
2026-09-24T16:00:18+02:00,k-way903265148,sat vand,,ukendt,automatisk fra EEA-badevandsdata
2026-09-24T16:00:18+02:00,k-way903265150,sat vand,,ukendt,automatisk fra EEA-badevandsdata
2026-09-24T16:00:18+02:00,k-way903265151,sat vand,,ukendt,automatisk fra EEA-badevandsdata
2026-09-24T16:00:18+02:00,k-way903266037,sat vand,,ukendt,automatisk fra EEA-badevandsdata
2026-09-24T16:00:18+02:00,k-way903266038,sat vand,,ukendt,automatisk fra EEA-badevandsdata
2026-09-24T16:00:18+02:00,k-way903270362,sat vand,,ukendt,automatisk fra EEA-badevandsdata
2026-09-24T16:00:18+02:00,k-way903270363,sat vand,,ukendt,automatisk fra EEA-badevandsdata
2026-09-24T16:00:18+02:00,k-way903270364,sat vand,,ukendt,automatisk fra EEA-badevandsdata
2026-09-24T16:00:18+02:00,k-way903270365,sat vand,,ukendt,automatisk fra EEA-badevandsdata
2026-09-24T16:00:18+02:00,k-way903270366,sat vand,,ukendt,automatisk fra EEA-badevandsdata
2026-09-24T16:00:18+02:00,k-way903272162,sat vand,,ukendt,automatisk fra EEA-badevandsdata
2026-09-24T16:00:18+02:00,k-way903272163,sat vand,,ukendt,automatisk fra EEA-badevandsdata
2026-09-24T16:00:18+02:00,k-way903273448,sat vand,,ukendt,automatisk fra EEA-badevandsdata
2026-09-24T16:00:18+02:00,k-way903274067,sat vand,,ukendt,automatisk fra EEA-badevandsdata
2026-09-24T16:00:18+02:00,k-way903274658,sat vand,,ukendt,automatisk fra EEA-badevandsdata
2026-09-24T16:00:18+02:00,k-way903280809,sat vand,,ukendt,automatisk fra EEA-badevandsdata
2026-09-24T16:00:18+02:00,k-way903280810,sat vand,,ukendt,automatisk fra EEA-badevandsdata
2026-09-24T16:00:18+02:00,k-way903280813,sat vand,,ukendt,automatisk fra EEA-badevandsdata
2026-09-24T16:00:18+02:00,k-way903289704,sat vand,,ukendt,automatisk fra EEA-badevandsdata
2026-09-24T16:00:18+02:00,k-way903291317,sat vand,,ukendt,automatisk fra EEA-badevandsdata
2026-09-24T16:00:18+02:00,k-way903334190,sat vand,,ukendt,automatisk fra EEA-badevandsdata
2026-09-24T16:00:18+02:00,k-way903334191,sat vand,,ukendt,automatisk fra EEA-badevandsdata
2026-09-24T16:00:18+02:00,k-way903334192,sat vand,,ukendt,automatisk fra EEA-badevandsdata
2026-09-24T16:00:18+02:00,k-way903334197,sat vand,,ukendt,automatisk fra EEA-badevandsdata
2026-09-24T16:00:18+02:00,k-way903337285,sat vand,,ukendt,automatisk fra EEA-badevandsdata
2026-09-24T16:00:18+02:00,k-way903337286,sat vand,,ukendt,automatisk fra EEA-badevandsdata
2026-09-24T16:00:18+02:00,k-way903337333,sat vand,,ukendt,automatisk fra EEA-badevandsdata
2026-09-24T16:00:18+02:00,k-way903339911,sat vand,,ukendt,automatisk fra EEA-badevandsdata
2026-09-24T16:00:18+02:00,k-way903355941,sat vand,,ukendt,automatisk fra EEA-badevandsdata
2026-09-24T16:00:18+02:00,k-way903356401,sat vand,,ukendt,automatisk fra EEA-badevandsdata
2026-09-24T16:00:18+02:00,k-way903356404,sat vand,,ukendt,automatisk fra EEA-badevandsdata
2026-09-24T16:00:18+02:00,k-way903356408,sat vand,,ukendt,automatisk fra EEA-badevandsdata
2026-09-24T16:00:18+02:00,k-way903356410,sat vand,,ukendt,automatisk fra EEA-badevandsdata
2026-09-24T16:00:18+02:00,k-way903374314,sat vand,,ukendt,automatisk fra EEA-badevandsdata
2026-09-24T16:00:18+02:00,k-way903636820,sat vand,,ok,automatisk fra EEA-badevandsdata
2026-09-24T16:00:18+02:00,k-way903636821,sat vand,,ok,automatisk fra EEA-badevandsdata
2026-09-24T16:00:18+02:00,k-way903636823,sat vand,,ok,automatisk fra EEA-badevandsdata
2026-09-24T16:00:18+02:00,k-way903638423,sat vand,,ukendt,automatisk fra EEA-badevandsdata
2026-09-24T16:00:18+02:00,k-way903647571,sat vand,,ukendt,automatisk fra EEA-badevandsdata
2026-09-24T16:00:18+02:00,k-way903648959,sat vand,,ukendt,automatisk fra EEA-badevandsdata
2026-09-24T16:00:18+02:00,k-way903648962,sat vand,,ukendt,automatisk fra EEA-badevandsdata
2026-09-24T16:00:18+02:00,k-way903648966,sat vand,,ukendt,automatisk fra EEA-badevandsdata
2026-09-24T16:00:18+02:00,k-way903648970,sat vand,,ukendt,automatisk fra EEA-badevandsdata
2026-09-24T16:00:18+02:00,k-way903651941,sat vand,,ukendt,automatisk fra EEA-badevandsdata
2026-09-24T16:00:18+02:00,k-way903657154,sat vand,,ukendt,automatisk fra EEA-badevandsdata
2026-09-24T16:00:18+02:00,k-way903665800,sat vand,,ukendt,automatisk fra EEA-badevandsdata
2026-09-24T16:00:18+02:00,k-way903683087,sat vand,,ukendt,automatisk fra EEA-badevandsdata
2026-09-24T16:00:18+02:00,k-way903684419,sat vand,,ok,automatisk fra EEA-badevandsdata
2026-09-24T16:00:18+02:00,k-way903684423,sat vand,,ok,automatisk fra EEA-badevandsdata
2026-09-24T16:00:18+02:00,k-way903684425,sat vand,,ukendt,automatisk fra EEA-badevandsdata
2026-09-24T16:00:18+02:00,k-way903684430,sat vand,,ukendt,automatisk fra EEA-badevandsdata
2026-09-24T16:00:18+02:00,k-way903684433,sat vand,,ukendt,automatisk fra EEA-badevandsdata
2026-09-24T16:00:18+02:00,k-way903684435,sat vand,,ukendt,automatisk fra EEA-badevandsdata
2026-09-24T16:00:18+02:00,k-way903685916,sat vand,,ukendt,automatisk fra EEA-badevandsdata
2026-09-24T16:00:18+02:00,k-way903685917,sat vand,,ok,automatisk fra EEA-badevandsdata
2026-09-24T16:00:18+02:00,k-way903688371,sat vand,,ukendt,automatisk fra EEA-badevandsdata
2026-09-24T16:00:18+02:00,k-way903688375,sat vand,,ukendt,automatisk fra EEA-badevandsdata
2026-09-24T16:00:18+02:00,k-way903699695,sat vand,,ukendt,automatisk fra EEA-badevandsdata
2026-09-24T16:00:18+02:00,k-way903699698,sat vand,,ukendt,automatisk fra EEA-badevandsdata
2026-09-24T16:00:18+02:00,k-way903699704,sat vand,,ukendt,automatisk fra EEA-badevandsdata
2026-09-24T16:00:18+02:00,k-way903702559,sat vand,,ukendt,automatisk fra EEA-badevandsdata
2026-09-24T16:00:18+02:00,k-way903702560,sat vand,,ukendt,automatisk fra EEA-badevandsdata
2026-09-24T16:00:18+02:00,k-way903712796,sat vand,,ukendt,automatisk fra EEA-badevandsdata
2026-09-24T16:00:18+02:00,k-way903714668,sat vand,,ok,automatisk fra EEA-badevandsdata
2026-09-24T16:00:18+02:00,k-way903719168,sat vand,,ukendt,automatisk fra EEA-badevandsdata
2026-09-24T16:00:18+02:00,k-way903719174,sat vand,,ukendt,automatisk fra EEA-badevandsdata
2026-09-24T16:00:18+02:00,k-way903719175,sat vand,,ukendt,automatisk fra EEA-badevandsdata
2026-09-24T16:00:18+02:00,k-way903720061,sat vand,,ukendt,automatisk fra EEA-badevandsdata
2026-09-24T16:00:18+02:00,k-way903758799,sat vand,,ukendt,automatisk fra EEA-badevandsdata
2026-09-24T16:00:18+02:00,k-way903758807,sat vand,,ukendt,automatisk fra EEA-badevandsdata
2026-09-24T16:00:18+02:00,k-way903760548,sat vand,,ukendt,automatisk fra EEA-badevandsdata
2026-09-24T16:00:18+02:00,k-way903760550,sat vand,,ukendt,automatisk fra EEA-badevandsdata
2026-09-24T16:00:18+02:00,k-way903760556,sat vand,,ukendt,automatisk fra EEA-badevandsdata
2026-09-24T16:00:18+02:00,k-way903760561,sat vand,,ukendt,automatisk fra EEA-badevandsdata
2026-09-24T16:00:18+02:00,k-way903767409,sat vand,,ok,automatisk fra EEA-badevandsdata
2026-09-24T16:00:18+02:00,k-way903768030,sat vand,,ukendt,automatisk fra EEA-badevandsdata
2026-09-24T16:00:18+02:00,k-way903779865,sat vand,,ok,automatisk fra EEA-badevandsdata
2026-09-24T16:00:18+02:00,k-way904001094,sat vand,,ukendt,automatisk fra EEA-badevandsdata
2026-09-24T16:00:18+02:00,k-way904003356,sat vand,,ukendt,automatisk fra EEA-badevandsdata
2026-09-24T16:00:18+02:00,k-way904003357,sat vand,,ukendt,automatisk fra EEA-badevandsdata
2026-09-24T16:00:18+02:00,k-way904009973,sat vand,,ukendt,automatisk fra EEA-badevandsdata
2026-09-24T16:00:18+02:00,k-way904014994,sat vand,,ukendt,automatisk fra EEA-badevandsdata
2026-09-24T16:00:18+02:00,k-way904027299,sat vand,,ukendt,automatisk fra EEA-badevandsdata
2026-09-24T16:00:18+02:00,k-way904032812,sat vand,,ukendt,automatisk fra EEA-badevandsdata
2026-09-24T16:00:18+02:00,k-way904040375,sat vand,,ukendt,automatisk fra EEA-badevandsdata
2026-09-24T16:00:18+02:00,k-way904041784,sat vand,,ok,automatisk fra EEA-badevandsdata
2026-09-24T16:00:18+02:00,k-way904041786,sat vand,,ok,automatisk fra EEA-badevandsdata
2026-09-24T16:00:18+02:00,k-way904041793,sat vand,,ok,automatisk fra EEA-badevandsdata
2026-09-24T16:00:18+02:00,k-way904041796,sat vand,,ukendt,automatisk fra EEA-badevandsdata
2026-09-24T16:00:18+02:00,k-way904041797,sat vand,,ukendt,automatisk fra EEA-badevandsdata
2026-09-24T16:00:18+02:00,k-way904053235,sat vand,,ok,automatisk fra EEA-badevandsdata
2026-09-24T16:00:18+02:00,k-way904053260,sat vand,,ukendt,automatisk fra EEA-badevandsdata
2026-09-24T16:00:18+02:00,k-way904053261,sat vand,,ok,automatisk fra EEA-badevandsdata
2026-09-24T16:00:18+02:00,k-way904053267,sat vand,,ukendt,automatisk fra EEA-badevandsdata
2026-09-24T16:00:18+02:00,k-way904058649,sat vand,,ukendt,automatisk fra EEA-badevandsdata
2026-09-24T16:00:18+02:00,k-way904058650,sat vand,,ukendt,automatisk fra EEA-badevandsdata
2026-09-24T16:00:18+02:00,k-way904058651,sat vand,,ukendt,automatisk fra EEA-badevandsdata
2026-09-24T16:00:18+02:00,k-way904088444,sat vand,,ukendt,automatisk fra EEA-badevandsdata
2026-09-24T16:00:18+02:00,k-way904096324,sat vand,,ok,automatisk fra EEA-badevandsdata
2026-09-24T16:00:18+02:00,k-way904115148,sat vand,,ukendt,automatisk fra EEA-badevandsdata
2026-09-24T16:00:18+02:00,k-way904135377,sat vand,,ukendt,automatisk fra EEA-badevandsdata
2026-09-24T16:00:18+02:00,k-way904135378,sat vand,,ukendt,automatisk fra EEA-badevandsdata
2026-09-24T16:00:18+02:00,k-way904135379,sat vand,,ukendt,automatisk fra EEA-badevandsdata
2026-09-24T16:00:18+02:00,k-way904591191,sat vand,,ukendt,automatisk fra EEA-badevandsdata
2026-09-24T16:00:18+02:00,k-way904713921,sat vand,,ukendt,automatisk fra EEA-badevandsdata
2026-09-24T16:00:18+02:00,k-way904718439,sat vand,,ukendt,automatisk fra EEA-badevandsdata
2026-09-24T16:00:18+02:00,k-way904904319,sat vand,,ukendt,automatisk fra EEA-badevandsdata
2026-09-24T16:00:18+02:00,k-way904904322,sat vand,,ukendt,automatisk fra EEA-badevandsdata
2026-09-24T16:00:18+02:00,k-way904904325,sat vand,,ukendt,automatisk fra EEA-badevandsdata
2026-09-24T16:00:18+02:00,k-way904904330,sat vand,,ukendt,automatisk fra EEA-badevandsdata
2026-09-24T16:00:18+02:00,k-way904955113,sat vand,,ukendt,automatisk fra EEA-badevandsdata
2026-09-24T16:00:18+02:00,k-way905027130,sat vand,,ukendt,automatisk fra EEA-badevandsdata
2026-09-24T16:00:18+02:00,k-way905027131,sat vand,,ukendt,automatisk fra EEA-badevandsdata
2026-09-24T16:00:18+02:00,k-way905027132,sat vand,,ukendt,automatisk fra EEA-badevandsdata
2026-09-24T16:00:18+02:00,k-way905027142,sat vand,,ukendt,automatisk fra EEA-badevandsdata
2026-09-24T16:00:18+02:00,k-way905027153,sat vand,,ukendt,automatisk fra EEA-badevandsdata
2026-09-24T16:00:18+02:00,k-way905027158,sat vand,,ukendt,automatisk fra EEA-badevandsdata
2026-09-24T16:00:18+02:00,k-way905027167,sat vand,,ukendt,automatisk fra EEA-badevandsdata
2026-09-24T16:00:18+02:00,k-way905027174,sat vand,,ukendt,automatisk fra EEA-badevandsdata
2026-09-24T16:00:18+02:00,k-way905031525,sat vand,,ukendt,automatisk fra EEA-badevandsdata
2026-09-24T16:00:18+02:00,k-way905031534,sat vand,,ukendt,automatisk fra EEA-badevandsdata
2026-09-24T16:00:18+02:00,k-way905031537,sat vand,,ukendt,automatisk fra EEA-badevandsdata
2026-09-24T16:00:18+02:00,k-way905281672,sat vand,,ukendt,automatisk fra EEA-badevandsdata
2026-09-24T16:00:18+02:00,k-way905281686,sat vand,,ukendt,automatisk fra EEA-badevandsdata
2026-09-24T16:00:18+02:00,k-way905281699,sat vand,,ukendt,automatisk fra EEA-badevandsdata
2026-09-24T16:00:18+02:00,k-way905281712,sat vand,,ukendt,automatisk fra EEA-badevandsdata
2026-09-24T16:00:18+02:00,k-way905296150,sat vand,,ukendt,automatisk fra EEA-badevandsdata
2026-09-24T16:00:18+02:00,k-way905296151,sat vand,,ukendt,automatisk fra EEA-badevandsdata
2026-09-24T16:00:18+02:00,k-way905297136,sat vand,,ukendt,automatisk fra EEA-badevandsdata
2026-09-24T16:00:18+02:00,k-way905297139,sat vand,,ok,automatisk fra EEA-badevandsdata
2026-09-24T16:00:18+02:00,k-way905297145,sat vand,,ok,automatisk fra EEA-badevandsdata
2026-09-24T16:00:18+02:00,k-way905297146,sat vand,,ukendt,automatisk fra EEA-badevandsdata
2026-09-24T16:00:18+02:00,k-way905297149,sat vand,,ukendt,automatisk fra EEA-badevandsdata
2026-09-24T16:00:18+02:00,k-way905297150,sat vand,,ukendt,automatisk fra EEA-badevandsdata
2026-09-24T16:00:18+02:00,k-way905297154,sat vand,,ukendt,automatisk fra EEA-badevandsdata
2026-09-24T16:00:18+02:00,k-way905297158,sat vand,,ukendt,automatisk fra EEA-badevandsdata
2026-09-24T16:00:18+02:00,k-way905297162,sat vand,,ukendt,automatisk fra EEA-badevandsdata
2026-09-24T16:00:18+02:00,k-way905297168,sat vand,,ukendt,automatisk fra EEA-badevandsdata
2026-09-24T16:00:18+02:00,k-way905297174,sat vand,,ukendt,automatisk fra EEA-badevandsdata
2026-09-24T16:00:18+02:00,k-way905297177,sat vand,,ukendt,automatisk fra EEA-badevandsdata
2026-09-24T16:00:18+02:00,k-way905297182,sat vand,,ukendt,automatisk fra EEA-badevandsdata
2026-09-24T16:00:18+02:00,k-way905297207,sat vand,,ukendt,automatisk fra EEA-badevandsdata
2026-09-24T16:00:18+02:00,k-way905297208,sat vand,,ukendt,automatisk fra EEA-badevandsdata
2026-09-24T16:00:18+02:00,k-way905297214,sat vand,,ukendt,automatisk fra EEA-badevandsdata
2026-09-24T16:00:18+02:00,k-way905369836,sat vand,,ukendt,automatisk fra EEA-badevandsdata
2026-09-24T16:00:18+02:00,k-way905369853,sat vand,,ukendt,automatisk fra EEA-badevandsdata
2026-09-24T16:00:18+02:00,k-way905369863,sat vand,,ukendt,automatisk fra EEA-badevandsdata
2026-09-24T16:00:18+02:00,k-way905369870,sat vand,,ok,automatisk fra EEA-badevandsdata
2026-09-24T16:00:18+02:00,k-way905382579,sat vand,,ukendt,automatisk fra EEA-badevandsdata
2026-09-24T16:00:18+02:00,k-way905384946,sat vand,,ok,automatisk fra EEA-badevandsdata
2026-09-24T16:00:18+02:00,k-way905384949,sat vand,,ok,automatisk fra EEA-badevandsdata
2026-09-24T16:00:18+02:00,k-way905664953,sat vand,,ok,automatisk fra EEA-badevandsdata
2026-09-24T16:00:18+02:00,k-way905664961,sat vand,,ok,automatisk fra EEA-badevandsdata
2026-09-24T16:00:18+02:00,k-way905664968,sat vand,,ok,automatisk fra EEA-badevandsdata
2026-09-24T16:00:18+02:00,k-way905664982,sat vand,,ok,automatisk fra EEA-badevandsdata
2026-09-24T16:00:18+02:00,k-way905664991,sat vand,,ok,automatisk fra EEA-badevandsdata
2026-09-24T16:00:18+02:00,k-way905669955,sat vand,,ukendt,automatisk fra EEA-badevandsdata
2026-09-24T16:00:18+02:00,k-way905669956,sat vand,,ukendt,automatisk fra EEA-badevandsdata
2026-09-24T16:00:18+02:00,k-way905682219,sat vand,,ukendt,automatisk fra EEA-badevandsdata
2026-09-24T16:00:18+02:00,k-way905682220,sat vand,,ukendt,automatisk fra EEA-badevandsdata
2026-09-24T16:00:18+02:00,k-way905682222,sat vand,,ukendt,automatisk fra EEA-badevandsdata
2026-09-24T16:00:18+02:00,k-way906794916,sat vand,,ok,automatisk fra EEA-badevandsdata
2026-09-24T16:00:18+02:00,k-way907518386,sat vand,,ukendt,automatisk fra EEA-badevandsdata
2026-09-24T16:00:18+02:00,k-way910312020,sat vand,,ukendt,automatisk fra EEA-badevandsdata
2026-09-24T16:00:18+02:00,k-way911029908,sat vand,,ukendt,automatisk fra EEA-badevandsdata
2026-09-24T16:00:18+02:00,k-way911210131,sat vand,,ok,automatisk fra EEA-badevandsdata
2026-09-24T16:00:18+02:00,k-way913076575,sat vand,,ukendt,automatisk fra EEA-badevandsdata
2026-09-24T16:00:18+02:00,k-way913076741,sat vand,,ukendt,automatisk fra EEA-badevandsdata
2026-09-24T16:00:18+02:00,k-way913076751,sat vand,,ukendt,automatisk fra EEA-badevandsdata
2026-09-24T16:00:18+02:00,k-way913717633,sat vand,,ukendt,automatisk fra EEA-badevandsdata
2026-09-24T16:00:18+02:00,k-way913743787,sat vand,,ukendt,automatisk fra EEA-badevandsdata
2026-09-24T16:00:18+02:00,k-way913762781,sat vand,,ok,automatisk fra EEA-badevandsdata
2026-09-24T16:00:18+02:00,k-way913772091,sat vand,,ukendt,automatisk fra EEA-badevandsdata
2026-09-24T16:00:18+02:00,k-way914082600,sat vand,,ok,automatisk fra EEA-badevandsdata
2026-09-24T16:00:18+02:00,k-way914082613,sat vand,,ok,automatisk fra EEA-badevandsdata
2026-09-24T16:00:18+02:00,k-way914082621,sat vand,,ukendt,automatisk fra EEA-badevandsdata
2026-09-24T16:00:18+02:00,k-way914082629,sat vand,,ok,automatisk fra EEA-badevandsdata
2026-09-24T16:00:18+02:00,k-way914082639,sat vand,,ok,automatisk fra EEA-badevandsdata
2026-09-24T16:00:18+02:00,k-way914082650,sat vand,,ukendt,automatisk fra EEA-badevandsdata
2026-09-24T16:00:18+02:00,k-way914082651,sat vand,,ok,automatisk fra EEA-badevandsdata
2026-09-24T16:00:18+02:00,k-way914082660,sat vand,,ok,automatisk fra EEA-badevandsdata
2026-09-24T16:00:18+02:00,k-way914082688,sat vand,,ukendt,automatisk fra EEA-badevandsdata
2026-09-24T16:00:18+02:00,k-way914222569,sat vand,,ukendt,automatisk fra EEA-badevandsdata
2026-09-24T16:00:18+02:00,k-way914340049,sat vand,,ok,automatisk fra EEA-badevandsdata
2026-09-24T16:00:18+02:00,k-way914340051,sat vand,,ok,automatisk fra EEA-badevandsdata
2026-09-24T16:00:18+02:00,k-way914340053,sat vand,,ok,automatisk fra EEA-badevandsdata
2026-09-24T16:00:18+02:00,k-way914340059,sat vand,,ukendt,automatisk fra EEA-badevandsdata
2026-09-24T16:00:18+02:00,k-way914340065,sat vand,,ukendt,automatisk fra EEA-badevandsdata
2026-09-24T16:00:18+02:00,k-way914340067,sat vand,,ukendt,automatisk fra EEA-badevandsdata
2026-09-24T16:00:18+02:00,k-way914340068,sat vand,,ukendt,automatisk fra EEA-badevandsdata
2026-09-24T16:00:18+02:00,k-way914340076,sat vand,,ok,automatisk fra EEA-badevandsdata
2026-09-24T16:00:18+02:00,k-way914340090,sat vand,,ukendt,automatisk fra EEA-badevandsdata
2026-09-24T16:00:18+02:00,k-way914568907,sat vand,,ukendt,automatisk fra EEA-badevandsdata
2026-09-24T16:00:18+02:00,k-way914622661,sat vand,,ukendt,automatisk fra EEA-badevandsdata
2026-09-24T16:00:18+02:00,k-way914639638,sat vand,,ukendt,automatisk fra EEA-badevandsdata
2026-09-24T16:00:18+02:00,k-way914681289,sat vand,,ukendt,automatisk fra EEA-badevandsdata
2026-09-24T16:00:18+02:00,k-way914818618,sat vand,,ukendt,automatisk fra EEA-badevandsdata
2026-09-24T16:00:18+02:00,k-way914920862,sat vand,,ukendt,automatisk fra EEA-badevandsdata
2026-09-24T16:00:18+02:00,k-way915315686,sat vand,,ok,automatisk fra EEA-badevandsdata
2026-09-24T16:00:18+02:00,k-way915316869,sat vand,,ok,automatisk fra EEA-badevandsdata
2026-09-24T16:00:18+02:00,k-way915355938,sat vand,,ukendt,automatisk fra EEA-badevandsdata
2026-09-24T16:00:18+02:00,k-way915412514,sat vand,,ukendt,automatisk fra EEA-badevandsdata
2026-09-24T16:00:18+02:00,k-way915438320,sat vand,,ukendt,automatisk fra EEA-badevandsdata
2026-09-24T16:00:18+02:00,k-way915677523,sat vand,,ukendt,automatisk fra EEA-badevandsdata
2026-09-24T16:00:18+02:00,k-way915680187,sat vand,,ukendt,automatisk fra EEA-badevandsdata
2026-09-24T16:00:18+02:00,k-way917248840,sat vand,,ukendt,automatisk fra EEA-badevandsdata
2026-09-24T16:00:18+02:00,k-way917265922,sat vand,,ukendt,automatisk fra EEA-badevandsdata
2026-09-24T16:00:18+02:00,k-way917470120,sat vand,,ukendt,automatisk fra EEA-badevandsdata
2026-09-24T16:00:18+02:00,k-way917470124,sat vand,,ukendt,automatisk fra EEA-badevandsdata
2026-09-24T16:00:18+02:00,k-way918094025,sat vand,,ok,automatisk fra EEA-badevandsdata
2026-09-24T16:00:18+02:00,k-way918282207,sat vand,,ukendt,automatisk fra EEA-badevandsdata
2026-09-24T16:00:18+02:00,k-way918603903,sat vand,,ukendt,automatisk fra EEA-badevandsdata
2026-09-24T16:00:18+02:00,k-way918658947,sat vand,,ukendt,automatisk fra EEA-badevandsdata
2026-09-24T16:00:18+02:00,k-way920647446,sat vand,,ukendt,automatisk fra EEA-badevandsdata
2026-09-24T16:00:18+02:00,k-way920673907,sat vand,,ok,automatisk fra EEA-badevandsdata
2026-09-24T16:00:18+02:00,k-way920673911,sat vand,,ukendt,automatisk fra EEA-badevandsdata
2026-09-24T16:00:18+02:00,k-way921410133,sat vand,,ukendt,automatisk fra EEA-badevandsdata
2026-09-24T16:00:18+02:00,k-way921477776,sat vand,,ukendt,automatisk fra EEA-badevandsdata
2026-09-24T16:00:18+02:00,k-way921584369,sat vand,,ukendt,automatisk fra EEA-badevandsdata
2026-09-24T16:00:18+02:00,k-way921590720,sat vand,,ukendt,automatisk fra EEA-badevandsdata
2026-09-24T16:00:18+02:00,k-way921973684,sat vand,,ok,automatisk fra EEA-badevandsdata
2026-09-24T16:00:18+02:00,k-way922764737,sat vand,,ukendt,automatisk fra EEA-badevandsdata
2026-09-24T16:00:18+02:00,k-way922940899,sat vand,,ukendt,automatisk fra EEA-badevandsdata
2026-09-24T16:00:18+02:00,k-way928744180,sat vand,,ukendt,automatisk fra EEA-badevandsdata
2026-09-24T16:00:18+02:00,k-way929584048,sat vand,,ukendt,automatisk fra EEA-badevandsdata
2026-09-24T16:00:19+02:00,k-way929664048,sat vand,,ukendt,automatisk fra EEA-badevandsdata
2026-09-24T16:00:19+02:00,k-way930496806,sat vand,,ukendt,automatisk fra EEA-badevandsdata
2026-09-24T16:00:19+02:00,k-way930601088,sat vand,,ukendt,automatisk fra EEA-badevandsdata
2026-09-24T16:00:19+02:00,k-way936122506,sat vand,,ukendt,automatisk fra EEA-badevandsdata
2026-09-24T16:00:19+02:00,k-way938029990,sat vand,,ukendt,automatisk fra EEA-badevandsdata
2026-09-24T16:00:19+02:00,k-way93924747,sat vand,,ukendt,automatisk fra EEA-badevandsdata
2026-09-24T16:00:19+02:00,k-way93978079,sat vand,,ukendt,automatisk fra EEA-badevandsdata
2026-09-24T16:00:19+02:00,k-way941467638,sat vand,,ukendt,automatisk fra EEA-badevandsdata
2026-09-24T16:00:19+02:00,k-way943490048,sat vand,,ukendt,automatisk fra EEA-badevandsdata
2026-09-24T16:00:19+02:00,k-way943501426,sat vand,,ok,automatisk fra EEA-badevandsdata
2026-09-24T16:00:19+02:00,k-way945888651,sat vand,,ok,automatisk fra EEA-badevandsdata
2026-09-24T16:00:19+02:00,k-way945888653,sat vand,,ok,automatisk fra EEA-badevandsdata
2026-09-24T16:00:19+02:00,k-way946558513,sat vand,,ok,automatisk fra EEA-badevandsdata
2026-09-24T16:00:19+02:00,k-way946632530,sat vand,,ok,automatisk fra EEA-badevandsdata
2026-09-24T16:00:19+02:00,k-way94697683,sat vand,,ok,automatisk fra EEA-badevandsdata
2026-09-24T16:00:19+02:00,k-way94697749,sat vand,,ok,automatisk fra EEA-badevandsdata
2026-09-24T16:00:19+02:00,k-way94709741,sat vand,,ok,automatisk fra EEA-badevandsdata
2026-09-24T16:00:19+02:00,k-way949084833,sat vand,,ok,automatisk fra EEA-badevandsdata
2026-09-24T16:00:19+02:00,k-way95002469,sat vand,,ukendt,automatisk fra EEA-badevandsdata
2026-09-24T16:00:19+02:00,k-way953804116,sat vand,,ukendt,automatisk fra EEA-badevandsdata
2026-09-24T16:00:19+02:00,k-way954038107,sat vand,,ukendt,automatisk fra EEA-badevandsdata
2026-09-24T16:00:19+02:00,k-way954038108,sat vand,,ukendt,automatisk fra EEA-badevandsdata
2026-09-24T16:00:19+02:00,k-way956028977,sat vand,,ok,automatisk fra EEA-badevandsdata
2026-09-24T16:00:19+02:00,k-way961361786,sat vand,,ukendt,automatisk fra EEA-badevandsdata
2026-09-24T16:00:19+02:00,k-way962666761,sat vand,,ukendt,automatisk fra EEA-badevandsdata
2026-09-24T16:00:19+02:00,k-way963693810,sat vand,,ok,automatisk fra EEA-badevandsdata
2026-09-24T16:00:19+02:00,k-way963693815,sat vand,,ok,automatisk fra EEA-badevandsdata
2026-09-24T16:00:19+02:00,k-way963693823,sat vand,,ok,automatisk fra EEA-badevandsdata
2026-09-24T16:00:19+02:00,k-way964396353,sat vand,,ukendt,automatisk fra EEA-badevandsdata
2026-09-24T16:00:19+02:00,k-way964415388,sat vand,,ukendt,automatisk fra EEA-badevandsdata
2026-09-24T16:00:19+02:00,k-way964642381,sat vand,,ok,automatisk fra EEA-badevandsdata
2026-09-24T16:00:19+02:00,k-way964775617,sat vand,,ukendt,automatisk fra EEA-badevandsdata
2026-09-24T16:00:19+02:00,k-way965439670,sat vand,,ok,automatisk fra EEA-badevandsdata
2026-09-24T16:00:19+02:00,k-way96634764,sat vand,,ukendt,automatisk fra EEA-badevandsdata
2026-09-24T16:00:19+02:00,k-way96707186,sat vand,,ukendt,automatisk fra EEA-badevandsdata
2026-09-24T16:00:19+02:00,k-way967284928,sat vand,,ok,automatisk fra EEA-badevandsdata
2026-09-24T16:00:19+02:00,k-way967297398,sat vand,,ok,automatisk fra EEA-badevandsdata
2026-09-24T16:00:19+02:00,k-way96753373,sat vand,,ok,automatisk fra EEA-badevandsdata
2026-09-24T16:00:19+02:00,k-way967593406,sat vand,,ukendt,automatisk fra EEA-badevandsdata
2026-09-24T16:00:19+02:00,k-way967622346,sat vand,,ukendt,automatisk fra EEA-badevandsdata
2026-09-24T16:00:19+02:00,k-way967641556,sat vand,,ukendt,automatisk fra EEA-badevandsdata
2026-09-24T16:00:19+02:00,k-way968604317,sat vand,,ukendt,automatisk fra EEA-badevandsdata
2026-09-24T16:00:19+02:00,k-way968605245,sat vand,,ukendt,automatisk fra EEA-badevandsdata
2026-09-24T16:00:19+02:00,k-way969588442,sat vand,,ukendt,automatisk fra EEA-badevandsdata
2026-09-24T16:00:19+02:00,k-way969884524,sat vand,,ukendt,automatisk fra EEA-badevandsdata
2026-09-24T16:00:19+02:00,k-way969909845,sat vand,,ukendt,automatisk fra EEA-badevandsdata
2026-09-24T16:00:19+02:00,k-way970422463,sat vand,,ukendt,automatisk fra EEA-badevandsdata
2026-09-24T16:00:19+02:00,k-way970615586,sat vand,,ukendt,automatisk fra EEA-badevandsdata
2026-09-24T16:00:19+02:00,k-way970626205,sat vand,,ok,automatisk fra EEA-badevandsdata
2026-09-24T16:00:19+02:00,k-way970874779,sat vand,,ukendt,automatisk fra EEA-badevandsdata
2026-09-24T16:00:19+02:00,k-way972216859,sat vand,,ukendt,automatisk fra EEA-badevandsdata
2026-09-24T16:00:19+02:00,k-way972216860,sat vand,,ukendt,automatisk fra EEA-badevandsdata
2026-09-24T16:00:19+02:00,k-way972783435,sat vand,,ok,automatisk fra EEA-badevandsdata
2026-09-24T16:00:19+02:00,k-way97456948,sat vand,,ukendt,automatisk fra EEA-badevandsdata
2026-09-24T16:00:19+02:00,k-way97456950,sat vand,,ukendt,automatisk fra EEA-badevandsdata
2026-09-24T16:00:19+02:00,k-way974908267,sat vand,,ok,automatisk fra EEA-badevandsdata
2026-09-24T16:00:19+02:00,k-way975052063,sat vand,,ukendt,automatisk fra EEA-badevandsdata
2026-09-24T16:00:19+02:00,k-way975055139,sat vand,,ukendt,automatisk fra EEA-badevandsdata
2026-09-24T16:00:19+02:00,k-way975161248,sat vand,,ukendt,automatisk fra EEA-badevandsdata
2026-09-24T16:00:19+02:00,k-way975464297,sat vand,,ukendt,automatisk fra EEA-badevandsdata
2026-09-24T16:00:19+02:00,k-way975592136,sat vand,,ukendt,automatisk fra EEA-badevandsdata
2026-09-24T16:00:19+02:00,k-way977589831,sat vand,,ukendt,automatisk fra EEA-badevandsdata
2026-09-24T16:00:19+02:00,k-way978175050,sat vand,,ok,automatisk fra EEA-badevandsdata
2026-09-24T16:00:19+02:00,k-way979669594,sat vand,,ukendt,automatisk fra EEA-badevandsdata
2026-09-24T16:00:19+02:00,k-way980076575,sat vand,,ukendt,automatisk fra EEA-badevandsdata
2026-09-24T16:00:19+02:00,k-way980076578,sat vand,,ukendt,automatisk fra EEA-badevandsdata
2026-09-24T16:00:19+02:00,k-way980123151,sat vand,,ukendt,automatisk fra EEA-badevandsdata
2026-09-24T16:00:19+02:00,k-way980123152,sat vand,,ukendt,automatisk fra EEA-badevandsdata
2026-09-24T16:00:19+02:00,k-way980123344,sat vand,,ukendt,automatisk fra EEA-badevandsdata
2026-09-24T16:00:19+02:00,k-way983739142,sat vand,,ukendt,automatisk fra EEA-badevandsdata
2026-09-24T16:00:19+02:00,k-way983739143,sat vand,,ukendt,automatisk fra EEA-badevandsdata
2026-09-24T16:00:19+02:00,k-way983859754,sat vand,,ukendt,automatisk fra EEA-badevandsdata
2026-09-24T16:00:19+02:00,k-way984760675,sat vand,,ok,automatisk fra EEA-badevandsdata
2026-09-24T16:00:19+02:00,k-way984760677,sat vand,,ok,automatisk fra EEA-badevandsdata
2026-09-24T16:00:19+02:00,k-way984925326,sat vand,,ok,automatisk fra EEA-badevandsdata
2026-09-24T16:00:19+02:00,k-way984944811,sat vand,,ukendt,automatisk fra EEA-badevandsdata
2026-09-24T16:00:19+02:00,k-way984944815,sat vand,,ukendt,automatisk fra EEA-badevandsdata
2026-09-24T16:00:19+02:00,k-way985632878,sat vand,,ukendt,automatisk fra EEA-badevandsdata
2026-09-24T16:00:19+02:00,k-way98643455,sat vand,,ukendt,automatisk fra EEA-badevandsdata
2026-09-24T16:00:19+02:00,k-way98644886,sat vand,,ukendt,automatisk fra EEA-badevandsdata
2026-09-24T16:00:19+02:00,k-way98649178,sat vand,,ukendt,automatisk fra EEA-badevandsdata
2026-09-24T16:00:19+02:00,k-way987944346,sat vand,,ukendt,automatisk fra EEA-badevandsdata
2026-09-24T16:00:19+02:00,k-way99325700,sat vand,,ok,automatisk fra EEA-badevandsdata
2026-09-24T16:00:19+02:00,k-way99483441,sat vand,,ok,automatisk fra EEA-badevandsdata
2026-09-24T16:00:19+02:00,k-way99483442,sat vand,,ok,automatisk fra EEA-badevandsdata
2026-09-24T16:00:19+02:00,k-way995650540,sat vand,,ukendt,automatisk fra EEA-badevandsdata
2026-09-24T16:00:19+02:00,k-way995924756,sat vand,,ukendt,automatisk fra EEA-badevandsdata
2026-09-24T16:07:22+02:00,k-way291876576,sat vand,ok,tvivl,automatisk fra EEA-badevandsdata
2026-09-24T16:07:22+02:00,k-way294806020,sat vand,ok,tvivl,automatisk fra EEA-badevandsdata
2026-09-24T16:07:22+02:00,k-node12462905430,sat vand,ok,tvivl,automatisk fra EEA-badevandsdata
2026-09-24T16:07:22+02:00,k-node12512348349,sat vand,ok,tvivl,automatisk fra EEA-badevandsdata
2026-09-24T16:07:22+02:00,k-way1002341571,sat vand,ok,tvivl,automatisk fra EEA-badevandsdata
2026-09-24T16:07:22+02:00,k-way111685002,sat vand,ok,tvivl,automatisk fra EEA-badevandsdata
2026-09-24T16:07:22+02:00,k-way210460299,sat vand,ok,tvivl,automatisk fra EEA-badevandsdata
2026-09-24T16:07:22+02:00,k-way291168261,sat vand,ok,tvivl,automatisk fra EEA-badevandsdata
2026-09-24T16:07:22+02:00,k-way407485327,sat vand,ok,tvivl,automatisk fra EEA-badevandsdata
2026-09-24T16:07:22+02:00,k-way56053396,sat vand,ok,tvivl,automatisk fra EEA-badevandsdata
2026-09-24T16:07:22+02:00,k-node11486138944,sat vand,ok,tvivl,automatisk fra EEA-badevandsdata
2026-09-24T16:07:22+02:00,k-node12345686714,sat vand,ok,tvivl,automatisk fra EEA-badevandsdata
2026-09-24T16:07:22+02:00,k-node12452837486,sat vand,ok,tvivl,automatisk fra EEA-badevandsdata
2026-09-24T16:07:22+02:00,k-node12463170005,sat vand,ukendt,nej,automatisk fra EEA-badevandsdata
2026-09-24T16:07:22+02:00,k-node7216749113,sat vand,ukendt,nej,automatisk fra EEA-badevandsdata
2026-09-24T16:07:22+02:00,k-relation10907937,sat vand,ok,tvivl,automatisk fra EEA-badevandsdata
2026-09-24T16:07:22+02:00,k-way112503683,sat vand,ok,tvivl,automatisk fra EEA-badevandsdata
2026-09-24T16:07:22+02:00,k-way1258262532,sat vand,ok,tvivl,automatisk fra EEA-badevandsdata
2026-09-24T16:07:22+02:00,k-way1316364953,sat vand,ok,tvivl,automatisk fra EEA-badevandsdata
2026-09-24T16:07:22+02:00,k-way219356247,sat vand,ok,tvivl,automatisk fra EEA-badevandsdata
2026-09-24T16:07:22+02:00,k-way304558219,sat vand,ok,tvivl,automatisk fra EEA-badevandsdata
2026-09-24T16:07:22+02:00,k-way316093624,sat vand,ukendt,nej,automatisk fra EEA-badevandsdata
2026-09-24T16:07:22+02:00,k-way317013048,sat vand,ukendt,nej,automatisk fra EEA-badevandsdata
2026-09-24T16:07:22+02:00,k-way317013057,sat vand,ukendt,nej,automatisk fra EEA-badevandsdata
2026-09-24T16:07:22+02:00,k-way445062878,sat vand,ok,tvivl,automatisk fra EEA-badevandsdata
2026-09-24T16:07:22+02:00,k-way970960771,sat vand,ok,tvivl,automatisk fra EEA-badevandsdata
2026-09-24T16:07:22+02:00,k-node11370998555,sat vand,ok,tvivl,automatisk fra EEA-badevandsdata
2026-09-24T16:07:22+02:00,k-node11434532136,sat vand,ok,tvivl,automatisk fra EEA-badevandsdata
2026-09-24T16:07:22+02:00,k-node11621781799,sat vand,ok,tvivl,automatisk fra EEA-badevandsdata
2026-09-24T16:07:22+02:00,k-node12455776386,sat vand,ukendt,nej,automatisk fra EEA-badevandsdata
2026-09-24T16:07:22+02:00,k-node12458500427,sat vand,ukendt,nej,automatisk fra EEA-badevandsdata
2026-09-24T16:07:22+02:00,k-node12463250730,sat vand,ukendt,nej,automatisk fra EEA-badevandsdata
2026-09-24T16:07:22+02:00,k-node13007104563,sat vand,ukendt,tvivl,automatisk fra EEA-badevandsdata
2026-09-24T16:07:22+02:00,k-node3227948284,sat vand,ok,tvivl,automatisk fra EEA-badevandsdata
2026-09-24T16:07:22+02:00,k-way1009641272,sat vand,ok,tvivl,automatisk fra EEA-badevandsdata
2026-09-24T16:07:22+02:00,k-way1133614818,sat vand,ok,tvivl,automatisk fra EEA-badevandsdata
2026-09-24T16:07:22+02:00,k-way165181333,sat vand,ukendt,tvivl,automatisk fra EEA-badevandsdata
2026-09-24T16:07:22+02:00,k-way230392345,sat vand,ok,tvivl,automatisk fra EEA-badevandsdata
2026-09-24T16:07:22+02:00,k-way293913530,sat vand,ok,tvivl,automatisk fra EEA-badevandsdata
2026-09-24T16:07:22+02:00,k-way764331725,sat vand,ok,tvivl,automatisk fra EEA-badevandsdata
2026-09-24T16:07:22+02:00,k-way937857793,sat vand,ok,tvivl,automatisk fra EEA-badevandsdata
2026-09-24T16:07:22+02:00,k-way96295558,sat vand,ok,tvivl,automatisk fra EEA-badevandsdata
2026-09-24T16:07:22+02:00,k-way979398306,sat vand,ukendt,tvivl,automatisk fra EEA-badevandsdata
2026-09-24T16:07:22+02:00,k-node11125618127,sat vand,ukendt,nej,automatisk fra EEA-badevandsdata
2026-09-24T16:07:22+02:00,k-node12465038473,sat vand,ok,tvivl,automatisk fra EEA-badevandsdata
2026-09-24T16:07:22+02:00,k-node9767117205,sat vand,ukendt,nej,automatisk fra EEA-badevandsdata
2026-09-24T16:07:22+02:00,k-way1104805047,sat vand,ukendt,tvivl,automatisk fra EEA-badevandsdata
2026-09-24T16:07:22+02:00,k-way1131989855,sat vand,ukendt,tvivl,automatisk fra EEA-badevandsdata
2026-09-24T16:07:22+02:00,k-way1273625636,sat vand,ukendt,nej,automatisk fra EEA-badevandsdata
2026-09-24T16:07:22+02:00,k-way876243683,sat vand,ukendt,nej,automatisk fra EEA-badevandsdata
2026-09-24T16:07:22+02:00,k-way903714667,sat vand,ukendt,tvivl,automatisk fra EEA-badevandsdata
2026-09-24T16:07:22+02:00,k-node1960226419,sat vand,ok,tvivl,automatisk fra EEA-badevandsdata
2026-09-24T16:07:22+02:00,k-node9041558648,sat vand,ok,tvivl,automatisk fra EEA-badevandsdata
2026-09-24T16:07:22+02:00,k-way184072850,sat vand,ok,tvivl,automatisk fra EEA-badevandsdata
2026-09-24T16:07:22+02:00,k-way1039251392,sat vand,ok,tvivl,automatisk fra EEA-badevandsdata
2026-09-24T16:07:22+02:00,k-way1055356670,sat vand,ok,tvivl,automatisk fra EEA-badevandsdata
2026-09-24T16:07:22+02:00,k-way956028975,sat vand,ok,tvivl,automatisk fra EEA-badevandsdata
2026-09-24T16:07:22+02:00,k-way1173393097,sat vand,ok,tvivl,automatisk fra EEA-badevandsdata
2026-09-24T16:07:22+02:00,k-way1391315309,sat vand,ok,tvivl,automatisk fra EEA-badevandsdata
2026-09-24T16:07:22+02:00,k-node8449053037,sat vand,ukendt,nej,automatisk fra EEA-badevandsdata
2026-09-24T16:07:22+02:00,k-node11069667570,sat vand,ukendt,nej,automatisk fra EEA-badevandsdata
2026-09-24T16:07:22+02:00,k-node1204259708,sat vand,ok,tvivl,automatisk fra EEA-badevandsdata
2026-09-24T16:07:22+02:00,k-node12157447389,sat vand,ok,tvivl,automatisk fra EEA-badevandsdata
2026-09-24T16:07:22+02:00,k-node13040992331,sat vand,ok,tvivl,automatisk fra EEA-badevandsdata
2026-09-24T16:07:22+02:00,k-way1190652224,sat vand,ok,tvivl,automatisk fra EEA-badevandsdata
2026-09-24T16:07:22+02:00,k-node1207350289,sat vand,ok,tvivl,automatisk fra EEA-badevandsdata
2026-09-24T16:07:22+02:00,k-node1210973613,sat vand,ok,tvivl,automatisk fra EEA-badevandsdata
2026-09-24T16:07:22+02:00,k-node12350824630,sat vand,ok,tvivl,automatisk fra EEA-badevandsdata
2026-09-24T16:07:22+02:00,k-node13011838890,sat vand,ok,tvivl,automatisk fra EEA-badevandsdata
2026-09-24T16:07:22+02:00,k-node13013301012,sat vand,ok,tvivl,automatisk fra EEA-badevandsdata
2026-09-24T16:07:23+02:00,k-node13019523223,sat vand,ok,tvivl,automatisk fra EEA-badevandsdata
2026-09-24T16:07:23+02:00,k-node13020429031,sat vand,ok,tvivl,automatisk fra EEA-badevandsdata
2026-09-24T16:07:23+02:00,k-node1359132750,sat vand,ok,tvivl,automatisk fra EEA-badevandsdata
2026-09-24T16:07:23+02:00,k-node1391634267,sat vand,ok,tvivl,automatisk fra EEA-badevandsdata
2026-09-24T16:07:23+02:00,k-node1501670423,sat vand,ok,tvivl,automatisk fra EEA-badevandsdata
2026-09-24T16:07:23+02:00,k-node1719218554,sat vand,ok,tvivl,automatisk fra EEA-badevandsdata
2026-09-24T16:07:23+02:00,k-node2246194719,sat vand,ok,tvivl,automatisk fra EEA-badevandsdata
2026-09-24T16:07:23+02:00,k-node2246361769,sat vand,ok,tvivl,automatisk fra EEA-badevandsdata
2026-09-24T16:07:23+02:00,k-node2250220525,sat vand,ok,tvivl,automatisk fra EEA-badevandsdata
2026-09-24T16:07:23+02:00,k-node2250720931,sat vand,ok,tvivl,automatisk fra EEA-badevandsdata
2026-09-24T16:07:23+02:00,k-node2258312990,sat vand,ok,tvivl,automatisk fra EEA-badevandsdata
2026-09-24T16:07:23+02:00,k-node2258351054,sat vand,ok,tvivl,automatisk fra EEA-badevandsdata
2026-09-24T16:07:23+02:00,k-node2870329919,sat vand,ok,tvivl,automatisk fra EEA-badevandsdata
2026-09-24T16:07:23+02:00,k-node324702862,sat vand,ok,tvivl,automatisk fra EEA-badevandsdata
2026-09-24T16:07:23+02:00,k-node3248813993,sat vand,ok,tvivl,automatisk fra EEA-badevandsdata
2026-09-24T16:07:23+02:00,k-node3680828678,sat vand,ok,tvivl,automatisk fra EEA-badevandsdata
2026-09-24T16:07:23+02:00,k-node3723850208,sat vand,ok,tvivl,automatisk fra EEA-badevandsdata
2026-09-24T16:07:23+02:00,k-node3885393819,sat vand,ok,tvivl,automatisk fra EEA-badevandsdata
2026-09-24T16:07:23+02:00,k-node4049013355,sat vand,ok,tvivl,automatisk fra EEA-badevandsdata
2026-09-24T16:07:23+02:00,k-node4321071989,sat vand,ok,tvivl,automatisk fra EEA-badevandsdata
2026-09-24T16:07:23+02:00,k-node4321108385,sat vand,ok,tvivl,automatisk fra EEA-badevandsdata
2026-09-24T16:07:23+02:00,k-node4329007321,sat vand,ok,tvivl,automatisk fra EEA-badevandsdata
2026-09-24T16:07:23+02:00,k-node5742224519,sat vand,ok,tvivl,automatisk fra EEA-badevandsdata
2026-09-24T16:07:23+02:00,k-node5799186360,sat vand,ok,tvivl,automatisk fra EEA-badevandsdata
2026-09-24T16:07:23+02:00,k-node6682265494,sat vand,ok,tvivl,automatisk fra EEA-badevandsdata
2026-09-24T16:07:23+02:00,k-node6851312933,sat vand,ok,tvivl,automatisk fra EEA-badevandsdata
2026-09-24T16:07:23+02:00,k-node8386200684,sat vand,ukendt,nej,automatisk fra EEA-badevandsdata
2026-09-24T16:07:23+02:00,k-node8853593824,sat vand,ok,tvivl,automatisk fra EEA-badevandsdata
2026-09-24T16:07:23+02:00,k-node8985493719,sat vand,ok,tvivl,automatisk fra EEA-badevandsdata
2026-09-24T16:07:23+02:00,k-way103236501,sat vand,ok,tvivl,automatisk fra EEA-badevandsdata
2026-09-24T16:07:23+02:00,k-way1038334511,sat vand,ok,tvivl,automatisk fra EEA-badevandsdata
2026-09-24T16:07:23+02:00,k-way1038336914,sat vand,ok,tvivl,automatisk fra EEA-badevandsdata
2026-09-24T16:07:23+02:00,k-way110677876,sat vand,ok,tvivl,automatisk fra EEA-badevandsdata
2026-09-24T16:07:23+02:00,k-way111486635,sat vand,ok,tvivl,automatisk fra EEA-badevandsdata
2026-09-24T16:07:23+02:00,k-way1422719083,sat vand,ok,tvivl,automatisk fra EEA-badevandsdata
2026-09-24T16:07:23+02:00,k-way146786950,sat vand,ok,tvivl,automatisk fra EEA-badevandsdata
2026-09-24T16:07:23+02:00,k-way215077992,sat vand,ok,tvivl,automatisk fra EEA-badevandsdata
2026-09-24T16:07:23+02:00,k-way615211406,sat vand,ok,tvivl,automatisk fra EEA-badevandsdata
2026-09-24T16:07:23+02:00,k-way662505907,sat vand,ok,tvivl,automatisk fra EEA-badevandsdata
2026-09-24T16:07:23+02:00,k-node1019253148,sat vand,ukendt,nej,automatisk fra EEA-badevandsdata
2026-09-24T16:07:23+02:00,k-node1035635309,sat vand,ok,tvivl,automatisk fra EEA-badevandsdata
2026-09-24T16:07:23+02:00,k-node10659780046,sat vand,ok,tvivl,automatisk fra EEA-badevandsdata
2026-09-24T16:07:23+02:00,k-node1126948265,sat vand,ok,tvivl,automatisk fra EEA-badevandsdata
2026-09-24T16:07:23+02:00,k-node1129266217,sat vand,ok,tvivl,automatisk fra EEA-badevandsdata
2026-09-24T16:07:23+02:00,k-node1145581123,sat vand,ok,tvivl,automatisk fra EEA-badevandsdata
2026-09-24T16:07:23+02:00,k-node11487142306,sat vand,ok,tvivl,automatisk fra EEA-badevandsdata
2026-09-24T16:07:23+02:00,k-node11777848554,sat vand,ok,tvivl,automatisk fra EEA-badevandsdata
2026-09-24T16:07:23+02:00,k-node11821207747,sat vand,ukendt,nej,automatisk fra EEA-badevandsdata
2026-09-24T16:07:23+02:00,k-node1194007949,sat vand,ok,tvivl,automatisk fra EEA-badevandsdata
2026-09-24T16:07:23+02:00,k-node1210973615,sat vand,ok,tvivl,automatisk fra EEA-badevandsdata
2026-09-24T16:07:23+02:00,k-node1222039954,sat vand,ok,tvivl,automatisk fra EEA-badevandsdata
2026-09-24T16:07:23+02:00,k-node12459439629,sat vand,ok,tvivl,automatisk fra EEA-badevandsdata
2026-09-24T16:07:23+02:00,k-node1246266860,sat vand,ok,tvivl,automatisk fra EEA-badevandsdata
2026-09-24T16:07:23+02:00,k-node1299258041,sat vand,ok,tvivl,automatisk fra EEA-badevandsdata
2026-09-24T16:07:23+02:00,k-node1346798291,sat vand,ok,tvivl,automatisk fra EEA-badevandsdata
2026-09-24T16:07:23+02:00,k-node1366678238,sat vand,ok,tvivl,automatisk fra EEA-badevandsdata
2026-09-24T16:07:23+02:00,k-node1381017314,sat vand,ok,tvivl,automatisk fra EEA-badevandsdata
2026-09-24T16:07:23+02:00,k-node1390724814,sat vand,ok,tvivl,automatisk fra EEA-badevandsdata
2026-09-24T16:07:23+02:00,k-node1508513641,sat vand,ok,tvivl,automatisk fra EEA-badevandsdata
2026-09-24T16:07:23+02:00,k-node1651311344,sat vand,ok,tvivl,automatisk fra EEA-badevandsdata
2026-09-24T16:07:23+02:00,k-node1787127955,sat vand,ok,tvivl,automatisk fra EEA-badevandsdata
2026-09-24T16:07:23+02:00,k-node2127547206,sat vand,ok,tvivl,automatisk fra EEA-badevandsdata
2026-09-24T16:07:23+02:00,k-node2245007675,sat vand,ok,tvivl,automatisk fra EEA-badevandsdata
2026-09-24T16:07:23+02:00,k-node2246883578,sat vand,ok,tvivl,automatisk fra EEA-badevandsdata
2026-09-24T16:07:23+02:00,k-node2250367710,sat vand,ok,tvivl,automatisk fra EEA-badevandsdata
2026-09-24T16:07:23+02:00,k-node2250720935,sat vand,ok,tvivl,automatisk fra EEA-badevandsdata
2026-09-24T16:07:23+02:00,k-node2250804895,sat vand,ok,tvivl,automatisk fra EEA-badevandsdata
2026-09-24T16:07:23+02:00,k-node2257909740,sat vand,ok,tvivl,automatisk fra EEA-badevandsdata
2026-09-24T16:07:23+02:00,k-node2258312875,sat vand,ok,tvivl,automatisk fra EEA-badevandsdata
2026-09-24T16:07:23+02:00,k-node2443424933,sat vand,ok,tvivl,automatisk fra EEA-badevandsdata
2026-09-24T16:07:23+02:00,k-node2450632299,sat vand,ok,tvivl,automatisk fra EEA-badevandsdata
2026-09-24T16:07:23+02:00,k-node2662108560,sat vand,ok,tvivl,automatisk fra EEA-badevandsdata
2026-09-24T16:07:23+02:00,k-node2870465634,sat vand,ok,tvivl,automatisk fra EEA-badevandsdata
2026-09-24T16:07:23+02:00,k-node3338465059,sat vand,ok,tvivl,automatisk fra EEA-badevandsdata
2026-09-24T16:07:23+02:00,k-node3680934544,sat vand,ok,tvivl,automatisk fra EEA-badevandsdata
2026-09-24T16:07:23+02:00,k-node431046861,sat vand,ok,tvivl,automatisk fra EEA-badevandsdata
2026-09-24T16:07:23+02:00,k-node470285840,sat vand,ok,tvivl,automatisk fra EEA-badevandsdata
2026-09-24T16:07:23+02:00,k-node5742208592,sat vand,ok,tvivl,automatisk fra EEA-badevandsdata
2026-09-24T16:07:23+02:00,k-node5793591030,sat vand,ok,tvivl,automatisk fra EEA-badevandsdata
2026-09-24T16:07:23+02:00,k-node6419006717,sat vand,ok,tvivl,automatisk fra EEA-badevandsdata
2026-09-24T16:07:23+02:00,k-node6524053459,sat vand,ok,tvivl,automatisk fra EEA-badevandsdata
2026-09-24T16:07:23+02:00,k-node6773787427,sat vand,ukendt,nej,automatisk fra EEA-badevandsdata
2026-09-24T16:07:23+02:00,k-node711425917,sat vand,ok,tvivl,automatisk fra EEA-badevandsdata
2026-09-24T16:07:23+02:00,k-node854305950,sat vand,ok,tvivl,automatisk fra EEA-badevandsdata
2026-09-24T16:07:23+02:00,k-node8665846413,sat vand,ok,tvivl,automatisk fra EEA-badevandsdata
2026-09-24T16:07:23+02:00,k-node9907395340,sat vand,ok,tvivl,automatisk fra EEA-badevandsdata
2026-09-24T16:07:23+02:00,k-relation12619319,sat vand,ok,tvivl,automatisk fra EEA-badevandsdata
2026-09-24T16:07:23+02:00,k-way100430877,sat vand,ok,tvivl,automatisk fra EEA-badevandsdata
2026-09-24T16:07:23+02:00,k-way1034860595,sat vand,ok,tvivl,automatisk fra EEA-badevandsdata
2026-09-24T16:07:23+02:00,k-way1036638267,sat vand,ukendt,tvivl,automatisk fra EEA-badevandsdata
2026-09-24T16:07:23+02:00,k-way1038334508,sat vand,ok,tvivl,automatisk fra EEA-badevandsdata
2026-09-24T16:07:23+02:00,k-way1038334512,sat vand,ok,tvivl,automatisk fra EEA-badevandsdata
2026-09-24T16:07:23+02:00,k-way1038340041,sat vand,ok,tvivl,automatisk fra EEA-badevandsdata
2026-09-24T16:07:23+02:00,k-way1038340042,sat vand,ok,tvivl,automatisk fra EEA-badevandsdata
2026-09-24T16:07:23+02:00,k-way1038340043,sat vand,ok,tvivl,automatisk fra EEA-badevandsdata
2026-09-24T16:07:23+02:00,k-way1038340049,sat vand,ok,tvivl,automatisk fra EEA-badevandsdata
2026-09-24T16:07:23+02:00,k-way104574092,sat vand,ok,tvivl,automatisk fra EEA-badevandsdata
2026-09-24T16:07:23+02:00,k-way108848978,sat vand,ok,tvivl,automatisk fra EEA-badevandsdata
2026-09-24T16:07:23+02:00,k-way108849059,sat vand,ok,tvivl,automatisk fra EEA-badevandsdata
2026-09-24T16:07:23+02:00,k-way1116944794,sat vand,ok,tvivl,automatisk fra EEA-badevandsdata
2026-09-24T16:07:23+02:00,k-way112941457,sat vand,ok,tvivl,automatisk fra EEA-badevandsdata
2026-09-24T16:07:23+02:00,k-way113139461,sat vand,ok,tvivl,automatisk fra EEA-badevandsdata
2026-09-24T16:07:23+02:00,k-way116537080,sat vand,ok,tvivl,automatisk fra EEA-badevandsdata
2026-09-24T16:07:23+02:00,k-way116537089,sat vand,ok,tvivl,automatisk fra EEA-badevandsdata
2026-09-24T16:07:23+02:00,k-way116537090,sat vand,ok,tvivl,automatisk fra EEA-badevandsdata
2026-09-24T16:07:23+02:00,k-way118757048,sat vand,ok,tvivl,automatisk fra EEA-badevandsdata
2026-09-24T16:07:23+02:00,k-way1290067986,sat vand,ok,tvivl,automatisk fra EEA-badevandsdata
2026-09-24T16:07:23+02:00,k-way1344794989,sat vand,ok,tvivl,automatisk fra EEA-badevandsdata
2026-09-24T16:07:23+02:00,k-way1359289838,sat vand,ok,tvivl,automatisk fra EEA-badevandsdata
2026-09-24T16:07:23+02:00,k-way208912919,sat vand,ok,tvivl,automatisk fra EEA-badevandsdata
2026-09-24T16:07:23+02:00,k-way215566146,sat vand,ok,tvivl,automatisk fra EEA-badevandsdata
2026-09-24T16:07:23+02:00,k-way215606676,sat vand,ok,tvivl,automatisk fra EEA-badevandsdata
2026-09-24T16:07:23+02:00,k-way222563907,sat vand,ok,tvivl,automatisk fra EEA-badevandsdata
2026-09-24T16:07:23+02:00,k-way25544372,sat vand,ok,tvivl,automatisk fra EEA-badevandsdata
2026-09-24T16:07:23+02:00,k-way301129545,sat vand,ok,tvivl,automatisk fra EEA-badevandsdata
2026-09-24T16:07:23+02:00,k-way312845006,sat vand,ok,tvivl,automatisk fra EEA-badevandsdata
2026-09-24T16:07:23+02:00,k-way346568682,sat vand,ok,tvivl,automatisk fra EEA-badevandsdata
2026-09-24T16:07:23+02:00,k-way383657592,sat vand,ok,tvivl,automatisk fra EEA-badevandsdata
2026-09-24T16:07:23+02:00,k-way40945708,sat vand,ok,tvivl,automatisk fra EEA-badevandsdata
2026-09-24T16:07:23+02:00,k-way439065243,sat vand,ok,tvivl,automatisk fra EEA-badevandsdata
2026-09-24T16:07:23+02:00,k-way690048189,sat vand,ok,tvivl,automatisk fra EEA-badevandsdata
2026-09-24T16:07:23+02:00,k-way916133338,sat vand,ok,tvivl,automatisk fra EEA-badevandsdata
2026-09-24T16:07:23+02:00,k-node1028000926,sat vand,ok,tvivl,automatisk fra EEA-badevandsdata
2026-09-24T16:07:23+02:00,k-node11514190564,sat vand,ok,tvivl,automatisk fra EEA-badevandsdata
2026-09-24T16:07:23+02:00,k-node11637375840,sat vand,ok,tvivl,automatisk fra EEA-badevandsdata
2026-09-24T16:07:23+02:00,k-node11818253411,sat vand,ukendt,nej,automatisk fra EEA-badevandsdata
2026-09-24T16:07:23+02:00,k-node2244771486,sat vand,ok,tvivl,automatisk fra EEA-badevandsdata
2026-09-24T16:07:23+02:00,k-node2246132458,sat vand,ok,tvivl,automatisk fra EEA-badevandsdata
2026-09-24T16:07:23+02:00,k-node461095822,sat vand,ukendt,tvivl,automatisk fra EEA-badevandsdata
2026-09-24T16:07:23+02:00,k-node9584470867,sat vand,ok,tvivl,automatisk fra EEA-badevandsdata
2026-09-24T16:07:23+02:00,k-node984697582,sat vand,ok,tvivl,automatisk fra EEA-badevandsdata
2026-09-24T16:07:23+02:00,k-relation18693939,sat vand,ukendt,tvivl,automatisk fra EEA-badevandsdata
2026-09-24T16:07:23+02:00,k-relation6476337,sat vand,ok,tvivl,automatisk fra EEA-badevandsdata
2026-09-24T16:07:23+02:00,k-way1002322655,sat vand,ok,tvivl,automatisk fra EEA-badevandsdata
2026-09-24T16:07:23+02:00,k-way1021941452,sat vand,ukendt,nej,automatisk fra EEA-badevandsdata
2026-09-24T16:07:23+02:00,k-way1033814599,sat vand,ukendt,nej,automatisk fra EEA-badevandsdata
2026-09-24T16:07:23+02:00,k-way1033814608,sat vand,ukendt,nej,automatisk fra EEA-badevandsdata
2026-09-24T16:07:23+02:00,k-way1033814611,sat vand,ukendt,nej,automatisk fra EEA-badevandsdata
2026-09-24T16:07:23+02:00,k-way1038326485,sat vand,ok,tvivl,automatisk fra EEA-badevandsdata
2026-09-24T16:07:23+02:00,k-way1038341979,sat vand,ok,tvivl,automatisk fra EEA-badevandsdata
2026-09-24T16:07:23+02:00,k-way1063259252,sat vand,ukendt,nej,automatisk fra EEA-badevandsdata
2026-09-24T16:07:23+02:00,k-way1063259253,sat vand,ukendt,nej,automatisk fra EEA-badevandsdata
2026-09-24T16:07:23+02:00,k-way1063289466,sat vand,ukendt,nej,automatisk fra EEA-badevandsdata
2026-09-24T16:07:23+02:00,k-way1098776786,sat vand,ukendt,tvivl,automatisk fra EEA-badevandsdata
2026-09-24T16:07:23+02:00,k-way1107026806,sat vand,ukendt,nej,automatisk fra EEA-badevandsdata
2026-09-24T16:07:23+02:00,k-way1107090635,sat vand,ukendt,nej,automatisk fra EEA-badevandsdata
2026-09-24T16:07:23+02:00,k-way1127375020,sat vand,ukendt,tvivl,automatisk fra EEA-badevandsdata
2026-09-24T16:07:23+02:00,k-way1127375026,sat vand,ukendt,tvivl,automatisk fra EEA-badevandsdata
2026-09-24T16:07:23+02:00,k-way1144669712,sat vand,ukendt,nej,automatisk fra EEA-badevandsdata
2026-09-24T16:07:23+02:00,k-way1149977009,sat vand,ukendt,nej,automatisk fra EEA-badevandsdata
2026-09-24T16:07:23+02:00,k-way1150660409,sat vand,ukendt,nej,automatisk fra EEA-badevandsdata
2026-09-24T16:07:23+02:00,k-way1199454698,sat vand,ukendt,nej,automatisk fra EEA-badevandsdata
2026-09-24T16:07:23+02:00,k-way1199454699,sat vand,ukendt,nej,automatisk fra EEA-badevandsdata
2026-09-24T16:07:23+02:00,k-way1205173066,sat vand,ukendt,nej,automatisk fra EEA-badevandsdata
2026-09-24T16:07:23+02:00,k-way1208749951,sat vand,ukendt,nej,automatisk fra EEA-badevandsdata
2026-09-24T16:07:23+02:00,k-way1230790734,sat vand,ukendt,nej,automatisk fra EEA-badevandsdata
2026-09-24T16:07:23+02:00,k-way1239986546,sat vand,ukendt,tvivl,automatisk fra EEA-badevandsdata
2026-09-24T16:07:23+02:00,k-way1239986555,sat vand,ok,tvivl,automatisk fra EEA-badevandsdata
2026-09-24T16:07:23+02:00,k-way1295965294,sat vand,ukendt,nej,automatisk fra EEA-badevandsdata
2026-09-24T16:07:23+02:00,k-way1307834682,sat vand,ukendt,tvivl,automatisk fra EEA-badevandsdata
2026-09-24T16:07:23+02:00,k-way1311105880,sat vand,ok,tvivl,automatisk fra EEA-badevandsdata
2026-09-24T16:07:23+02:00,k-way1311105881,sat vand,ukendt,tvivl,automatisk fra EEA-badevandsdata
2026-09-24T16:07:23+02:00,k-way1314771819,sat vand,ok,tvivl,automatisk fra EEA-badevandsdata
2026-09-24T16:07:23+02:00,k-way1315155653,sat vand,ok,tvivl,automatisk fra EEA-badevandsdata
2026-09-24T16:07:23+02:00,k-way1359289882,sat vand,ok,tvivl,automatisk fra EEA-badevandsdata
2026-09-24T16:07:23+02:00,k-way1386132627,sat vand,ukendt,nej,automatisk fra EEA-badevandsdata
2026-09-24T16:07:23+02:00,k-way1495305787,sat vand,ukendt,nej,automatisk fra EEA-badevandsdata
2026-09-24T16:07:23+02:00,k-way174195204,sat vand,ok,tvivl,automatisk fra EEA-badevandsdata
2026-09-24T16:07:24+02:00,k-way319145644,sat vand,ukendt,nej,automatisk fra EEA-badevandsdata
2026-09-24T16:07:24+02:00,k-way328306023,sat vand,ok,tvivl,automatisk fra EEA-badevandsdata
2026-09-24T16:07:24+02:00,k-way426584288,sat vand,ukendt,tvivl,automatisk fra EEA-badevandsdata
2026-09-24T16:07:24+02:00,k-way447100130,sat vand,ok,tvivl,automatisk fra EEA-badevandsdata
2026-09-24T16:07:24+02:00,k-way488547257,sat vand,ok,tvivl,automatisk fra EEA-badevandsdata
2026-09-24T16:07:24+02:00,k-way520035340,sat vand,ok,tvivl,automatisk fra EEA-badevandsdata
2026-09-24T16:07:24+02:00,k-way564814223,sat vand,ok,tvivl,automatisk fra EEA-badevandsdata
2026-09-24T16:07:24+02:00,k-way579194344,sat vand,ukendt,nej,automatisk fra EEA-badevandsdata
2026-09-24T16:07:24+02:00,k-way579194345,sat vand,ukendt,nej,automatisk fra EEA-badevandsdata
2026-09-24T16:07:24+02:00,k-way608705859,sat vand,ok,tvivl,automatisk fra EEA-badevandsdata
2026-09-24T16:07:24+02:00,k-way628064937,sat vand,ok,tvivl,automatisk fra EEA-badevandsdata
2026-09-24T16:07:24+02:00,k-way669329892,sat vand,ok,tvivl,automatisk fra EEA-badevandsdata
2026-09-24T16:07:24+02:00,k-way887937038,sat vand,ukendt,tvivl,automatisk fra EEA-badevandsdata
2026-09-24T16:07:24+02:00,k-way902894078,sat vand,ukendt,nej,automatisk fra EEA-badevandsdata
2026-09-24T16:07:24+02:00,k-way902894079,sat vand,ukendt,nej,automatisk fra EEA-badevandsdata
2026-09-24T16:07:24+02:00,k-way902894081,sat vand,ukendt,nej,automatisk fra EEA-badevandsdata
2026-09-24T16:07:24+02:00,k-way902929341,sat vand,ukendt,nej,automatisk fra EEA-badevandsdata
2026-09-24T16:07:24+02:00,k-way903714668,sat vand,ok,tvivl,automatisk fra EEA-badevandsdata
2026-09-24T16:07:24+02:00,k-way905027130,sat vand,ukendt,tvivl,automatisk fra EEA-badevandsdata
2026-09-24T16:07:24+02:00,k-way905027131,sat vand,ukendt,tvivl,automatisk fra EEA-badevandsdata
2026-09-24T16:07:24+02:00,k-way905027132,sat vand,ukendt,tvivl,automatisk fra EEA-badevandsdata
2026-09-24T16:07:24+02:00,k-way905027142,sat vand,ukendt,tvivl,automatisk fra EEA-badevandsdata
2026-09-24T16:07:24+02:00,k-way905027153,sat vand,ukendt,tvivl,automatisk fra EEA-badevandsdata
2026-09-24T16:07:24+02:00,k-way905027158,sat vand,ukendt,tvivl,automatisk fra EEA-badevandsdata
2026-09-24T16:07:24+02:00,k-way905027167,sat vand,ukendt,tvivl,automatisk fra EEA-badevandsdata
2026-09-24T16:07:24+02:00,k-way905027174,sat vand,ukendt,tvivl,automatisk fra EEA-badevandsdata
2026-09-24T16:07:24+02:00,k-way905031525,sat vand,ukendt,tvivl,automatisk fra EEA-badevandsdata
2026-09-24T16:07:24+02:00,k-way905031534,sat vand,ukendt,tvivl,automatisk fra EEA-badevandsdata
2026-09-24T16:07:24+02:00,k-way905031537,sat vand,ukendt,tvivl,automatisk fra EEA-badevandsdata
2026-09-24T16:07:24+02:00,k-way905281672,sat vand,ukendt,tvivl,automatisk fra EEA-badevandsdata
2026-09-24T16:07:24+02:00,k-way905281686,sat vand,ukendt,tvivl,automatisk fra EEA-badevandsdata
2026-09-24T16:07:24+02:00,k-way905281699,sat vand,ukendt,tvivl,automatisk fra EEA-badevandsdata
2026-09-24T16:07:24+02:00,k-way905281712,sat vand,ukendt,tvivl,automatisk fra EEA-badevandsdata
2026-09-24T16:07:24+02:00,k-way905297207,sat vand,ukendt,tvivl,automatisk fra EEA-badevandsdata
2026-09-24T16:07:24+02:00,k-way905297208,sat vand,ukendt,tvivl,automatisk fra EEA-badevandsdata
2026-09-24T16:07:24+02:00,k-way905297214,sat vand,ukendt,tvivl,automatisk fra EEA-badevandsdata
2026-09-24T16:07:24+02:00,k-way956028977,sat vand,ok,tvivl,automatisk fra EEA-badevandsdata
2026-09-24T16:07:24+02:00,k-way979669594,sat vand,ukendt,tvivl,automatisk fra EEA-badevandsdata
2026-09-24T16:08:14+02:00,k-way1080011705,sat vand,ukendt,tvivl,automatisk fra EEA-badevandsdata
2026-09-24T16:08:14+02:00,k-way228645443,sat vand,ukendt,tvivl,automatisk fra EEA-badevandsdata
2026-09-24T16:08:14+02:00,k-way316640351,sat vand,ukendt,tvivl,automatisk fra EEA-badevandsdata
2026-09-24T16:08:14+02:00,k-way343785847,sat vand,ukendt,tvivl,automatisk fra EEA-badevandsdata
2026-09-24T16:08:14+02:00,k-way364640087,sat vand,ukendt,tvivl,automatisk fra EEA-badevandsdata
2026-09-24T16:08:14+02:00,k-node11621785122,sat vand,ukendt,tvivl,automatisk fra EEA-badevandsdata
2026-09-24T16:08:14+02:00,k-way1002317603,sat vand,ukendt,tvivl,automatisk fra EEA-badevandsdata
2026-09-24T16:08:14+02:00,k-way124419772,sat vand,ukendt,tvivl,automatisk fra EEA-badevandsdata
2026-09-24T16:08:14+02:00,k-way1271506543,sat vand,ukendt,tvivl,automatisk fra EEA-badevandsdata
2026-09-24T16:08:14+02:00,k-way1340017335,sat vand,ukendt,tvivl,automatisk fra EEA-badevandsdata
2026-09-24T16:08:14+02:00,k-way316361017,sat vand,ukendt,tvivl,automatisk fra EEA-badevandsdata
2026-09-24T16:08:14+02:00,k-way317213973,sat vand,ukendt,tvivl,automatisk fra EEA-badevandsdata
2026-09-24T16:08:14+02:00,k-way338863902,sat vand,ukendt,tvivl,automatisk fra EEA-badevandsdata
2026-09-24T16:08:14+02:00,k-way398036462,sat vand,ukendt,tvivl,automatisk fra EEA-badevandsdata
2026-09-24T16:08:14+02:00,k-way512822272,sat vand,ukendt,tvivl,automatisk fra EEA-badevandsdata
2026-09-24T16:08:14+02:00,k-way604472398,sat vand,ukendt,tvivl,automatisk fra EEA-badevandsdata
2026-09-24T16:08:14+02:00,k-way609381862,sat vand,ukendt,tvivl,automatisk fra EEA-badevandsdata
2026-09-24T16:08:14+02:00,k-way649217079,sat vand,ukendt,tvivl,automatisk fra EEA-badevandsdata
2026-09-24T16:08:14+02:00,k-way915879409,sat vand,ukendt,tvivl,automatisk fra EEA-badevandsdata
2026-09-24T16:08:14+02:00,k-node11364237384,sat vand,ukendt,tvivl,automatisk fra EEA-badevandsdata
2026-09-24T16:08:14+02:00,k-node11591236914,sat vand,ukendt,tvivl,automatisk fra EEA-badevandsdata
2026-09-24T16:08:14+02:00,k-node11621900437,sat vand,ukendt,tvivl,automatisk fra EEA-badevandsdata
2026-09-24T16:08:14+02:00,k-node11809476148,sat vand,ukendt,tvivl,automatisk fra EEA-badevandsdata
2026-09-24T16:08:14+02:00,k-node1342048585,sat vand,ukendt,tvivl,automatisk fra EEA-badevandsdata
2026-09-24T16:08:14+02:00,k-node9873751265,sat vand,ukendt,tvivl,automatisk fra EEA-badevandsdata
2026-09-24T16:08:14+02:00,k-way105727896,sat vand,ukendt,tvivl,automatisk fra EEA-badevandsdata
2026-09-24T16:08:14+02:00,k-way1148190301,sat vand,ukendt,tvivl,automatisk fra EEA-badevandsdata
2026-09-24T16:08:14+02:00,k-way1202448666,sat vand,ukendt,tvivl,automatisk fra EEA-badevandsdata
2026-09-24T16:08:14+02:00,k-way1258196871,sat vand,ukendt,tvivl,automatisk fra EEA-badevandsdata
2026-09-24T16:08:14+02:00,k-way126542024,sat vand,ukendt,tvivl,automatisk fra EEA-badevandsdata
2026-09-24T16:08:14+02:00,k-way1306082456,sat vand,ukendt,tvivl,automatisk fra EEA-badevandsdata
2026-09-24T16:08:14+02:00,k-way1391565583,sat vand,ukendt,tvivl,automatisk fra EEA-badevandsdata
2026-09-24T16:08:14+02:00,k-way1511512560,sat vand,ukendt,tvivl,automatisk fra EEA-badevandsdata
2026-09-24T16:08:14+02:00,k-way174710968,sat vand,ukendt,tvivl,automatisk fra EEA-badevandsdata
2026-09-24T16:08:14+02:00,k-way230392439,sat vand,ukendt,tvivl,automatisk fra EEA-badevandsdata
2026-09-24T16:08:14+02:00,k-way25556796,sat vand,ukendt,tvivl,automatisk fra EEA-badevandsdata
2026-09-24T16:08:14+02:00,k-way26602614,sat vand,ukendt,tvivl,automatisk fra EEA-badevandsdata
2026-09-24T16:08:14+02:00,k-way457415674,sat vand,ukendt,tvivl,automatisk fra EEA-badevandsdata
2026-09-24T16:08:14+02:00,k-way484233292,sat vand,ukendt,tvivl,automatisk fra EEA-badevandsdata
2026-09-24T16:08:14+02:00,k-way517395048,sat vand,ukendt,tvivl,automatisk fra EEA-badevandsdata
2026-09-24T16:08:14+02:00,k-way911522136,sat vand,ukendt,tvivl,automatisk fra EEA-badevandsdata
2026-09-24T16:08:14+02:00,k-node12293314650,sat vand,ukendt,tvivl,automatisk fra EEA-badevandsdata
2026-09-24T16:08:14+02:00,k-node3240371755,sat vand,ukendt,tvivl,automatisk fra EEA-badevandsdata
2026-09-24T16:08:14+02:00,k-node9038229878,sat vand,ukendt,tvivl,automatisk fra EEA-badevandsdata
2026-09-24T16:08:14+02:00,k-way1086617346,sat vand,ukendt,tvivl,automatisk fra EEA-badevandsdata
2026-09-24T16:08:14+02:00,k-way308556313,sat vand,ukendt,tvivl,automatisk fra EEA-badevandsdata
2026-09-24T16:08:14+02:00,k-node1018651936,sat vand,ukendt,tvivl,automatisk fra EEA-badevandsdata
2026-09-24T16:08:14+02:00,k-node12175248464,sat vand,ukendt,tvivl,automatisk fra EEA-badevandsdata
2026-09-24T16:08:14+02:00,k-node12618050316,sat vand,ukendt,tvivl,automatisk fra EEA-badevandsdata
2026-09-24T16:08:14+02:00,k-node13009222202,sat vand,ukendt,tvivl,automatisk fra EEA-badevandsdata
2026-09-24T16:08:14+02:00,k-node13020705839,sat vand,ukendt,tvivl,automatisk fra EEA-badevandsdata
2026-09-24T16:08:14+02:00,k-node1785885901,sat vand,ukendt,tvivl,automatisk fra EEA-badevandsdata
2026-09-24T16:08:14+02:00,k-node1909931111,sat vand,ukendt,tvivl,automatisk fra EEA-badevandsdata
2026-09-24T16:08:14+02:00,k-node4089172503,sat vand,ukendt,tvivl,automatisk fra EEA-badevandsdata
2026-09-24T16:08:14+02:00,k-node476581392,sat vand,ukendt,tvivl,automatisk fra EEA-badevandsdata
2026-09-24T16:08:14+02:00,k-way1034860592,sat vand,ukendt,tvivl,automatisk fra EEA-badevandsdata
2026-09-24T16:08:14+02:00,k-way237099211,sat vand,ukendt,tvivl,automatisk fra EEA-badevandsdata
2026-09-24T16:08:14+02:00,k-node1028000785,sat vand,ukendt,tvivl,automatisk fra EEA-badevandsdata
2026-09-24T16:08:14+02:00,k-node1039983204,sat vand,ukendt,tvivl,automatisk fra EEA-badevandsdata
2026-09-24T16:08:14+02:00,k-node10770884852,sat vand,ukendt,tvivl,automatisk fra EEA-badevandsdata
2026-09-24T16:08:14+02:00,k-node11039765128,sat vand,ukendt,tvivl,automatisk fra EEA-badevandsdata
2026-09-24T16:08:14+02:00,k-node11070324160,sat vand,ukendt,tvivl,automatisk fra EEA-badevandsdata
2026-09-24T16:08:14+02:00,k-node11071056464,sat vand,ukendt,tvivl,automatisk fra EEA-badevandsdata
2026-09-24T16:08:14+02:00,k-node11513538156,sat vand,ukendt,tvivl,automatisk fra EEA-badevandsdata
2026-09-24T16:08:14+02:00,k-node11697220055,sat vand,ukendt,tvivl,automatisk fra EEA-badevandsdata
2026-09-24T16:08:14+02:00,k-node11847020921,sat vand,ukendt,tvivl,automatisk fra EEA-badevandsdata
2026-09-24T16:08:14+02:00,k-node1215771205,sat vand,ukendt,tvivl,automatisk fra EEA-badevandsdata
2026-09-24T16:08:14+02:00,k-node12258074290,sat vand,ukendt,tvivl,automatisk fra EEA-badevandsdata
2026-09-24T16:08:14+02:00,k-node12304888481,sat vand,ukendt,tvivl,automatisk fra EEA-badevandsdata
2026-09-24T16:08:14+02:00,k-node12409159160,sat vand,ukendt,tvivl,automatisk fra EEA-badevandsdata
2026-09-24T16:08:14+02:00,k-node12410029736,sat vand,ukendt,tvivl,automatisk fra EEA-badevandsdata
2026-09-24T16:08:14+02:00,k-node12458899372,sat vand,ukendt,tvivl,automatisk fra EEA-badevandsdata
2026-09-24T16:08:14+02:00,k-node12466920854,sat vand,ukendt,tvivl,automatisk fra EEA-badevandsdata
2026-09-24T16:08:14+02:00,k-node12925350806,sat vand,ukendt,tvivl,automatisk fra EEA-badevandsdata
2026-09-24T16:08:14+02:00,k-node13011305824,sat vand,ukendt,tvivl,automatisk fra EEA-badevandsdata
2026-09-24T16:08:14+02:00,k-node13013579205,sat vand,ukendt,tvivl,automatisk fra EEA-badevandsdata
2026-09-24T16:08:14+02:00,k-node13019581325,sat vand,ukendt,tvivl,automatisk fra EEA-badevandsdata
2026-09-24T16:08:14+02:00,k-node13040991225,sat vand,ukendt,tvivl,automatisk fra EEA-badevandsdata
2026-09-24T16:08:14+02:00,k-node1339074498,sat vand,ukendt,tvivl,automatisk fra EEA-badevandsdata
2026-09-24T16:08:14+02:00,k-node1359134154,sat vand,ukendt,tvivl,automatisk fra EEA-badevandsdata
2026-09-24T16:08:14+02:00,k-node1365166891,sat vand,ukendt,tvivl,automatisk fra EEA-badevandsdata
2026-09-24T16:08:14+02:00,k-node1382887355,sat vand,ukendt,tvivl,automatisk fra EEA-badevandsdata
2026-09-24T16:08:14+02:00,k-node13977194438,sat vand,ukendt,tvivl,automatisk fra EEA-badevandsdata
2026-09-24T16:08:14+02:00,k-node1403964205,sat vand,ukendt,tvivl,automatisk fra EEA-badevandsdata
2026-09-24T16:08:14+02:00,k-node1472900418,sat vand,ukendt,tvivl,automatisk fra EEA-badevandsdata
2026-09-24T16:08:14+02:00,k-node1508513644,sat vand,ukendt,tvivl,automatisk fra EEA-badevandsdata
2026-09-24T16:08:14+02:00,k-node1977173160,sat vand,ukendt,tvivl,automatisk fra EEA-badevandsdata
2026-09-24T16:08:14+02:00,k-node2246091370,sat vand,ukendt,tvivl,automatisk fra EEA-badevandsdata
2026-09-24T16:08:14+02:00,k-node2250459830,sat vand,ukendt,tvivl,automatisk fra EEA-badevandsdata
2026-09-24T16:08:14+02:00,k-node2257759330,sat vand,ukendt,tvivl,automatisk fra EEA-badevandsdata
2026-09-24T16:08:14+02:00,k-node2257759334,sat vand,ukendt,tvivl,automatisk fra EEA-badevandsdata
2026-09-24T16:08:14+02:00,k-node2870465636,sat vand,ukendt,tvivl,automatisk fra EEA-badevandsdata
2026-09-24T16:08:14+02:00,k-node2870465637,sat vand,ukendt,tvivl,automatisk fra EEA-badevandsdata
2026-09-24T16:08:14+02:00,k-node2870465640,sat vand,ukendt,tvivl,automatisk fra EEA-badevandsdata
2026-09-24T16:08:14+02:00,k-node288488204,sat vand,ukendt,tvivl,automatisk fra EEA-badevandsdata
2026-09-24T16:08:14+02:00,k-node2894471952,sat vand,ukendt,tvivl,automatisk fra EEA-badevandsdata
2026-09-24T16:08:14+02:00,k-node2972611994,sat vand,ukendt,tvivl,automatisk fra EEA-badevandsdata
2026-09-24T16:08:14+02:00,k-node298842178,sat vand,ukendt,tvivl,automatisk fra EEA-badevandsdata
2026-09-24T16:08:14+02:00,k-node374203843,sat vand,ukendt,tvivl,automatisk fra EEA-badevandsdata
2026-09-24T16:08:14+02:00,k-node4118388866,sat vand,ukendt,tvivl,automatisk fra EEA-badevandsdata
2026-09-24T16:08:14+02:00,k-node4118409727,sat vand,ukendt,tvivl,automatisk fra EEA-badevandsdata
2026-09-24T16:08:14+02:00,k-node431329923,sat vand,ukendt,tvivl,automatisk fra EEA-badevandsdata
2026-09-24T16:08:14+02:00,k-node4589096946,sat vand,ukendt,tvivl,automatisk fra EEA-badevandsdata
2026-09-24T16:08:14+02:00,k-node4811951902,sat vand,ukendt,tvivl,automatisk fra EEA-badevandsdata
2026-09-24T16:08:14+02:00,k-node4925183296,sat vand,ukendt,tvivl,automatisk fra EEA-badevandsdata
2026-09-24T16:08:14+02:00,k-node873850960,sat vand,ukendt,tvivl,automatisk fra EEA-badevandsdata
2026-09-24T16:08:14+02:00,k-node893194333,sat vand,ukendt,tvivl,automatisk fra EEA-badevandsdata
2026-09-24T16:08:14+02:00,k-node9928952691,sat vand,ukendt,tvivl,automatisk fra EEA-badevandsdata
2026-09-24T16:08:14+02:00,k-way1030388825,sat vand,ukendt,tvivl,automatisk fra EEA-badevandsdata
2026-09-24T16:08:14+02:00,k-way111487892,sat vand,ukendt,tvivl,automatisk fra EEA-badevandsdata
2026-09-24T16:08:14+02:00,k-way1179616578,sat vand,ukendt,tvivl,automatisk fra EEA-badevandsdata
2026-09-24T16:08:14+02:00,k-way1194034572,sat vand,ukendt,tvivl,automatisk fra EEA-badevandsdata
2026-09-24T16:08:14+02:00,k-way1272898728,sat vand,ukendt,tvivl,automatisk fra EEA-badevandsdata
2026-09-24T16:08:14+02:00,k-way135231769,sat vand,ukendt,tvivl,automatisk fra EEA-badevandsdata
2026-09-24T16:08:14+02:00,k-way140457960,sat vand,ukendt,tvivl,automatisk fra EEA-badevandsdata
2026-09-24T16:08:14+02:00,k-way1464202686,sat vand,ukendt,tvivl,automatisk fra EEA-badevandsdata
2026-09-24T16:08:14+02:00,k-way1467704136,sat vand,ukendt,tvivl,automatisk fra EEA-badevandsdata
2026-09-24T16:08:14+02:00,k-way191305119,sat vand,ukendt,tvivl,automatisk fra EEA-badevandsdata
2026-09-24T16:08:14+02:00,k-way320172691,sat vand,ukendt,tvivl,automatisk fra EEA-badevandsdata
2026-09-24T16:08:14+02:00,k-way379797019,sat vand,ukendt,tvivl,automatisk fra EEA-badevandsdata
2026-09-24T16:08:14+02:00,k-way437968525,sat vand,ukendt,tvivl,automatisk fra EEA-badevandsdata
2026-09-24T16:08:14+02:00,k-node10651231171,sat vand,ukendt,tvivl,automatisk fra EEA-badevandsdata
2026-09-24T16:08:14+02:00,k-node10651231172,sat vand,ukendt,tvivl,automatisk fra EEA-badevandsdata
2026-09-24T16:08:14+02:00,k-node1117244668,sat vand,ukendt,tvivl,automatisk fra EEA-badevandsdata
2026-09-24T16:08:14+02:00,k-node11217932215,sat vand,ukendt,tvivl,automatisk fra EEA-badevandsdata
2026-09-24T16:08:14+02:00,k-node11487102011,sat vand,ukendt,tvivl,automatisk fra EEA-badevandsdata
2026-09-24T16:08:14+02:00,k-node11487126341,sat vand,ukendt,tvivl,automatisk fra EEA-badevandsdata
2026-09-24T16:08:14+02:00,k-node11487142307,sat vand,ukendt,tvivl,automatisk fra EEA-badevandsdata
2026-09-24T16:08:14+02:00,k-node11487142308,sat vand,ukendt,tvivl,automatisk fra EEA-badevandsdata
2026-09-24T16:08:14+02:00,k-node11487142309,sat vand,ukendt,tvivl,automatisk fra EEA-badevandsdata
2026-09-24T16:08:14+02:00,k-node11514195933,sat vand,ukendt,tvivl,automatisk fra EEA-badevandsdata
2026-09-24T16:08:14+02:00,k-node11597459635,sat vand,ukendt,tvivl,automatisk fra EEA-badevandsdata
2026-09-24T16:08:14+02:00,k-node11637510975,sat vand,ukendt,tvivl,automatisk fra EEA-badevandsdata
2026-09-24T16:08:14+02:00,k-node11681285192,sat vand,ukendt,tvivl,automatisk fra EEA-badevandsdata
2026-09-24T16:08:14+02:00,k-node11765587407,sat vand,ukendt,tvivl,automatisk fra EEA-badevandsdata
2026-09-24T16:08:14+02:00,k-node11782516854,sat vand,ukendt,tvivl,automatisk fra EEA-badevandsdata
2026-09-24T16:08:14+02:00,k-node11786220593,sat vand,ukendt,tvivl,automatisk fra EEA-badevandsdata
2026-09-24T16:08:14+02:00,k-node11804640737,sat vand,ukendt,tvivl,automatisk fra EEA-badevandsdata
2026-09-24T16:08:14+02:00,k-node1181350043,sat vand,ukendt,tvivl,automatisk fra EEA-badevandsdata
2026-09-24T16:08:14+02:00,k-node11834794256,sat vand,ukendt,tvivl,automatisk fra EEA-badevandsdata
2026-09-24T16:08:14+02:00,k-node11847020920,sat vand,ukendt,tvivl,automatisk fra EEA-badevandsdata
2026-09-24T16:08:14+02:00,k-node1188019186,sat vand,ukendt,tvivl,automatisk fra EEA-badevandsdata
2026-09-24T16:08:14+02:00,k-node1210973602,sat vand,ukendt,tvivl,automatisk fra EEA-badevandsdata
2026-09-24T16:08:14+02:00,k-node12471934053,sat vand,ukendt,tvivl,automatisk fra EEA-badevandsdata
2026-09-24T16:08:14+02:00,k-node1339074499,sat vand,ukendt,tvivl,automatisk fra EEA-badevandsdata
2026-09-24T16:08:14+02:00,k-node13633987637,sat vand,ukendt,tvivl,automatisk fra EEA-badevandsdata
2026-09-24T16:08:14+02:00,k-node1494413656,sat vand,ukendt,tvivl,automatisk fra EEA-badevandsdata
2026-09-24T16:08:14+02:00,k-node1787126936,sat vand,ukendt,tvivl,automatisk fra EEA-badevandsdata
2026-09-24T16:08:14+02:00,k-node1837527400,sat vand,ukendt,tvivl,automatisk fra EEA-badevandsdata
2026-09-24T16:08:14+02:00,k-node1860105280,sat vand,ukendt,tvivl,automatisk fra EEA-badevandsdata
2026-09-24T16:08:14+02:00,k-node2064782485,sat vand,ukendt,tvivl,automatisk fra EEA-badevandsdata
2026-09-24T16:08:14+02:00,k-node2244771500,sat vand,ukendt,tvivl,automatisk fra EEA-badevandsdata
2026-09-24T16:08:14+02:00,k-node2244875369,sat vand,ukendt,tvivl,automatisk fra EEA-badevandsdata
2026-09-24T16:08:14+02:00,k-node2244979908,sat vand,ukendt,tvivl,automatisk fra EEA-badevandsdata
2026-09-24T16:08:14+02:00,k-node2245007676,sat vand,ukendt,tvivl,automatisk fra EEA-badevandsdata
2026-09-24T16:08:14+02:00,k-node2246132459,sat vand,ukendt,tvivl,automatisk fra EEA-badevandsdata
2026-09-24T16:08:14+02:00,k-node2246194723,sat vand,ukendt,tvivl,automatisk fra EEA-badevandsdata
2026-09-24T16:08:14+02:00,k-node2246309396,sat vand,ukendt,tvivl,automatisk fra EEA-badevandsdata
2026-09-24T16:08:15+02:00,k-node2246883580,sat vand,ukendt,tvivl,automatisk fra EEA-badevandsdata
2026-09-24T16:08:15+02:00,k-node2250720906,sat vand,ukendt,tvivl,automatisk fra EEA-badevandsdata
2026-09-24T16:08:15+02:00,k-node2258089305,sat vand,ukendt,tvivl,automatisk fra EEA-badevandsdata
2026-09-24T16:08:15+02:00,k-node2258089306,sat vand,ukendt,tvivl,automatisk fra EEA-badevandsdata
2026-09-24T16:08:15+02:00,k-node2301951297,sat vand,ukendt,tvivl,automatisk fra EEA-badevandsdata
2026-09-24T16:08:15+02:00,k-node2318489731,sat vand,ukendt,tvivl,automatisk fra EEA-badevandsdata
2026-09-24T16:08:15+02:00,k-node2870465635,sat vand,ukendt,tvivl,automatisk fra EEA-badevandsdata
2026-09-24T16:08:15+02:00,k-node3232930570,sat vand,ukendt,tvivl,automatisk fra EEA-badevandsdata
2026-09-24T16:08:15+02:00,k-node3341991869,sat vand,ukendt,tvivl,automatisk fra EEA-badevandsdata
2026-09-24T16:08:15+02:00,k-node3841894334,sat vand,ukendt,tvivl,automatisk fra EEA-badevandsdata
2026-09-24T16:08:15+02:00,k-node3842050724,sat vand,ukendt,tvivl,automatisk fra EEA-badevandsdata
2026-09-24T16:08:15+02:00,k-node4110557351,sat vand,ukendt,tvivl,automatisk fra EEA-badevandsdata
2026-09-24T16:08:15+02:00,k-node4118605117,sat vand,ukendt,tvivl,automatisk fra EEA-badevandsdata
2026-09-24T16:08:15+02:00,k-node4286220827,sat vand,ukendt,tvivl,automatisk fra EEA-badevandsdata
2026-09-24T16:08:15+02:00,k-node4289202854,sat vand,ukendt,tvivl,automatisk fra EEA-badevandsdata
2026-09-24T16:08:15+02:00,k-node474772172,sat vand,ukendt,tvivl,automatisk fra EEA-badevandsdata
2026-09-24T16:08:15+02:00,k-node474772197,sat vand,ukendt,tvivl,automatisk fra EEA-badevandsdata
2026-09-24T16:08:15+02:00,k-node4781468410,sat vand,ukendt,tvivl,automatisk fra EEA-badevandsdata
2026-09-24T16:08:15+02:00,k-node492049664,sat vand,ukendt,tvivl,automatisk fra EEA-badevandsdata
2026-09-24T16:08:15+02:00,k-node4924805392,sat vand,ukendt,tvivl,automatisk fra EEA-badevandsdata
2026-09-24T16:08:15+02:00,k-node6699934632,sat vand,ukendt,tvivl,automatisk fra EEA-badevandsdata
2026-09-24T16:08:15+02:00,k-node711568731,sat vand,ukendt,tvivl,automatisk fra EEA-badevandsdata
2026-09-24T16:08:15+02:00,k-node8260017815,sat vand,ukendt,tvivl,automatisk fra EEA-badevandsdata
2026-09-24T16:08:15+02:00,k-node852554564,sat vand,ukendt,tvivl,automatisk fra EEA-badevandsdata
2026-09-24T16:08:15+02:00,k-node9555523286,sat vand,ukendt,tvivl,automatisk fra EEA-badevandsdata
2026-09-24T16:08:15+02:00,k-node9555527888,sat vand,ukendt,tvivl,automatisk fra EEA-badevandsdata
2026-09-24T16:08:15+02:00,k-node9626727041,sat vand,ukendt,tvivl,automatisk fra EEA-badevandsdata
2026-09-24T16:08:15+02:00,k-relation12624380,sat vand,ukendt,tvivl,automatisk fra EEA-badevandsdata
2026-09-24T16:08:15+02:00,k-relation16005679,sat vand,ukendt,tvivl,automatisk fra EEA-badevandsdata
2026-09-24T16:08:15+02:00,k-relation16061250,sat vand,ukendt,tvivl,automatisk fra EEA-badevandsdata
2026-09-24T16:08:15+02:00,k-way101219786,sat vand,ukendt,tvivl,automatisk fra EEA-badevandsdata
2026-09-24T16:08:15+02:00,k-way1025798932,sat vand,ukendt,tvivl,automatisk fra EEA-badevandsdata
2026-09-24T16:08:15+02:00,k-way1034860594,sat vand,ukendt,tvivl,automatisk fra EEA-badevandsdata
2026-09-24T16:08:15+02:00,k-way1035013990,sat vand,ukendt,tvivl,automatisk fra EEA-badevandsdata
2026-09-24T16:08:15+02:00,k-way1035013991,sat vand,ukendt,tvivl,automatisk fra EEA-badevandsdata
2026-09-24T16:08:15+02:00,k-way1036638895,sat vand,ukendt,tvivl,automatisk fra EEA-badevandsdata
2026-09-24T16:08:15+02:00,k-way1036638896,sat vand,ukendt,tvivl,automatisk fra EEA-badevandsdata
2026-09-24T16:08:15+02:00,k-way1038329052,sat vand,ukendt,tvivl,automatisk fra EEA-badevandsdata
2026-09-24T16:08:15+02:00,k-way1038330521,sat vand,ukendt,tvivl,automatisk fra EEA-badevandsdata
2026-09-24T16:08:15+02:00,k-way1038330524,sat vand,ukendt,tvivl,automatisk fra EEA-badevandsdata
2026-09-24T16:08:15+02:00,k-way1038336907,sat vand,ukendt,tvivl,automatisk fra EEA-badevandsdata
2026-09-24T16:08:15+02:00,k-way1038336909,sat vand,ukendt,tvivl,automatisk fra EEA-badevandsdata
2026-09-24T16:08:15+02:00,k-way1038336910,sat vand,ukendt,tvivl,automatisk fra EEA-badevandsdata
2026-09-24T16:08:15+02:00,k-way1038336911,sat vand,ukendt,tvivl,automatisk fra EEA-badevandsdata
2026-09-24T16:08:15+02:00,k-way1038336916,sat vand,ukendt,tvivl,automatisk fra EEA-badevandsdata
2026-09-24T16:08:15+02:00,k-way1038337763,sat vand,ukendt,tvivl,automatisk fra EEA-badevandsdata
2026-09-24T16:08:15+02:00,k-way1038340047,sat vand,ukendt,tvivl,automatisk fra EEA-badevandsdata
2026-09-24T16:08:15+02:00,k-way1038341975,sat vand,ukendt,tvivl,automatisk fra EEA-badevandsdata
2026-09-24T16:08:15+02:00,k-way1038341981,sat vand,ukendt,tvivl,automatisk fra EEA-badevandsdata
2026-09-24T16:08:15+02:00,k-way1038343414,sat vand,ukendt,tvivl,automatisk fra EEA-badevandsdata
2026-09-24T16:08:15+02:00,k-way1039251394,sat vand,ukendt,tvivl,automatisk fra EEA-badevandsdata
2026-09-24T16:08:15+02:00,k-way1039251395,sat vand,ukendt,tvivl,automatisk fra EEA-badevandsdata
2026-09-24T16:08:15+02:00,k-way1041021858,sat vand,ukendt,tvivl,automatisk fra EEA-badevandsdata
2026-09-24T16:08:15+02:00,k-way106446310,sat vand,ukendt,tvivl,automatisk fra EEA-badevandsdata
2026-09-24T16:08:15+02:00,k-way1066789135,sat vand,ukendt,tvivl,automatisk fra EEA-badevandsdata
2026-09-24T16:08:15+02:00,k-way1075372033,sat vand,ukendt,tvivl,automatisk fra EEA-badevandsdata
2026-09-24T16:08:15+02:00,k-way1116944773,sat vand,ukendt,tvivl,automatisk fra EEA-badevandsdata
2026-09-24T16:08:15+02:00,k-way1118165279,sat vand,ukendt,tvivl,automatisk fra EEA-badevandsdata
2026-09-24T16:08:15+02:00,k-way1133982587,sat vand,ukendt,tvivl,automatisk fra EEA-badevandsdata
2026-09-24T16:08:15+02:00,k-way1190185257,sat vand,ukendt,tvivl,automatisk fra EEA-badevandsdata
2026-09-24T16:08:15+02:00,k-way119926061,sat vand,ukendt,tvivl,automatisk fra EEA-badevandsdata
2026-09-24T16:08:15+02:00,k-way119962124,sat vand,ukendt,tvivl,automatisk fra EEA-badevandsdata
2026-09-24T16:08:15+02:00,k-way120234729,sat vand,ukendt,tvivl,automatisk fra EEA-badevandsdata
2026-09-24T16:08:15+02:00,k-way1214497566,sat vand,ukendt,tvivl,automatisk fra EEA-badevandsdata
2026-09-24T16:08:15+02:00,k-way1229962963,sat vand,ukendt,tvivl,automatisk fra EEA-badevandsdata
2026-09-24T16:08:15+02:00,k-way124423163,sat vand,ukendt,tvivl,automatisk fra EEA-badevandsdata
2026-09-24T16:08:15+02:00,k-way1251320474,sat vand,ukendt,tvivl,automatisk fra EEA-badevandsdata
2026-09-24T16:08:15+02:00,k-way126268885,sat vand,ukendt,tvivl,automatisk fra EEA-badevandsdata
2026-09-24T16:08:15+02:00,k-way1302706859,sat vand,ukendt,tvivl,automatisk fra EEA-badevandsdata
2026-09-24T16:08:15+02:00,k-way1311169354,sat vand,ukendt,tvivl,automatisk fra EEA-badevandsdata
2026-09-24T16:08:15+02:00,k-way1321559902,sat vand,ukendt,tvivl,automatisk fra EEA-badevandsdata
2026-09-24T16:08:15+02:00,k-way1321563368,sat vand,ukendt,tvivl,automatisk fra EEA-badevandsdata
2026-09-24T16:08:15+02:00,k-way1321879911,sat vand,ukendt,tvivl,automatisk fra EEA-badevandsdata
2026-09-24T16:08:15+02:00,k-way1348306892,sat vand,ukendt,tvivl,automatisk fra EEA-badevandsdata
2026-09-24T16:08:15+02:00,k-way1349862063,sat vand,ukendt,tvivl,automatisk fra EEA-badevandsdata
2026-09-24T16:08:15+02:00,k-way137989797,sat vand,ukendt,tvivl,automatisk fra EEA-badevandsdata
2026-09-24T16:08:15+02:00,k-way1387950867,sat vand,ukendt,tvivl,automatisk fra EEA-badevandsdata
2026-09-24T16:08:15+02:00,k-way1497700064,sat vand,ukendt,tvivl,automatisk fra EEA-badevandsdata
2026-09-24T16:08:15+02:00,k-way169045202,sat vand,ukendt,tvivl,automatisk fra EEA-badevandsdata
2026-09-24T16:08:15+02:00,k-way215077991,sat vand,ukendt,tvivl,automatisk fra EEA-badevandsdata
2026-09-24T16:08:15+02:00,k-way215077995,sat vand,ukendt,tvivl,automatisk fra EEA-badevandsdata
2026-09-24T16:08:15+02:00,k-way215082351,sat vand,ukendt,tvivl,automatisk fra EEA-badevandsdata
2026-09-24T16:08:15+02:00,k-way220214581,sat vand,ukendt,tvivl,automatisk fra EEA-badevandsdata
2026-09-24T16:08:15+02:00,k-way221619743,sat vand,ukendt,tvivl,automatisk fra EEA-badevandsdata
2026-09-24T16:08:15+02:00,k-way26451082,sat vand,ukendt,tvivl,automatisk fra EEA-badevandsdata
2026-09-24T16:08:15+02:00,k-way266535063,sat vand,ukendt,tvivl,automatisk fra EEA-badevandsdata
2026-09-24T16:08:15+02:00,k-way300866599,sat vand,ukendt,tvivl,automatisk fra EEA-badevandsdata
2026-09-24T16:08:15+02:00,k-way307885024,sat vand,ukendt,tvivl,automatisk fra EEA-badevandsdata
2026-09-24T16:08:15+02:00,k-way32237193,sat vand,ukendt,tvivl,automatisk fra EEA-badevandsdata
2026-09-24T16:08:15+02:00,k-way353585058,sat vand,ukendt,tvivl,automatisk fra EEA-badevandsdata
2026-09-24T16:08:15+02:00,k-way367453688,sat vand,ukendt,tvivl,automatisk fra EEA-badevandsdata
2026-09-24T16:08:15+02:00,k-way381162872,sat vand,ukendt,tvivl,automatisk fra EEA-badevandsdata
2026-09-24T16:08:15+02:00,k-way45357202,sat vand,ukendt,tvivl,automatisk fra EEA-badevandsdata
2026-09-24T16:08:15+02:00,k-way488651866,sat vand,ukendt,tvivl,automatisk fra EEA-badevandsdata
2026-09-24T16:08:15+02:00,k-way631279059,sat vand,ukendt,tvivl,automatisk fra EEA-badevandsdata
2026-09-24T16:08:15+02:00,k-way656703363,sat vand,ukendt,tvivl,automatisk fra EEA-badevandsdata
2026-09-24T16:08:15+02:00,k-way665873478,sat vand,ukendt,tvivl,automatisk fra EEA-badevandsdata
2026-09-24T16:08:15+02:00,k-way669255549,sat vand,ukendt,tvivl,automatisk fra EEA-badevandsdata
2026-09-24T16:08:15+02:00,k-way669329889,sat vand,ukendt,tvivl,automatisk fra EEA-badevandsdata
2026-09-24T16:08:15+02:00,k-way69748591,sat vand,ukendt,tvivl,automatisk fra EEA-badevandsdata
2026-09-24T16:08:15+02:00,k-way734364266,sat vand,ukendt,tvivl,automatisk fra EEA-badevandsdata
2026-09-24T16:08:15+02:00,k-way799817681,sat vand,ukendt,tvivl,automatisk fra EEA-badevandsdata
2026-09-24T16:08:15+02:00,k-node10651231174,sat vand,ukendt,tvivl,automatisk fra EEA-badevandsdata
2026-09-24T16:08:15+02:00,k-node1072891408,sat vand,ukendt,tvivl,automatisk fra EEA-badevandsdata
2026-09-24T16:08:15+02:00,k-node1103583550,sat vand,ukendt,tvivl,automatisk fra EEA-badevandsdata
2026-09-24T16:08:15+02:00,k-node1131158564,sat vand,ukendt,tvivl,automatisk fra EEA-badevandsdata
2026-09-24T16:08:15+02:00,k-node11487085207,sat vand,ukendt,tvivl,automatisk fra EEA-badevandsdata
2026-09-24T16:08:15+02:00,k-node11597459634,sat vand,ukendt,tvivl,automatisk fra EEA-badevandsdata
2026-09-24T16:08:15+02:00,k-node11641013271,sat vand,ukendt,tvivl,automatisk fra EEA-badevandsdata
2026-09-24T16:08:15+02:00,k-node11778274800,sat vand,ukendt,tvivl,automatisk fra EEA-badevandsdata
2026-09-24T16:08:15+02:00,k-node13048551074,sat vand,ukendt,tvivl,automatisk fra EEA-badevandsdata
2026-09-24T16:08:15+02:00,k-node1365307222,sat vand,ukendt,tvivl,automatisk fra EEA-badevandsdata
2026-09-24T16:08:15+02:00,k-node1487187786,sat vand,ukendt,tvivl,automatisk fra EEA-badevandsdata
2026-09-24T16:08:15+02:00,k-node2244875368,sat vand,ukendt,tvivl,automatisk fra EEA-badevandsdata
2026-09-24T16:08:15+02:00,k-node2246883600,sat vand,ukendt,tvivl,automatisk fra EEA-badevandsdata
2026-09-24T16:08:15+02:00,k-node2250804861,sat vand,ukendt,tvivl,automatisk fra EEA-badevandsdata
2026-09-24T16:08:15+02:00,k-node2250804900,sat vand,ukendt,tvivl,automatisk fra EEA-badevandsdata
2026-09-24T16:08:15+02:00,k-node2391247135,sat vand,ukendt,tvivl,automatisk fra EEA-badevandsdata
2026-09-24T16:08:15+02:00,k-node2870465641,sat vand,ukendt,tvivl,automatisk fra EEA-badevandsdata
2026-09-24T16:08:15+02:00,k-node431046816,sat vand,ukendt,tvivl,automatisk fra EEA-badevandsdata
2026-09-24T16:08:15+02:00,k-node431046832,sat vand,ukendt,tvivl,automatisk fra EEA-badevandsdata
2026-09-24T16:08:15+02:00,k-node431046893,sat vand,ukendt,tvivl,automatisk fra EEA-badevandsdata
2026-09-24T16:08:15+02:00,k-node4443026251,sat vand,ukendt,tvivl,automatisk fra EEA-badevandsdata
2026-09-24T16:08:15+02:00,k-node746332824,sat vand,ukendt,tvivl,automatisk fra EEA-badevandsdata
2026-09-24T16:08:15+02:00,k-relation10600468,sat vand,ukendt,tvivl,automatisk fra EEA-badevandsdata
2026-09-24T16:08:15+02:00,k-way1036639243,sat vand,ukendt,tvivl,automatisk fra EEA-badevandsdata
2026-09-24T16:08:15+02:00,k-way1038340044,sat vand,ukendt,tvivl,automatisk fra EEA-badevandsdata
2026-09-24T16:08:15+02:00,k-way1038340045,sat vand,ukendt,tvivl,automatisk fra EEA-badevandsdata
2026-09-24T16:08:15+02:00,k-way1038341984,sat vand,ukendt,tvivl,automatisk fra EEA-badevandsdata
2026-09-24T16:08:15+02:00,k-way1038343415,sat vand,ukendt,tvivl,automatisk fra EEA-badevandsdata
2026-09-24T16:08:15+02:00,k-way107683859,sat vand,ukendt,tvivl,automatisk fra EEA-badevandsdata
2026-09-24T16:08:15+02:00,k-way126710930,sat vand,ukendt,tvivl,automatisk fra EEA-badevandsdata
2026-09-24T16:08:15+02:00,k-way331853073,sat vand,ukendt,tvivl,automatisk fra EEA-badevandsdata
2026-09-24T16:08:15+02:00,k-way357095121,sat vand,ukendt,tvivl,automatisk fra EEA-badevandsdata
2026-09-24T16:08:15+02:00,k-way357095122,sat vand,ukendt,tvivl,automatisk fra EEA-badevandsdata
2026-09-24T16:08:15+02:00,k-way378882461,sat vand,ukendt,tvivl,automatisk fra EEA-badevandsdata
2026-09-24T16:08:15+02:00,k-way396710269,sat vand,ukendt,tvivl,automatisk fra EEA-badevandsdata
2026-09-24T16:08:15+02:00,k-way450128286,sat vand,ukendt,tvivl,automatisk fra EEA-badevandsdata
2026-09-24T16:08:15+02:00,k-way462577593,sat vand,ukendt,tvivl,automatisk fra EEA-badevandsdata
2026-09-24T16:08:15+02:00,k-way465304806,sat vand,ukendt,tvivl,automatisk fra EEA-badevandsdata
2026-09-24T16:08:15+02:00,k-way600799558,sat vand,ukendt,tvivl,automatisk fra EEA-badevandsdata
2026-09-24T16:08:15+02:00,k-way659357757,sat vand,ukendt,tvivl,automatisk fra EEA-badevandsdata
2026-09-24T16:08:15+02:00,k-way669255036,sat vand,ukendt,tvivl,automatisk fra EEA-badevandsdata
2026-09-24T16:08:16+02:00,k-way943490048,sat vand,ukendt,tvivl,automatisk fra EEA-badevandsdata
2026-09-24T16:15:42+02:00,k-node13994974665,beslutning: med,lovende,på kortet,nyt spot fussing-soe-badebro · Ikke testet · Dock
2026-09-24T16:15:42+02:00,k-node13994999144,beslutning: med,lovende,på kortet,nyt spot tange-soe-marina · Virker ikke · Dock
2026-09-24T16:15:42+02:00,k-way1273625636,beslutning: ikke med,lovende,nej,Badeforbud i inderhavnen
2026-09-24T16:20:58+02:00,k-way316238083,sat vurdering,,måske,
2026-09-24T16:20:58+02:00,k-way316238083,sat type,,flydebro,
2026-09-24T16:20:58+02:00,k-way316238083,sat koordinater,,"55.8818856, 12.5459688",
2026-09-24T16:20:58+02:00,k-way316238083,sat begrundelse,,"Flydebro (22 m) fra Rungsted Roklub ud i Øresund ved Rungsted Badestrand. Åben kyst mod øst, lyst og lavt vand med ålegræs tæt på land, så bølger og dybde er usikre.",
2026-09-24T16:20:58+02:00,k-relation16251542,sat vurdering,,lovende,
2026-09-24T16:20:58+02:00,k-relation16251542,sat type,,flydebro,
2026-09-24T16:20:58+02:00,k-relation16251542,sat koordinater,,"55.7060734, 12.5973915",
2026-09-24T16:20:58+02:00,k-relation16251542,sat begrundelse,,"Flydende badezone (Badezone Sandkaj) og roklubbernes flydebroer (33–48 m) i Nordhavn ud til et stort, mørkt og roligt havnebassin. Offentlig badezone, men roklubbernes trafik skal respekteres.",
2026-09-24T16:20:58+02:00,k-way203707708,sat vurdering,,måske,
2026-09-24T16:20:58+02:00,k-way203707708,sat type,,flydebro,
2026-09-24T16:20:58+02:00,k-way203707708,sat koordinater,,"55.7146611, 12.5871514",
2026-09-24T16:20:58+02:00,k-way203707708,sat begrundelse,,"Roklubbernes flydebroer (18–34 m) i sydenden af Svanemøllehavnen. Mørkt vand, men kun ca. 40–50 m fri vand ud til bådbroen M2, og der er meget bådtrafik i den store lystbådehavn.",
2026-09-24T16:20:58+02:00,k-way294806020,sat vurdering,,måske,
2026-09-24T16:20:58+02:00,k-way294806020,sat type,,flydebro,
2026-09-24T16:20:58+02:00,k-way294806020,sat koordinater,,"55.7309300, 12.5818913",
2026-09-24T16:20:58+02:00,k-way294806020,sat begrundelse,,"Roklubbernes flydebroer (29 og 33 m) på ydersiden af Hellerup Havn ud mod Øresund. Åben kyst med grønt, forholdsvis lavt vand, så bølger og dybde er usikre.",
2026-09-24T16:20:58+02:00,k-way597957445,sat vurdering,,lovende,
2026-09-24T16:20:58+02:00,k-way597957445,sat type,,flydebro,
2026-09-24T16:20:58+02:00,k-way597957445,sat koordinater,,"55.6627830, 12.5643225",
2026-09-24T16:20:58+02:00,k-way597957445,sat begrundelse,,"Havnebadet Fisketorvet med flydebro (26 m) ud til Sydhavnens brede, mørke havneløb (over 150 m). Offentligt havnebad; der er dog en del både og kajakker i havnen.",
2026-09-24T16:20:58+02:00,k-way87398463,sat vurdering,,nej,
2026-09-24T16:20:58+02:00,k-way87398463,sat type,,flydebro,
2026-09-24T16:20:58+02:00,k-way87398463,sat begrundelse,,Flydebroen (56 m) ligger i hjørnet af Vedbæk Havn ved sejlklubbens slæbested. Kun ca. 25 m fri vand ud til bådbroerne og trafik fra havneindløbet lige ved siden af.,
2026-09-24T16:20:58+02:00,k-node11139470918,sat vurdering,,lovende,
2026-09-24T16:20:58+02:00,k-node11139470918,sat type,,bro,
2026-09-24T16:20:58+02:00,k-node11139470918,sat koordinater,,"55.7183175, 12.5874940",
2026-09-24T16:20:58+02:00,k-node11139470918,sat begrundelse,,"Broer (46–97 m) ved Green Kayak og Svanemøllen Vinterbadelaug ud i den lagune, som bølgebryderen ud for Svanemøllestranden beskytter. Mørkt vand og stor plads (over 150 m), offentlig strand.",
2026-09-24T16:20:58+02:00,k-way1155990367,sat vurdering,,måske,
2026-09-24T16:20:58+02:00,k-way1155990367,sat type,,flydebro,
2026-09-24T16:20:58+02:00,k-way1155990367,sat koordinater,,"55.6709549, 12.5782843",
2026-09-24T16:20:58+02:00,k-way1155990367,sat begrundelse,,"Udlejningens flydebro (69 m) ved Knippelsbro i Inderhavnen. Mørkt, bredt vand, men det er havnens travleste strækning med havnebusser og turbåde.",
2026-09-24T16:20:58+02:00,k-way291168261,sat vurdering,,nej,
2026-09-24T16:20:58+02:00,k-way291168261,sat type,,flydebro,
2026-09-24T16:20:58+02:00,k-way291168261,sat begrundelse,,"Roklubbens flydebro (25 m) ligger inde i den lille Kastrup Lystbådehavn. Tæt pakket med både, kun ca. 25 m fri vand mellem broerne.",
2026-09-24T16:20:58+02:00,k-relation8450762,sat vurdering,,lovende,
2026-09-24T16:20:58+02:00,k-relation8450762,sat type,,flydebro,
2026-09-24T16:20:58+02:00,k-relation8450762,sat koordinater,,"55.6468135, 12.5537302",
2026-09-24T16:20:58+02:00,k-relation8450762,sat begrundelse,,"Sluseholmen Havnebad (flydende anlæg) i et stort, mørkt og roligt havnebassin i Sydhavnen med over 150 m fri vand. Offentligt havnebad.",
2026-09-24T16:21:15+02:00,k-relation10880890,sat vurdering,,nej,
2026-09-24T16:21:15+02:00,k-relation10880890,sat type,,flydebro,
2026-09-24T16:21:15+02:00,k-relation10880890,sat begrundelse,,"Flydebroen (22 m) ligger i Sæby Å's udløb, som kun er ca. 25 m bred og har strøm. Udenfor er der åben Kattegat-kyst med bølger og en travl lystbådehavn.",
2026-09-24T16:21:15+02:00,k-way110116862,sat vurdering,,nej,
2026-09-24T16:21:15+02:00,k-way110116862,sat type,,flydebro,
2026-09-24T16:21:15+02:00,k-way110116862,sat begrundelse,,Klubbens flydebroer (54–85 m) ligger i en tæt pakket lystbådehavn uden frit vand mellem bådene. Fjorden uden for molen er lys og lav.,
2026-09-24T16:21:15+02:00,k-node2902713463,sat vurdering,,lovende,
2026-09-24T16:21:15+02:00,k-node2902713463,sat type,,flydebro,
2026-09-24T16:21:15+02:00,k-node2902713463,sat koordinater,,"56.7946082, 8.8798183",
2026-09-24T16:21:15+02:00,k-node2902713463,sat begrundelse,,"Roklubbens flydebro (28 m) går ud fra Østerstrand til mørkt, dybt vand i Limfjorden med masser af plads. Offentligt badested ved siden af, og en 46 m badebro lidt sydligere. Kysten vender mod øst og har læ for vestenvind.",
2026-09-24T16:21:15+02:00,k-way286593233,sat vurdering,,nej,
2026-09-24T16:21:15+02:00,k-way286593233,sat type,,flydebro,
2026-09-24T16:21:15+02:00,k-way286593233,sat begrundelse,,"Roklubbens flydebro (30 m) og slæbested ligger midt i Rønnerhavnen, en tæt pakket lystbådehavn. Der er kun smalle sejlrender mellem bådene.",
2026-09-24T16:21:15+02:00,k-way316663275,sat vurdering,,nej,
2026-09-24T16:21:15+02:00,k-way316663275,sat type,,bro,
2026-09-24T16:21:15+02:00,k-way316663275,sat begrundelse,,"Klubben ligger ved Frederik VII's Kanal, som er ca. 20 m bred og fuld af både. Vinterbadernes friluftsbad ligger på en lys, lav sandstrand uden synlig bro.",
2026-09-24T16:21:15+02:00,k-way343785847,sat vurdering,,nej,
2026-09-24T16:21:15+02:00,k-way343785847,sat type,,flydebro,
2026-09-24T16:21:15+02:00,k-way343785847,sat begrundelse,,Flydebroerne (16–170 m) i Skagen Havn er fyldt med både. Tæt pakket lystbådehavn ved siden af erhvervshavn og tankanlæg.,
2026-09-24T16:21:15+02:00,k-way407485327,sat vurdering,,nej,
2026-09-24T16:21:15+02:00,k-way407485327,sat type,,flydebro,
2026-09-24T16:21:15+02:00,k-way407485327,sat begrundelse,,Havnebassinet i Vesterø Havn har mange både og smalle sejlrender (under ca. 50 m) omkring flydebroen på 122 m. Færgehavnen ligger lige ved siden af.,
2026-09-24T16:21:15+02:00,k-node11621785122,sat vurdering,,lovende,
2026-09-24T16:21:15+02:00,k-node11621785122,sat type,,flydebro,
2026-09-24T16:21:15+02:00,k-node11621785122,sat koordinater,,"56.7776221, 8.2562198",
2026-09-24T16:21:15+02:00,k-node11621785122,sat begrundelse,,"Vandshelterets flydebro (19 m) ligger i Agger Havn, et lukket bassin på ca. 100×130 m med mørkt vand og få både. Havnen er offentlig, men tjek havnens regler for badning.",
2026-09-24T16:21:40+02:00,k-way316892515,sat vurdering,,lovende,
2026-09-24T16:21:40+02:00,k-way316892515,sat type,,flydebro,
2026-09-24T16:21:40+02:00,k-way316892515,sat koordinater,,"55.1258655, 12.0463715",
2026-09-24T16:21:40+02:00,k-way316892515,sat begrundelse,,"Præstø Roklub med flydebro (21 m) ved Præstø Strand badested, mellem lystbådehavnen og en lang bro (140 m). Beskyttet vand i Præstø Fjord med ca. 100×80 m frit vand, men fjorden er lavvandet længere ude (lyse sandbanker) – tjek dybden.",
2026-09-24T16:21:40+02:00,k-way150201609,sat vurdering,,måske,
2026-09-24T16:21:40+02:00,k-way150201609,sat type,,flydebro,
2026-09-24T16:21:40+02:00,k-way150201609,sat koordinater,,"55.5949421, 12.6747931",
2026-09-24T16:21:40+02:00,k-way150201609,sat begrundelse,,"Dragør Roklub med flere flydebroer (34–73 m) ud mod Øresund nord for havnen. Broerne ses ikke tydeligt på luftfotoet (måske taget ind om vinteren), og vandet er lavt med ålegræs og åben kyst med bølger ved østenvind.",
2026-09-24T16:21:40+02:00,k-way489207597,sat vurdering,,lovende,
2026-09-24T16:21:40+02:00,k-way489207597,sat type,,flydebro,
2026-09-24T16:21:40+02:00,k-way489207597,sat koordinater,,"55.4820051, 11.7407056",
2026-09-24T16:21:40+02:00,k-way489207597,sat begrundelse,,Badested ved Haraldsted Lillesø med flydebro (13 m) og bro (33 m). Rolig sø (ca. 500 m) med masser af plads. Hele søen er ensartet grøn på luftfotoet – kan være alger.,
2026-09-24T16:21:40+02:00,k-way604472398,sat vurdering,,måske,
2026-09-24T16:21:40+02:00,k-way604472398,sat type,,flydebro,
2026-09-24T16:21:40+02:00,k-way604472398,sat koordinater,,"55.0391598, 12.1926337",
2026-09-24T16:21:40+02:00,k-way604472398,sat begrundelse,,"Flydebro (30 m) ved en stenmole vest for Nyord Havn. Åbent vand med masser af plads, men det ser lavt ud (lysegrønt) og der kan være strøm i farvandet omkring Nyord.",
2026-09-24T16:21:40+02:00,k-way970960771,sat vurdering,,måske,
2026-09-24T16:21:40+02:00,k-way970960771,sat type,,flydebro,
2026-09-24T16:21:40+02:00,k-way970960771,sat koordinater,,"55.1777481, 11.6520178",
2026-09-24T16:21:40+02:00,k-way970960771,sat begrundelse,,"Flydebroer (21 og 31 m) langs løbet i Karrebæksminde Inderhavn. Løbet er ca. 110 m bredt og dybt, men har kraftig strøm mellem fjorden og havet og meget bådtrafik (klapbro).",
2026-09-24T16:21:40+02:00,k-way316355081,sat vurdering,,lovende,
2026-09-24T16:21:40+02:00,k-way316355081,sat type,,flydebro,
2026-09-24T16:21:40+02:00,k-way316355081,sat koordinater,,"54.7698930, 11.4966975",
2026-09-24T16:21:40+02:00,k-way316355081,sat begrundelse,,Maribo Roklub med L-formet flydebro (62 m) ud i Søndersø. Stor sø med mørkt vand og masser af plads. Tjek regler for søen (fuglebeskyttelse) og alger om sommeren.,
2026-09-24T16:21:40+02:00,k-way316892206,sat vurdering,,måske,
2026-09-24T16:21:40+02:00,k-way316892206,sat type,,flydebro,
2026-09-24T16:21:40+02:00,k-way316892206,sat koordinater,,"55.4533429, 12.1944978",
2026-09-24T16:21:40+02:00,k-way316892206,sat begrundelse,,"Køge Roklub med flydebro (36 m) i en lille, beskyttet vig (ca. 50×35 m) i Køge Havn. Det store havnebassin udenfor er dybt, men det er en erhvervshavn med skibstrafik – tjek havnens regler.",
2026-09-24T16:21:40+02:00,k-node11773768597,sat vurdering,,nej,
2026-09-24T16:21:40+02:00,k-node11773768597,sat type,,bro,
2026-09-24T16:21:40+02:00,k-node11773768597,sat begrundelse,,"Skælskør Roklub og to sejlklubber midt i Skælskør Lystbådehavn. Broerne er tæt pakket med både, og sejlrenderne er kun ca. 30 m brede. Ikke plads til at pumpe.",
2026-09-24T16:21:40+02:00,k-way105320705,sat vurdering,,nej,
2026-09-24T16:21:40+02:00,k-way105320705,sat type,,bro,
2026-09-24T16:21:40+02:00,k-way105320705,sat begrundelse,,"Havkajak Stevns og Rødvig Roklub ved det inderste bassin i Rødvig Lystbådehavn, som er tæt pakket med både. Ingen egen bro og ikke plads til at pumpe.",
2026-09-24T16:21:40+02:00,k-way1100617093,sat vurdering,,nej,
2026-09-24T16:21:40+02:00,k-way1100617093,sat type,,flydebro,
2026-09-24T16:21:40+02:00,k-way1100617093,sat begrundelse,,"Flydebro (49 m) i en lille parkdam (ca. 55×25 m) midt i Slagelse, dækket af grønne planter. Alt for lille.",
2026-09-24T16:21:59+02:00,k-node11405971129,sat vurdering,,lovende,
2026-09-24T16:21:59+02:00,k-node11405971129,sat type,,flydebro,
2026-09-24T16:21:59+02:00,k-node11405971129,sat koordinater,,"56.5012917, 8.5846685",
2026-09-24T16:21:59+02:00,k-node11405971129,sat begrundelse,,"Struer Roklub/Kajakklub ved Bremdal Strand: flydebro (31 m) fra stranden ud i Limfjorden (Struer Bugt) til mørkt vand. Offentligt badested og klub; læ for vestenvind, men åben mod øst, og det mørke kan delvis være ålegræs.",
2026-09-24T16:21:59+02:00,k-node12346083800,sat vurdering,,måske,
2026-09-24T16:21:59+02:00,k-node12346083800,sat type,,flydebro,
2026-09-24T16:21:59+02:00,k-node12346083800,sat koordinater,,"54.9996228, 9.6695527",
2026-09-24T16:21:59+02:00,k-node12346083800,sat begrundelse,,"Flydebro (50 m) ved badestedet Ballebro ud i Als Fjord/Lillebælt med mørkt vand for enden. Åben fjordkyst med mulig strøm, og færgelejet Ballebro–Hardeshøj ligger tæt ved; luftfotoet er mørkt og uskarpt.",
2026-09-24T16:21:59+02:00,k-way1080011705,sat vurdering,,nej,
2026-09-24T16:21:59+02:00,k-way1080011705,sat type,,flydebro,
2026-09-24T16:21:59+02:00,k-way1080011705,sat begrundelse,,"Ribe Roklub har flydebro (41 m) langs Ribe Å, som kun er ca. 30–35 m bred og fyldt med fortøjede både. For smalt til at pumpe.",
2026-09-24T16:21:59+02:00,k-way228644759,sat vurdering,,lovende,
2026-09-24T16:21:59+02:00,k-way228644759,sat type,,flydebro,
2026-09-24T16:21:59+02:00,k-way228644759,sat koordinater,,"54.9074729, 9.8911139",
2026-09-24T16:21:59+02:00,k-way228644759,sat begrundelse,,"Høruphav Ro- og Kajakklub: flydebro (59 m) på ydersiden af havnen ud i Høruphav Fjord, stort frit vandområde øst for havnen. Beskyttet vig, men bådtrafik til lystbådehavnen tæt ved.",
2026-09-24T16:21:59+02:00,k-way228645443,sat vurdering,,lovende,
2026-09-24T16:21:59+02:00,k-way228645443,sat type,,flydebro,
2026-09-24T16:21:59+02:00,k-way228645443,sat koordinater,,"54.8372866, 9.4454284",
2026-09-24T16:21:59+02:00,k-way228645443,sat begrundelse,,"Kollund Roklub: flydebro (44 m) ved Kollund Mole i Flensborg Fjord med mørkt, dybt vand lige ud for. Indre del af fjorden med rimelig læ; vinterbillede, og flydebroen ses dårligt.",
2026-09-24T16:21:59+02:00,k-way316891086,sat vurdering,,måske,
2026-09-24T16:21:59+02:00,k-way316891086,sat type,,flydebro,
2026-09-24T16:21:59+02:00,k-way316891086,sat koordinater,,"55.5345869, 9.7679624",
2026-09-24T16:21:59+02:00,k-way316891086,sat begrundelse,,"Strib Ro- og Kajakklub: flydebro (34 m) fra stranden ud i Lillebælts nordlige indløb, mørkt vand med ålegræs. Åben kyst med kendt strøm i Lillebælt.",
2026-09-24T16:21:59+02:00,k-way56053396,sat vurdering,,nej,
2026-09-24T16:21:59+02:00,k-way56053396,sat type,,flydebro,
2026-09-24T16:21:59+02:00,k-way56053396,sat begrundelse,,Bro A i Årøsund Havn: tæt pakket lystbådehavn med både på begge sider af flydebroerne. Ingen plads til at pumpe.,
2026-09-24T16:21:59+02:00,k-node12345686714,sat vurdering,,måske,
2026-09-24T16:21:59+02:00,k-node12345686714,sat type,,flydebro,
2026-09-24T16:21:59+02:00,k-node12345686714,sat koordinater,,"54.9180321, 9.7712037",
2026-09-24T16:21:59+02:00,k-node12345686714,sat begrundelse,,"Sønderborg Roklub: flydebro (35 m) langs kajen ud i Als Sund, som er bred og dyb her. Strøm i sundet og bådtrafik til havnen trækker ned.",
2026-09-24T16:21:59+02:00,k-node12347727558,sat vurdering,,måske,
2026-09-24T16:21:59+02:00,k-node12347727558,sat type,,flydebro,
2026-09-24T16:21:59+02:00,k-node12347727558,sat koordinater,,"54.9417668, 9.8560050",
2026-09-24T16:21:59+02:00,k-node12347727558,sat begrundelse,,"Augustenborg Roklub: lille flydebro (33 m i OSM) ved skovbredden af Augustenborg Fjord, som er beskyttet. Lys bund tæt ved land tyder på lavt vand ud for broen.",
2026-09-24T16:21:59+02:00,k-node12511867034,sat vurdering,,nej,
2026-09-24T16:21:59+02:00,k-node12511867034,sat type,,flydebro,
2026-09-24T16:21:59+02:00,k-node12511867034,sat begrundelse,,"Frihedsbroen: lille flydebro (15 m) ved badested i Kongeåen, som kun er ca. 15 m bred. For smalt.",
2026-09-24T16:22:16+02:00,k-way316234744,sat vurdering,,nej,
2026-09-24T16:22:16+02:00,k-way316234744,sat type,,flydebro,
2026-09-24T16:22:16+02:00,k-way316234744,sat begrundelse,,Roklubbens flydebroer (2 × 39 m) ligger inde i Skovshoved Havn. Kun ca. 40 m fri vand ud til næste bådbro og trafik i lystbådehavnen.,
2026-09-24T16:22:16+02:00,k-way364640087,sat vurdering,,måske,
2026-09-24T16:22:16+02:00,k-way364640087,sat type,,flydebro,
2026-09-24T16:22:16+02:00,k-way364640087,sat koordinater,,"55.6937930, 12.5983272",
2026-09-24T16:22:16+02:00,k-way364640087,sat begrundelse,,"Roklubbernes flydebroer (46 og 66 m) i Langelinie Lystbådehavn. Mørkt, roligt vand og ca. 80 m fri vand midt i bassinet, men det er en lystbådehavn med både langs kanterne.",
2026-09-24T16:22:16+02:00,k-way1013492891,sat vurdering,,lovende,
2026-09-24T16:22:16+02:00,k-way1013492891,sat type,,flydebro,
2026-09-24T16:22:16+02:00,k-way1013492891,sat koordinater,,"55.6512062, 12.5468047",
2026-09-24T16:22:16+02:00,k-way1013492891,sat begrundelse,,"Flydebro (39 m) ved Badezone Teglholm Brygge i Sydhavnen. Mørkt, roligt havnebassin med over 100 m fri vand og offentlig badezone.",
2026-09-24T16:22:16+02:00,k-way1202448668,sat vurdering,,nej,
2026-09-24T16:22:16+02:00,k-way1202448668,sat type,,flydebro,
2026-09-24T16:22:16+02:00,k-way1202448668,sat begrundelse,,"Bådbro nr. 8 (281 m) i lystbådehavnen i Nordhavn. Tæt pakket med både på begge sider, ingen fri plads.",
2026-09-24T16:22:16+02:00,k-way1271506543,sat vurdering,,nej,
2026-09-24T16:22:16+02:00,k-way1271506543,sat type,,flydebro,
2026-09-24T16:22:16+02:00,k-way1271506543,sat begrundelse,,"Flydende lejrplads midt i Møllekrogen uden landforbindelse, og bådelaugets bro (44 m) går ud i brunt vand, hvor bunden ses. Meget lavt og sivbevokset.",
2026-09-24T16:22:16+02:00,k-way1308856279,sat vurdering,,lovende,
2026-09-24T16:22:16+02:00,k-way1308856279,sat type,,flydebro,
2026-09-24T16:22:16+02:00,k-way1308856279,sat koordinater,,"55.6219218, 12.5230856",
2026-09-24T16:22:16+02:00,k-way1308856279,sat begrundelse,,"Badezone Byskoven med flydebroer (30 og 33 m) ud til mørkt, dybt vand i Kalvebodløbet langs diget. Stor plads og offentlig badezone; kan være udsat for vind fra nordvest.",
2026-09-24T16:22:16+02:00,k-way1308856729,sat vurdering,,måske,
2026-09-24T16:22:16+02:00,k-way1308856729,sat type,,flydebro,
2026-09-24T16:22:16+02:00,k-way1308856729,sat koordinater,,"55.6899181, 12.6100496",
2026-09-24T16:22:16+02:00,k-way1308856729,sat begrundelse,,"Badezoner med flydebroer (11–42 m) i Refshaleøens havnebassiner (Søndre Refshalebassin og La Banchina). Mørkt og roligt vand, men bassinerne er kun ca. 40 m brede og har husbåde og fartøjer.",
2026-09-24T16:22:16+02:00,k-way1316364953,sat vurdering,,måske,
2026-09-24T16:22:16+02:00,k-way1316364953,sat type,,flydebro,
2026-09-24T16:22:16+02:00,k-way1316364953,sat koordinater,,"56.0085996, 12.5894883",
2026-09-24T16:22:16+02:00,k-way1316364953,sat begrundelse,,"Flydebro (32 m) uden for Snekkersten Havn i en lille bugt i læ af en bølgebryder (ca. 60 m bred). Lyst, turkis vand tyder på lav dybde.",
2026-09-24T16:22:16+02:00,k-way1385554211,sat vurdering,,lovende,
2026-09-24T16:22:16+02:00,k-way1385554211,sat type,,flydebro,
2026-09-24T16:22:16+02:00,k-way1385554211,sat koordinater,,"55.6789800, 12.6087775",
2026-09-24T16:22:16+02:00,k-way1385554211,sat begrundelse,,"Flydebro (55 m) ved Christiania Beach i Stadsgraven. Mørkt, roligt vand, ca. 130 m bredt og langt, uden motorbåde. Stadsgraven er ikke officielt badevand.",
2026-09-24T16:22:16+02:00,k-way25556692,sat vurdering,,nej,
2026-09-24T16:22:16+02:00,k-way25556692,sat type,,flydebro,
2026-09-24T16:22:16+02:00,k-way25556692,sat begrundelse,,"Sejlklubben Tritons bådbroer (21–64 m) i lystbådehavnen i Nordhavn. Tæt pakket med både, kun ca. 30 m mellem broerne.",
2026-09-24T16:22:30+02:00,k-way1210050975,sat vurdering,,måske,
2026-09-24T16:22:30+02:00,k-way1210050975,sat type,,flydebro,
2026-09-24T16:22:30+02:00,k-way1210050975,sat koordinater,,"56.7001713, 9.1902372",
2026-09-24T16:22:30+02:00,k-way1210050975,sat begrundelse,,"Firkantet flydebro/fjordbad ved badestranden i Hvalpsund med mørkt, dybt vand og masser af plads. Men Hvalpsund-sundet har strøm, og færgelejet til Sundsøre ligger kun ca. 70 m væk.",
2026-09-24T16:22:30+02:00,k-way398036462,sat vurdering,,måske,
2026-09-24T16:22:30+02:00,k-way398036462,sat type,,flydebro,
2026-09-24T16:22:30+02:00,k-way398036462,sat koordinater,,"56.9527111, 8.6946121",
2026-09-24T16:22:30+02:00,k-way398036462,sat begrundelse,,"Flydebro (21 m) i Thisted Lystbådehavns indre bassin. Midt i bassinet er der ca. 80×100 m frit mørkt vand, men der er bådtrafik og havnens regler for badning.",
2026-09-24T16:22:30+02:00,k-way424872623,sat vurdering,,lovende,
2026-09-24T16:22:30+02:00,k-way424872623,sat type,,flydebro,
2026-09-24T16:22:30+02:00,k-way424872623,sat koordinater,,"56.8030753, 9.8724793",
2026-09-24T16:22:30+02:00,k-way424872623,sat begrundelse,,"Flydebro (21 m) ved det offentlige badested i Store Økssø i Rold Skov. Skovsø med mørkt vand, ca. 500 m på tværs, og læ hele vejen rundt.",
2026-09-24T16:22:30+02:00,k-node11434532136,sat vurdering,,nej,
2026-09-24T16:22:30+02:00,k-node11434532136,sat type,,flydebro,
2026-09-24T16:22:30+02:00,k-node11434532136,sat begrundelse,,Flydebroen (38 m) ligger i en smal havnerende på ca. 20 m i den lille naturhavn. Fjorden udenfor er lys og lav med ålegræs langs odden.,
2026-09-24T16:22:30+02:00,k-node11591236914,sat vurdering,,lovende,
2026-09-24T16:22:30+02:00,k-node11591236914,sat type,,flydebro,
2026-09-24T16:22:30+02:00,k-node11591236914,sat koordinater,,"56.9186052, 8.9215189",
2026-09-24T16:22:30+02:00,k-node11591236914,sat begrundelse,,"Vandshelterets flydebro (23 m) går ud i Ejerslev Havns nordlige bassin, hvor der er ca. 100×70 m frit mørkt vand i læ af molen. Få både, og havnen er offentlig.",
2026-09-24T16:22:30+02:00,k-node11597971374,sat vurdering,,måske,
2026-09-24T16:22:30+02:00,k-node11597971374,sat type,,flydebro,
2026-09-24T16:22:30+02:00,k-node11597971374,sat koordinater,,"56.6064955, 9.2935204",
2026-09-24T16:22:30+02:00,k-node11597971374,sat begrundelse,,"Flydebroer (18 og 22 m) ved slæbestedet på nordsiden af Virksund-dæmningen med stort, mørkt fjordvand. Slusen i dæmningen kan give strøm, og der er trafik fra slæbestedet. Vinterbillede.",
2026-09-24T16:22:30+02:00,k-node11621781799,sat vurdering,,måske,
2026-09-24T16:22:30+02:00,k-node11621781799,sat type,,flydebro,
2026-09-24T16:22:30+02:00,k-node11621781799,sat koordinater,,"56.7173447, 8.4729434",
2026-09-24T16:22:30+02:00,k-node11621781799,sat begrundelse,,"Vandshelterets flydebro (19 m) ligger lige uden for Doverodde Havn ved en 115 m bro, ud til åbent fjordvand. Vandet ser plettet ud, som om der er ålegræs eller lavt vand.",
2026-09-24T16:22:30+02:00,k-node11621866483,sat vurdering,,måske,
2026-09-24T16:22:30+02:00,k-node11621866483,sat type,,flydebro,
2026-09-24T16:22:30+02:00,k-node11621866483,sat koordinater,,"56.8812651, 8.6296688",
2026-09-24T16:22:30+02:00,k-node11621866483,sat begrundelse,,Vandshelterets flydebro (20 m) ligger ved slæbestedet syd for Vilsundbroen med mørkt vand og god plads. Men Vilsund er et sund med strøm og åbent mod vest.,
2026-09-24T16:22:30+02:00,k-node11621900437,sat vurdering,,lovende,
2026-09-24T16:22:30+02:00,k-node11621900437,sat type,,flydebro,
2026-09-24T16:22:30+02:00,k-node11621900437,sat koordinater,,"57.0046083, 8.9436182",
2026-09-24T16:22:30+02:00,k-node11621900437,sat begrundelse,,"Vandshelterets flydebro (20 m) ligger i Amtoft Havn. Den sydlige del af bassinet har ca. 90×70 m frit mørkt vand i læ af molerne. Der er både i den nordlige del, og havnens regler bør tjekkes.",
2026-09-24T16:22:30+02:00,k-node12281576015,sat vurdering,,nej,
2026-09-24T16:22:30+02:00,k-node12281576015,sat type,,flydebro,
2026-09-24T16:22:30+02:00,k-node12281576015,sat begrundelse,,"En lille flydebro (9 m) i Ryå, som kun er ca. 30 m bred. Smal å med strøm og ingen plads til at pumpe rundt.",
2026-09-24T16:22:48+02:00,k-way1227589767,sat vurdering,,lovende,
2026-09-24T16:22:48+02:00,k-way1227589767,sat type,,flydebro,
2026-09-24T16:22:48+02:00,k-way1227589767,sat koordinater,,"55.4546627, 12.1885646",
2026-09-24T16:22:48+02:00,k-way1227589767,sat begrundelse,,"L-formet flydebro (68 m) i Køge Inderhavn ved byens havnefront. Beskyttet bassin med mørkt, dybt vand (ca. 100 m bredt) og få både. Tjek havnens regler for badning og bådtrafik.",
2026-09-24T16:22:48+02:00,k-way1234309393,sat vurdering,,nej,
2026-09-24T16:22:48+02:00,k-way1234309393,sat type,,flydebro,
2026-09-24T16:22:48+02:00,k-way1234309393,sat begrundelse,,Lille flydebro (15 m) til småbåde i Basnæs Nor. Vandet er meget lavt med tæt bundvegetation.,
2026-09-24T16:22:48+02:00,k-way1286173329,sat vurdering,,nej,
2026-09-24T16:22:48+02:00,k-way1286173329,sat type,,flydebro,
2026-09-24T16:22:48+02:00,k-way1286173329,sat begrundelse,,"Flydebro (439 m) ved arbejdshavnen til Femern-tunnelen ved Rødbyhavn. Industri og skibe, ikke et badested.",
2026-09-24T16:22:48+02:00,k-way224113377,sat vurdering,,nej,
2026-09-24T16:22:48+02:00,k-way224113377,sat type,,flydebro,
2026-09-24T16:22:48+02:00,k-way224113377,sat begrundelse,,"Flydebroer (19–28 m) til småbåde i Køge Å's udløb/inderste havnebassin, som kun er ca. 40 m bredt og fyldt med både.",
2026-09-24T16:22:48+02:00,k-way308556313,sat vurdering,,måske,
2026-09-24T16:22:48+02:00,k-way308556313,sat type,,bro,
2026-09-24T16:22:48+02:00,k-way308556313,sat koordinater,,"55.5946676, 12.6769984",
2026-09-24T16:22:48+02:00,k-way308556313,sat begrundelse,,"Kajakklubben Pilen på nordmolen i Dragør Havn. Havnen er tæt pakket, men en kort bro går nordpå fra molen ud til Øresund, hvor vandet er lavt med ålegræs og åbent for østenvind.",
2026-09-24T16:22:48+02:00,k-way340496259,sat vurdering,,nej,
2026-09-24T16:22:48+02:00,k-way340496259,sat type,,flydebro,
2026-09-24T16:22:48+02:00,k-way340496259,sat begrundelse,,"Flydebro (77 m) langs en mole i yderhavnen i Rødbyhavn ved Femern-byggepladsen. Industri og grumset vand, ikke offentligt badeområde.",
2026-09-24T16:22:48+02:00,k-way41558535,sat vurdering,,lovende,
2026-09-24T16:22:48+02:00,k-way41558535,sat type,,flydebro,
2026-09-24T16:22:48+02:00,k-way41558535,sat koordinater,,"54.9541764, 12.4628445",
2026-09-24T16:22:48+02:00,k-way41558535,sat begrundelse,,"Lang flydebro (93 m) i det nordvestlige bassin i Klintholm Havn. Beskyttet bassin (ca. 80×120 m) med mørkt, dybt vand og få både. Tjek havnens regler.",
2026-09-24T16:22:48+02:00,k-way568408303,sat vurdering,,måske,
2026-09-24T16:22:48+02:00,k-way568408303,sat type,,flydebro,
2026-09-24T16:22:48+02:00,k-way568408303,sat koordinater,,"55.3574519, 11.1446650",
2026-09-24T16:22:48+02:00,k-way568408303,sat begrundelse,,"Flydebro (36 m) i en lille sø (ca. 200×130 m) ved Halsskov med mørkt, dybt vand. Adgang og formål uklart (evt. fiskesø), og søen er lille.",
2026-09-24T16:22:48+02:00,k-way682259734,sat vurdering,,måske,
2026-09-24T16:22:48+02:00,k-way682259734,sat type,,flydebro,
2026-09-24T16:22:48+02:00,k-way682259734,sat koordinater,,"55.5746116, 11.2587119",
2026-09-24T16:22:48+02:00,k-way682259734,sat begrundelse,,"Lille flydebro (16 m) for enden af en sti gennem rørskoven på vestsiden af Tissø. Stor sø med mørkt vand, men meget vindudsat (skumtoppe på luftfotoet), og broen er måske til fiskeri/naturformål.",
2026-09-24T16:22:48+02:00,k-way896592713,sat vurdering,,nej,
2026-09-24T16:22:48+02:00,k-way896592713,sat type,,flydebro,
2026-09-24T16:22:48+02:00,k-way896592713,sat begrundelse,,Rund flydebro (52 m) i en lille dam i forlystelsesparken BonBon-Land. Privat og alt for lille.,
2026-09-24T16:23:00+02:00,k-way1002341571,sat vurdering,,måske,
2026-09-24T16:23:00+02:00,k-way1002341571,sat type,,flydebro,
2026-09-24T16:23:00+02:00,k-way1002341571,sat koordinater,,"55.5656864, 10.0791442",
2026-09-24T16:23:00+02:00,k-way1002341571,sat begrundelse,,"Tre små flydebroer (17 m) i det sydøstlige hjørne af Bogense Marina ved sejlklubben. Mørkt vand og ca. 50×40 m frit vand mellem sidste bådbro og kajen, men resten af havnen er tæt pakket og der er bådtrafik.",
2026-09-24T16:23:00+02:00,k-node12327022995,sat vurdering,,måske,
2026-09-24T16:23:00+02:00,k-node12327022995,sat type,,flydebro,
2026-09-24T16:23:00+02:00,k-node12327022995,sat koordinater,,"55.4387914, 10.4248146",
2026-09-24T16:23:00+02:00,k-node12327022995,sat begrundelse,,"Flydebro (24 m) ved Odense Sejlklub på ydersiden af dæmningen ud mod den inderste del af Odense Fjord. Stort, roligt vand, men fjorden ser lav ud her, og luftfotoet er et vinterbillede. Odense Kajakklub (eksisterende spot) ligger 300 m mod nord i kanalen.",
2026-09-24T16:23:00+02:00,k-way304558219,sat vurdering,,måske,
2026-09-24T16:23:00+02:00,k-way304558219,sat type,,flydebro,
2026-09-24T16:23:00+02:00,k-way304558219,sat koordinater,,"54.9327922, 10.0438387",
2026-09-24T16:23:00+02:00,k-way304558219,sat begrundelse,,"Mommark Marina: lille havn (ca. 80×110 m) med flere flydebroer (5–38 m) og mørkt vand i bassinet, få både i den vestlige del. Havn med bådtrafik, og badning i havnen kræver nok tilladelse.",
2026-09-24T16:23:00+02:00,k-way74074307,sat vurdering,,måske,
2026-09-24T16:23:00+02:00,k-way74074307,sat type,,flydebro,
2026-09-24T16:23:00+02:00,k-way74074307,sat koordinater,,"54.9039020, 10.6279081",
2026-09-24T16:23:00+02:00,k-way74074307,sat begrundelse,,"Flydebro (31 m) på nordsiden af dæmningen ved Grevebroen, Strynø, ud til mørkt vand med en lille stenmole som læ. Stort frit vand mod nord, men åbent for nordenvind og tæt på havnen/færgekajen.",
2026-09-24T16:23:00+02:00,k-way1174959785,sat vurdering,,måske,
2026-09-24T16:23:00+02:00,k-way1174959785,sat type,,flydebro,
2026-09-24T16:23:00+02:00,k-way1174959785,sat koordinater,,"55.0942782, 10.2351847",
2026-09-24T16:23:00+02:00,k-way1174959785,sat begrundelse,,"To flydebroer (55 m og 54 m) i Faaborg Havns sydlige bassin med mørkt vand og god plads (ca. 100×100 m), få både. Havn med bådtrafik; badning i havnen kræver sikkert tilladelse.",
2026-09-24T16:23:00+02:00,k-way174710968,sat vurdering,,nej,
2026-09-24T16:23:00+02:00,k-way174710968,sat type,,bro,
2026-09-24T16:23:00+02:00,k-way174710968,sat begrundelse,,Marstal Roklubs bro (17 m) ligger midt i Marstal Lystbådehavn mellem to fyldte bådbroer (82–98 m) med kun ca. 30 m mellem bådene. Ikke plads til at pumpe.,
2026-09-24T16:23:00+02:00,k-way1002330363,sat vurdering,,nej,
2026-09-24T16:23:00+02:00,k-way1002330363,sat type,,flydebro,
2026-09-24T16:23:00+02:00,k-way1002330363,sat begrundelse,,"Lille flydebro (8 m) i Bogenses gamle inderhavn: lille bassin (ca. 40 m bredt) fyldt med både, midt i byen.",
2026-09-24T16:23:00+02:00,k-way1002341538,sat vurdering,,nej,
2026-09-24T16:23:00+02:00,k-way1002341538,sat type,,flydebro,
2026-09-24T16:23:00+02:00,k-way1002341538,sat begrundelse,,"Bådbroer (79–94 m) i Bogense Marina, tæt pakket med både på begge sider og smalle gange mellem broerne. Ikke plads til at pumpe.",
2026-09-24T16:23:00+02:00,k-way1087093186,sat vurdering,,måske,
2026-09-24T16:23:00+02:00,k-way1087093186,sat type,,flydebro,
2026-09-24T16:23:00+02:00,k-way1087093186,sat koordinater,,"55.1517170, 10.3012040",
2026-09-24T16:23:00+02:00,k-way1087093186,sat begrundelse,,"Lille flydebro/ponton (23 m) i skovkanten ved Arreskov Sø. Stor sø med mørkt vand og masser af plads, men adgangen er uklar (godsets skov, ingen sti synlig til broen).",
2026-09-24T16:23:00+02:00,k-node13919886374,sat vurdering,,måske,
2026-09-24T16:23:00+02:00,k-node13919886374,sat type,,bro,
2026-09-24T16:23:00+02:00,k-node13919886374,sat koordinater,,"55.0412252, 10.4735819",
2026-09-24T16:23:00+02:00,k-node13919886374,sat begrundelse,,Ballen Havn: lille havn med få både og faste broer (21–57 m) i et bassin på ca. 80×80 m med mørkt vand. Badestedet øst for havnen er en strand med lavt vand. Havn med bådtrafik.,
2026-09-24T16:23:29+02:00,k-way287287493,sat vurdering,,lovende,
2026-09-24T16:23:29+02:00,k-way287287493,sat type,,flydebro,
2026-09-24T16:23:29+02:00,k-way287287493,sat koordinater,,"55.9765302, 12.3779846",
2026-09-24T16:23:29+02:00,k-way287287493,sat begrundelse,,"Fredensborg Roklubs flydebroer (39–55 m) ud i Esrum Sø. Mørkt, dybt søvand med masser af plads; stor sø, så der kan være bølger ved kraftig vind. Klubadgang.",
2026-09-24T16:23:29+02:00,k-way287292786,sat vurdering,,måske,
2026-09-24T16:23:29+02:00,k-way287292786,sat type,,flydebro,
2026-09-24T16:23:29+02:00,k-way287292786,sat koordinater,,"55.9539914, 11.8508252",
2026-09-24T16:23:29+02:00,k-way287292786,sat begrundelse,,"Flydebro (30 m) for enden af roklubbens bro ud i Kattegat ved Lynæs. Åben kyst mod vest med tydelige bølger på luftfotoet og lyst, sandet vand.",
2026-09-24T16:23:29+02:00,k-way287518086,sat vurdering,,lovende,
2026-09-24T16:23:29+02:00,k-way287518086,sat type,,flydebro,
2026-09-24T16:23:29+02:00,k-way287518086,sat koordinater,,"55.6778491, 12.6069240",
2026-09-24T16:23:29+02:00,k-way287518086,sat begrundelse,,"Bådlauget Halvtolvs flydebro (35 m) på Holmen ud til mørkt, roligt kanalvand, der bliver ca. 60–150 m bredt mod nord. Klubadgang og kun få småbåde.",
2026-09-24T16:23:29+02:00,k-way297639626,sat vurdering,,måske,
2026-09-24T16:23:29+02:00,k-way297639626,sat type,,flydebro,
2026-09-24T16:23:29+02:00,k-way297639626,sat koordinater,,"55.6689748, 12.5780764",
2026-09-24T16:23:29+02:00,k-way297639626,sat begrundelse,,"GoBoats bådbro (192 m) ved Havnebadet Islands Brygge. Bredt og mørkt vand, men broen er fyldt med udlejningsbåde, og Inderhavnen har meget trafik; havnebadet er den offentlige indgang.",
2026-09-24T16:23:29+02:00,k-way330724399,sat vurdering,,lovende,
2026-09-24T16:23:29+02:00,k-way330724399,sat type,,flydebro,
2026-09-24T16:23:29+02:00,k-way330724399,sat koordinater,,"55.7709427, 12.4881611",
2026-09-24T16:23:29+02:00,k-way330724399,sat begrundelse,,"Lyngby Dameroklubs to flydebroer (53 m) ud i Lyngby Sø. Mørkt, roligt søvand med over 200 m fri plads. Klubadgang.",
2026-09-24T16:23:29+02:00,k-way609381862,sat vurdering,,nej,
2026-09-24T16:23:29+02:00,k-way609381862,sat type,,flydebro,
2026-09-24T16:23:29+02:00,k-way609381862,sat begrundelse,,"Lille flydebro (18 m) ved kajen i Sjællandsbroens lystbådehavn. Tæt pakket med bådbroer, kun ca. 30 m mellem dem.",
2026-09-24T16:23:29+02:00,k-way649217079,sat vurdering,,nej,
2026-09-24T16:23:29+02:00,k-way649217079,sat type,,flydebro,
2026-09-24T16:23:29+02:00,k-way649217079,sat begrundelse,,"Flydebro (37 m) inde i Holbæk Bådelaugs lille lystbådehavn. Tæt pakket med både, ingen fri plads.",
2026-09-24T16:23:29+02:00,k-way963693825,sat vurdering,,måske,
2026-09-24T16:23:29+02:00,k-way963693825,sat type,,flydebro,
2026-09-24T16:23:29+02:00,k-way963693825,sat koordinater,,"55.6072955, 12.3808775",
2026-09-24T16:23:29+02:00,k-way963693825,sat begrundelse,,"Roklubbens flydebro (19 m) ud i lagunen ved Ishøj Strandpark. Stor og rolig, men grønt vand med lys bund tyder på lav dybde.",
2026-09-24T16:23:29+02:00,k-node13981131773,sat vurdering,,lovende,
2026-09-24T16:23:29+02:00,k-node13981131773,sat type,,badebro,
2026-09-24T16:23:29+02:00,k-node13981131773,sat koordinater,,"55.8152014, 12.4581471",
2026-09-24T16:23:29+02:00,k-node13981131773,sat begrundelse,,"Lang badebro (172–204 m) ved Holte Roklub ud i Furesø. Mørkt, dybt søvand med stor plads og offentligt badested.",
2026-09-24T16:23:29+02:00,k-node9873751265,sat vurdering,,måske,
2026-09-24T16:23:29+02:00,k-node9873751265,sat type,,bro,
2026-09-24T16:23:29+02:00,k-node9873751265,sat koordinater,,"55.9890164, 12.0839013",
2026-09-24T16:23:29+02:00,k-node9873751265,sat begrundelse,,"Flydeshelteret ligger ude i Arresø uden landforbindelse, men Auderød Havns bro (77 m) kan bruges. Arresø er brunt, uklart og næringsrigt vand med rørskov langs bredden.",
2026-09-24T16:24:04+02:00,k-node12323229040,sat vurdering,,lovende,
2026-09-24T16:24:04+02:00,k-node12323229040,sat type,,flydebro,
2026-09-24T16:24:04+02:00,k-node12323229040,sat koordinater,,"56.6550082, 9.9784730",
2026-09-24T16:24:04+02:00,k-node12323229040,sat begrundelse,,"Kajakklubbens flydebro (13 m) går ud fra kysten ved Mariager til mørkt, dybt vand i Mariager Fjord. Fjorden er smal og har læ, og der er masser af plads uden for havnen.",
2026-09-24T16:24:04+02:00,k-node7172135199,sat vurdering,,måske,
2026-09-24T16:24:04+02:00,k-node7172135199,sat type,,flydebro,
2026-09-24T16:24:04+02:00,k-node7172135199,sat koordinater,,"56.6528827, 8.6375415",
2026-09-24T16:24:04+02:00,k-node7172135199,sat begrundelse,,"Flydebro (28 m) for enden af en 45 m bro nord for Jegindø Havn. Vandet er lyst og plettet med ålegræs og ser lavt ud, og der er åbent ud mod bredningen.",
2026-09-24T16:24:04+02:00,k-way1148190301,sat vurdering,,nej,
2026-09-24T16:24:04+02:00,k-way1148190301,sat type,,flydebro,
2026-09-24T16:24:04+02:00,k-way1148190301,sat begrundelse,,Flydebroerne (18–187 m) i Skagen Lystbådehavn ligger midt i en travl fiskeri- og erhvervshavn med store skibe og tæt belagte broer.,
2026-09-24T16:24:04+02:00,k-way1258196871,sat vurdering,,måske,
2026-09-24T16:24:04+02:00,k-way1258196871,sat type,,flydebro,
2026-09-24T16:24:04+02:00,k-way1258196871,sat koordinater,,"57.0287362, 9.4028288",
2026-09-24T16:24:04+02:00,k-way1258196871,sat begrundelse,,"Flydebro (47 m) på ydersiden af Haverslev Havns mole, ud til åbent fjordvand. Billedet er gråt og uklart, men vandet ser lyst og lavt ud, og der er ingen læ for østenvind.",
2026-09-24T16:24:04+02:00,k-way1272082056,sat vurdering,,måske,
2026-09-24T16:24:04+02:00,k-way1272082056,sat type,,flydebro,
2026-09-24T16:24:04+02:00,k-way1272082056,sat koordinater,,"56.6100771, 10.3031595",
2026-09-24T16:24:04+02:00,k-way1272082056,sat begrundelse,,"Kajakklubbens flydebroer (30–31 m) ligger i Udbyhøj Havn med mørkt vand inden for den buede mole. Men det frie vand er kun ca. 40 m bredt og er sejlrende for lystbådene, og der er stærk strøm ved Randers Fjords munding udenfor.",
2026-09-24T16:24:04+02:00,k-way1306082456,sat vurdering,,måske,
2026-09-24T16:24:04+02:00,k-way1306082456,sat type,,flydebro,
2026-09-24T16:24:04+02:00,k-way1306082456,sat koordinater,,"56.7182605, 8.6264023",
2026-09-24T16:24:04+02:00,k-way1306082456,sat begrundelse,,"Flydebro (93 m) går fra den lille havn ved Tissinghuse ud i åbent fjordvand, som er mørkt, men plettet med ålegræs. Havnebassinet selv er for lille.",
2026-09-24T16:24:04+02:00,k-way230392345,sat vurdering,,nej,
2026-09-24T16:24:04+02:00,k-way230392345,sat type,,flydebro,
2026-09-24T16:24:04+02:00,k-way230392345,sat begrundelse,,Flydebroen (126 m) ligger i Hirtshals' fiskeri- og færgehavn med erhvervstrafik. Badning i havnebassinet er næppe tilladt.,
2026-09-24T16:24:04+02:00,k-way230392439,sat vurdering,,nej,
2026-09-24T16:24:04+02:00,k-way230392439,sat type,,flydebro,
2026-09-24T16:24:04+02:00,k-way230392439,sat begrundelse,,"Flydebroerne (25–111 m) i Hirtshals Havns yderhavn er tæt belagt med både. Der er ingen plads mellem bådene, og færgetrafikken går lige ved siden af.",
2026-09-24T16:24:04+02:00,k-way304635581,sat vurdering,,nej,
2026-09-24T16:24:04+02:00,k-way304635581,sat type,,flydebro,
2026-09-24T16:24:04+02:00,k-way304635581,sat begrundelse,,Flydebroerne (38–168 m) ligger i Hals Lystbådehavn tæt pakket med både. Der er stærk strøm i Limfjordens munding udenfor.,
2026-09-24T16:24:04+02:00,k-way457415674,sat vurdering,,måske,
2026-09-24T16:24:04+02:00,k-way457415674,sat type,,flydebro,
2026-09-24T16:24:04+02:00,k-way457415674,sat koordinater,,"56.5512334, 8.3052727",
2026-09-24T16:24:04+02:00,k-way457415674,sat begrundelse,,"Lang flydebro (310 m) i Lemvig Havn. Nord for den er der ca. 80 m bredt mørkt vand, men med spredte fortøjede både og bådtrafik. Lemvig Roklub (eksisterende spot) ligger tæt på.",
2026-09-24T16:24:10+02:00,k-node6875205363,sat vurdering,,måske,
2026-09-24T16:24:10+02:00,k-node6875205363,sat type,,flydebro,
2026-09-24T16:24:10+02:00,k-node6875205363,sat koordinater,,"55.8929874, 8.3568350",
2026-09-24T16:24:10+02:00,k-node6875205363,sat begrundelse,,Flydebro (45 m) ved badestedet Skaven Strand ud i Ringkøbing Fjord med frit vand og mørk overflade. Fjorden er lavvandet (gennemsnit ca. 2 m) og meget vindudsat; bølger ses på luftfotoet.,
2026-09-24T16:24:10+02:00,k-way1163665013,sat vurdering,,lovende,
2026-09-24T16:24:10+02:00,k-way1163665013,sat type,,flydebro,
2026-09-24T16:24:10+02:00,k-way1163665013,sat koordinater,,"55.0332385, 9.4239062",
2026-09-24T16:24:10+02:00,k-way1163665013,sat begrundelse,,"Aabenraa Sønderstrand: badebro (104 m) og en separat flydebro/badeflåde (19 m) ud for enden, i mørkt, dybt vand i Aabenraa Fjord. Offentlig strand i læ af molen.",
2026-09-24T16:24:10+02:00,k-way124419772,sat vurdering,,nej,
2026-09-24T16:24:10+02:00,k-way124419772,sat type,,flydebro,
2026-09-24T16:24:10+02:00,k-way124419772,sat begrundelse,,Ringkøbing Gamle Havn: flydebroerne (96 m og 135 m) ligger i en tæt pakket lystbådehavn. Ingen plads mellem bådene.,
2026-09-24T16:24:10+02:00,k-way1258262532,sat vurdering,,nej,
2026-09-24T16:24:10+02:00,k-way1258262532,sat type,,flydebro,
2026-09-24T16:24:10+02:00,k-way1258262532,sat begrundelse,,Lille flydebro (12 m) inderst i Sønderborg Lystbådehavn mellem fyldte bådbroer. Ingen plads til at pumpe.,
2026-09-24T16:24:10+02:00,k-way1272220883,sat vurdering,,lovende,
2026-09-24T16:24:10+02:00,k-way1272220883,sat type,,bro,
2026-09-24T16:24:10+02:00,k-way1272220883,sat koordinater,,"55.7089264, 9.6315113",
2026-09-24T16:24:10+02:00,k-way1272220883,sat begrundelse,,"Badestedet Tirsbæk ved Vejle Fjord: bro (48 m) med lille pavillon ud til mørkt, dybt vand og en badeflåde (16 m) ud for stranden. Beskyttet fjord med meget plads.",
2026-09-24T16:24:10+02:00,k-way1288411513,sat vurdering,,måske,
2026-09-24T16:24:10+02:00,k-way1288411513,sat type,,flydebro,
2026-09-24T16:24:10+02:00,k-way1288411513,sat koordinater,,"55.4837793, 8.4162616",
2026-09-24T16:24:10+02:00,k-way1288411513,sat begrundelse,,"Aqtiv i Esbjerg: badested (sport=swimming) med flydebro (15 m) i et stort, lukket havnebassin på over 100 m. Luftfotoet viser byggeplads, så anlægget er nyt; tjek adgang og dybde (Vadehavets tidevand).",
2026-09-24T16:24:10+02:00,k-way130128400,sat vurdering,,lovende,
2026-09-24T16:24:10+02:00,k-way130128400,sat type,,flydebro,
2026-09-24T16:24:10+02:00,k-way130128400,sat koordinater,,"55.7270762, 8.7708227",
2026-09-24T16:24:10+02:00,k-way130128400,sat begrundelse,,Badestedet Kvie Sø: flere flydebroer (27 m og 2×15 m) ud i en rolig sø på ca. 400 m. Solrefleks på luftfotoet skjuler dybden.,
2026-09-24T16:24:10+02:00,k-way317213973,sat vurdering,,måske,
2026-09-24T16:24:10+02:00,k-way317213973,sat type,,flydebro,
2026-09-24T16:24:10+02:00,k-way317213973,sat koordinater,,"54.9552626, 8.6879960",
2026-09-24T16:24:10+02:00,k-way317213973,sat begrundelse,,"Ruderverein Hoyer: flydebro (43 m) i Højer Havn/Vidå-kanalen, som er ca. 90 m bred her. Strøm ved slusning, brunt vand og vindudsat marsk.",
2026-09-24T16:24:10+02:00,k-way338863902,sat vurdering,,måske,
2026-09-24T16:24:10+02:00,k-way338863902,sat type,,flydebro,
2026-09-24T16:24:10+02:00,k-way338863902,sat koordinater,,"55.4436770, 8.4071842",
2026-09-24T16:24:10+02:00,k-way338863902,sat begrundelse,,"Maste bro (flydebro 66 m) i Fanø Lystbådehavn ved Nordby, med lidt frit vand i den nordlige del af bassinet. Vadehavet har tidevand, så bassinet kan være lavt ved ebbe; både tæt ved.",
2026-09-24T16:24:10+02:00,k-way915879409,sat vurdering,,lovende,
2026-09-24T16:24:10+02:00,k-way915879409,sat type,,flydebro,
2026-09-24T16:24:10+02:00,k-way915879409,sat koordinater,,"55.5119777, 9.6277721",
2026-09-24T16:24:10+02:00,k-way915879409,sat begrundelse,,"Skærbæk Lystbådehavn: flydende bølgebryder (102 m) på havnens yderside med mørkt, dybt vand mod Kolding Fjord/Lillebælt og masser af plads. Bådtrafik ved indsejlingen; tjek havnens regler og adgang.",
2026-09-24T16:24:10+02:00,k-node11364237384,sat vurdering,,måske,
2026-09-24T16:24:10+02:00,k-node11364237384,sat type,,flydebro,
2026-09-24T16:24:10+02:00,k-node11364237384,sat koordinater,,"56.1439863, 8.1763603",
2026-09-24T16:24:10+02:00,k-node11364237384,sat begrundelse,,Røjklit Havn: kort flydebro (18 m) gennem rørskoven ud i Ringkøbing Fjord. Fjorden er lavvandet og meget vindudsat.,
2026-09-24T16:24:10+02:00,k-node11443019498,sat vurdering,,nej,
2026-09-24T16:24:10+02:00,k-node11443019498,sat type,,flydebro,
2026-09-24T16:24:10+02:00,k-node11443019498,sat begrundelse,,"Ho Havn: kort flydebro (17 m) ud i Ho Bugt i Vadehavet. Brunt, lavt mudret vand med tidevand.",
2026-09-24T16:24:10+02:00,k-node12321131544,sat vurdering,,nej,
2026-09-24T16:24:10+02:00,k-node12321131544,sat type,,flydebro,
2026-09-24T16:24:10+02:00,k-node12321131544,sat begrundelse,,"Kano- og Kajakklubben Vejle Å: flydebro (58 m) langs den kanaliserede Vejle Å, som kun er ca. 45 m bred her, i et industriområde. For smalt, og åen har strøm.",
2026-09-24T16:24:10+02:00,k-node12323786983,sat vurdering,,nej,
2026-09-24T16:24:10+02:00,k-node12323786983,sat type,,flydebro,
2026-09-24T16:24:10+02:00,k-node12323786983,sat begrundelse,,"Rosborg Kanobro: kanobro på Vejle Å, som kun er ca. 15 m bred. For smalt.",
2026-09-24T16:24:10+02:00,k-node12324242772,sat vurdering,,nej,
2026-09-24T16:24:10+02:00,k-node12324242772,sat type,,flydebro,
2026-09-24T16:24:10+02:00,k-node12324242772,sat begrundelse,,"Tørskind Kanobro: kanobro på Vejle Å, som kun er ca. 10 m bred. For smalt.",
2026-09-24T16:24:10+02:00,k-node12324242797,sat vurdering,,nej,
2026-09-24T16:24:10+02:00,k-node12324242797,sat type,,flydebro,
2026-09-24T16:24:10+02:00,k-node12324242797,sat begrundelse,,"Skibet Kanobro Øst/Vest: kanobroer på Vejle Å, som kun er ca. 10–15 m bred og snoet. For smalt.",
2026-09-24T16:24:10+02:00,k-node12325345201,sat vurdering,,nej,
2026-09-24T16:24:10+02:00,k-node12325345201,sat type,,flydebro,
2026-09-24T16:24:10+02:00,k-node12325345201,sat begrundelse,,"Koldborg Kanobro: kanobro på Vejle Å, som kun er ca. 15 m bred. For smalt.",
2026-09-24T16:24:10+02:00,k-node12325348427,sat vurdering,,nej,
2026-09-24T16:24:10+02:00,k-node12325348427,sat type,,flydebro,
2026-09-24T16:24:10+02:00,k-node12325348427,sat begrundelse,,"Vingsted Kanobro 1–3: kanobroer på Vejle Å, som kun er ca. 15 m bred. For smalt.",
2026-09-24T16:24:10+02:00,k-node12325397477,sat vurdering,,nej,
2026-09-24T16:24:10+02:00,k-node12325397477,sat type,,flydebro,
2026-09-24T16:24:10+02:00,k-node12325397477,sat begrundelse,,"Haraldskær Kanobro: kanobro på Vejle Å, som kun er ca. 10–15 m bred. For smalt.",
2026-09-24T16:24:28+02:00,k-way963891070,sat vurdering,,måske,
2026-09-24T16:24:28+02:00,k-way963891070,sat type,,flydebro,
2026-09-24T16:24:28+02:00,k-way963891070,sat koordinater,,"54.7604908, 11.8673805",
2026-09-24T16:24:28+02:00,k-way963891070,sat begrundelse,,"Flydebro (87 m) ved havnefronten i Nykøbing Falster ud i Guldborgsund (ca. 400 m bredt). Åbent vand, men der ligger både fortøjet langs broen, der er bådtrafik og lysere, lavere pletter i sundet.",
2026-09-24T16:24:28+02:00,k-node13977142151,sat vurdering,,måske,
2026-09-24T16:24:28+02:00,k-node13977142151,sat type,,bro,
2026-09-24T16:24:28+02:00,k-node13977142151,sat koordinater,,"54.6639061, 11.6893319",
2026-09-24T16:24:28+02:00,k-node13977142151,sat begrundelse,,"Lille havn på Sydlolland med badested ved vestmolen. Havnebassinet (ca. 60×50 m) er næsten tomt med mørkt vand, men uden for havnen er vandet lavt med ålegræs (Sydhavet).",
2026-09-24T16:24:28+02:00,k-node13977669721,sat vurdering,,måske,
2026-09-24T16:24:28+02:00,k-node13977669721,sat type,,badebro,
2026-09-24T16:24:28+02:00,k-node13977669721,sat koordinater,,"54.8781901, 11.0227202",
2026-09-24T16:24:28+02:00,k-node13977669721,sat begrundelse,,Badested ved Tårs med en kort badebro (16 m) ud i vandet vest for havnen. Vandet ser lavt ud med mørke pletter af ålegræs og er åbent mod Langelandsbælt.,
2026-09-24T16:24:28+02:00,k-node3234506351,sat vurdering,,nej,
2026-09-24T16:24:28+02:00,k-node3234506351,sat type,,bro,
2026-09-24T16:24:28+02:00,k-node3234506351,sat begrundelse,,"Bandholm Roklub ligger på molen i Bandholm Havn uden synlig egen bro. Havnebassinet er lille, fyldt med både og bruges af Askø-færgen og museumsbanen.",
2026-09-24T16:24:28+02:00,k-way151637242,sat vurdering,,måske,
2026-09-24T16:24:28+02:00,k-way151637242,sat type,,bro,
2026-09-24T16:24:28+02:00,k-way151637242,sat koordinater,,"55.5667926, 12.2856579",
2026-09-24T16:24:28+02:00,k-way151637242,sat begrundelse,,"Greve Roklub ved det nordlige bassin i Greve Marina. Bassinet ser forholdsvis tomt ud (ca. 80×50 m, mørkt vand), men det er en travl lystbådehavn – tjek havnens regler.",
2026-09-24T16:24:28+02:00,k-way219469555,sat vurdering,,lovende,
2026-09-24T16:24:28+02:00,k-way219469555,sat type,,bro,
2026-09-24T16:24:28+02:00,k-way219469555,sat koordinater,,"55.5938031, 11.3070795",
2026-09-24T16:24:28+02:00,k-way219469555,sat begrundelse,,"Tissø Roklub i nordhjørnet af Tissø med kort bro (OSM: 21 m) ved slæbestedet. Stor sø med mørkt, dybt vand og masser af plads, men vindudsat ved sydvestenvind.",
2026-09-24T16:24:28+02:00,k-way316644298,sat vurdering,,måske,
2026-09-24T16:24:28+02:00,k-way316644298,sat type,,bro,
2026-09-24T16:24:28+02:00,k-way316644298,sat koordinater,,"54.8319229, 11.1159339",
2026-09-24T16:24:28+02:00,k-way316644298,sat begrundelse,,"NS Roklub i Nakskov med bro (32 m) ud til mørkt vand. Ligger ved sejlrenden ind til Nakskov Havn over for industrihavnen, så der er bådtrafik.",
2026-09-24T16:24:28+02:00,k-node13274647849,sat vurdering,,lovende,
2026-09-24T16:24:28+02:00,k-node13274647849,sat type,,badebro,
2026-09-24T16:24:28+02:00,k-node13274647849,sat koordinater,,"55.4251953, 11.5378858",
2026-09-24T16:24:28+02:00,k-node13274647849,sat begrundelse,,"Søbadet ved Parnas (vinterbad) med bro/platform ud i Sorø Sø. Stor, rolig sø med mørkt, dybt vand. Luftfotoet er fra vinter/forår.",
2026-09-24T16:24:28+02:00,k-node13977279751,sat vurdering,,måske,
2026-09-24T16:24:28+02:00,k-node13977279751,sat type,,bro,
2026-09-24T16:24:28+02:00,k-node13977279751,sat koordinater,,"54.9374165, 12.0279988",
2026-09-24T16:24:28+02:00,k-node13977279751,sat begrundelse,,"Badested ved den lille havn Skåningebro på Bogø, med en bro (ca. 20 m) ud til mørkt vand. Åbent farvand mod Storstrømmen med mulig strøm og bølger.",
2026-09-24T16:24:28+02:00,k-node13977666053,sat vurdering,,nej,
2026-09-24T16:24:28+02:00,k-node13977666053,sat type,,andet,
2026-09-24T16:24:28+02:00,k-node13977666053,sat begrundelse,,Badested ved stenmolen til Onsevig Havn uden badebro. Havnen er lille og fyldt med både; udenfor er det åben kyst. Molen kan højst bruges til rockstart.,
2026-09-24T16:24:29+02:00,k-node1960226419,sat vurdering,,måske,
2026-09-24T16:24:29+02:00,k-node1960226419,sat type,,bro,
2026-09-24T16:24:29+02:00,k-node1960226419,sat koordinater,,"54.8477370, 10.5216833",
2026-09-24T16:24:29+02:00,k-node1960226419,sat begrundelse,,"Marstal Havkajakcenter med en kort bro (ca. 25 m) med platform ud i det beskyttede vand syd for lystbådehavnen, i læ af molen og Eriks Hale. Masser af plads, men vandet ser lavt ud med ålegræs (mørke pletter).",
2026-09-24T16:24:29+02:00,k-node267152080,sat vurdering,,måske,
2026-09-24T16:24:29+02:00,k-node267152080,sat type,,bro,
2026-09-24T16:24:29+02:00,k-node267152080,sat koordinater,,"55.0594758, 10.6240016",
2026-09-24T16:24:29+02:00,k-node267152080,sat begrundelse,,"Svendborg Roklubs bro (27 m) ud i Svendborgsund med mørkt, dybt vand og god plads. Sundet har strøm og meget bådtrafik tæt på havnen og værftet.",
2026-09-24T16:24:29+02:00,k-way316769854,sat vurdering,,måske,
2026-09-24T16:24:29+02:00,k-way316769854,sat type,,slæbested,
2026-09-24T16:24:29+02:00,k-way316769854,sat koordinater,,"54.9422912, 10.7147650",
2026-09-24T16:24:29+02:00,k-way316769854,sat begrundelse,,"Rudkøbing Roklub med slæbested og kort bro ud i bugten nord for lystbådehavnen, i læ af Langelandsdæmningen. Mørkt vand tæt på land og god plads, men kun slæbested/kort bro at starte fra.",
2026-09-24T16:24:29+02:00,k-way316889164,sat vurdering,,nej,
2026-09-24T16:24:29+02:00,k-way316889164,sat type,,bro,
2026-09-24T16:24:29+02:00,k-way316889164,sat begrundelse,,"Bogense Ro- & Kajakklub har ingen egnet bro: kun små broer (8 m) i den tætte havnekanal, og kysten mod nord er lav med sandrevler.",
2026-09-24T16:24:29+02:00,k-way316889611,sat vurdering,,måske,
2026-09-24T16:24:29+02:00,k-way316889611,sat type,,bro,
2026-09-24T16:24:29+02:00,k-way316889611,sat koordinater,,"55.0924715, 10.2457383",
2026-09-24T16:24:29+02:00,k-way316889611,sat begrundelse,,"Fåborg Roklub med to korte broer/slæbesteder (31–35 m) ud i Faaborg Fjord. Roligt vand med god plads, men lavt nær land (ålegræs synligt) og mørkere først et stykke ude.",
2026-09-24T16:24:29+02:00,k-way500587027,sat vurdering,,måske,
2026-09-24T16:24:29+02:00,k-way500587027,sat type,,bro,
2026-09-24T16:24:29+02:00,k-way500587027,sat koordinater,,"55.0535935, 10.6139239",
2026-09-24T16:24:29+02:00,k-way500587027,sat begrundelse,,"Svendborg Kajakklub og Amatør Sejlklub med bro (36 m) ud i Svendborgsund; mørkt, dybt vand for enden af broen og god plads. Strøm i sundet og bådtrafik.",
2026-09-24T16:24:29+02:00,k-node10783979535,sat vurdering,,nej,
2026-09-24T16:24:29+02:00,k-node10783979535,sat type,,andet,
2026-09-24T16:24:29+02:00,k-node10783979535,sat begrundelse,,"Kajakudlejning (Mornsol) ved Odense Kanal i industrihavnen: kanalen er ca. 60 m bred med skibstrafik, og der er ingen bro i OSM.",
2026-09-24T16:24:29+02:00,k-node13918478870,sat vurdering,,nej,
2026-09-24T16:24:29+02:00,k-node13918478870,sat type,,bro,
2026-09-24T16:24:29+02:00,k-node13918478870,sat begrundelse,,"Bogense Søbad/vinterbad har kun en kort bro/trappe (5 m) på ydersiden af molen, ud til lavt, åbent vand uden læ mod nord.",
2026-09-24T16:24:29+02:00,k-node14026329479,sat vurdering,,nej,
2026-09-24T16:24:29+02:00,k-node14026329479,sat type,,badebro,
2026-09-24T16:24:29+02:00,k-node14026329479,sat begrundelse,,Kort badebro (18 m) ved Fynshoved Camping på åben kyst mod Kattegat med brænding; vandet ved broens ende er lavt. Korshavn (eksisterende spot) ligger tæt ved.,
2026-09-24T16:24:29+02:00,k-node4718031252,sat vurdering,,måske,
2026-09-24T16:24:29+02:00,k-node4718031252,sat type,,badebro,
2026-09-24T16:24:29+02:00,k-node4718031252,sat koordinater,,"54.9310091, 10.0450348",
2026-09-24T16:24:29+02:00,k-node4718031252,sat begrundelse,,Badebro (32 m) ved Mommark Strand på åben kyst mod Lillebælt. Vandet ved broens ende ser lavt ud og bliver først mørkt længere ude; kan have bølger.,
2026-09-24T16:24:40+02:00,k-way1009641272,sat vurdering,,nej,
2026-09-24T16:24:40+02:00,k-way1009641272,sat type,,flydebro,
2026-09-24T16:24:40+02:00,k-way1009641272,sat begrundelse,,Bådbro nr. 3 (260 m) i Holbæk Marina. Tæt pakket med både mellem de lange bådbroer.,
2026-09-24T16:24:40+02:00,k-way105727896,sat vurdering,,måske,
2026-09-24T16:24:40+02:00,k-way105727896,sat type,,flydebro,
2026-09-24T16:24:40+02:00,k-way105727896,sat koordinater,,"55.6881942, 12.5997098",
2026-09-24T16:24:40+02:00,k-way105727896,sat begrundelse,,"Flydebro (58 m) ved Toldboden ud til Københavns havneindløb. Dybt og meget bredt vand, men der er tung trafik af havnebusser, turbåde og større skibe, og det er ikke en badezone.",
2026-09-24T16:24:40+02:00,k-way1202448666,sat vurdering,,nej,
2026-09-24T16:24:40+02:00,k-way1202448666,sat type,,flydebro,
2026-09-24T16:24:40+02:00,k-way1202448666,sat begrundelse,,"Bådbroer nr. 8 (340 og 437 m) i Svanemøllehavnen. Tæt pakket med både, kun ca. 30 m mellem broerne.",
2026-09-24T16:24:40+02:00,k-way126542024,sat vurdering,,nej,
2026-09-24T16:24:40+02:00,k-way126542024,sat type,,flydebro,
2026-09-24T16:24:40+02:00,k-way126542024,sat begrundelse,,Korte bådbroer (27–41 m) på begge sider af Søndre Frihavns smalle bassin (ca. 95 m). Der er kun en sejlrende på ca. 25 m mellem de fortøjede både.,
2026-09-24T16:24:40+02:00,k-way134206361,sat vurdering,,måske,
2026-09-24T16:24:40+02:00,k-way134206361,sat type,,flydebro,
2026-09-24T16:24:40+02:00,k-way134206361,sat koordinater,,"55.7601624, 12.6008210",
2026-09-24T16:24:40+02:00,k-way134206361,sat begrundelse,,"Flydebro (55 m) midt i Skovshoved Havns sydlige bassin med ca. 60×70 m fri vand. Mørkt og roligt, men det er en lystbådehavn med trafik og havnens regler.",
2026-09-24T16:24:40+02:00,k-way1511512560,sat vurdering,,måske,
2026-09-24T16:24:40+02:00,k-way1511512560,sat type,,flydebro,
2026-09-24T16:24:40+02:00,k-way1511512560,sat koordinater,,"55.9635599, 11.8445932",
2026-09-24T16:24:40+02:00,k-way1511512560,sat begrundelse,,Flydebro (54 m) i Hundested Lystbådehavn med ca. 100 m åbent bassin. Luftfotoet er sløret af dis; det er en havn med fiskeri- og bådtrafik.,
2026-09-24T16:24:40+02:00,k-way220296871,sat vurdering,,lovende,
2026-09-24T16:24:40+02:00,k-way220296871,sat type,,flydebro,
2026-09-24T16:24:40+02:00,k-way220296871,sat koordinater,,"55.8054534, 12.3785722",
2026-09-24T16:24:40+02:00,k-way220296871,sat begrundelse,,"Bådudlejningens flydebroer (33 og 65 m) ud i Farum Sø. Mørkt, roligt søvand med over 200 m fri plads; udlejningen giver adgang.",
2026-09-24T16:24:40+02:00,k-way25556789,sat vurdering,,nej,
2026-09-24T16:24:40+02:00,k-way25556789,sat type,,flydebro,
2026-09-24T16:24:40+02:00,k-way25556789,sat begrundelse,,Bådbroerne M3 (156 og 522 m) i Svanemøllehavnen. Tæt pakket lystbådehavn.,
2026-09-24T16:24:40+02:00,k-way25556796,sat vurdering,,nej,
2026-09-24T16:24:40+02:00,k-way25556796,sat type,,flydebro,
2026-09-24T16:24:40+02:00,k-way25556796,sat begrundelse,,Bådbroer (92–640 m) i Svanemøllehavnen. Tæt pakket lystbådehavn med både på begge sider.,
2026-09-24T16:24:40+02:00,k-way26602614,sat vurdering,,nej,
2026-09-24T16:24:40+02:00,k-way26602614,sat type,,flydebro,
2026-09-24T16:24:40+02:00,k-way26602614,sat begrundelse,,"Lange bådbroer (198–369 m) i Frederikssund Lystbådehavn. Kun ca. 40 m mellem broerne, og det er en lystbådehavn.",
2026-09-24T16:24:58+02:00,k-way474621751,sat vurdering,,nej,
2026-09-24T16:24:58+02:00,k-way474621751,sat type,,flydebro,
2026-09-24T16:24:58+02:00,k-way474621751,sat begrundelse,,"Klubbens flydebro (11 m) ligger i Lindholm Å, som kun er ca. 15 m bred og har fortøjede både langs bredden. Smal å uden plads til at pumpe.",
2026-09-24T16:24:58+02:00,k-way484233292,sat vurdering,,nej,
2026-09-24T16:24:58+02:00,k-way484233292,sat type,,flydebro,
2026-09-24T16:24:58+02:00,k-way484233292,sat begrundelse,,"Flydebroen (49 m) ligger i Hvalpsund Lystbådehavn, som er tæt pakket med både. Uden for molen er der strøm i Hvalpsund.",
2026-09-24T16:24:58+02:00,k-way937857793,sat vurdering,,nej,
2026-09-24T16:24:58+02:00,k-way937857793,sat type,,flydebro,
2026-09-24T16:24:58+02:00,k-way937857793,sat begrundelse,,Den lille flydebro (16 m) ligger lige ved siden af færgelejet til Sundsøre i fiskerihavnen.,
2026-09-24T16:24:58+02:00,k-way96295558,sat vurdering,,nej,
2026-09-24T16:24:58+02:00,k-way96295558,sat type,,flydebro,
2026-09-24T16:24:58+02:00,k-way96295558,sat begrundelse,,"Flydebroen (55 m) ligger midt i Rønnerhavnen, en tæt pakket lystbådehavn med smalle sejlrender.",
2026-09-24T16:24:58+02:00,k-node11962922588,sat vurdering,,nej,
2026-09-24T16:24:58+02:00,k-node11962922588,sat type,,andet,
2026-09-24T16:24:58+02:00,k-node11962922588,sat begrundelse,,"OSM har kun et punkt ude i vandet ud for Hærup Strand. Luftfotoet viser ingen bro eller flåde, måske en badeflåde der kun ligger ude om sommeren. Åben kyst.",
2026-09-24T16:24:58+02:00,k-node12276908986,sat vurdering,,nej,
2026-09-24T16:24:58+02:00,k-node12276908986,sat type,,flydebro,
2026-09-24T16:24:58+02:00,k-node12276908986,sat begrundelse,,"Flydebroen (31 m) ligger i Frederik VII's Kanal øst for Løgstør, som kun er ca. 30 m bred. Smal kanal.",
2026-09-24T16:24:58+02:00,k-node12281576018,sat vurdering,,nej,
2026-09-24T16:24:58+02:00,k-node12281576018,sat type,,flydebro,
2026-09-24T16:24:58+02:00,k-node12281576018,sat begrundelse,,"Shelterpladsens flydebro (20 m) ligger i Ryå, som er ca. 15 m bred. Smal å med strøm.",
2026-09-24T16:24:58+02:00,k-node12293314650,sat vurdering,,nej,
2026-09-24T16:24:58+02:00,k-node12293314650,sat type,,bro,
2026-09-24T16:24:58+02:00,k-node12293314650,sat begrundelse,,Klubbens bro ligger i en smal rende ved Hals Jollehavn mellem kajer og både. Der er stærk strøm i Limfjordens munding udenfor.,
2026-09-24T16:24:58+02:00,k-node12514905539,sat vurdering,,nej,
2026-09-24T16:24:58+02:00,k-node12514905539,sat type,,flydebro,
2026-09-24T16:24:58+02:00,k-node12514905539,sat begrundelse,,Flydebroen (32 m) ligger i Ryå ved mejeriet. Åen er ca. 20 m bred og har strøm.,
2026-09-24T16:24:58+02:00,k-way1058301369,sat vurdering,,nej,
2026-09-24T16:24:58+02:00,k-way1058301369,sat type,,bro,
2026-09-24T16:24:58+02:00,k-way1058301369,sat begrundelse,,"En lille bro (4 m) i en tilgroet dam med siv i Lindholm. For lille, og der er ikke frit vand.",
2026-09-24T16:25:38+02:00,k-node7541158084,sat vurdering,,nej,
2026-09-24T16:25:38+02:00,k-node7541158084,sat type,,andet,
2026-09-24T16:25:38+02:00,k-node7541158084,sat begrundelse,,"OSM-punktet (Ærø Kajak og SUP) ligger på en gård inde i land, ca. 500 m fra kysten. Ingen bro eller vand.",
2026-09-24T16:25:38+02:00,k-way305135015,sat vurdering,,måske,
2026-09-24T16:25:38+02:00,k-way305135015,sat type,,bro,
2026-09-24T16:25:38+02:00,k-way305135015,sat koordinater,,"55.4206275, 10.3785092",
2026-09-24T16:25:38+02:00,k-way305135015,sat begrundelse,,"Odense Roklubs bro (38 m) langs Odense Kanal, som er ca. 85 m bred her med dybt, roligt vand. Men kanalen har skibstrafik til Odense Havn og mange roere; vinterbillede.",
2026-09-24T16:25:38+02:00,k-way332387626,sat vurdering,,lovende,
2026-09-24T16:25:38+02:00,k-way332387626,sat type,,ponton,
2026-09-24T16:25:38+02:00,k-way332387626,sat koordinater,,"55.4073287, 10.3777915",
2026-09-24T16:25:38+02:00,k-way332387626,sat begrundelse,,"Kano- og Kajakklubben Odin har ponton/bro ud i et stort, beskyttet bassin i Odense Inderhavn (ca. 75 m bredt og over 150 m langt) med mørkt, dybt vand og få både. Tæt på Odense Havnebad; tjek havnens regler for badning.",
2026-09-24T16:25:38+02:00,k-node11407341156,sat vurdering,,nej,
2026-09-24T16:25:38+02:00,k-node11407341156,sat type,,andet,
2026-09-24T16:25:38+02:00,k-node11407341156,sat begrundelse,,"OSM-punkt ""Kano"" ved en lille skovdam (ca. 80×50 m med en ø i midten) ved en grusgrav. Ingen bro, for lille.",
2026-09-24T16:25:38+02:00,k-node11407341163,sat vurdering,,nej,
2026-09-24T16:25:38+02:00,k-node11407341163,sat type,,andet,
2026-09-24T16:25:38+02:00,k-node11407341163,sat begrundelse,,"OSM-punkt ""Kano"" i skoven ved en lille bæk/dam. Ingen bro og intet åbent vand.",
2026-09-24T16:25:38+02:00,k-node11980680649,sat vurdering,,lovende,
2026-09-24T16:25:38+02:00,k-node11980680649,sat type,,badebro,
2026-09-24T16:25:38+02:00,k-node11980680649,sat koordinater,,"55.3341254, 10.5388641",
2026-09-24T16:25:38+02:00,k-node11980680649,sat begrundelse,,"Badested ved Davinde Sø (tidligere grusgrav) med to korte badebroer (15–16 m) ud til mørkt, dybt vand. Stor, rolig sø med masser af plads.",
2026-09-24T16:25:38+02:00,k-node12471718388,sat vurdering,,måske,
2026-09-24T16:25:38+02:00,k-node12471718388,sat type,,badebro,
2026-09-24T16:25:38+02:00,k-node12471718388,sat koordinater,,"55.0442398, 10.4012938",
2026-09-24T16:25:38+02:00,k-node12471718388,sat begrundelse,,"Badebro (36 m) ved Søren Bild Strand, men vandet ved broens ende er lavt med ålegræs og først dybere et stykke ude. Åben kyst.",
2026-09-24T16:25:38+02:00,k-node12640404383,sat vurdering,,nej,
2026-09-24T16:25:38+02:00,k-node12640404383,sat type,,strand,
2026-09-24T16:25:38+02:00,k-node12640404383,sat begrundelse,,Surf- og kitecenter (Surfer's Paradise) ved Drejby Strand på åben kyst med brænding. Ingen bro; kan evt. bruges til beachstart på rolige dage.,
2026-09-24T16:25:38+02:00,k-node13021246521,sat vurdering,,måske,
2026-09-24T16:25:38+02:00,k-node13021246521,sat type,,badebro,
2026-09-24T16:25:38+02:00,k-node13021246521,sat koordinater,,"54.9359671, 10.2422346",
2026-09-24T16:25:38+02:00,k-node13021246521,sat begrundelse,,"Badebro ved Vitsø nær Søby går ud over sandrevlen til dybere, mørkere vand. Åben kyst mod vest, så bølger ved vestenvind.",
2026-09-24T16:25:38+02:00,k-node13901216635,sat vurdering,,måske,
2026-09-24T16:25:38+02:00,k-node13901216635,sat type,,badebro,
2026-09-24T16:25:38+02:00,k-node13901216635,sat koordinater,,"55.4474227, 10.6680962",
2026-09-24T16:25:38+02:00,k-node13901216635,sat begrundelse,,"Badebro (61 m) på Kerteminde Sydstrand ud til dybere vand. Åben kyst mod Storebælt, så bølger ved østenvind. Kerteminde Havn (eksisterende spot) ligger 600 m mod nord.",
2026-09-24T16:25:41+02:00,k-node12330505495,sat vurdering,,nej,
2026-09-24T16:25:41+02:00,k-node12330505495,sat type,,flydebro,
2026-09-24T16:25:41+02:00,k-node12330505495,sat begrundelse,,"Kano- og Kajakbro Åparken: lille flydebro (16 m) på Kolding Å, som kun er ca. 30 m bred med fortøjede både. For smalt.",
2026-09-24T16:25:41+02:00,k-node12330604992,sat vurdering,,nej,
2026-09-24T16:25:41+02:00,k-node12330604992,sat type,,flydebro,
2026-09-24T16:25:41+02:00,k-node12330604992,sat begrundelse,,"Kano- og kajakbro ved Kolding Uddannelsescenter: lille flydebro (18 m) på Kolding Å midt i byen, ca. 15 m bred. For smalt.",
2026-09-24T16:25:41+02:00,k-node12330621913,sat vurdering,,nej,
2026-09-24T16:25:41+02:00,k-node12330621913,sat type,,flydebro,
2026-09-24T16:25:41+02:00,k-node12330621913,sat begrundelse,,"Kano- og kajakbro Legen: lille flydebro (14 m) på Kolding Å midt i byen, ca. 15 m bred. For smalt.",
2026-09-24T16:25:41+02:00,k-node12330665357,sat vurdering,,nej,
2026-09-24T16:25:41+02:00,k-node12330665357,sat type,,flydebro,
2026-09-24T16:25:41+02:00,k-node12330665357,sat begrundelse,,"Kano- og kajakbro I.P. Jensens Plads: lille flydebro (11 m) på Kolding Å midt i byen, ca. 10–15 m bred. For smalt.",
2026-09-24T16:25:41+02:00,k-node12330665369,sat vurdering,,nej,
2026-09-24T16:25:41+02:00,k-node12330665369,sat type,,flydebro,
2026-09-24T16:25:41+02:00,k-node12330665369,sat begrundelse,,"Kano- og kajakbro Duetten: lille flydebro (19 m) på Kolding Å midt i byen, ca. 10 m bred. For smalt.",
2026-09-24T16:25:41+02:00,k-node12511890045,sat vurdering,,nej,
2026-09-24T16:25:41+02:00,k-node12511890045,sat type,,flydebro,
2026-09-24T16:25:41+02:00,k-node12511890045,sat begrundelse,,"Vejen Kanocenter: lille kanobro (5 m) på Kongeåen, som kun er ca. 20 m bred og har strøm. Navnet 'Vejen Fodboldgolf' er fejl i OSM-navnet.",
2026-09-24T16:25:41+02:00,k-node12512348379,sat vurdering,,måske,
2026-09-24T16:25:41+02:00,k-node12512348379,sat type,,flydebro,
2026-09-24T16:25:41+02:00,k-node12512348379,sat koordinater,,"55.4801943, 8.4081457",
2026-09-24T16:25:41+02:00,k-node12512348379,sat begrundelse,,"Flydebro (85 m) og slæbested på indersiden af molen ved Esbjerg Strand/lystbådehavnen, med stort frit vand. Tæt på havneindsejlingen med bådtrafik, og Vadehavets tidevand.",
2026-09-24T16:25:41+02:00,k-node1299376874,sat vurdering,,nej,
2026-09-24T16:25:41+02:00,k-node1299376874,sat type,,flydebro,
2026-09-24T16:25:41+02:00,k-node1299376874,sat begrundelse,,"Kolding Kajak Klub: flydebroer (12 og 18 m) på den kanaliserede Kolding Å, ca. 20 m bred med både. For smalt.",
2026-09-24T16:25:41+02:00,k-node1342048585,sat vurdering,,nej,
2026-09-24T16:25:41+02:00,k-node1342048585,sat type,,slæbested,
2026-09-24T16:25:41+02:00,k-node1342048585,sat begrundelse,,Kajakgaarden og Kolding Sejlklub ligger på land i Kolding Marina Nord ved erhvervshavnen. Slæbestedet går ud i en tæt pakket lystbådehavn.,
2026-09-24T16:25:41+02:00,k-node8452973341,sat vurdering,,nej,
2026-09-24T16:25:41+02:00,k-node8452973341,sat type,,bro,
2026-09-24T16:25:41+02:00,k-node8452973341,sat begrundelse,,"Varde Roklub, Sejlklub og SUP-klub ved Varde Å, som kun er ca. 25–30 m bred med fortøjede både. For smalt, og åen har strøm.",
2026-09-24T16:25:41+02:00,k-node9999634113,sat vurdering,,nej,
2026-09-24T16:25:41+02:00,k-node9999634113,sat type,,flydebro,
2026-09-24T16:25:41+02:00,k-node9999634113,sat begrundelse,,"Ravning kano- og opholdsbro: flydebro (29 m) på Vejle Å, som kun er ca. 10–15 m bred. For smalt.",
2026-09-24T16:25:41+02:00,k-way105997673,sat vurdering,,måske,
2026-09-24T16:25:41+02:00,k-way105997673,sat type,,bro,
2026-09-24T16:25:41+02:00,k-way105997673,sat koordinater,,"55.5173899, 9.6992225",
2026-09-24T16:25:41+02:00,k-way105997673,sat begrundelse,,"Roklubben Lillebælt og vinterbadet Søbadet ved Snoghøj: kort bro (15 m) fra stranden ud i Lillebælt med mørkt, dybt vand. Kraftig strøm i Lillebælt og åben kyst.",
2026-09-24T16:25:41+02:00,k-way228642013,sat vurdering,,måske,
2026-09-24T16:25:41+02:00,k-way228642013,sat type,,flydebro,
2026-09-24T16:25:41+02:00,k-way228642013,sat koordinater,,"55.2476808, 9.4843924",
2026-09-24T16:25:41+02:00,k-way228642013,sat begrundelse,,"Haderslev Roklub: flydebro (57 m) ud i Haderslev Dam, som er stor nok. Vandoverfladen er dækket af grønt (planter/alger) på luftfotoet; søen er kendt for næringsrigt vand.",
2026-09-24T16:25:41+02:00,k-way517395048,sat vurdering,,nej,
2026-09-24T16:25:41+02:00,k-way517395048,sat type,,flydebro,
2026-09-24T16:25:41+02:00,k-way517395048,sat begrundelse,,Flydebroer (79 og 80 m) i et bassin i Esbjerg erhvervshavn med fortøjede fiske-/arbejdsskibe. Industri og skibstrafik.,
2026-09-24T16:25:41+02:00,k-way56053405,sat vurdering,,nej,
2026-09-24T16:25:41+02:00,k-way56053405,sat type,,flydebro,
2026-09-24T16:25:41+02:00,k-way56053405,sat begrundelse,,Bro D i Årøsund Havn: tæt pakket lystbådehavn med både på begge sider. Ingen plads til at pumpe.,
2026-09-24T16:25:41+02:00,k-way911522136,sat vurdering,,lovende,
2026-09-24T16:25:41+02:00,k-way911522136,sat type,,flydebro,
2026-09-24T16:25:41+02:00,k-way911522136,sat koordinater,,"55.0437407, 9.7034955",
2026-09-24T16:25:41+02:00,k-way911522136,sat begrundelse,,"Dyvig Bro: flydebro (32 m) for enden af en lang bro (123 m) ud i Dyvig, en meget beskyttet vig på Nordals med mørkt, dybt vand og få både. Tjek havnens regler.",
2026-09-24T16:25:41+02:00,k-node11442956728,sat vurdering,,nej,
2026-09-24T16:25:41+02:00,k-node11442956728,sat type,,flydebro,
2026-09-24T16:25:41+02:00,k-node11442956728,sat begrundelse,,"Janderup Ladeplads: lille flydebro (17 m) i nedre Varde Å, ca. 45–50 m bred med brunt vand, strøm og tidevand fra Ho Bugt.",
2026-09-24T16:25:41+02:00,k-node12511864403,sat vurdering,,nej,
2026-09-24T16:25:41+02:00,k-node12511864403,sat type,,flydebro,
2026-09-24T16:25:41+02:00,k-node12511864403,sat begrundelse,,"Foldingbro: meget lille flydebro (4 m) på Kongeåen, ca. 15 m bred. For smalt.",
2026-09-24T16:25:41+02:00,k-node12512348359,sat vurdering,,måske,
2026-09-24T16:25:41+02:00,k-node12512348359,sat type,,flydebro,
2026-09-24T16:25:41+02:00,k-node12512348359,sat koordinater,,"55.4846565, 8.4151957",
2026-09-24T16:25:41+02:00,k-node12512348359,sat begrundelse,,"Landgang 1: lang flydebro (159 m) i det nye bassin ved Esbjerg Strand (samme sted som Aqtiv), ca. 60 m bredt. Luftfotoet viser byggeplads; tjek adgang, dybde og tidevand.",
2026-09-24T16:25:41+02:00,k-node12514331445,sat vurdering,,nej,
2026-09-24T16:25:41+02:00,k-node12514331445,sat type,,flydebro,
2026-09-24T16:25:41+02:00,k-node12514331445,sat begrundelse,,"'Hygge Lake' er en lille flydebro (14 m) på en smal, snoet å (ca. 15 m) ved Fole, ikke en sø. For smalt.",
2026-09-24T16:25:54+02:00,k-node13977696721,sat vurdering,,måske,
2026-09-24T16:25:54+02:00,k-node13977696721,sat type,,badebro,
2026-09-24T16:25:54+02:00,k-node13977696721,sat koordinater,,"55.2475500, 12.3615671",
2026-09-24T16:25:54+02:00,k-node13977696721,sat begrundelse,,"Badested Revgaard ved Rødvig med badebro (OSM: 20 m), som ikke ses på luftfotoet (måske sæsonbro). Åben kyst mod Østersøen med brændinger og lavt sandbund.",
2026-09-24T16:25:54+02:00,k-node3404449302,sat vurdering,,måske,
2026-09-24T16:25:54+02:00,k-node3404449302,sat type,,badebro,
2026-09-24T16:25:54+02:00,k-node3404449302,sat koordinater,,"55.5870773, 12.6763123",
2026-09-24T16:25:54+02:00,k-node3404449302,sat begrundelse,,"Dragør Søbad: stor badeanstalt på en lang bro (ca. 100 m ud) med flere platforme. Vandet omkring anlægget er lyst og lavt (sandbund), det er åbent Øresund, og badeanstalten har entré og åbningstider.",
2026-09-24T16:25:54+02:00,k-way105399672,sat vurdering,,nej,
2026-09-24T16:25:54+02:00,k-way105399672,sat type,,slæbested,
2026-09-24T16:25:54+02:00,k-way105399672,sat begrundelse,,"Roklubben Stevns har kun et slæbested ind i den travle Rødvig Havn. Ingen bro, og uden for molen er der åben strand med bølger.",
2026-09-24T16:25:54+02:00,k-way1311122584,sat vurdering,,måske,
2026-09-24T16:25:54+02:00,k-way1311122584,sat type,,bro,
2026-09-24T16:25:54+02:00,k-way1311122584,sat koordinater,,"55.2101708, 11.1985524",
2026-09-24T16:25:54+02:00,k-way1311122584,sat begrundelse,,"Badested på den sydlige mole ved Agersø Havn uden egentlig badebro. Øst for molen er der dybt, mørkt vand i Agersø Sund (strøm og færgetrafik), mod syd er det lavt.",
2026-09-24T16:25:54+02:00,k-way179246438,sat vurdering,,nej,
2026-09-24T16:25:54+02:00,k-way179246438,sat type,,slæbested,
2026-09-24T16:25:54+02:00,k-way179246438,sat begrundelse,,"Kanocamping ved Suså, som kun er ca. 10 m bred. Alt for smal.",
2026-09-24T16:25:54+02:00,k-way219057212,sat vurdering,,lovende,
2026-09-24T16:25:54+02:00,k-way219057212,sat type,,bro,
2026-09-24T16:25:54+02:00,k-way219057212,sat koordinater,,"55.4813206, 11.7548035",
2026-09-24T16:25:54+02:00,k-way219057212,sat begrundelse,,Ringsted Roklub med bro (26 m) ud i sydenden af Haraldsted Sø. Stor sø med masser af plads. Det turkisgrønne vand på luftfotoet kan være alger – tjek vandkvaliteten.,
2026-09-24T16:25:54+02:00,k-way265773319,sat vurdering,,måske,
2026-09-24T16:25:54+02:00,k-way265773319,sat type,,bro,
2026-09-24T16:25:54+02:00,k-way265773319,sat koordinater,,"54.8297020, 11.1309378",
2026-09-24T16:25:54+02:00,k-way265773319,sat begrundelse,,"Nakskov Roklub ved inderhavnen i Nakskov med kort bro ud til et dybt, mørkt havnebassin (ca. 150 m bredt). Bådtrafik og industri på den anden side – tjek havnens regler.",
2026-09-24T16:25:54+02:00,k-node12163062186,sat vurdering,,måske,
2026-09-24T16:25:54+02:00,k-node12163062186,sat type,,badebro,
2026-09-24T16:25:54+02:00,k-node12163062186,sat koordinater,,"54.5839534, 11.9212605",
2026-09-24T16:25:54+02:00,k-node12163062186,sat begrundelse,,"Badebro (46 m) ved Gedser Nord på vestkysten af Gedser. Vandet ser nogenlunde dybt ud ved broens ende, men det er åben kyst med bølger ved vestenvind.",
2026-09-24T16:25:54+02:00,k-node12912727953,sat vurdering,,nej,
2026-09-24T16:25:54+02:00,k-node12912727953,sat type,,andet,
2026-09-24T16:25:54+02:00,k-node12912727953,sat begrundelse,,"Kanoudlejning på en gård ved Suså. Ingen bro på stedet, og åen er smal.",
2026-09-24T16:25:54+02:00,k-node1331261279,sat vurdering,,lovende,
2026-09-24T16:25:54+02:00,k-node1331261279,sat type,,badebro,
2026-09-24T16:25:54+02:00,k-node1331261279,sat koordinater,,"55.4415449, 11.5487282",
2026-09-24T16:25:54+02:00,k-node1331261279,sat begrundelse,,"Skjolden badestrand i Sorø med U-formet badebro (67 m) langs bredden. Stor, rolig sø med mørkt, dybt vand. Luftfotoet er fra forår (bladløse træer).",
2026-09-24T16:25:55+02:00,k-way288573536,sat vurdering,,nej,
2026-09-24T16:25:55+02:00,k-way288573536,sat type,,flydebro,
2026-09-24T16:25:55+02:00,k-way288573536,sat begrundelse,,Københavns Roklubs flydebroer (32–38 m) for enden af en smal havnekanal. Både fortøjet langs kajen og kun ca. 30 m fri vand.,
2026-09-24T16:25:55+02:00,k-way293913530,sat vurdering,,nej,
2026-09-24T16:25:55+02:00,k-way293913530,sat type,,flydebro,
2026-09-24T16:25:55+02:00,k-way293913530,sat begrundelse,,Flydebro (37 m) inde i Rungsted Havn tæt ved indløbet. Lystbådehavn med kun ca. 50×30 m fri vand og trafik.,
2026-09-24T16:25:55+02:00,k-way316892368,sat vurdering,,lovende,
2026-09-24T16:25:55+02:00,k-way316892368,sat type,,flydebro,
2026-09-24T16:25:55+02:00,k-way316892368,sat koordinater,,"55.6533604, 11.9374693",
2026-09-24T16:25:55+02:00,k-way316892368,sat begrundelse,,"Lindenborg Roklubs flydebro (41 m) ud i Roskilde Fjord. Mørkt, dybt vand tæt ved bredden og masser af plads. Fjorden kan være blæsende, og der er klubadgang.",
2026-09-24T16:25:55+02:00,k-way323738265,sat vurdering,,måske,
2026-09-24T16:25:55+02:00,k-way323738265,sat type,,flydebro,
2026-09-24T16:25:55+02:00,k-way323738265,sat koordinater,,"55.7215157, 11.7144531",
2026-09-24T16:25:55+02:00,k-way323738265,sat begrundelse,,"Flydebroer (31 og 89 m) med fortøjede både i Holbæk Havn. Der er et stort, mørkt og åbent bassin lige ved siden af, men det er en havn med trafik og havnens regler.",
2026-09-24T16:25:55+02:00,k-way581316394,sat vurdering,,måske,
2026-09-24T16:25:55+02:00,k-way581316394,sat type,,badebro,
2026-09-24T16:25:55+02:00,k-way581316394,sat koordinater,,"55.7638752, 12.6022740",
2026-09-24T16:25:55+02:00,k-way581316394,sat begrundelse,,"Havbadet i Skovshoved: broer (42–57 m) og kajakpolobaner i en lagune bag en bølgebryder (ca. 80×50 m). Lyst, turkis vand tyder på lav dybde.",
2026-09-24T16:25:55+02:00,k-way599518296,sat vurdering,,måske,
2026-09-24T16:25:55+02:00,k-way599518296,sat type,,flydebro,
2026-09-24T16:25:55+02:00,k-way599518296,sat koordinater,,"55.8280536, 12.0586672",
2026-09-24T16:25:55+02:00,k-way599518296,sat begrundelse,,Flydebroer (17 og 30 m) i et delvist beskyttet bassin (ca. 130 m) ved Frederikssund Lystbådehavn. Mellemmørkt vand; der er bådtrafik fra havnen.,
2026-09-24T16:25:55+02:00,k-way609381864,sat vurdering,,måske,
2026-09-24T16:25:55+02:00,k-way609381864,sat type,,flydebro,
2026-09-24T16:25:55+02:00,k-way609381864,sat koordinater,,"55.6428459, 12.5415092",
2026-09-24T16:25:55+02:00,k-way609381864,sat begrundelse,,Flydebro (50 m) ved slæbestedet i en bådklub ud til et mørkt og roligt bassin i Sydhavnen (over 100 m). Der ligger bådbroer med både ved siden af.,
2026-09-24T16:25:55+02:00,k-way969851234,sat vurdering,,nej,
2026-09-24T16:25:55+02:00,k-way969851234,sat type,,flydebro,
2026-09-24T16:25:55+02:00,k-way969851234,sat begrundelse,,Kort flydebro (15 m) i Christianshavns Kanal. Kanalen er kun ca. 30 m bred med fortøjede både og kanalrundfarter.,
2026-09-24T16:25:55+02:00,k-node13919407495,sat vurdering,,måske,
2026-09-24T16:25:55+02:00,k-node13919407495,sat type,,badebro,
2026-09-24T16:25:55+02:00,k-node13919407495,sat koordinater,,"55.9913920, 12.5619628",
2026-09-24T16:25:55+02:00,k-node13919407495,sat begrundelse,,"Badebro (ca. 73 m) ved Espergærde Strand ud i Øresund. Åben kyst med lyst, sandet og lavt vand.",
2026-09-24T16:25:55+02:00,k-node13960667479,sat vurdering,,nej,
2026-09-24T16:25:55+02:00,k-node13960667479,sat type,,bro,
2026-09-24T16:25:55+02:00,k-node13960667479,sat begrundelse,,"Kajakklubbens hus ligger ved Helsingør Nordhavn, hvor bådbroerne (26–77 m) er tæt pakket med både. Ingen fri plads.",
2026-09-24T16:26:23+02:00,k-way1072935759,sat vurdering,,nej,
2026-09-24T16:26:23+02:00,k-way1072935759,sat type,,flydebro,
2026-09-24T16:26:23+02:00,k-way1072935759,sat begrundelse,,Flydebroen (50 m) ligger i Skagens fiskerihavn mellem fiskefartøjer og pakhuse. Erhvervshavn.,
2026-09-24T16:26:23+02:00,k-way1195530792,sat vurdering,,måske,
2026-09-24T16:26:23+02:00,k-way1195530792,sat type,,flydebro,
2026-09-24T16:26:23+02:00,k-way1195530792,sat koordinater,,"56.9515323, 8.7117543",
2026-09-24T16:26:23+02:00,k-way1195530792,sat begrundelse,,"Bro (ca. 50 m) med flydebro (18 m) for enden ud i Thisted Bredning ved campingpladsen øst for Thisted. Vandet er mørkt, men plettet med ålegræs, og der er åbent mod syd.",
2026-09-24T16:26:23+02:00,k-way1237231511,sat vurdering,,måske,
2026-09-24T16:26:23+02:00,k-way1237231511,sat type,,ponton,
2026-09-24T16:26:23+02:00,k-way1237231511,sat koordinater,,"56.5536431, 8.3076190",
2026-09-24T16:26:23+02:00,k-way1237231511,sat begrundelse,,"Flydebroen (36 m) ligger som en løs ponton ca. 40 m fra land i Lemvig Vig, som har mørkt vand og læ. Vidensscenens 84 m bro ligger ved siden af. Det er uklart, om pontonen kan nås fra land.",
2026-09-24T16:26:23+02:00,k-way1338115365,sat vurdering,,nej,
2026-09-24T16:26:23+02:00,k-way1338115365,sat type,,flydebro,
2026-09-24T16:26:23+02:00,k-way1338115365,sat begrundelse,,Flydebroen (38 m) ligger ved en flydedok med et skib i Thyborøns erhvervshavn. Industri.,
2026-09-24T16:26:23+02:00,k-way230392350,sat vurdering,,nej,
2026-09-24T16:26:23+02:00,k-way230392350,sat type,,flydebro,
2026-09-24T16:26:23+02:00,k-way230392350,sat begrundelse,,Flydebroen (98 m) ligger i Hirtshals' fiskeri- og erhvervshavn mellem kajer og værfter.,
2026-09-24T16:26:23+02:00,k-way343785851,sat vurdering,,nej,
2026-09-24T16:26:23+02:00,k-way343785851,sat type,,flydebro,
2026-09-24T16:26:23+02:00,k-way343785851,sat begrundelse,,Flydebroerne (100 og 103 m) ligger i Skagen Havns ydre bassin mellem pakhuse og molen. Erhvervshavn med trafik.,
2026-09-24T16:26:23+02:00,k-way736298832,sat vurdering,,måske,
2026-09-24T16:26:23+02:00,k-way736298832,sat type,,flydebro,
2026-09-24T16:26:23+02:00,k-way736298832,sat koordinater,,"57.0538950, 9.9850813",
2026-09-24T16:26:23+02:00,k-way736298832,sat begrundelse,,"Flydebro (40 m ifølge OSM) i en stor kridtsø med turkis vand ved Rørdal, men broen kan ikke ses på luftfotoet. Søen ligger ved jernbanen og Aalborg Portland, så adgang og regler er uklare.",
2026-09-24T16:26:23+02:00,k-way828534448,sat vurdering,,nej,
2026-09-24T16:26:23+02:00,k-way828534448,sat type,,flydebro,
2026-09-24T16:26:23+02:00,k-way828534448,sat begrundelse,,Flydebroerne (38–73 m) ligger i Frederikshavns erhvervs- og færgehavn med redningsfartøjer og kajer.,
2026-09-24T16:26:23+02:00,k-way942147015,sat vurdering,,lovende,
2026-09-24T16:26:23+02:00,k-way942147015,sat type,,flydebro,
2026-09-24T16:26:23+02:00,k-way942147015,sat koordinater,,"56.9501968, 8.7208883",
2026-09-24T16:26:23+02:00,k-way942147015,sat begrundelse,,"Flydebro (37 m) med ponton langs stranden i et badebassin inden for buede stenmoler øst for Thisted. Bassinet har ca. 150×150 m mørkt, dybt vand i læ.",
2026-09-24T16:26:23+02:00,k-way96295593,sat vurdering,,nej,
2026-09-24T16:26:23+02:00,k-way96295593,sat type,,flydebro,
2026-09-24T16:26:23+02:00,k-way96295593,sat begrundelse,,"Flydebroerne (29–75 m) ligger i Rønnerhavnen, en tæt pakket lystbådehavn.",
2026-09-24T16:27:03+02:00,k-node14026329479,sat vurdering,nej,måske,
2026-09-24T16:27:03+02:00,k-node14026329479,sat koordinater,,"55.6110835, 10.6274176",
2026-09-24T16:27:03+02:00,k-node14026329479,sat begrundelse,Kort badebro (18 m) ved Fynshoved Camping på åben kyst mod Kattegat med brænding; vandet ved broens ende er lavt. Korshavn (eksisterende spot) ligger tæt ved.,Kort badebro (18 m) ved Fynshoved Camping på åben kyst mod Kattegat med brænding på billedet; vandet ved broens ende er lavt. Korshavn (eksisterende spot) ligger tæt ved.,
2026-09-24T16:27:03+02:00,k-node13901216635,sat vurdering,måske,lovende,
2026-09-24T16:27:03+02:00,k-node13901216635,sat begrundelse,"Badebro (61 m) på Kerteminde Sydstrand ud til dybere vand. Åben kyst mod Storebælt, så bølger ved østenvind. Kerteminde Havn (eksisterende spot) ligger 600 m mod nord.","Badebro (61 m) på Kerteminde Sydstrand ud til dybere, mørkt vand. Åben kyst mod Storebælt, men i læ ved vestenvind. Kerteminde Havn (eksisterende spot) ligger 600 m mod nord.",
2026-09-24T16:27:03+02:00,k-node13901216636,sat vurdering,,måske,
2026-09-24T16:27:03+02:00,k-node13901216636,sat type,,badebro,
2026-09-24T16:27:03+02:00,k-node13901216636,sat koordinater,,"55.4563552, 10.6661325",
2026-09-24T16:27:03+02:00,k-node13901216636,sat begrundelse,,"Kort badebro (24 m) i sydenden af Kerteminde Nordstrand; ses ikke på luftfotoet (nok sæsonbro). Vandet ved broens ende er lavt (lyst sand), åben kyst.",
2026-09-24T16:27:03+02:00,k-node13918172648,sat vurdering,,måske,
2026-09-24T16:27:03+02:00,k-node13918172648,sat type,,badebro,
2026-09-24T16:27:03+02:00,k-node13918172648,sat koordinater,,"54.8965342, 10.4000471",
2026-09-24T16:27:03+02:00,k-node13918172648,sat begrundelse,,Badebro (31 m) ved Vestre Strand i Ærøskøbing; vandet ved broens ende er mellemdybt og bliver mørkere længere ude. Åben kyst mod nordvest.,
2026-09-24T16:27:03+02:00,k-node13918173173,sat vurdering,,måske,
2026-09-24T16:27:03+02:00,k-node13918173173,sat type,,badebro,
2026-09-24T16:27:03+02:00,k-node13918173173,sat koordinater,,"55.4601917, 10.6685831",
2026-09-24T16:27:03+02:00,k-node13918173173,sat begrundelse,,"Kort badebro (23 m) ved Kerteminde Nordstrand; ses ikke på luftfotoet (nok sæsonbro). Lavt, lyst vand ved broens ende, åben kyst mod Kerteminde Bugt.",
2026-09-24T16:27:03+02:00,k-node13918173365,sat vurdering,,måske,
2026-09-24T16:27:03+02:00,k-node13918173365,sat type,,badebro,
2026-09-24T16:27:03+02:00,k-node13918173365,sat koordinater,,"54.8435034, 10.5202297",
2026-09-24T16:27:03+02:00,k-node13918173365,sat begrundelse,,"Badebro (26 m) ved Eriks Hale syd for Marstal, ud i lavt vand med ålegræs. Åben kyst mod syd (Østersøen).",
2026-09-24T16:27:03+02:00,k-node13918190150,sat vurdering,,måske,
2026-09-24T16:27:03+02:00,k-node13918190150,sat type,,badebro,
2026-09-24T16:27:03+02:00,k-node13918190150,sat koordinater,,"54.8022022, 10.6540125",
2026-09-24T16:27:03+02:00,k-node13918190150,sat begrundelse,,Badebro (ca. 40–49 m) ved Hesselbjerg Strand på Langelands sydvestkyst; ender i mellemdybt vand ved en mørk plet (ålegræs/sten). Åben kyst mod sydvest.,
2026-09-24T16:27:03+02:00,k-node13918190208,sat vurdering,,måske,
2026-09-24T16:27:03+02:00,k-node13918190208,sat type,,badebro,
2026-09-24T16:27:03+02:00,k-node13918190208,sat koordinater,,"54.9413840, 10.2633201",
2026-09-24T16:27:03+02:00,k-node13918190208,sat begrundelse,,"Kort badebro (20 m) ved Søby Strand lige øst for Søby Havns mole; ender i mellemdybt vand, mørkere længere ude. Åben mod nord, lidt læ af molen mod vest.",
2026-09-24T16:27:03+02:00,k-node13918206894,sat vurdering,,måske,
2026-09-24T16:27:03+02:00,k-node13918206894,sat type,,badebro,
2026-09-24T16:27:03+02:00,k-node13918206894,sat koordinater,,"55.0354893, 10.8467639",
2026-09-24T16:27:03+02:00,k-node13918206894,sat begrundelse,,Badebro (39 m) ved Emmerbølle Strand på Langelands vestkyst; ses ikke på luftfotoet (sæsonbro). Ender i vand med ålegræs; åben kyst mod vest.,
2026-09-24T16:27:03+02:00,k-node13919461488,sat vurdering,,måske,
2026-09-24T16:27:03+02:00,k-node13919461488,sat type,,badebro,
2026-09-24T16:27:03+02:00,k-node13919461488,sat koordinater,,"55.1393878, 10.9031325",
2026-09-24T16:27:03+02:00,k-node13919461488,sat begrundelse,,Badebro (31 m) ved Lohals Strand; ses ikke på luftfotoet (sæsonbro). Lavt vand med ålegræs ved broens ende; åben kyst mod nordvest.,
2026-09-24T16:27:03+02:00,k-node13919527991,sat vurdering,,lovende,
2026-09-24T16:27:03+02:00,k-node13919527991,sat type,,badebro,
2026-09-24T16:27:03+02:00,k-node13919527991,sat koordinater,,"55.3142290, 10.8162123",
2026-09-24T16:27:03+02:00,k-node13919527991,sat begrundelse,,"Storebæltsbadet i Nyborg: lang badebro (ca. 50 m, 106 m i OSM) med platform ud til dybere, mørkt vand; endnu en bro lige nord for. Åben kyst mod Storebælt, men i læ ved vestenvind. Nyborg Roklub (eksisterende spot) ligger i nærheden.",
2026-09-24T16:27:03+02:00,k-node13919540963,sat vurdering,,lovende,
2026-09-24T16:27:03+02:00,k-node13919540963,sat type,,badebro,
2026-09-24T16:27:03+02:00,k-node13919540963,sat koordinater,,"55.1410404, 10.7858152",
2026-09-24T16:27:03+02:00,k-node13919540963,sat begrundelse,,"Badebro (47 m) med T-ende ved Lundeborg Strand nord for havnen, ud til mellemdybt til dybt vand. Åben kyst mod Storebælt, men i læ ved vestenvind.",
2026-09-24T16:27:31+02:00,k-node13989643349,sat vurdering,,lovende,
2026-09-24T16:27:31+02:00,k-node13989643349,sat type,,bro,
2026-09-24T16:27:31+02:00,k-node13989643349,sat koordinater,,"55.9778341, 12.3787002",
2026-09-24T16:27:31+02:00,k-node13989643349,sat begrundelse,,"Badested ved Fredensborg Havn, hvor havnemolen (309 m) går ud i Esrum Sø. Mørkt, dybt søvand med stor plads på ydersiden af molen. Molens højde kan ikke ses, og det ligger tæt ved Fredensborg Roklub.",
2026-09-24T16:27:31+02:00,k-way1075993241,sat vurdering,,nej,
2026-09-24T16:27:31+02:00,k-way1075993241,sat type,,flydebro,
2026-09-24T16:27:31+02:00,k-way1075993241,sat begrundelse,,Bådbroer nr. 8 (205–301 m) i lystbådehavnen i Nordhavn. Tæt pakket med både.,
2026-09-24T16:27:31+02:00,k-way1097263540,sat vurdering,,nej,
2026-09-24T16:27:31+02:00,k-way1097263540,sat type,,flydebro,
2026-09-24T16:27:31+02:00,k-way1097263540,sat begrundelse,,Seks korte bådbroer (49 m) og en længere (105 m) i Tuborg Havn. Tæt pakket lystbådehavn.,
2026-09-24T16:27:31+02:00,k-way1165464290,sat vurdering,,nej,
2026-09-24T16:27:31+02:00,k-way1165464290,sat type,,flydebro,
2026-09-24T16:27:31+02:00,k-way1165464290,sat begrundelse,,"Flydebro (72 m) ved broen over slusen i Sydhavnen. Vandet hvirvler på luftfotoet (strøm gennem slusen), og al bådtrafik til Kalveboderne passerer her.",
2026-09-24T16:27:31+02:00,k-way119185655,sat vurdering,,måske,
2026-09-24T16:27:31+02:00,k-way119185655,sat type,,flydebro,
2026-09-24T16:27:31+02:00,k-way119185655,sat koordinater,,"55.6479816, 12.6492958",
2026-09-24T16:27:31+02:00,k-way119185655,sat begrundelse,,"Flydende bygning/ponton (64 m) i indløbet mellem to moler ved Amager Strandpark. Mørkt vand, ca. 100 m bredt, men det er uklart, hvad pontonen bruges til og om der er adgang, og der er trafik i indløbet.",
2026-09-24T16:27:31+02:00,k-way1206236496,sat vurdering,,måske,
2026-09-24T16:27:31+02:00,k-way1206236496,sat type,,flydebro,
2026-09-24T16:27:31+02:00,k-way1206236496,sat koordinater,,"55.6389366, 12.5497229",
2026-09-24T16:27:31+02:00,k-way1206236496,sat begrundelse,,"Kort flydebro (15 m) langs diget ved jernbanebroen over Kalveboderne. Meget stort, mørkt vand, men det er uklart, hvad broen bruges til, og der er gennemsejling under jernbanebroen.",
2026-09-24T16:27:31+02:00,k-way124699770,sat vurdering,,måske,
2026-09-24T16:27:31+02:00,k-way124699770,sat type,,flydebro,
2026-09-24T16:27:31+02:00,k-way124699770,sat koordinater,,"55.6809799, 12.4735204",
2026-09-24T16:27:31+02:00,k-way124699770,sat begrundelse,,"Flydebro (29 m) i nordenden af Damhussøen, en stor sø med mørkt vand. Nærbilledet mangler delvist (gråt felt), og det er uklart, om man må bade eller sejle i søen.",
2026-09-24T16:27:31+02:00,k-way1289572191,sat vurdering,,måske,
2026-09-24T16:27:31+02:00,k-way1289572191,sat type,,flydebro,
2026-09-24T16:27:31+02:00,k-way1289572191,sat koordinater,,"55.6443022, 12.5549229",
2026-09-24T16:27:31+02:00,k-way1289572191,sat begrundelse,,"Flydebro (30 m) på Amager-siden over for Sluseholmen ud til et mørkt og roligt havnebassin (over 150 m). Det er uklart, hvem broen tilhører, og om der er adgang.",
2026-09-24T16:27:31+02:00,k-way1307272035,sat vurdering,,nej,
2026-09-24T16:27:31+02:00,k-way1307272035,sat type,,flydebro,
2026-09-24T16:27:31+02:00,k-way1307272035,sat begrundelse,,"Bådbroer (8–147 m) i lystbådehavnen ved Avedøre Holme. Tæt pakket med både, kun ca. 40 m bredt løb.",
2026-09-24T16:27:31+02:00,k-way1307295239,sat vurdering,,måske,
2026-09-24T16:27:31+02:00,k-way1307295239,sat type,,flydebro,
2026-09-24T16:27:31+02:00,k-way1307295239,sat koordinater,,"55.6781499, 12.5929080",
2026-09-24T16:27:31+02:00,k-way1307295239,sat begrundelse,,"Flydende ponton (47 m) på Christianshavn-siden af Inderhavnen ved Inderhavnsbroen. Bredt og dybt vand, men meget trafik af havnebusser og turbåde; formålet er uklart.",
2026-09-24T16:27:57+02:00,k-node13013586513,sat vurdering,,måske,
2026-09-24T16:27:57+02:00,k-node13013586513,sat type,,bro,
2026-09-24T16:27:57+02:00,k-node13013586513,sat koordinater,,"56.5670714, 8.2975920",
2026-09-24T16:27:57+02:00,k-node13013586513,sat begrundelse,,"Sejlklubben (SUP og windsurf) har en kort bro ved Vinkelhage Strand. Vandet er lyst og lavt, og lystbådehavnens bassin mod syd har spredte fortøjede både. Lemvig Roklub (eksisterende spot) ligger ca. 450 m sydligere.",
2026-09-24T16:27:57+02:00,k-node13907701456,sat vurdering,,lovende,
2026-09-24T16:27:57+02:00,k-node13907701456,sat type,,badebro,
2026-09-24T16:27:57+02:00,k-node13907701456,sat koordinater,,"56.9883324, 9.6323876",
2026-09-24T16:27:57+02:00,k-node13907701456,sat begrundelse,,"Fjordbadet i Nibe er en firkantet badebro ved molen inde i lystbådehavnen. Der er ca. 200×50 m mørkt, beskyttet vand mellem molen og bådebroerne. Offentligt havnebad, men der er bådtrafik ved indsejlingen.",
2026-09-24T16:27:57+02:00,k-node13986728755,sat vurdering,,nej,
2026-09-24T16:27:57+02:00,k-node13986728755,sat type,,bro,
2026-09-24T16:27:57+02:00,k-node13986728755,sat begrundelse,,"Der er kun en lille bro (11 m) ved Staun Havn, og den går ud på lave vader. Vandet er lavt langt ud.",
2026-09-24T16:27:57+02:00,k-node3232296694,sat vurdering,,måske,
2026-09-24T16:27:57+02:00,k-node3232296694,sat type,,bro,
2026-09-24T16:27:57+02:00,k-node3232296694,sat koordinater,,"56.7054830, 9.2029177",
2026-09-24T16:27:57+02:00,k-node3232296694,sat begrundelse,,"Roklubben har bro og slæbested i Hvalpsund Havn. Det nordlige bassin har noget frit mørkt vand (ca. 80×70 m), men der er lystbådetrafik, og der er strøm i sundet udenfor.",
2026-09-24T16:27:57+02:00,k-node4457100947,sat vurdering,,nej,
2026-09-24T16:27:57+02:00,k-node4457100947,sat type,,bro,
2026-09-24T16:27:57+02:00,k-node4457100947,sat begrundelse,,"Kanoudlejningens bro (19 m) ligger ved Uggerby Å, som kun er få meter bred.",
2026-09-24T16:27:57+02:00,k-node12182629241,sat vurdering,,nej,
2026-09-24T16:27:57+02:00,k-node12182629241,sat type,,badebro,
2026-09-24T16:27:57+02:00,k-node12182629241,sat begrundelse,,"Vinterbadernes lille bro går ud i lystbådehavnens nordligste bassin, som kun er ca. 40 m bredt mellem kajen og en 145 m bådebro fuld af både. Skive Roklub (eksisterende spot, 'Virker ikke') ligger tæt på.",
2026-09-24T16:27:57+02:00,k-node12284864905,sat vurdering,,måske,
2026-09-24T16:27:57+02:00,k-node12284864905,sat type,,bro,
2026-09-24T16:27:57+02:00,k-node12284864905,sat koordinater,,"56.9809758, 9.6271848",
2026-09-24T16:27:57+02:00,k-node12284864905,sat begrundelse,,"Roklubbens bro (55 m ifølge OSM) går ud i Nibe Bredning, som er lav og plettet med ålegræs. Vinterbillede, så dybden er uklar.",
2026-09-24T16:27:57+02:00,k-node12323070958,sat vurdering,,lovende,
2026-09-24T16:27:57+02:00,k-node12323070958,sat type,,bro,
2026-09-24T16:27:57+02:00,k-node12323070958,sat koordinater,,"56.6382926, 9.8134974",
2026-09-24T16:27:57+02:00,k-node12323070958,sat begrundelse,,"Kajakklubbens bro (36 m) går gennem sivene ud til mørkt, dybt vand i den indre del af Mariager Fjord ved Hobro. Fjorden er ca. 600 m bred med læ. Hobro Roklub (eksisterende spot) ligger ca. 700 m væk.",
2026-09-24T16:27:57+02:00,k-node12592691503,sat vurdering,,måske,
2026-09-24T16:27:57+02:00,k-node12592691503,sat type,,bro,
2026-09-24T16:27:57+02:00,k-node12592691503,sat koordinater,,"56.7083827, 10.1036382",
2026-09-24T16:27:57+02:00,k-node12592691503,sat begrundelse,,"Roklubbens broer (17–57 m) går ud til mørkt vand i Mariager Fjord ved Hadsund. Men fjorden er smal her (ca. 350 m) med mulig strøm, og lystbådehavnen ligger ved siden af.",
2026-09-24T16:27:57+02:00,k-node13909738013,sat vurdering,,lovende,
2026-09-24T16:27:57+02:00,k-node13909738013,sat type,,badebro,
2026-09-24T16:27:57+02:00,k-node13909738013,sat koordinater,,"56.9517564, 8.6808462",
2026-09-24T16:27:57+02:00,k-node13909738013,sat begrundelse,,"Thisted Søbad (vinterbad og offentligt badested) har broer på 45 og 62 m, som går ud til mørkt vand i Thisted Bredning. Thisted Ro- og Kajakklub (eksisterende spot, 'Virker') ligger ca. 800 m vest på samme kyst.",
2026-09-24T16:28:00+02:00,k-node12517773632,sat vurdering,,nej,
2026-09-24T16:28:00+02:00,k-node12517773632,sat type,,flydebro,
2026-09-24T16:28:00+02:00,k-node12517773632,sat begrundelse,,Enderupskov: meget små flydebroer (5–6 m) ved en vejbro over en smal å (ca. 15 m). For smalt.,
2026-09-24T16:28:00+02:00,k-node7689638251,sat vurdering,,nej,
2026-09-24T16:28:00+02:00,k-node7689638251,sat type,,flydebro,
2026-09-24T16:28:00+02:00,k-node7689638251,sat begrundelse,,"Naturrum Stemmeværkspladsen: små kanobroer (5–6 m) på Ansager Å, som kun er ca. 15 m bred med strøm. For smalt.",
2026-09-24T16:28:00+02:00,k-way1233258974,sat vurdering,,nej,
2026-09-24T16:28:00+02:00,k-way1233258974,sat type,,flydebro,
2026-09-24T16:28:00+02:00,k-way1233258974,sat begrundelse,,"Lille flydebro (9 m) i skoven ved Varde Å, som kun er ca. 20 m bred. For smalt.",
2026-09-24T16:28:00+02:00,k-way1304138098,sat vurdering,,måske,
2026-09-24T16:28:00+02:00,k-way1304138098,sat type,,flydebro,
2026-09-24T16:28:00+02:00,k-way1304138098,sat koordinater,,"54.9756807, 9.7406235",
2026-09-24T16:28:00+02:00,k-way1304138098,sat begrundelse,,"Flydebro (32 m) fra en lille strand/parkering ved Sottrupskov ud i Als Sund med mørkere vand for enden. Åbent sund med strøm og bølger; lyst, lavt vand tæt ved land.",
2026-09-24T16:28:00+02:00,k-way1338114263,sat vurdering,,nej,
2026-09-24T16:28:00+02:00,k-way1338114263,sat type,,flydebro,
2026-09-24T16:28:00+02:00,k-way1338114263,sat begrundelse,,Flydebroer (31 og 35 m) ved skibsværftet i Assens Havn med flydedok og arbejdsskibe. Industri.,
2026-09-24T16:28:00+02:00,k-way1368138697,sat vurdering,,måske,
2026-09-24T16:28:00+02:00,k-way1368138697,sat type,,flydebro,
2026-09-24T16:28:00+02:00,k-way1368138697,sat koordinater,,"56.0123685, 9.1000771",
2026-09-24T16:28:00+02:00,k-way1368138697,sat begrundelse,,"Flydebro (20 m) fra en græsplæne ud i en sø ved Fasterholt (ca. 300 m). Rolig sø, men adgang er uklar (uden navn i OSM), og solrefleks skjuler dybden.",
2026-09-24T16:28:00+02:00,k-way1471542630,sat vurdering,,nej,
2026-09-24T16:28:00+02:00,k-way1471542630,sat type,,flydebro,
2026-09-24T16:28:00+02:00,k-way1471542630,sat begrundelse,,Lille flydebro (19 m) ved en smal å/søudløb (ca. 15–20 m) ved Sandbjerg. For smalt.,
2026-09-24T16:28:00+02:00,k-way278473584,sat vurdering,,nej,
2026-09-24T16:28:00+02:00,k-way278473584,sat type,,flydebro,
2026-09-24T16:28:00+02:00,k-way278473584,sat begrundelse,,Bro 6 i Vejle Lystbådehavn: lange flydebroer (191 og 180 m) i en tæt pakket lystbådehavn. Ingen plads mellem bådene.,
2026-09-24T16:28:00+02:00,k-way293601395,sat vurdering,,måske,
2026-09-24T16:28:00+02:00,k-way293601395,sat type,,flydebro,
2026-09-24T16:28:00+02:00,k-way293601395,sat koordinater,,"54.9426506, 9.8479122",
2026-09-24T16:28:00+02:00,k-way293601395,sat begrundelse,,"Flydebro (50 m) fra en skovstrand ud i Augustenborg Fjord til mørkere vand for enden. Beskyttet fjord, men ingen navn i OSM, så adgangen er uklar (campingplads tæt ved).",
2026-09-24T16:28:00+02:00,k-way306576920,sat vurdering,,nej,
2026-09-24T16:28:00+02:00,k-way306576920,sat type,,flydebro,
2026-09-24T16:28:00+02:00,k-way306576920,sat begrundelse,,"Lille flydebro (18 m) ved Kammerslusen på Ribe Å, som er ca. 40 m bred med strøm ved slusen og både.",
2026-09-24T16:28:00+02:00,k-way448869576,sat vurdering,,nej,
2026-09-24T16:28:00+02:00,k-way448869576,sat type,,flydebro,
2026-09-24T16:28:00+02:00,k-way448869576,sat begrundelse,,"Flydebro (28 m) i en lille sø (ca. 80×60 m) ved en landevej ved Novrup, sandsynligvis fiskesø. For lille og uklar adgang.",
2026-09-24T16:28:00+02:00,k-way460902945,sat vurdering,,nej,
2026-09-24T16:28:00+02:00,k-way460902945,sat type,,flydebro,
2026-09-24T16:28:00+02:00,k-way460902945,sat begrundelse,,"Meget lille flydebro (5 m) i en kanal i marsken ved Trekroner, ca. 30 m bred. For smalt og lille.",
2026-09-24T16:28:00+02:00,k-way461978184,sat vurdering,,måske,
2026-09-24T16:28:00+02:00,k-way461978184,sat type,,flydebro,
2026-09-24T16:28:00+02:00,k-way461978184,sat koordinater,,"54.8972773, 9.6166818",
2026-09-24T16:28:00+02:00,k-way461978184,sat begrundelse,,"Flydebro (49 m) på ydersiden af lystbådehavnen ved Minde ud mod frit vand mellem molerne. Plads nok, men bådtrafik ved indsejlingen; tjek havnens regler.",
2026-09-24T16:28:00+02:00,k-way631317131,sat vurdering,,nej,
2026-09-24T16:28:00+02:00,k-way631317131,sat type,,flydebro,
2026-09-24T16:28:00+02:00,k-way631317131,sat begrundelse,,Meget lille flydebro (6 m) i en tidevandsrende ved Sønderho i Vadehavet. Lavt vand og tidevandsstrøm.,
2026-09-24T16:28:00+02:00,k-way713040934,sat vurdering,,måske,
2026-09-24T16:28:00+02:00,k-way713040934,sat type,,flydebro,
2026-09-24T16:28:00+02:00,k-way713040934,sat koordinater,,"55.9344970, 9.3213238",
2026-09-24T16:28:00+02:00,k-way713040934,sat begrundelse,,"Flydebro (25 m) fra en lille pynt ud i Rørbæk Sø. Rolig sø, men uden navn i OSM, så adgangen er uklar; overfladen ser grøn ud (planter eller alger).",
2026-09-24T16:28:00+02:00,k-way754222180,sat vurdering,,måske,
2026-09-24T16:28:00+02:00,k-way754222180,sat type,,flydebro,
2026-09-24T16:28:00+02:00,k-way754222180,sat koordinater,,"56.0041662, 8.1315482",
2026-09-24T16:28:00+02:00,k-way754222180,sat begrundelse,,"Lang flydebro (109 m) på fjordsiden af Hvide Sande lige ved slusen, med mørkt vand. Slusestrømmen kan være kraftig, og Ringkøbing Fjord er lavvandet og vindudsat.",
2026-09-24T16:28:00+02:00,k-way768379701,sat vurdering,,nej,
2026-09-24T16:28:00+02:00,k-way768379701,sat type,,flydebro,
2026-09-24T16:28:00+02:00,k-way768379701,sat begrundelse,,"Flydebro (30 m, 'Statoil') i Esbjerg erhvervshavn med arbejdsskibe. Industri og skibstrafik.",
2026-09-24T16:28:00+02:00,k-way842232708,sat vurdering,,måske,
2026-09-24T16:28:00+02:00,k-way842232708,sat type,,bro,
2026-09-24T16:28:00+02:00,k-way842232708,sat koordinater,,"55.5159768, 9.5872644",
2026-09-24T16:28:00+02:00,k-way842232708,sat begrundelse,,"Bro (53 m) med T-hoved og en badeflåde (20 m) ud i Gudsø Vig ved Elvighøj. Beskyttet vig, men pletter af ålegræs/lavt vand, og adgangen er uklar (uden navn).",
2026-09-24T16:28:00+02:00,k-way842232715,sat vurdering,,nej,
2026-09-24T16:28:00+02:00,k-way842232715,sat type,,flydebro,
2026-09-24T16:28:00+02:00,k-way842232715,sat begrundelse,,Den Flydende Shelter i Gudsø Vig er en flydende platform uden forbindelse til land. Ingen bro at starte fra.,
2026-09-24T16:28:00+02:00,k-way902611147,sat vurdering,,måske,
2026-09-24T16:28:00+02:00,k-way902611147,sat type,,flydebro,
2026-09-24T16:28:00+02:00,k-way902611147,sat koordinater,,"56.0037352, 8.1284775",
2026-09-24T16:28:00+02:00,k-way902611147,sat begrundelse,,"Lang flydebro (156 m) på havsiden af slusen i Hvide Sande, i kanalen ud mod Vesterhavet. Kraftig slusestrøm, tidevand og trafik til fiskerihavnen trækker ned.",
2026-09-24T16:28:09+02:00,k-node13866250999,sat vurdering,,måske,
2026-09-24T16:28:09+02:00,k-node13866250999,sat type,,badebro,
2026-09-24T16:28:09+02:00,k-node13866250999,sat koordinater,,"55.1987768, 11.4967741",
2026-09-24T16:28:09+02:00,k-node13866250999,sat begrundelse,,"Badebro (22 m) ved Bisserup Strand ud i lavt vand med bælter af ålegræs. Delvis læ af Glænø, men åbent mod Smålandsfarvandet.",
2026-09-24T16:28:09+02:00,k-node13900975895,sat vurdering,,lovende,
2026-09-24T16:28:09+02:00,k-node13900975895,sat type,,badebro,
2026-09-24T16:28:09+02:00,k-node13900975895,sat koordinater,,"54.8320390, 11.0871706",
2026-09-24T16:28:09+02:00,k-node13900975895,sat begrundelse,,"Sydstranden i Nakskov: meget lang badebro (365 m) ud i Nakskov Fjord til en platform med et lille hus. Ved platformen er vandet mørkt og dybt (sejlrenden til Nakskov Havn ligger lige ved, så pas på bådtrafik).",
2026-09-24T16:28:09+02:00,k-node13900983156,sat vurdering,,måske,
2026-09-24T16:28:09+02:00,k-node13900983156,sat type,,badebro,
2026-09-24T16:28:09+02:00,k-node13900983156,sat koordinater,,"54.6901626, 11.9717727",
2026-09-24T16:28:09+02:00,k-node13900983156,sat begrundelse,,"Marielyst: ny badebro (OSM: 212 m inkl. sti over klitten) med en femkantet platform ca. 55 m ude. Vandet ved platformen ser nogenlunde dybt ud, men det er åben kyst mod Østersøen med bølger.",
2026-09-24T16:28:09+02:00,k-node13917214040,sat vurdering,,måske,
2026-09-24T16:28:09+02:00,k-node13917214040,sat type,,badebro,
2026-09-24T16:28:09+02:00,k-node13917214040,sat koordinater,,"55.2594179, 11.2436490",
2026-09-24T16:28:09+02:00,k-node13917214040,sat begrundelse,,"Lang badebro (112 m) ved Kobæk Strand ud i Storebælt. Vandet ved broens ende er mellemdybt, men det er åben kyst mod vest med bølger.",
2026-09-24T16:28:09+02:00,k-node13919343581,sat vurdering,,måske,
2026-09-24T16:28:09+02:00,k-node13919343581,sat type,,badebro,
2026-09-24T16:28:09+02:00,k-node13919343581,sat koordinater,,"55.5941432, 12.3643525",
2026-09-24T16:28:09+02:00,k-node13919343581,sat begrundelse,,"Kort badebro (24 m) ved Hundige Strand i Køge Bugt. Vandet er lyst turkis, dvs. lavt sandbund, og det er åben kyst.",
2026-09-24T16:28:09+02:00,k-node13919455430,sat vurdering,,måske,
2026-09-24T16:28:09+02:00,k-node13919455430,sat type,,badebro,
2026-09-24T16:28:09+02:00,k-node13919455430,sat koordinater,,"55.0121726, 11.8575518",
2026-09-24T16:28:09+02:00,k-node13919455430,sat begrundelse,,"Badebro (OSM: 33 m) ved Klinteparken Strand i Vordingborg, som ikke ses på luftfotoet (sæsonbro). Lavt vand med mange ålegræspletter.",
2026-09-24T16:28:09+02:00,k-node13919457604,sat vurdering,,måske,
2026-09-24T16:28:09+02:00,k-node13919457604,sat type,,badebro,
2026-09-24T16:28:09+02:00,k-node13919457604,sat koordinater,,"55.0061471, 11.8680857",
2026-09-24T16:28:09+02:00,k-node13919457604,sat begrundelse,,Badebro (31 m) ved Strandparken i Vordingborg ud i lavt vand; længere ude er der tæt ålegræs.,
2026-09-24T16:28:09+02:00,k-node13920983636,sat vurdering,,måske,
2026-09-24T16:28:09+02:00,k-node13920983636,sat type,,badebro,
2026-09-24T16:28:09+02:00,k-node13920983636,sat koordinater,,"55.5340583, 11.1059264",
2026-09-24T16:28:09+02:00,k-node13920983636,sat begrundelse,,"Badebro (OSM: 28 m) ved Reersø Nordstrand, som ikke ses på luftfotoet (sæsonbro). Åben kyst mod nord med ålegræs og bølger.",
2026-09-24T16:28:09+02:00,k-node13944361819,sat vurdering,,lovende,
2026-09-24T16:28:09+02:00,k-node13944361819,sat type,,badebro,
2026-09-24T16:28:09+02:00,k-node13944361819,sat koordinater,,"55.4527048, 12.2002216",
2026-09-24T16:28:09+02:00,k-node13944361819,sat begrundelse,,"Vinterbadeklubben/saunaen Valkyrien på sydmolen ved Køge Havn med T-formet badebro (23 m) ud til ret dybt vand i Køge Bugt. Åbent mod syd og øst, men i læ af molen for nordenvind.",
2026-09-24T16:28:09+02:00,k-node13965105193,sat vurdering,,nej,
2026-09-24T16:28:09+02:00,k-node13965105193,sat type,,andet,
2026-09-24T16:28:09+02:00,k-node13965105193,sat begrundelse,,Faxe Bugtens Kajakklub ligger ved erhvervshavnen i Faxe Ladeplads uden egen bro. Lille lystbådehavn og fragtskibe.,
2026-09-24T16:28:35+02:00,k-node13919881384,sat vurdering,,lovende,
2026-09-24T16:28:35+02:00,k-node13919881384,sat type,,badebro,
2026-09-24T16:28:35+02:00,k-node13919881384,sat koordinater,,"55.0875756, 10.2542846",
2026-09-24T16:28:35+02:00,k-node13919881384,sat begrundelse,,"Klinten Strand i Faaborg med tre badebroer (26–71 m i OSM), der alle når ud til mørkt, dybt vand, som falder hurtigt af fra land. Offentlig strand i Faaborg Fjord med læ af øerne.",
2026-09-24T16:28:35+02:00,k-node13920371176,sat vurdering,,måske,
2026-09-24T16:28:35+02:00,k-node13920371176,sat type,,badebro,
2026-09-24T16:28:35+02:00,k-node13920371176,sat koordinater,,"54.7539256, 10.6752513",
2026-09-24T16:28:35+02:00,k-node13920371176,sat begrundelse,,"Badebro (ca. 50 m, 62 m i OSM) ved Bagenkop Strand; ender i mellemdybt vand med mørke pletter af ålegræs/sten. Åben kyst mod vest.",
2026-09-24T16:28:35+02:00,k-node13921085041,sat vurdering,,måske,
2026-09-24T16:28:35+02:00,k-node13921085041,sat type,,badebro,
2026-09-24T16:28:35+02:00,k-node13921085041,sat koordinater,,"55.1500763, 10.1470052",
2026-09-24T16:28:35+02:00,k-node13921085041,sat begrundelse,,"Badebro (44 m) ved Faldsled Strandpark, men hele området ud for broen er dækket af tæt ålegræs/tang, og vandet ser lavt ud. Beskyttet bugt.",
2026-09-24T16:28:35+02:00,k-node13982435208,sat vurdering,,måske,
2026-09-24T16:28:35+02:00,k-node13982435208,sat type,,badebro,
2026-09-24T16:28:35+02:00,k-node13982435208,sat koordinater,,"55.3749957, 10.7729957",
2026-09-24T16:28:35+02:00,k-node13982435208,sat begrundelse,,"To lange broer (86–90 m i OSM, ca. 40 m over vandet) ved Strandskovvejen nord for Nyborg ud til dybere vand. Åben kyst mod Storebælt (læ ved vestenvind), men broerne ligger ud for sommerhuse og kan være private.",
2026-09-24T16:28:35+02:00,k-node8507159624,sat vurdering,,nej,
2026-09-24T16:28:35+02:00,k-node8507159624,sat type,,andet,
2026-09-24T16:28:35+02:00,k-node8507159624,sat begrundelse,,Kanoisætning (Kano Broen) ved Odense Å ved Bellingebro: åen er kun ca. 10–15 m bred med strøm. Ingen bro.,
2026-09-24T16:28:35+02:00,k-node8650706520,sat vurdering,,lovende,
2026-09-24T16:28:35+02:00,k-node8650706520,sat type,,badebro,
2026-09-24T16:28:35+02:00,k-node8650706520,sat koordinater,,"55.3181606, 10.5222364",
2026-09-24T16:28:35+02:00,k-node8650706520,sat begrundelse,,"Badested med kort bro (17 m) ud til mørkt, dybt vand i en stor grusgravssø i Tarup-Davinde. Rolig sø med masser af plads.",
2026-09-24T16:28:35+02:00,k-way170370471,sat vurdering,,nej,
2026-09-24T16:28:35+02:00,k-way170370471,sat type,,andet,
2026-09-24T16:28:35+02:00,k-way170370471,sat begrundelse,,"Avernakø Kajakcampingplads er en græsplæne inde i landsbyen, ca. 400 m fra vandet. Ingen bro.",
2026-09-24T16:28:35+02:00,k-way33605334,sat vurdering,,lovende,
2026-09-24T16:28:35+02:00,k-way33605334,sat type,,badebro,
2026-09-24T16:28:35+02:00,k-way33605334,sat koordinater,,"55.0577927, 10.6390524",
2026-09-24T16:28:35+02:00,k-way33605334,sat begrundelse,,"Badebro (46 m) ved Christiansminde Strand i Svendborg ud til mørkt, dybt vand tæt på land. Offentlig strand; obs strøm og bådtrafik i Svendborgsund lige ud for.",
2026-09-24T16:28:35+02:00,k-way93193565,sat vurdering,,nej,
2026-09-24T16:28:35+02:00,k-way93193565,sat type,,andet,
2026-09-24T16:28:35+02:00,k-way93193565,sat begrundelse,,Skanodde Sø er en lavvandet strandsø/lagune uden bro; OSM-tagget kajakklub sidder på selve søen.,
2026-09-24T16:28:35+02:00,k-way487162563,sat vurdering,,nej,
2026-09-24T16:28:35+02:00,k-way487162563,sat type,,andet,
2026-09-24T16:28:35+02:00,k-way487162563,sat begrundelse,,Odense Havnebad er et indhegnet bassin i den smalle ende af inderhavnen (ca. 30–40 m bred kanal). Kano- og Kajakklubben Odin 300 m mod vest ligger ved det store bassin og er bedre.,
2026-09-24T16:28:43+02:00,k-way1362568886,sat vurdering,,nej,
2026-09-24T16:28:43+02:00,k-way1362568886,sat type,,flydebro,
2026-09-24T16:28:43+02:00,k-way1362568886,sat begrundelse,,Meget lille flydebro (4 m) i en lille skovsø (ca. 50 m). For lille.,
2026-09-24T16:28:43+02:00,k-way1380945557,sat vurdering,,nej,
2026-09-24T16:28:43+02:00,k-way1380945557,sat type,,flydebro,
2026-09-24T16:28:43+02:00,k-way1380945557,sat begrundelse,,Flydebro (19 m) i en lille skovdam (ca. 50×35 m) ved en privat ejendom. For lille og formentlig privat.,
2026-09-24T16:28:43+02:00,k-way1470453930,sat vurdering,,nej,
2026-09-24T16:28:43+02:00,k-way1470453930,sat type,,flydebro,
2026-09-24T16:28:43+02:00,k-way1470453930,sat begrundelse,,Flydebro (58 m) i en smal bykanal (ca. 30 m) i et nyt byggeområde i Hillerød. For smalt.,
2026-09-24T16:28:43+02:00,k-way1470453931,sat vurdering,,nej,
2026-09-24T16:28:43+02:00,k-way1470453931,sat type,,flydebro,
2026-09-24T16:28:43+02:00,k-way1470453931,sat begrundelse,,Flydebro (45 m) i samme smalle bykanal (ca. 25–30 m) i Hillerød. For smalt.,
2026-09-24T16:28:43+02:00,k-way1477028254,sat vurdering,,lovende,
2026-09-24T16:28:43+02:00,k-way1477028254,sat type,,flydebro,
2026-09-24T16:28:43+02:00,k-way1477028254,sat koordinater,,"55.6427525, 12.3514402",
2026-09-24T16:28:43+02:00,k-way1477028254,sat begrundelse,,"Flydebro (48 m) ved et klubhus med parkering ved en sø i Vallensbæk Nordmark. Mørkt, roligt søvand med over 150 m fri plads; det er uklart, hvilken klub det er.",
2026-09-24T16:28:43+02:00,k-way219053224,sat vurdering,,nej,
2026-09-24T16:28:43+02:00,k-way219053224,sat type,,bro,
2026-09-24T16:28:43+02:00,k-way219053224,sat begrundelse,,"Roklubbens hus ligger ved Nykøbing Sjælland Havn med korte broer (14–33 m) inde i en tæt pakket lystbådehavn. Lyst, lavt vand ved slæbestedet.",
2026-09-24T16:28:43+02:00,k-way287476154,sat vurdering,,måske,
2026-09-24T16:28:43+02:00,k-way287476154,sat type,,flydebro,
2026-09-24T16:28:43+02:00,k-way287476154,sat koordinater,,"55.6421802, 12.5508904",
2026-09-24T16:28:43+02:00,k-way287476154,sat begrundelse,,"V-formet flydebro (154 m) i sydenden af Sydhavnen ved Sjællandsbroen. Stort, mørkt bassin, men formålet (evt. bølgebryder) og adgangen er uklare, og der er støj og trafik ved motorvejsbroen og slusen.",
2026-09-24T16:28:43+02:00,k-way487646322,sat vurdering,,nej,
2026-09-24T16:28:43+02:00,k-way487646322,sat type,,flydebro,
2026-09-24T16:28:43+02:00,k-way487646322,sat begrundelse,,Københavns vandflyveplads (78 m) ved Nordre Toldbod. Der er vandflyvere og tung skibstrafik i havneindløbet.,
2026-09-24T16:28:43+02:00,k-way517834321,sat vurdering,,måske,
2026-09-24T16:28:43+02:00,k-way517834321,sat type,,flydebro,
2026-09-24T16:28:43+02:00,k-way517834321,sat koordinater,,"55.7709157, 12.3608001",
2026-09-24T16:28:43+02:00,k-way517834321,sat begrundelse,,"Lille badeflåde (14 m) ca. 20 m ude i Furesø uden landforbindelse. Mørkt, dybt søvand og stor plads, men man skal ud til flåden først, og adgangen er uklar.",
2026-09-24T16:28:43+02:00,k-way598241785,sat vurdering,,nej,
2026-09-24T16:28:43+02:00,k-way598241785,sat type,,flydebro,
2026-09-24T16:28:43+02:00,k-way598241785,sat begrundelse,,Lille flydebro (20 m) inde i Kastrup Strandparks lystbådehavn. Tæt pakket med bådbroer.,
2026-09-24T16:29:11+02:00,k-node13909827749,sat vurdering,,nej,
2026-09-24T16:29:11+02:00,k-node13909827749,sat type,,strand,
2026-09-24T16:29:11+02:00,k-node13909827749,sat begrundelse,,Badestranden ved Sundby Mors Havn har ingen badebro. OSM's broer (44 og 64 m) er bådebroer inde i den lille havn. Der er strøm fra Vilsund.,
2026-09-24T16:29:11+02:00,k-node13976184842,sat vurdering,,nej,
2026-09-24T16:29:11+02:00,k-node13976184842,sat type,,strand,
2026-09-24T16:29:11+02:00,k-node13976184842,sat begrundelse,,"Rønbjerg Strand er en sandstrand uden bro. De to små broer (7 og 13 m) ligger i lystbådehavnen og ved slæbestedet. Vandet bliver hurtigt mørkt, så stranden kan måske bruges til beachstart.",
2026-09-24T16:29:11+02:00,k-node13990726816,sat vurdering,,nej,
2026-09-24T16:29:11+02:00,k-node13990726816,sat type,,strand,
2026-09-24T16:29:11+02:00,k-node13990726816,sat begrundelse,,"Badestedet ved Kongsdal Lystbådehavn er en strand uden badebro, med lyst, lavt vand og ålegræs. OSM's lange broer (170–192 m) er havnens moler.",
2026-09-24T16:29:11+02:00,k-way390132117,sat vurdering,,nej,
2026-09-24T16:29:11+02:00,k-way390132117,sat type,,strand,
2026-09-24T16:29:11+02:00,k-way390132117,sat begrundelse,,"Bådelauget ligger ved Sunde Strand på Fur uden bro. Der er smal sandstrand, og vandet bliver først mørkt ca. 30 m ude.",
2026-09-24T16:29:11+02:00,k-node11920565051,sat vurdering,,nej,
2026-09-24T16:29:11+02:00,k-node11920565051,sat type,,strand,
2026-09-24T16:29:11+02:00,k-node11920565051,sat begrundelse,,"Kajakovernatningspladsen i Astrup Vig er kun en græsplads ved kysten. Der er ingen bro, og vandet er lavt langs stranden.",
2026-09-24T16:29:11+02:00,k-node12064848501,sat vurdering,,nej,
2026-09-24T16:29:11+02:00,k-node12064848501,sat type,,bro,
2026-09-24T16:29:11+02:00,k-node12064848501,sat begrundelse,,"Molen og broen (70 m) på Hirsholm går ud i lavt, klart vand med sten og tang. Hirsholmene er fuglereservat med begrænset adgang og kan kun nås med postbåden.",
2026-09-24T16:29:11+02:00,k-node12278318150,sat vurdering,,nej,
2026-09-24T16:29:11+02:00,k-node12278318150,sat type,,strand,
2026-09-24T16:29:11+02:00,k-node12278318150,sat begrundelse,,"Kajakpladsen ved Grønnerup Strand er en sandstrand uden bro, og vandet er lavt og lyst langt ud.",
2026-09-24T16:29:11+02:00,k-node12771923936,sat vurdering,,nej,
2026-09-24T16:29:11+02:00,k-node12771923936,sat type,,strand,
2026-09-24T16:29:11+02:00,k-node12771923936,sat begrundelse,,"Kajakpladsen i Præstens Plantage ligger i skoven bag en åben Kattegat-strand. Der er ingen bro, og der er bølger.",
2026-09-24T16:29:11+02:00,k-node13013612466,sat vurdering,,nej,
2026-09-24T16:29:11+02:00,k-node13013612466,sat type,,bro,
2026-09-24T16:29:11+02:00,k-node13013612466,sat begrundelse,,Glyngøre Lystbådehavn er tæt pakket. Sejlklubbens egne broer uden for molen er kun 2–3 m lange.,
2026-09-24T16:29:11+02:00,k-node13854280042,sat vurdering,,måske,
2026-09-24T16:29:11+02:00,k-node13854280042,sat type,,badebro,
2026-09-24T16:29:11+02:00,k-node13854280042,sat koordinater,,"56.5847125, 8.2836441",
2026-09-24T16:29:11+02:00,k-node13854280042,sat begrundelse,,"Badebro (44 m ifølge OSM) ved Gjellerodde, som ikke kan ses på luftfotoet, så den bliver måske sat ud om sommeren. Vandet er lyst og lavt, og der er åbent ud mod Nissum Bredning.",
2026-09-24T16:29:43+02:00,k-node13975378766,sat vurdering,,måske,
2026-09-24T16:29:43+02:00,k-node13975378766,sat type,,badebro,
2026-09-24T16:29:43+02:00,k-node13975378766,sat koordinater,,"54.9166690, 11.3581390",
2026-09-24T16:29:43+02:00,k-node13975378766,sat begrundelse,,"Badebro (27 m) ved Kragenæs Nordstrand ud til mørkt vand med ålegræspletter. Åbent mod nord (Smålandsfarvandet), og færgehavnen til Fejø/Femø ligger lige ved siden af.",
2026-09-24T16:29:43+02:00,k-node13975401639,sat vurdering,,måske,
2026-09-24T16:29:43+02:00,k-node13975401639,sat type,,badebro,
2026-09-24T16:29:43+02:00,k-node13975401639,sat koordinater,,"54.9334120, 11.3786824",
2026-09-24T16:29:43+02:00,k-node13975401639,sat begrundelse,,Badebro (50 m) ved Sydstranden (Store Mose) ud i vand med ålegræs og sandpletter. Åben kyst med bølger.,
2026-09-24T16:29:43+02:00,k-node13975419601,sat vurdering,,måske,
2026-09-24T16:29:43+02:00,k-node13975419601,sat type,,badebro,
2026-09-24T16:29:43+02:00,k-node13975419601,sat koordinater,,"54.9438033, 11.4643755",
2026-09-24T16:29:43+02:00,k-node13975419601,sat begrundelse,,T-formet badebro (49 m) ved Sletteren med små både fortøjet ved siden af. Mellemdybt vand med ålegræs og åbent farvand.,
2026-09-24T16:29:43+02:00,k-node13977133368,sat vurdering,,måske,
2026-09-24T16:29:43+02:00,k-node13977133368,sat type,,badebro,
2026-09-24T16:29:43+02:00,k-node13977133368,sat koordinater,,"54.6524153, 11.7330708",
2026-09-24T16:29:43+02:00,k-node13977133368,sat begrundelse,,"Badeanstalten Skansen i Nysted med bro (OSM: 20 m), som ikke ses på vinterluftfotoet. Lavt vand ved land og først dybere ca. 50 m ude.",
2026-09-24T16:29:43+02:00,k-node13977135705,sat vurdering,,måske,
2026-09-24T16:29:43+02:00,k-node13977135705,sat type,,badebro,
2026-09-24T16:29:43+02:00,k-node13977135705,sat koordinater,,"54.6442824, 11.7965436",
2026-09-24T16:29:43+02:00,k-node13977135705,sat begrundelse,,"Badebro (OSM: 32 m) ved Holten Strand, som ikke ses på luftfotoet. Vandet er meget lyst og lavt langt ud (Sydhavet).",
2026-09-24T16:29:43+02:00,k-node13977155293,sat vurdering,,måske,
2026-09-24T16:29:43+02:00,k-node13977155293,sat type,,badebro,
2026-09-24T16:29:43+02:00,k-node13977155293,sat koordinater,,"54.7045901, 11.2557214",
2026-09-24T16:29:43+02:00,k-node13977155293,sat begrundelse,,"Kort badebro (OSM: 19 m) ved Kramnitze på Lollands sydkyst, som ikke ses på luftfotoet. Meget udsat kyst med brændinger på billedet.",
2026-09-24T16:29:43+02:00,k-node13977244932,sat vurdering,,måske,
2026-09-24T16:29:43+02:00,k-node13977244932,sat type,,badebro,
2026-09-24T16:29:43+02:00,k-node13977244932,sat koordinater,,"54.8924268, 12.0688418",
2026-09-24T16:29:43+02:00,k-node13977244932,sat begrundelse,,"Badebro (47 m) ved Ore Strand ud i Grønsund, med mørkt, dybt vand ved broens ende. Åbent farvand med strøm og bølger.",
2026-09-24T16:29:43+02:00,k-node13977261038,sat vurdering,,måske,
2026-09-24T16:29:43+02:00,k-node13977261038,sat type,,badebro,
2026-09-24T16:29:43+02:00,k-node13977261038,sat koordinater,,"54.8925295, 12.0269805",
2026-09-24T16:29:43+02:00,k-node13977261038,sat begrundelse,,"Kort L-formet badebro (19 m) ved badestranden og campingpladsen i Stubbekøbing. Vand med ålegræs, og der kan være strøm i Grønsund.",
2026-09-24T16:29:43+02:00,k-node13977615465,sat vurdering,,måske,
2026-09-24T16:29:43+02:00,k-node13977615465,sat type,,badebro,
2026-09-24T16:29:43+02:00,k-node13977615465,sat koordinater,,"55.4869104, 11.8015801",
2026-09-24T16:29:43+02:00,k-node13977615465,sat begrundelse,,"Kort badebro (13 m) ved Haraldsted Langesø. Stor, rolig sø, men broen ses knap på luftfotoet og vandet er ensartet grønt (alger?). Tjek dybden ved broen.",
2026-09-24T16:29:43+02:00,k-node13977694398,sat vurdering,,måske,
2026-09-24T16:29:43+02:00,k-node13977694398,sat type,,badebro,
2026-09-24T16:29:43+02:00,k-node13977694398,sat koordinater,,"55.3697585, 12.4121118",
2026-09-24T16:29:43+02:00,k-node13977694398,sat begrundelse,,"Badebro (18 m) ved Bøgeskoven ud i lyst, lavt vand med ålegræs længere ude. Åbent mod Køge Bugt.",
2026-09-24T16:29:43+02:00,k-way965614538,sat vurdering,,nej,
2026-09-24T16:29:43+02:00,k-way965614538,sat type,,flydebro,
2026-09-24T16:29:43+02:00,k-way965614538,sat begrundelse,,"Lille flydebro (10 m) i en lige kanal/å ved Elhjem, ca. 10 m bred. For smalt.",
2026-09-24T16:29:43+02:00,k-node11364237382,sat vurdering,,nej,
2026-09-24T16:29:43+02:00,k-node11364237382,sat type,,bro,
2026-09-24T16:29:43+02:00,k-node11364237382,sat begrundelse,,"Ringkøbing Ro- og Kajakklub: korte broer (21 og 31 m) ved Skjern-kanalen/Ringkøbing Havn, som er ca. 40–50 m bred med bådtrafik. For smalt, og fjorden udenfor er lavvandet.",
2026-09-24T16:29:43+02:00,k-node12378453263,sat vurdering,,nej,
2026-09-24T16:29:43+02:00,k-node12378453263,sat type,,bro,
2026-09-24T16:29:43+02:00,k-node12378453263,sat begrundelse,,"Tønder Roklub: små broer (8 og 14 m) ved Vidå, som kun er ca. 20–25 m bred. For smalt.",
2026-09-24T16:29:43+02:00,k-node1262217593,sat vurdering,,måske,
2026-09-24T16:29:43+02:00,k-node1262217593,sat type,,bro,
2026-09-24T16:29:43+02:00,k-node1262217593,sat koordinater,,"55.5602383, 9.7692590",
2026-09-24T16:29:43+02:00,k-node1262217593,sat begrundelse,,"Fredericia Kajakklub og Dame Roklub ved Østerstrand: to broer (25 og 28 m) fra stranden ud i Lillebælt med mørkt, dybt vand. Åben kyst med strøm og bølger fra øst.",
2026-09-24T16:29:43+02:00,k-node1940529553,sat vurdering,,måske,
2026-09-24T16:29:43+02:00,k-node1940529553,sat type,,bro,
2026-09-24T16:29:43+02:00,k-node1940529553,sat koordinater,,"56.3523970, 8.6405374",
2026-09-24T16:29:43+02:00,k-node1940529553,sat begrundelse,,"Holstebro Roklub og Kajakklubben Pagaj ved Vandkraftsøen (Storå), ca. 150 m bred her. Broer på 26 og 17 m; brunt, uklart vand og svag strøm fra Storå.",
2026-09-24T16:29:43+02:00,k-node3227918065,sat vurdering,,nej,
2026-09-24T16:29:43+02:00,k-node3227918065,sat type,,bro,
2026-09-24T16:29:43+02:00,k-node3227918065,sat begrundelse,,"Grindsted Ro- og Kajakklub: lille bro (20 m) ved Grindsted Å, som kun er ca. 15 m bred. For smalt; den lille sø ved siden af har ingen bro.",
2026-09-24T16:29:43+02:00,k-node3227938344,sat vurdering,,lovende,
2026-09-24T16:29:43+02:00,k-node3227938344,sat type,,bro,
2026-09-24T16:29:43+02:00,k-node3227938344,sat koordinater,,"55.3585164, 9.2083550",
2026-09-24T16:29:43+02:00,k-node3227938344,sat begrundelse,,Jels Roklub ved Jels Sø (Nedersø): bro (41 m) ud i en rolig sø på ca. 400 m med mørkt vand. Jels Søbad med ringformet badebro ligger lige ved siden af.,
2026-09-24T16:29:43+02:00,k-way226954565,sat vurdering,,måske,
2026-09-24T16:29:43+02:00,k-way226954565,sat type,,bro,
2026-09-24T16:29:43+02:00,k-way226954565,sat koordinater,,"55.0444340, 9.7066303",
2026-09-24T16:29:43+02:00,k-way226954565,sat begrundelse,,"Nordborg Roklub og Deutscher Ruderverein ved Nordborg Sø: korte broer (20–23 m) og slæbesteder ud i søen, som er stor nok. Bundplanter ses tæt ved land; efterårsbillede.",
2026-09-24T16:29:43+02:00,k-node10940630992,sat vurdering,,nej,
2026-09-24T16:29:43+02:00,k-node10940630992,sat type,,andet,
2026-09-24T16:29:43+02:00,k-node10940630992,sat begrundelse,,Skjern Å Kanofart er kun en kanoudlejning på land ved Rørbæk Sø/dambrug. Ingen bro i OSM eller på luftfotoet.,
2026-09-24T16:29:43+02:00,k-node11405078961,sat vurdering,,måske,
2026-09-24T16:29:43+02:00,k-node11405078961,sat type,,bro,
2026-09-24T16:29:43+02:00,k-node11405078961,sat koordinater,,"56.3727019, 8.1260881",
2026-09-24T16:29:43+02:00,k-node11405078961,sat begrundelse,,"Thorsminde Coastal Roklub: korte broer (8–22 m) i Thorsminde Havns inderbassin, ca. 150 m bredt med mørkt vand. Havnen har slusestrøm og bådtrafik; broerne er meget korte.",
2026-09-24T16:29:43+02:00,k-node11417003880,sat vurdering,,nej,
2026-09-24T16:29:43+02:00,k-node11417003880,sat type,,bro,
2026-09-24T16:29:43+02:00,k-node11417003880,sat begrundelse,,"Bur Kanoplads: lille bro (14 m) på Storå, som kun er ca. 20 m bred. For smalt.",
2026-09-24T16:29:43+02:00,k-node11419884322,sat vurdering,,måske,
2026-09-24T16:29:43+02:00,k-node11419884322,sat type,,bro,
2026-09-24T16:29:43+02:00,k-node11419884322,sat koordinater,,"56.3514533, 8.6390666",
2026-09-24T16:29:43+02:00,k-node11419884322,sat begrundelse,,"Vandkraftsø Kanoplads i Holstebro: bro (25 m) ud i Vandkraftsøen, ca. 100 m bred her. Brunt vand, svag strøm fra Storå og tæt ved vejbro.",
2026-09-24T16:29:43+02:00,k-node11419939760,sat vurdering,,nej,
2026-09-24T16:29:43+02:00,k-node11419939760,sat type,,bro,
2026-09-24T16:29:43+02:00,k-node11419939760,sat begrundelse,,Tvis Å Kanoplads: lille bro (16 m) ved en smal å (ca. 10 m) ind til en lavvandet mose-sø. For smalt.,
2026-09-24T16:29:43+02:00,k-node11420020170,sat vurdering,,nej,
2026-09-24T16:29:43+02:00,k-node11420020170,sat type,,bro,
2026-09-24T16:29:43+02:00,k-node11420020170,sat begrundelse,,"Yllebjerg Kanoplads: lille bro (17 m) på en smal, snoet å (ca. 10 m). For smalt.",
2026-09-24T16:29:43+02:00,k-node11422927070,sat vurdering,,nej,
2026-09-24T16:29:43+02:00,k-node11422927070,sat type,,bro,
2026-09-24T16:29:43+02:00,k-node11422927070,sat begrundelse,,"Vandkraftværk Kanoplads: lille bro (15 m) på Storå under vandkraftværket, ca. 30 m bred med strøm. For smalt.",
2026-09-24T16:29:43+02:00,k-node11426718854,sat vurdering,,nej,
2026-09-24T16:29:43+02:00,k-node11426718854,sat type,,bro,
2026-09-24T16:29:43+02:00,k-node11426718854,sat begrundelse,,"Frøjk Kanoplads: lille bro (15 m) på Storå, ca. 30 m bred med strøm. For smalt.",
2026-09-24T16:29:43+02:00,k-node12345686720,sat vurdering,,måske,
2026-09-24T16:29:43+02:00,k-node12345686720,sat type,,bro,
2026-09-24T16:29:43+02:00,k-node12345686720,sat koordinater,,"54.9200543, 9.7692906",
2026-09-24T16:29:43+02:00,k-node12345686720,sat begrundelse,,"Sønderborg Kajakklub: lange broer (94–96 m) langs Als Sund med mørkt, dybt vand. Både fortøjet langs broen og strøm i sundet trækker ned.",
2026-09-24T16:29:43+02:00,k-node13919377969,sat vurdering,,lovende,
2026-09-24T16:29:43+02:00,k-node13919377969,sat type,,bro,
2026-09-24T16:29:43+02:00,k-node13919377969,sat koordinater,,"55.4988569, 9.6217048",
2026-09-24T16:29:43+02:00,k-node13919377969,sat begrundelse,,"Løverodde Strand: lang anløbs- og badebro (117 m) ud i Kolding Fjord til mørkt, dybt vand. Offentligt badested og beskyttet fjord; tjek regler for anløbsbroen.",
2026-09-24T16:29:43+02:00,k-node13919412685,sat vurdering,,måske,
2026-09-24T16:29:43+02:00,k-node13919412685,sat type,,bro,
2026-09-24T16:29:43+02:00,k-node13919412685,sat koordinater,,"55.3623556, 9.6023249",
2026-09-24T16:29:43+02:00,k-node13919412685,sat begrundelse,,Hejlsminde Strand: badebro (40 m) ud i Lillebælt ved Hejlsminde. Lyst vand og sandbanker tyder på lavt vand ud for broen; åben kyst.,
2026-09-24T16:30:09+02:00,k-way516854075,sat vurdering,,lovende,
2026-09-24T16:30:09+02:00,k-way516854075,sat type,,bro,
2026-09-24T16:30:09+02:00,k-way516854075,sat koordinater,,"55.0923020, 10.2437526",
2026-09-24T16:30:09+02:00,k-way516854075,sat begrundelse,,"Faaborg Havnebad på en mole ud i Faaborg Fjord med mørkt, dybt vand hele vejen rundt og masser af plads mod øst. Offentligt havnebad; obs færgelejet ca. 100 m mod vest.",
2026-09-24T16:30:09+02:00,k-way616897685,sat vurdering,,lovende,
2026-09-24T16:30:09+02:00,k-way616897685,sat type,,badebro,
2026-09-24T16:30:09+02:00,k-way616897685,sat koordinater,,"54.9363815, 10.7020020",
2026-09-24T16:30:09+02:00,k-way616897685,sat begrundelse,,Rudkøbing Søbadeanstalt (vinterbad) med bro (33 m) ud i sundet mellem Langeland og Tåsinge; stort frit vand med læ af Tåsinge mod vest. Vandet er mellemdybt ved broens ende og dybere længere ude.,
2026-09-24T16:30:09+02:00,k-node12174674433,sat vurdering,,lovende,
2026-09-24T16:30:09+02:00,k-node12174674433,sat type,,bro,
2026-09-24T16:30:09+02:00,k-node12174674433,sat koordinater,,"55.3085104, 10.7907167",
2026-09-24T16:30:09+02:00,k-node12174674433,sat begrundelse,,"Bro (65 m) ved Kayakomat ud i et stort, beskyttet havnebassin i Nyborg (ca. 130×150 m) med mørkt, dybt vand og få både. Havn: tjek havnens regler. Nyborg Roklub (eksisterende spot) ligger i samme havn.",
2026-09-24T16:30:09+02:00,k-node13009222202,sat vurdering,,nej,
2026-09-24T16:30:09+02:00,k-node13009222202,sat type,,bro,
2026-09-24T16:30:09+02:00,k-node13009222202,sat begrundelse,,"Lille lystbådehavn ved Otterup (ca. 110×45 m) med både langs broerne, ud til den lavvandede Odense Fjord (Egensedybet). Ikke plads til at pumpe.",
2026-09-24T16:30:09+02:00,k-node13990711089,sat vurdering,,nej,
2026-09-24T16:30:09+02:00,k-node13990711089,sat type,,slæbested,
2026-09-24T16:30:09+02:00,k-node13990711089,sat begrundelse,,"Kun et kort slæbested (ca. 15 m) ved badestedet i Drejet, ud i lavt vand med ålegræs. Ingen bro.",
2026-09-24T16:30:09+02:00,k-node1909931111,sat vurdering,,nej,
2026-09-24T16:30:09+02:00,k-node1909931111,sat type,,bro,
2026-09-24T16:30:09+02:00,k-node1909931111,sat begrundelse,,Gambøt Lystbådehavn på Thurø er tæt pakket med både mellem alle broerne. Ikke plads til at pumpe.,
2026-09-24T16:30:09+02:00,k-node3884055368,sat vurdering,,nej,
2026-09-24T16:30:09+02:00,k-node3884055368,sat type,,bro,
2026-09-24T16:30:09+02:00,k-node3884055368,sat begrundelse,,Maritim Charter ligger ved kajen i Svendborg Havn med skibs- og færgetrafik; kun små broer (2 og 18 m).,
2026-09-24T16:30:09+02:00,k-node476581392,sat vurdering,,måske,
2026-09-24T16:30:09+02:00,k-node476581392,sat type,,bro,
2026-09-24T16:30:09+02:00,k-node476581392,sat koordinater,,"55.0597114, 10.3783669",
2026-09-24T16:30:09+02:00,k-node476581392,sat begrundelse,,"Fjellebroen Havn: lille havn med nogen plads i bassinet og en lang ydre bro (120 m) ud til mørkt vand mod vest. Bådtrafik, og Det Sydfynske Øhav bliver lavvandet længere ude.",
2026-09-24T16:30:09+02:00,k-node11847020921,sat vurdering,,måske,
2026-09-24T16:30:09+02:00,k-node11847020921,sat type,,bro,
2026-09-24T16:30:09+02:00,k-node11847020921,sat koordinater,,"55.0510854, 10.6690852",
2026-09-24T16:30:09+02:00,k-node11847020921,sat begrundelse,,"Bro (66 m) med få både ud i Thurø Bund; stort og meget beskyttet vand, men bugten ser lavvandet ud (lyst grønt vand). Mulig privat bådelaugsbro.",
2026-09-24T16:30:09+02:00,k-node12920644487,sat vurdering,,nej,
2026-09-24T16:30:09+02:00,k-node12920644487,sat type,,bro,
2026-09-24T16:30:09+02:00,k-node12920644487,sat begrundelse,,Lundeborg Havn er en lille rund havn med både langs kanten og en ø i midten. Ikke plads til at pumpe; badebroen ved Lundeborg Strand lige nord for er bedre.,
2026-09-24T16:30:19+02:00,k-node13920372460,sat vurdering,,lovende,
2026-09-24T16:30:19+02:00,k-node13920372460,sat type,,bro,
2026-09-24T16:30:19+02:00,k-node13920372460,sat koordinater,,"55.0347542, 9.5697195",
2026-09-24T16:30:19+02:00,k-node13920372460,sat begrundelse,,"Varnæs Vig Bro: lang bro (216 m) med knæk ud over det lave bælte til mørkt, dybt vand i Varnæs Vig (Aabenraa Fjord). Beskyttet vig med meget plads og offentligt badested; få både ved broen. Efterårsbillede.",
2026-09-24T16:30:27+02:00,k-way602799162,sat vurdering,,måske,
2026-09-24T16:30:27+02:00,k-way602799162,sat type,,flydebro,
2026-09-24T16:30:27+02:00,k-way602799162,sat koordinater,,"55.6505023, 12.5542074",
2026-09-24T16:30:27+02:00,k-way602799162,sat begrundelse,,"Flydebro (32 m) i en af Sluseholmens kanaler. Mørkt, roligt vand, men kanalen er kun ca. 50–60 m bred og få både, og det er uklart, hvem broen tilhører.",
2026-09-24T16:30:27+02:00,k-way623815354,sat vurdering,,måske,
2026-09-24T16:30:27+02:00,k-way623815354,sat type,,flydebro,
2026-09-24T16:30:27+02:00,k-way623815354,sat koordinater,,"55.6466721, 12.5455135",
2026-09-24T16:30:27+02:00,k-way623815354,sat begrundelse,,"Lang flydende gangbro (488 m) med fortøjede skibe langs kajen ved Teglholmen. Stort, mørkt havnebassin foran, men det er uklart, om der er offentlig adgang, og der ligger skibe ved broen.",
2026-09-24T16:30:27+02:00,k-way626585696,sat vurdering,,nej,
2026-09-24T16:30:27+02:00,k-way626585696,sat type,,flydebro,
2026-09-24T16:30:27+02:00,k-way626585696,sat begrundelse,,"Flydebro (110 m) formet som en ring omkring fortøjede både ved Sluseholmen. En bådeplads, ingen fri plads.",
2026-09-24T16:30:27+02:00,k-way647535444,sat vurdering,,måske,
2026-09-24T16:30:27+02:00,k-way647535444,sat type,,flydebro,
2026-09-24T16:30:27+02:00,k-way647535444,sat koordinater,,"55.6251615, 12.5034161",
2026-09-24T16:30:27+02:00,k-way647535444,sat begrundelse,,"Flydebro (86 m) for enden af en mole ved Avedøre Holme ud mod Kalveboderne. Mørkt vand nord for molen, men det er åben kyst, og der er lyst, lavt vand mod syd.",
2026-09-24T16:30:27+02:00,k-way655061180,sat vurdering,,nej,
2026-09-24T16:30:27+02:00,k-way655061180,sat type,,flydebro,
2026-09-24T16:30:27+02:00,k-way655061180,sat begrundelse,,Bådbroer (98 og 99 m) i Tuborg Havn. Tæt pakket lystbådehavn.,
2026-09-24T16:30:27+02:00,k-way771928616,sat vurdering,,nej,
2026-09-24T16:30:27+02:00,k-way771928616,sat type,,andet,
2026-09-24T16:30:27+02:00,k-way771928616,sat begrundelse,,"Andehuset er et lille flydende andehus (9 m) i et havnebassin, ikke en bro. Fejl i søgningen.",
2026-09-24T16:30:27+02:00,k-way776569267,sat vurdering,,lovende,
2026-09-24T16:30:27+02:00,k-way776569267,sat type,,bro,
2026-09-24T16:30:27+02:00,k-way776569267,sat koordinater,,"55.8197037, 12.2317817",
2026-09-24T16:30:27+02:00,k-way776569267,sat begrundelse,,"Buresøbadets bro (49 m) ud i Buresø. Klar sø med stor plads og offentligt badested; lyst vand ved broenden tyder på, at der er lavere end ude i søen.",
2026-09-24T16:30:27+02:00,k-way927878236,sat vurdering,,nej,
2026-09-24T16:30:27+02:00,k-way927878236,sat type,,flydebro,
2026-09-24T16:30:27+02:00,k-way927878236,sat begrundelse,,Flydebroen (36 m) ligger på en græsplæne mellem boligblokke i Sydhavnen. Intet vand ses på luftfotoet; fejl i OSM eller en ny kanal.,
2026-09-24T16:30:27+02:00,k-way965920747,sat vurdering,,måske,
2026-09-24T16:30:27+02:00,k-way965920747,sat type,,flydebro,
2026-09-24T16:30:27+02:00,k-way965920747,sat koordinater,,"55.6501767, 12.5411655",
2026-09-24T16:30:27+02:00,k-way965920747,sat begrundelse,,"Kort flydebro (16 m) i hjørnet af et mørkt, roligt havnebassin (ca. 100 m bredt) i Sydhavnen. Det er uklart, hvad broen bruges til, og om man må bade der.",
2026-09-24T16:30:27+02:00,k-node12761671786,sat vurdering,,måske,
2026-09-24T16:30:27+02:00,k-node12761671786,sat type,,bro,
2026-09-24T16:30:27+02:00,k-node12761671786,sat koordinater,,"55.7747623, 12.4686242",
2026-09-24T16:30:27+02:00,k-node12761671786,sat begrundelse,,"Bro (79 m) ved kano- og bådudlejningen ved Nybro ud i en mørk vandarm, der kun er ca. 50–60 m bred. Der er meget kano- og kajaktrafik; den store sø ligger på den anden side af vejen.",
2026-09-24T16:30:37+02:00,k-node13919771137,sat vurdering,,måske,
2026-09-24T16:30:37+02:00,k-node13919771137,sat type,,bro,
2026-09-24T16:30:37+02:00,k-node13919771137,sat koordinater,,"56.6804543, 8.7276750",
2026-09-24T16:30:37+02:00,k-node13919771137,sat begrundelse,,"En kort bro (18 m) ved Sillerslev Strand går ud i fjordvand, der er mørkt, men plettet. Broen er kort, og der er åbent mod syd.",
2026-09-24T16:30:37+02:00,k-node13920895943,sat vurdering,,måske,
2026-09-24T16:30:37+02:00,k-node13920895943,sat type,,badebro,
2026-09-24T16:30:37+02:00,k-node13920895943,sat koordinater,,"57.5126311, 10.4770936",
2026-09-24T16:30:37+02:00,k-node13920895943,sat begrundelse,,"Lang badebro (182 m) går ud gennem brændingen ved Bratten Strand. Åben Kattegat-kyst med bølger, så den kan kun bruges på stille dage.",
2026-09-24T16:30:37+02:00,k-node13920932074,sat vurdering,,nej,
2026-09-24T16:30:37+02:00,k-node13920932074,sat type,,strand,
2026-09-24T16:30:37+02:00,k-node13920932074,sat begrundelse,,Ålbæk Strand er en åben Kattegat-strand uden badebro. OSM's broer ligger i den tæt pakkede havn ved siden af.,
2026-09-24T16:30:37+02:00,k-node13974388714,sat vurdering,,måske,
2026-09-24T16:30:37+02:00,k-node13974388714,sat type,,bro,
2026-09-24T16:30:37+02:00,k-node13974388714,sat koordinater,,"56.9598434, 8.3642251",
2026-09-24T16:30:37+02:00,k-node13974388714,sat begrundelse,,"Vorupør Havbad er et havbassin på ca. 80×65 m i læ af molen med en bro på 33 m. Bunden kan ses, så vandet er måske for lavt. Selve Vesterhavet er for udsat.",
2026-09-24T16:30:37+02:00,k-node13974423307,sat vurdering,,lovende,
2026-09-24T16:30:37+02:00,k-node13974423307,sat type,,badebro,
2026-09-24T16:30:37+02:00,k-node13974423307,sat koordinater,,"57.0229843, 8.5583226",
2026-09-24T16:30:37+02:00,k-node13974423307,sat begrundelse,,"Badebro (25 m) ved det offentlige badested i Vandet Sø. Stor, klar sø med masser af plads. Vinden kan dog give bølger på så stor en sø.",
2026-09-24T16:30:37+02:00,k-node13984970350,sat vurdering,,måske,
2026-09-24T16:30:37+02:00,k-node13984970350,sat type,,badebro,
2026-09-24T16:30:37+02:00,k-node13984970350,sat koordinater,,"56.9594101, 8.7909014",
2026-09-24T16:30:37+02:00,k-node13984970350,sat begrundelse,,"Badebro (100 m ifølge OSM) ved Sennels badested ud til mørkt vand i Thisted Bredning. Broen kan ikke ses på luftfotoet, så den er måske en sommerbro. Åbent mod sydøst.",
2026-09-24T16:30:37+02:00,k-node13984998938,sat vurdering,,måske,
2026-09-24T16:30:37+02:00,k-node13984998938,sat type,,badebro,
2026-09-24T16:30:37+02:00,k-node13984998938,sat koordinater,,"56.9117640, 8.9146898",
2026-09-24T16:30:37+02:00,k-node13984998938,sat begrundelse,,"Badebro (30 m ifølge OSM) ved Ejerslev Lyng ud til mørkt vand. Broen kan ikke ses på luftfotoet, så den er måske en sommerbro. Åben kyst mod øst.",
2026-09-24T16:30:37+02:00,k-node13985488731,sat vurdering,,måske,
2026-09-24T16:30:37+02:00,k-node13985488731,sat type,,badebro,
2026-09-24T16:30:37+02:00,k-node13985488731,sat koordinater,,"57.0633396, 9.8962524",
2026-09-24T16:30:37+02:00,k-node13985488731,sat begrundelse,,"Badebro (20 m) ved Lindholm Brygge i Nørresundby med mørkt, dybt vand. Men Limfjorden er her en ca. 500 m bred rende med strøm og skibstrafik.",
2026-09-24T16:30:37+02:00,k-node13985540514,sat vurdering,,måske,
2026-09-24T16:30:37+02:00,k-node13985540514,sat type,,badebro,
2026-09-24T16:30:37+02:00,k-node13985540514,sat koordinater,,"57.0648416, 10.0360235",
2026-09-24T16:30:37+02:00,k-node13985540514,sat begrundelse,,"Badebro (103 m ifølge OSM) ved Hesteskoen øst for Aalborg, som ikke kan ses på det gamle vinterbillede. Limfjorden er bred her, og Nordjyllandsværket ligger lige nord for.",
2026-09-24T16:30:37+02:00,k-node13985713770,sat vurdering,,nej,
2026-09-24T16:30:37+02:00,k-node13985713770,sat type,,bro,
2026-09-24T16:30:37+02:00,k-node13985713770,sat begrundelse,,"Den lange bro (327 m) ved Dokkedal ender stadig på lyst, lavt sandvand med ålegræs. For lavt til dockstart.",
2026-09-24T16:31:23+02:00,k-node13977698268,sat vurdering,,lovende,
2026-09-24T16:31:23+02:00,k-node13977698268,sat type,,badebro,
2026-09-24T16:31:23+02:00,k-node13977698268,sat koordinater,,"55.5003946, 11.6995694",
2026-09-24T16:31:23+02:00,k-node13977698268,sat begrundelse,,"Badested ved Gyrstinge Sø med en bro, der går ca. 50 m ud fra bredden (OSM: 49 + 64 m inkl. gangbro). Stor, rolig sø med masser af plads. Vandet er ensartet grønt på luftfotoet (alger?).",
2026-09-24T16:31:23+02:00,k-node13977700320,sat vurdering,,måske,
2026-09-24T16:31:23+02:00,k-node13977700320,sat type,,badebro,
2026-09-24T16:31:23+02:00,k-node13977700320,sat koordinater,,"55.3522024, 11.6881249",
2026-09-24T16:31:23+02:00,k-node13977700320,sat begrundelse,,"Badebro (69 m) gennem rørskoven ud til Glumsø Sø (ca. 400 m bred). Broen ender ved kanten af rørskoven, så dybden er uklar, og vandet er helt grønt på luftfotoet (alger).",
2026-09-24T16:31:23+02:00,k-node13978894378,sat vurdering,,måske,
2026-09-24T16:31:23+02:00,k-node13978894378,sat type,,badebro,
2026-09-24T16:31:23+02:00,k-node13978894378,sat koordinater,,"55.5497234, 12.2500527",
2026-09-24T16:31:23+02:00,k-node13978894378,sat begrundelse,,"Badebro ved Trylleskoven (OSM: 104 m inkl. sti over klitten), som ikke ses på vinterluftfotoet. Lyst, lavt vand med sandrevler i Køge Bugt og åben kyst.",
2026-09-24T16:31:23+02:00,k-node13978900134,sat vurdering,,måske,
2026-09-24T16:31:23+02:00,k-node13978900134,sat type,,badebro,
2026-09-24T16:31:23+02:00,k-node13978900134,sat koordinater,,"55.5557887, 12.2592055",
2026-09-24T16:31:23+02:00,k-node13978900134,sat begrundelse,,"Badebro (OSM: 36 m) ved Karlstrup Strandpark, som ikke ses på vinterluftfotoet. Lyst, lavt vand i Køge Bugt og åben kyst.",
2026-09-24T16:31:23+02:00,k-node13978900963,sat vurdering,,måske,
2026-09-24T16:31:23+02:00,k-node13978900963,sat type,,badebro,
2026-09-24T16:31:23+02:00,k-node13978900963,sat koordinater,,"55.5805865, 12.3139731",
2026-09-24T16:31:23+02:00,k-node13978900963,sat begrundelse,,"Badebro (OSM: 36 m) ved Greve Badehotel, som ikke ses på vinterluftfotoet. Lyst, lavt vand i Køge Bugt og åben kyst.",
2026-09-24T16:31:23+02:00,k-node13978918756,sat vurdering,,lovende,
2026-09-24T16:31:23+02:00,k-node13978918756,sat type,,badebro,
2026-09-24T16:31:23+02:00,k-node13978918756,sat koordinater,,"55.5922655, 12.3543516",
2026-09-24T16:31:23+02:00,k-node13978918756,sat begrundelse,,"Badested med lille platform (OSM: 8 m) i Hundige Havn ud til et forholdsvis frit bassin (ca. 70×70 m) med mørkt vand. Spottet Hejren (slæbested, virker) ligger i samme havn. Tjek bådtrafik mod havnemundingen.",
2026-09-24T16:31:23+02:00,k-node14028759938,sat vurdering,,måske,
2026-09-24T16:31:23+02:00,k-node14028759938,sat type,,badebro,
2026-09-24T16:31:23+02:00,k-node14028759938,sat koordinater,,"55.3242288, 11.1367716",
2026-09-24T16:31:23+02:00,k-node14028759938,sat begrundelse,,Kort badebro (19 m) ved Quistgaardsvej Strand i Korsør ud til klart vand med sten og ålegræs. Åben kyst mod Storebælt med bølger.,
2026-09-24T16:31:23+02:00,k-node2551670076,sat vurdering,,nej,
2026-09-24T16:31:23+02:00,k-node2551670076,sat type,,andet,
2026-09-24T16:31:23+02:00,k-node2551670076,sat begrundelse,,"Kanocamping ved Suså, som kun er ca. 25–40 m bred og har strøm. Ingen bro.",
2026-09-24T16:31:23+02:00,k-node6534091249,sat vurdering,,nej,
2026-09-24T16:31:23+02:00,k-node6534091249,sat type,,andet,
2026-09-24T16:31:23+02:00,k-node6534091249,sat begrundelse,,Roklubbens sommerhus ligger i en mark ca. 100 m fra vandet. Ingen bro.,
2026-09-24T16:31:23+02:00,k-way1213688639,sat vurdering,,måske,
2026-09-24T16:31:23+02:00,k-way1213688639,sat type,,badebro,
2026-09-24T16:31:23+02:00,k-way1213688639,sat koordinater,,"55.3656835, 11.1308853",
2026-09-24T16:31:23+02:00,k-way1213688639,sat begrundelse,,"Badebro (OSM: 46 m) ved Musholm Bugt Strand, som ikke ses på luftfotoet (sæsonbro). Vand med meget ålegræs, og åbent mod nord.",
2026-09-24T16:31:36+02:00,k-node1472900418,sat vurdering,,måske,
2026-09-24T16:31:36+02:00,k-node1472900418,sat type,,bro,
2026-09-24T16:31:36+02:00,k-node1472900418,sat koordinater,,"55.0520759, 10.6777856",
2026-09-24T16:31:36+02:00,k-node1472900418,sat begrundelse,,"To broer (46–55 m) med få både ved Mejeri Havnen på Thurø, ud i Thurø Bund. Meget beskyttet vand med god plads, men bugten er lavvandet (mellemgrønt vand ved broenderne); mulig bådelaugsbro.",
2026-09-24T16:31:36+02:00,k-node2870329919,sat vurdering,,nej,
2026-09-24T16:31:36+02:00,k-node2870329919,sat type,,bro,
2026-09-24T16:31:36+02:00,k-node2870329919,sat begrundelse,,"Faldsled Havn er en lille lystbådehavn, tæt pakket med både langs alle broer. Ikke plads til at pumpe.",
2026-09-24T16:31:36+02:00,k-node2870465640,sat vurdering,,nej,
2026-09-24T16:31:36+02:00,k-node2870465640,sat type,,bro,
2026-09-24T16:31:36+02:00,k-node2870465640,sat begrundelse,,Rudkøbing Lystbådehavn er tæt pakket med både; kun ca. 30 m mellem bådrækkerne.,
2026-09-24T16:31:36+02:00,k-node2894471952,sat vurdering,,nej,
2026-09-24T16:31:36+02:00,k-node2894471952,sat type,,bro,
2026-09-24T16:31:36+02:00,k-node2894471952,sat begrundelse,,"Birkholm Havn er en lille ø-havn (bassin ca. 35×50 m), og vandet uden for molen er lavt med ålegræs (Det Sydfynske Øhav).",
2026-09-24T16:31:36+02:00,k-node3248813993,sat vurdering,,nej,
2026-09-24T16:31:36+02:00,k-node3248813993,sat type,,bro,
2026-09-24T16:31:36+02:00,k-node3248813993,sat begrundelse,,"Fynshav Bådehavn har tætte bådbroer med både, og færgehavnen ligger lige nord for. Ikke plads til at pumpe.",
2026-09-24T16:31:36+02:00,k-node374203843,sat vurdering,,måske,
2026-09-24T16:31:36+02:00,k-node374203843,sat type,,bro,
2026-09-24T16:31:36+02:00,k-node374203843,sat koordinater,,"55.0349800, 10.6444767",
2026-09-24T16:31:36+02:00,k-node374203843,sat begrundelse,,Lille lystbådehavn i Troense med lange broer (99–120 m) og få både; mørkt vand og god plads mellem og uden for broerne i en beskyttet bugt. Havn med bådtrafik; badning kræver nok tilladelse.,
2026-09-24T16:31:36+02:00,k-node4118388866,sat vurdering,,nej,
2026-09-24T16:31:36+02:00,k-node4118388866,sat type,,bro,
2026-09-24T16:31:36+02:00,k-node4118388866,sat begrundelse,,"Bregnør Havn er en lille havn (ca. 65×80 m), delt af en midterbro med både, så der kun er ca. 30 m på hver side. Vandet uden for molen er lavt.",
2026-09-24T16:31:36+02:00,k-node4321071989,sat vurdering,,måske,
2026-09-24T16:31:36+02:00,k-node4321071989,sat type,,bro,
2026-09-24T16:31:36+02:00,k-node4321071989,sat koordinater,,"55.0628402, 10.8622395",
2026-09-24T16:31:36+02:00,k-node4321071989,sat begrundelse,,"Dageløkke Lystbådehavn: næsten tomt havnebassin (ca. 80×80 m) med mørkt vand og en bro (31 m) i midten. Billedet er nok fra foråret, før bådene kommer i; badning i havnen kræver nok tilladelse.",
2026-09-24T16:31:36+02:00,k-node4321108385,sat vurdering,,nej,
2026-09-24T16:31:36+02:00,k-node4321108385,sat type,,slæbested,
2026-09-24T16:31:36+02:00,k-node4321108385,sat begrundelse,,"Slæbested i Bagenkop Havn, som er en travl fiskeri- og lystbådehavn tæt pakket med både. Ikke plads til at pumpe.",
2026-09-24T16:31:36+02:00,k-node4329007321,sat vurdering,,nej,
2026-09-24T16:31:36+02:00,k-node4329007321,sat type,,bro,
2026-09-24T16:31:36+02:00,k-node4329007321,sat begrundelse,,"Madsens Plads i Svendborgsund: mange private broer fra villahaver og en lille bådeplads, tæt ved Svendborgsundbroen, hvor der er kraftig strøm og bådtrafik.",
2026-09-24T16:31:43+02:00,k-node1293166522,sat vurdering,,lovende,
2026-09-24T16:31:43+02:00,k-node1293166522,sat type,,bro,
2026-09-24T16:31:43+02:00,k-node1293166522,sat koordinater,,"55.7743150, 12.4924389",
2026-09-24T16:31:43+02:00,k-node1293166522,sat begrundelse,,"Broer (38–70 m) ved Lyngby Roklub og kanoklubben ud i Lyngby Sø. Mørkt, roligt søvand med over 150 m fri plads. Klubadgang, og der er ro- og kanotrafik.",
2026-09-24T16:31:43+02:00,k-node13020819287,sat vurdering,,lovende,
2026-09-24T16:31:43+02:00,k-node13020819287,sat type,,bro,
2026-09-24T16:31:43+02:00,k-node13020819287,sat koordinater,,"55.7684593, 12.4704236",
2026-09-24T16:31:43+02:00,k-node13020819287,sat begrundelse,,"Kano- og kajakklubbernes broer (32–51 m) ud i Bagsværd Sø. Mørkt, roligt søvand med stor plads. Klubadgang, og der er meget rotrafik på søen (rostadion).",
2026-09-24T16:31:43+02:00,k-node13985350364,sat vurdering,,måske,
2026-09-24T16:31:43+02:00,k-node13985350364,sat type,,badebro,
2026-09-24T16:31:43+02:00,k-node13985350364,sat koordinater,,"55.7853506, 12.5952106",
2026-09-24T16:31:43+02:00,k-node13985350364,sat begrundelse,,"Taarbæk Søbadeanstalts badebro (115 m) ud i Øresund. Mørkere vand for enden af broen, men det er åben kyst med lyst, lavt vand tættere på land.",
2026-09-24T16:31:43+02:00,k-node8143723554,sat vurdering,,nej,
2026-09-24T16:31:43+02:00,k-node8143723554,sat type,,bro,
2026-09-24T16:31:43+02:00,k-node8143723554,sat begrundelse,,Kanoudlejningens broer (37 og 63 m) ligger ved Mølleåen i Frederiksdal. Åen er kun ca. 25 m bred med strøm og kanotrafik.,
2026-09-24T16:31:43+02:00,k-node9041558648,sat vurdering,,nej,
2026-09-24T16:31:43+02:00,k-node9041558648,sat type,,bro,
2026-09-24T16:31:43+02:00,k-node9041558648,sat begrundelse,,"Kajakklubben ligger ved den lille Orø Havn, der er tæt pakket med både. Uden for havnen er der lavt vand med ålegræs.",
2026-09-24T16:31:43+02:00,k-way184072850,sat vurdering,,lovende,
2026-09-24T16:31:43+02:00,k-way184072850,sat type,,bro,
2026-09-24T16:31:43+02:00,k-way184072850,sat koordinater,,"55.8151167, 12.4330203",
2026-09-24T16:31:43+02:00,k-way184072850,sat begrundelse,,"Birkerød Roklubs broer (79 m og en lang bro) ud i Furesø. Mørkt, dybt søvand med masser af plads. Klubadgang.",
2026-09-24T16:31:43+02:00,k-way380897646,sat vurdering,,nej,
2026-09-24T16:31:43+02:00,k-way380897646,sat type,,bro,
2026-09-24T16:31:43+02:00,k-way380897646,sat begrundelse,,"Kajakklubbens hus ligger ved Rørvig Havn, hvor broerne (7–73 m) er inde i en tæt pakket havn. Uden for er der lyst, lavt vand; luftfotoet er uskarpt.",
2026-09-24T16:31:43+02:00,k-way911869268,sat vurdering,,måske,
2026-09-24T16:31:43+02:00,k-way911869268,sat type,,andet,
2026-09-24T16:31:43+02:00,k-way911869268,sat koordinater,,"55.9407654, 11.8667725",
2026-09-24T16:31:43+02:00,k-way911869268,sat begrundelse,,"Vinterbadeklub på molen ved Lynæs Havn. Mørkere vand på læsiden af molen, men der ses ingen bro eller ponton, og det er åben kyst med bølger på vestsiden.",
2026-09-24T16:31:43+02:00,k-way93835005,sat vurdering,,nej,
2026-09-24T16:31:43+02:00,k-way93835005,sat type,,bro,
2026-09-24T16:31:43+02:00,k-way93835005,sat begrundelse,,"Klubhuset ligger inde i Gilleleje Havn, som er tæt pakket med både. Luftfotoet er gråt og uskarpt.",
2026-09-24T16:31:43+02:00,k-node11166859726,sat vurdering,,nej,
2026-09-24T16:31:43+02:00,k-node11166859726,sat type,,andet,
2026-09-24T16:31:43+02:00,k-node11166859726,sat begrundelse,,"Badestedet ligger på ydersiden af molen ved Fiskerihavnen uden bro, og broerne (18–53 m) ligger inde i den tæt pakkede lystbådehavn.",
2026-09-24T16:31:51+02:00,k-node13920386038,sat vurdering,,måske,
2026-09-24T16:31:51+02:00,k-node13920386038,sat type,,bro,
2026-09-24T16:31:51+02:00,k-node13920386038,sat koordinater,,"55.1049732, 9.5264919",
2026-09-24T16:31:51+02:00,k-node13920386038,sat begrundelse,,Loddenhøj Strand: badebro (40–54 m) fra stranden ud i Aabenraa Fjords yderste del med mørkt vand for enden. Åben mod øst med bølger; lille lystbådehavn lige nord for.,
2026-09-24T16:31:51+02:00,k-node13922020819,sat vurdering,,måske,
2026-09-24T16:31:51+02:00,k-node13922020819,sat type,,bro,
2026-09-24T16:31:51+02:00,k-node13922020819,sat koordinater,,"55.2666578, 9.8799764",
2026-09-24T16:31:51+02:00,k-node13922020819,sat begrundelse,,Assens Næs Strand: bro (60 m) fra stranden ud i Lillebælt med mørkt vand for enden. Åben vestkyst med bølger; broen ligger i kanten af nærbilledet.,
2026-09-24T16:31:51+02:00,k-node13922040792,sat vurdering,,måske,
2026-09-24T16:31:51+02:00,k-node13922040792,sat type,,bro,
2026-09-24T16:31:51+02:00,k-node13922040792,sat koordinater,,"55.3581148, 9.6162161",
2026-09-24T16:31:51+02:00,k-node13922040792,sat begrundelse,,"Anslet Strand: to badebroer (51 og 86 m) ud over et bredt bælte med ålegræs/sten i Lillebælt ved Anslet. Mørkt vand for enden, men åben kyst og lavt ved land.",
2026-09-24T16:31:51+02:00,k-node7689541583,sat vurdering,,nej,
2026-09-24T16:31:51+02:00,k-node7689541583,sat type,,andet,
2026-09-24T16:31:51+02:00,k-node7689541583,sat begrundelse,,Vestjysk Kanoudlejning er et lager/erhvervsområde på land ved Kvie uden vand. Fejl i søgningen (udlejning).,
2026-09-24T16:31:51+02:00,k-node9335157681,sat vurdering,,nej,
2026-09-24T16:31:51+02:00,k-node9335157681,sat type,,bro,
2026-09-24T16:31:51+02:00,k-node9335157681,sat begrundelse,,Nybro Kanoplads: lille bro (11 m) ved en smal å (ca. 15 m) ved Nybro. For smalt.,
2026-09-24T16:31:51+02:00,k-way106020151,sat vurdering,,måske,
2026-09-24T16:31:51+02:00,k-way106020151,sat type,,bro,
2026-09-24T16:31:51+02:00,k-way106020151,sat koordinater,,"55.5119807, 9.7115786",
2026-09-24T16:31:51+02:00,k-way106020151,sat begrundelse,,"Middelfart Roklub ved Hindsgavl: betonbro/platform ud i Lillebælt ved siden af en lille lystbådehavn, mørkt dybt vand. Kraftig strøm i Lillebælt og bådtrafik.",
2026-09-24T16:31:51+02:00,k-way1224968598,sat vurdering,,nej,
2026-09-24T16:31:51+02:00,k-way1224968598,sat type,,bro,
2026-09-24T16:31:51+02:00,k-way1224968598,sat begrundelse,,Kanobro (52 m) langs en smal å (ca. 15 m) ved Hee. For smalt.,
2026-09-24T16:31:51+02:00,k-way166003113,sat vurdering,,måske,
2026-09-24T16:31:51+02:00,k-way166003113,sat type,,bro,
2026-09-24T16:31:51+02:00,k-way166003113,sat koordinater,,"54.9162521, 9.5923989",
2026-09-24T16:31:51+02:00,k-way166003113,sat begrundelse,,"Deutscher Ruderverein Gravenstein: bro (35 m) fra stranden ud i Gråsten Havn/Nybøl Nor. Stort frit vand, men rørskov og lavt vand ved land, og vindbølger på luftfotoet.",
2026-09-24T16:31:51+02:00,k-way220281512,sat vurdering,,lovende,
2026-09-24T16:31:51+02:00,k-way220281512,sat type,,bro,
2026-09-24T16:31:51+02:00,k-way220281512,sat koordinater,,"56.2074906, 9.0150462",
2026-09-24T16:31:51+02:00,k-way220281512,sat begrundelse,,"Herning Roklub ved Sunds Sø: L-formet bro (35 m) ud i søen med mørkt vand. Stor, rolig sø med offentlig park; kortere broer (12 m) ved siden af.",
2026-09-24T16:31:51+02:00,k-way220283123,sat vurdering,,lovende,
2026-09-24T16:31:51+02:00,k-way220283123,sat type,,bro,
2026-09-24T16:31:51+02:00,k-way220283123,sat koordinater,,"56.2131552, 9.0129417",
2026-09-24T16:31:51+02:00,k-way220283123,sat begrundelse,,"Sunds GF Kajakklub: bro (56 m) gennem rørskoven ud i Sunds Sø til mørkt, åbent vand. Stor, rolig sø; smal adgang gennem rørene.",
2026-09-24T16:31:51+02:00,k-way228637721,sat vurdering,,måske,
2026-09-24T16:31:51+02:00,k-way228637721,sat type,,slæbested,
2026-09-24T16:31:51+02:00,k-way228637721,sat koordinater,,"54.9178664, 9.5955090",
2026-09-24T16:31:51+02:00,k-way228637721,sat begrundelse,,"Gråsten Roklub: slæbested med kort bro (ca. 15 m) ud i Gråsten Havn. Stort frit vand, men åbent for vind (bølger på luftfotoet) og uklart, om der er en egentlig bro.",
2026-09-24T16:31:51+02:00,k-way233263309,sat vurdering,,nej,
2026-09-24T16:31:51+02:00,k-way233263309,sat type,,bro,
2026-09-24T16:31:51+02:00,k-way233263309,sat begrundelse,,"Kongeaa Camping og Kano: meget lille bro (6 m) ved Kongeåen, som kun er ca. 20 m bred. For smalt.",
2026-09-24T16:31:51+02:00,k-way317202490,sat vurdering,,måske,
2026-09-24T16:31:51+02:00,k-way317202490,sat type,,bro,
2026-09-24T16:31:51+02:00,k-way317202490,sat koordinater,,"55.2468870, 9.4797369",
2026-09-24T16:31:51+02:00,k-way317202490,sat begrundelse,,"Deutscher Ruderverein Hadersleben: bro (39 m) ud i Haderslev Dam, som er stor nok. Overfladen er dækket af grønt (planter/alger) på luftfotoet.",
2026-09-24T16:31:51+02:00,k-way778214214,sat vurdering,,nej,
2026-09-24T16:31:51+02:00,k-way778214214,sat type,,bro,
2026-09-24T16:31:51+02:00,k-way778214214,sat begrundelse,,"Kajakklubben Sydvest: lille bro (18 m) ved Varde Å, som kun er ca. 25 m bred. For smalt.",
2026-09-24T16:31:51+02:00,k-node11417009632,sat vurdering,,nej,
2026-09-24T16:31:51+02:00,k-node11417009632,sat type,,andet,
2026-09-24T16:31:51+02:00,k-node11417009632,sat begrundelse,,Vemb Kanoplads: kanoplads uden bro ved en smal å (ca. 15 m) ved renseanlægget. For smalt.,
2026-09-24T16:31:51+02:00,k-node11426793977,sat vurdering,,nej,
2026-09-24T16:31:51+02:00,k-node11426793977,sat type,,andet,
2026-09-24T16:31:51+02:00,k-node11426793977,sat begrundelse,,"Holstebro Kanoplads: kanoplads uden bro ved Storå midt i byen, ca. 20 m bred. For smalt.",
2026-09-24T16:31:51+02:00,k-node12331274862,sat vurdering,,lovende,
2026-09-24T16:31:51+02:00,k-node12331274862,sat type,,badebro,
2026-09-24T16:31:51+02:00,k-node12331274862,sat koordinater,,"55.4960351, 9.5445117",
2026-09-24T16:31:51+02:00,k-node12331274862,sat begrundelse,,Lyshøj Fjordbad/Badebroen Fjordvej: lang badebro (187 m) og en bro (70 m) ud i Kolding Fjord til mørkt vand. Offentligt badested i en beskyttet fjord med kajakisætning.,
2026-09-24T16:31:51+02:00,k-node12460428733,sat vurdering,,nej,
2026-09-24T16:31:51+02:00,k-node12460428733,sat type,,andet,
2026-09-24T16:31:51+02:00,k-node12460428733,sat begrundelse,,Balancegården Kanoplads: kanoplads uden bro ved en smal å (ca. 15 m). For smalt.,
2026-09-24T16:31:51+02:00,k-node13917831423,sat vurdering,,måske,
2026-09-24T16:31:51+02:00,k-node13917831423,sat type,,bro,
2026-09-24T16:31:51+02:00,k-node13917831423,sat koordinater,,"55.6841703, 9.6837943",
2026-09-24T16:31:51+02:00,k-node13917831423,sat begrundelse,,"Fjellerup Strand: kort bro (15 m) ud i Vejle Fjord, hvor vandet bliver mørkt/dybt hurtigt. Broen er kort og ligger ved private huse; tjek om den er offentlig.",
2026-09-24T16:31:51+02:00,k-node13917832922,sat vurdering,,måske,
2026-09-24T16:31:51+02:00,k-node13917832922,sat type,,badebro,
2026-09-24T16:31:51+02:00,k-node13917832922,sat koordinater,,"55.5791125, 9.7862110",
2026-09-24T16:31:51+02:00,k-node13917832922,sat begrundelse,,"Hyby Strand: badebro (43 m i OSM) fra stranden ud i Lillebælt nord for Fredericia. Broen ses ikke på luftfotoet (sæsonbro?), lavt sandvand ved land og åben kyst.",
2026-09-24T16:32:31+02:00,k-node13985783741,sat vurdering,,måske,
2026-09-24T16:32:31+02:00,k-node13985783741,sat type,,bro,
2026-09-24T16:32:31+02:00,k-node13985783741,sat koordinater,,"56.7956020, 10.2817104",
2026-09-24T16:32:31+02:00,k-node13985783741,sat begrundelse,,"Lang bro (163 m) fra Novostranden ud over en lagune med mørke ålegræsbanker til den ydre sandbanke. Vandet er sandsynligvis lavt, og Kattegat udenfor er lyst og lavt.",
2026-09-24T16:32:31+02:00,k-node13986715463,sat vurdering,,måske,
2026-09-24T16:32:31+02:00,k-node13986715463,sat type,,bro,
2026-09-24T16:32:31+02:00,k-node13986715463,sat koordinater,,"56.9841588, 9.6297261",
2026-09-24T16:32:31+02:00,k-node13986715463,sat begrundelse,,"T-formet bro (68 m) går ud i Nibe Bredning syd for havnen, og vandet ved enden er mørkt. Men bredningen er kendt for at være lav med ålegræs, og billedet er et vinterbillede.",
2026-09-24T16:32:31+02:00,k-node13990679391,sat vurdering,,lovende,
2026-09-24T16:32:31+02:00,k-node13990679391,sat type,,badebro,
2026-09-24T16:32:31+02:00,k-node13990679391,sat koordinater,,"56.6488023, 9.8683027",
2026-09-24T16:32:31+02:00,k-node13990679391,sat begrundelse,,"Badebro (33 m) ved det offentlige badested Bramslev Bakker går ud til mørkt, dybt vand i Mariager Fjord. Fjorden er ca. 1 km bred her og har læ fra nord.",
2026-09-24T16:32:31+02:00,k-node13990836681,sat vurdering,,lovende,
2026-09-24T16:32:31+02:00,k-node13990836681,sat type,,badebro,
2026-09-24T16:32:31+02:00,k-node13990836681,sat koordinater,,"56.6436775, 9.8147523",
2026-09-24T16:32:31+02:00,k-node13990836681,sat begrundelse,,"Nøglebroen ved Sildehagen (43 m, rund badebro) går ud til mørkt, dybt vand i den indre del af Mariager Fjord ved Hobro. Masser af plads øst for lystbådehavnen. Hobro Roklub (eksisterende spot) ligger ca. 800 m væk.",
2026-09-24T16:32:31+02:00,k-node13994868492,sat vurdering,,måske,
2026-09-24T16:32:31+02:00,k-node13994868492,sat type,,badebro,
2026-09-24T16:32:31+02:00,k-node13994868492,sat koordinater,,"56.9731795, 9.6217501",
2026-09-24T16:32:31+02:00,k-node13994868492,sat begrundelse,,"Badebro (38 m ifølge OSM) ved campingpladsen nord for Nibe, men den kan ikke ses på vinterbilledet. Vandet er lyst og lavt ved kysten og bliver først mørkt længere ude i Nibe Bredning.",
2026-09-24T16:32:31+02:00,k-node14029396329,sat vurdering,,lovende,
2026-09-24T16:32:31+02:00,k-node14029396329,sat type,,badebro,
2026-09-24T16:32:31+02:00,k-node14029396329,sat koordinater,,"56.5565994, 9.0276472",
2026-09-24T16:32:31+02:00,k-node14029396329,sat begrundelse,,"Badebro (57 m ifølge OSM, ca. 25 m synlig) ved det offentlige badested i Gymnasieparken i Skive. Lille sø på ca. 120×100 m med mørkt vand og læ. Søen er lille, men plads nok til at pumpe.",
2026-09-24T16:32:31+02:00,k-node2390353671,sat vurdering,,nej,
2026-09-24T16:32:31+02:00,k-node2390353671,sat type,,andet,
2026-09-24T16:32:31+02:00,k-node2390353671,sat begrundelse,,OSM-punktet 'Kano' ligger midt i en skov uden synligt vand ud over små damme. Fejl i søgningen eller en kanoplads uden bro.,
2026-09-24T16:32:31+02:00,k-way730247127,sat vurdering,,nej,
2026-09-24T16:32:31+02:00,k-way730247127,sat type,,strand,
2026-09-24T16:32:31+02:00,k-way730247127,sat begrundelse,,Havkajakklubben har et klubhus ved en stenet strand uden bro. Havnen syd for er lille og tæt belagt.,
2026-09-24T16:32:31+02:00,k-node13019228202,sat vurdering,,måske,
2026-09-24T16:32:31+02:00,k-node13019228202,sat type,,bro,
2026-09-24T16:32:31+02:00,k-node13019228202,sat koordinater,,"56.5966890, 9.0445916",
2026-09-24T16:32:31+02:00,k-node13019228202,sat begrundelse,,"Windsurf- og SUP-centeret har en bro på 43 m ud i Skive Fjord med mørkt vand. Fjorden er ca. 1,5 km bred og åben for vind, og broens yderste ende ligger uden for billedet.",
2026-09-24T16:32:31+02:00,k-node1018651936,sat vurdering,,nej,
2026-09-24T16:32:31+02:00,k-node1018651936,sat type,,slæbested,
2026-09-24T16:32:31+02:00,k-node1018651936,sat begrundelse,,Nørresundby Lystbådehavn er tæt pakket med både. Limfjorden udenfor ved Limfjordsbroen har strøm og skibstrafik.,
2026-09-24T16:32:55+02:00,k-way219447579,sat vurdering,,måske,
2026-09-24T16:32:55+02:00,k-way219447579,sat type,,bro,
2026-09-24T16:32:55+02:00,k-way219447579,sat koordinater,,"55.2176100, 11.7458001",
2026-09-24T16:32:55+02:00,k-way219447579,sat begrundelse,,Næstved Roklub ved Næstved Kanal (ca. 90 m bred her) med en lille bro/ponton ved klubhuset. Kanalen har skibstrafik til Næstved Havn og måske lidt strøm.,
2026-09-24T16:32:55+02:00,k-way219467402,sat vurdering,,nej,
2026-09-24T16:32:55+02:00,k-way219467402,sat type,,andet,
2026-09-24T16:32:55+02:00,k-way219467402,sat begrundelse,,Roklubben Viking ved Faxe Ladeplads har ingen bro; klubhuset ligger ved en åben strand med bølger.,
2026-09-24T16:32:55+02:00,k-way219468211,sat vurdering,,lovende,
2026-09-24T16:32:55+02:00,k-way219468211,sat type,,ponton,
2026-09-24T16:32:55+02:00,k-way219468211,sat koordinater,,"55.4378864, 11.5485905",
2026-09-24T16:32:55+02:00,k-way219468211,sat begrundelse,,"Sorø Roklub med ponton/flydebro ud i Sorø Sø. Stor, rolig sø med mørkt, dybt vand og masser af plads. Luftfotoet er fra forår (bladløse træer).",
2026-09-24T16:32:55+02:00,k-way585495967,sat vurdering,,nej,
2026-09-24T16:32:55+02:00,k-way585495967,sat type,,andet,
2026-09-24T16:32:55+02:00,k-way585495967,sat begrundelse,,"Næstved Kajak- og Kanoklub ved Næstved Kanal, som kun er ca. 45–50 m bred her og har skibstrafik. Ingen synlig bro.",
2026-09-24T16:32:55+02:00,k-node13977149366,sat vurdering,,nej,
2026-09-24T16:32:55+02:00,k-node13977149366,sat type,,strand,
2026-09-24T16:32:55+02:00,k-node13977149366,sat begrundelse,,Holeby Østersøbad (vinterbad) ligger på en meget udsat strand på Lollands sydkyst med brændinger. Ingen bro.,
2026-09-24T16:32:55+02:00,k-way119212368,sat vurdering,,måske,
2026-09-24T16:32:55+02:00,k-way119212368,sat type,,badebro,
2026-09-24T16:32:55+02:00,k-way119212368,sat koordinater,,"55.5650152, 12.6220803",
2026-09-24T16:32:55+02:00,k-way119212368,sat begrundelse,,"Meget lang badebro (655 m) ved Søvang på Amager ud over lavt vand med ålegræs. Selv ved broens ende ser vandet lavt ud, og det er åbent mod Øresund. Broen ses ikke på luftfotoet.",
2026-09-24T16:32:55+02:00,k-node12157447389,sat vurdering,,måske,
2026-09-24T16:32:55+02:00,k-node12157447389,sat type,,bro,
2026-09-24T16:32:55+02:00,k-node12157447389,sat koordinater,,"54.9849947, 12.2788388",
2026-09-24T16:32:55+02:00,k-node12157447389,sat begrundelse,,"Stege Lystbådehavn er tæt pakket, men på molens nordvesthjørne er der en lille platform ud til mørkt vand nord for havnen. Uklart hvad platformen bruges til og om der er adgang.",
2026-09-24T16:32:55+02:00,k-node12618050316,sat vurdering,,nej,
2026-09-24T16:32:55+02:00,k-node12618050316,sat type,,bro,
2026-09-24T16:32:55+02:00,k-node12618050316,sat begrundelse,,Sejlklubben Snekken i Vordingborg Nordhavn: broerne er fyldt med både. Et eksisterende spot ligger ca. 300 m mod øst i samme havn.,
2026-09-24T16:32:55+02:00,k-node13020705839,sat vurdering,,nej,
2026-09-24T16:32:55+02:00,k-node13020705839,sat type,,bro,
2026-09-24T16:32:55+02:00,k-node13020705839,sat begrundelse,,"Hårbølle Havn er en lille, tæt pakket lystbådehavn (bassin ca. 50 m bredt). Ikke plads til at pumpe.",
2026-09-24T16:32:55+02:00,k-node13920981785,sat vurdering,,nej,
2026-09-24T16:32:55+02:00,k-node13920981785,sat type,,strand,
2026-09-24T16:32:55+02:00,k-node13920981785,sat begrundelse,,Svallerup Strand er en åben strand med slæbested ud mod Storebælt. Ingen bro.,
2026-09-24T16:33:08+02:00,k-node13854250364,sat vurdering,,måske,
2026-09-24T16:33:08+02:00,k-node13854250364,sat type,,badebro,
2026-09-24T16:33:08+02:00,k-node13854250364,sat koordinater,,"55.7545719, 11.3223601",
2026-09-24T16:33:08+02:00,k-node13854250364,sat begrundelse,,"Havnsø Havnebad er en kort badebro (21 m) på ydersiden af havnemolen. Mellemmørkt vand, men det er åben kyst mod vest med små bølger på luftfotoet.",
2026-09-24T16:33:08+02:00,k-node13899700336,sat vurdering,,måske,
2026-09-24T16:33:08+02:00,k-node13899700336,sat type,,bro,
2026-09-24T16:33:08+02:00,k-node13899700336,sat koordinater,,"55.8317085, 11.3950134",
2026-09-24T16:33:08+02:00,k-node13899700336,sat begrundelse,,"Lang bro (143 m) fra Ordrup Strand ud i Sejerø Bugt. Lyst vand med sandrevler og åben kyst, så dybden ved broenden er usikker.",
2026-09-24T16:33:08+02:00,k-node13917849547,sat vurdering,,måske,
2026-09-24T16:33:08+02:00,k-node13917849547,sat type,,bro,
2026-09-24T16:33:08+02:00,k-node13917849547,sat koordinater,,"55.8193347, 12.0644393",
2026-09-24T16:33:08+02:00,k-node13917849547,sat begrundelse,,"Broer (40 og 69 m) ved Marbæk Strand i Roskilde Fjord. Den nordlige bro når ud til mørkere vand, men der er lyst, lavt vand langs kysten.",
2026-09-24T16:33:08+02:00,k-node13917889162,sat vurdering,,lovende,
2026-09-24T16:33:08+02:00,k-node13917889162,sat type,,bro,
2026-09-24T16:33:08+02:00,k-node13917889162,sat koordinater,,"55.6786698, 11.9858489",
2026-09-24T16:33:08+02:00,k-node13917889162,sat begrundelse,,Bro (110 m) med T-ender ved Herslev Strand ud i fjorden. Mørkt vand for enden af broen og stor plads; det brune vand ved land tyder på lav dybde tæt på stranden. Offentligt badested.,
2026-09-24T16:33:08+02:00,k-node13919427143,sat vurdering,,måske,
2026-09-24T16:33:08+02:00,k-node13919427143,sat type,,bro,
2026-09-24T16:33:08+02:00,k-node13919427143,sat koordinater,,"56.0771435, 12.5478170",
2026-09-24T16:33:08+02:00,k-node13919427143,sat begrundelse,,"Molen Ålsgårde Langebro (269 m) ud i Øresund/Kattegat. Tydelige bølger og lyst, lavt vand; molens højde er ukendt.",
2026-09-24T16:33:08+02:00,k-node13978522999,sat vurdering,,måske,
2026-09-24T16:33:08+02:00,k-node13978522999,sat type,,badebro,
2026-09-24T16:33:08+02:00,k-node13978522999,sat koordinater,,"55.6370510, 12.6566842",
2026-09-24T16:33:08+02:00,k-node13978522999,sat begrundelse,,"Badebro (50 m) ved Scanport badestation ud til mørkt vand ved en bølgebryder. Offentligt, men åbent mod Øresund mod øst.",
2026-09-24T16:33:08+02:00,k-node13981218934,sat vurdering,,lovende,
2026-09-24T16:33:08+02:00,k-node13981218934,sat type,,badebro,
2026-09-24T16:33:08+02:00,k-node13981218934,sat koordinater,,"55.6768025, 11.0850949",
2026-09-24T16:33:08+02:00,k-node13981218934,sat begrundelse,,"Kalundborg Havnebad (broer 87–159 m ifølge OSM) i havnen ud til mørkt og roligt fjordvand med stor plads. Luftfotoet er ældre end havnebadet, så anlægget ses ikke.",
2026-09-24T16:33:08+02:00,k-node13985359044,sat vurdering,,nej,
2026-09-24T16:33:08+02:00,k-node13985359044,sat type,,strand,
2026-09-24T16:33:08+02:00,k-node13985359044,sat begrundelse,,"Badestedet ligger ved stranden syd for Taarbæk Havn uden egen bro. Lyst, lavt vand, og havnens broer ligger i den tæt pakkede havn.",
2026-09-24T16:33:08+02:00,k-node13989639439,sat vurdering,,måske,
2026-09-24T16:33:08+02:00,k-node13989639439,sat type,,andet,
2026-09-24T16:33:08+02:00,k-node13989639439,sat koordinater,,"55.9632774, 11.9964177",
2026-09-24T16:33:08+02:00,k-node13989639439,sat begrundelse,,"Frederiksværk Fjordbad ved ydersiden af marinaens mole. Der ses kun en lille konstruktion ved molen, ingen egentlig bro, og vandet er grønbrunt og muligvis lavt.",
2026-09-24T16:33:08+02:00,k-node13994493270,sat vurdering,,nej,
2026-09-24T16:33:08+02:00,k-node13994493270,sat type,,strand,
2026-09-24T16:33:08+02:00,k-node13994493270,sat begrundelse,,"Badestedet ligger på ydersiden af Rørvig Havns mole uden bro. Lyst, sandet og lavt vand med bølger.",
2026-09-24T16:33:10+02:00,k-node4925183296,sat vurdering,,nej,
2026-09-24T16:33:10+02:00,k-node4925183296,sat type,,bro,
2026-09-24T16:33:10+02:00,k-node4925183296,sat begrundelse,,"Lyø Havn er en lille havn tæt pakket med både, omgivet af lavt vand med ålegræs. Ikke plads til at pumpe.",
2026-09-24T16:33:10+02:00,k-node5550483432,sat vurdering,,nej,
2026-09-24T16:33:10+02:00,k-node5550483432,sat type,,bro,
2026-09-24T16:33:10+02:00,k-node5550483432,sat begrundelse,,"Agernæs Havn er en meget lille havn (ca. 50×50 m) fyldt med både; uden for er der stenet, åben kyst.",
2026-09-24T16:33:10+02:00,k-node6413664240,sat vurdering,,nej,
2026-09-24T16:33:10+02:00,k-node6413664240,sat type,,bro,
2026-09-24T16:33:10+02:00,k-node6413664240,sat begrundelse,,"Rantzausminde Lystbådehavn: bådbroer med både ca. 30–50 m fra hinanden; billedet er fra foråret, så om sommeren er der endnu mere fyldt. Broerne vest for havnen er private.",
2026-09-24T16:33:10+02:00,k-node6682265494,sat vurdering,,nej,
2026-09-24T16:33:10+02:00,k-node6682265494,sat type,,bro,
2026-09-24T16:33:10+02:00,k-node6682265494,sat begrundelse,,Kerteminde Havns inderhavn: travl fiskeri- og lystbådehavn og sejlrende ud til Kerteminde Fjord med strøm. Kerteminde Havn og Kerteminde Roklub er allerede på kortet.,
2026-09-24T16:33:10+02:00,k-node798779462,sat vurdering,,måske,
2026-09-24T16:33:10+02:00,k-node798779462,sat type,,bro,
2026-09-24T16:33:10+02:00,k-node798779462,sat koordinater,,"55.0980118, 10.2349344",
2026-09-24T16:33:10+02:00,k-node798779462,sat begrundelse,,"Faaborg Sejlklubs små broer (21–33 m) ved siden af den tætte lystbådehavn, ud til frit vand mod nord (ca. 80×100 m). Bådtrafik ind og ud af havnen; uskarpt billede.",
2026-09-24T16:33:10+02:00,k-node873850960,sat vurdering,,nej,
2026-09-24T16:33:10+02:00,k-node873850960,sat type,,bro,
2026-09-24T16:33:10+02:00,k-node873850960,sat begrundelse,,"Hjortø Havn er en meget lille ø-havn med både, omgivet af lavt vand med ålegræs.",
2026-09-24T16:33:10+02:00,k-node893194333,sat vurdering,,måske,
2026-09-24T16:33:10+02:00,k-node893194333,sat type,,bro,
2026-09-24T16:33:10+02:00,k-node893194333,sat koordinater,,"54.9721043, 10.6783025",
2026-09-24T16:33:10+02:00,k-node893194333,sat begrundelse,,Vemmenæs Anløbsbro på Tåsinge: lille havn med få både og et aflangt bassin (ca. 60×150 m) mellem molen og en lang bølgebryder med mørkt vand. Uden for havnen er der lavt vand.,
2026-09-24T16:33:10+02:00,k-way1179616578,sat vurdering,,måske,
2026-09-24T16:33:10+02:00,k-way1179616578,sat type,,bro,
2026-09-24T16:33:10+02:00,k-way1179616578,sat koordinater,,"55.0109745, 10.4720923",
2026-09-24T16:33:10+02:00,k-way1179616578,sat begrundelse,,"Skarø Havn: næsten tomt havnebassin (ca. 50×90 m) med mørkt vand og broer langs begge sider. Øhavn med færgeanløb (Svendborg–Skarø–Drejø), så tjek færgens tider og havnens regler.",
2026-09-24T16:33:10+02:00,k-way1422719083,sat vurdering,,nej,
2026-09-24T16:33:10+02:00,k-way1422719083,sat type,,bro,
2026-09-24T16:33:10+02:00,k-way1422719083,sat begrundelse,,"Vindeby Havn er en lystbådehavn med både langs broerne; broerne ved stranden sydvest for ser private ud, og Svendborgsund har strøm.",
2026-09-24T16:33:10+02:00,k-way379797019,sat vurdering,,nej,
2026-09-24T16:33:10+02:00,k-way379797019,sat type,,slæbested,
2026-09-24T16:33:10+02:00,k-way379797019,sat begrundelse,,"Dyreborg Havn er en meget lille havn tæt pakket med både, og vandet udenfor er lavt.",
2026-09-24T16:33:31+02:00,k-node1204259708,sat vurdering,,nej,
2026-09-24T16:33:31+02:00,k-node1204259708,sat type,,bro,
2026-09-24T16:33:31+02:00,k-node1204259708,sat begrundelse,,"Hobro Lystbådehavn er tæt pakket med både. Det frie fjordvand ligger uden for havnen, og der er bedre steder ved Sildehagen og Mariagerfjord Kajak tæt ved.",
2026-09-24T16:33:31+02:00,k-node12318710953,sat vurdering,,nej,
2026-09-24T16:33:31+02:00,k-node12318710953,sat type,,strand,
2026-09-24T16:33:31+02:00,k-node12318710953,sat begrundelse,,"Kajaklejrpladsen på Jelse Odde (Lundø) ligger ved en smal sandstrand uden bro, og vandet er lavt langs kysten.",
2026-09-24T16:33:31+02:00,k-node13040992331,sat vurdering,,nej,
2026-09-24T16:33:31+02:00,k-node13040992331,sat type,,bro,
2026-09-24T16:33:31+02:00,k-node13040992331,sat begrundelse,,"Ålbæk Havn er en lille, tæt pakket fiskeri- og lystbådehavn uden frit vand mellem bådene.",
2026-09-24T16:33:31+02:00,k-node13063434949,sat vurdering,,nej,
2026-09-24T16:33:31+02:00,k-node13063434949,sat type,,bro,
2026-09-24T16:33:31+02:00,k-node13063434949,sat begrundelse,,"Udlejningens bro (8 m) ligger ved Voer Å, som kun er ca. 10 m bred med strøm.",
2026-09-24T16:33:31+02:00,k-node1039983204,sat vurdering,,nej,
2026-09-24T16:33:31+02:00,k-node1039983204,sat type,,bro,
2026-09-24T16:33:31+02:00,k-node1039983204,sat begrundelse,,Lystbådebroerne ligger i Thyborøns fiskeri- og erhvervshavn med store skibe og trafik.,
2026-09-24T16:33:31+02:00,k-node11039765128,sat vurdering,,nej,
2026-09-24T16:33:31+02:00,k-node11039765128,sat type,,bro,
2026-09-24T16:33:31+02:00,k-node11039765128,sat begrundelse,,Morsø Sejlklubs marina i Nykøbing Mors er tæt pakket med både. Nykøbing Mors Roklub ved Østerstrand er et bedre sted.,
2026-09-24T16:33:31+02:00,k-node11697220055,sat vurdering,,måske,
2026-09-24T16:33:31+02:00,k-node11697220055,sat type,,bro,
2026-09-24T16:33:31+02:00,k-node11697220055,sat koordinater,,"56.9608142, 9.5724871",
2026-09-24T16:33:31+02:00,k-node11697220055,sat begrundelse,,"Bådehavnens bro (70 m) går ud til mørkt, dybt vand i Sebbersund med få både. Men sundet har strøm, og Sebbersundbroen ligger ca. 300 m væk.",
2026-09-24T16:33:31+02:00,k-node13013579205,sat vurdering,,måske,
2026-09-24T16:33:31+02:00,k-node13013579205,sat type,,bro,
2026-09-24T16:33:31+02:00,k-node13013579205,sat koordinater,,"56.6884407, 8.2228002",
2026-09-24T16:33:31+02:00,k-node13013579205,sat begrundelse,,"Thyborøn-Harboøre Lystbådehavn er et lille, beskyttet bassin (ca. 50×80 m) med få både og korte broer (7–40 m). Pladsen er knap, og det er uklart, om det er dybt nok.",
2026-09-24T16:33:31+02:00,k-node13019581325,sat vurdering,,nej,
2026-09-24T16:33:31+02:00,k-node13019581325,sat type,,bro,
2026-09-24T16:33:31+02:00,k-node13019581325,sat begrundelse,,Vestre Bådehavn i Aalborg er tæt pakket med både mellem broerne (24–81 m). Aalborg Sejlklub (eksisterende spot) ligger ca. 1 km mod vest.,
2026-09-24T16:33:31+02:00,k-node13019685502,sat vurdering,,nej,
2026-09-24T16:33:31+02:00,k-node13019685502,sat type,,bro,
2026-09-24T16:33:31+02:00,k-node13019685502,sat begrundelse,,"Frederikshavn Sejlklubs lystbådehavn er tæt pakket med både, og der ligger et rensningsanlæg ved siden af.",
2026-09-24T16:33:47+02:00,k-node13917842950,sat vurdering,,nej,
2026-09-24T16:33:47+02:00,k-node13917842950,sat type,,strand,
2026-09-24T16:33:47+02:00,k-node13917842950,sat begrundelse,,Stranden ved Middelfart Marina: sandstrand uden bro (OSM-broen er 3 m). Mørkt vand tæt ved land; kan bruges til beachstart.,
2026-09-24T16:33:47+02:00,k-node13918397599,sat vurdering,,måske,
2026-09-24T16:33:47+02:00,k-node13918397599,sat type,,bro,
2026-09-24T16:33:47+02:00,k-node13918397599,sat koordinater,,"55.1308093, 9.4749018",
2026-09-24T16:33:47+02:00,k-node13918397599,sat begrundelse,,"Genner Strand: badebro (82 m) med T-hoved ud over et bælte med ålegræs/sten i Genner Bugt. Beskyttet bugt, men vandet ser lavt ud for enden; vinterbillede.",
2026-09-24T16:33:47+02:00,k-node13918397725,sat vurdering,,måske,
2026-09-24T16:33:47+02:00,k-node13918397725,sat type,,bro,
2026-09-24T16:33:47+02:00,k-node13918397725,sat koordinater,,"54.8594991, 9.4983751",
2026-09-24T16:33:47+02:00,k-node13918397725,sat begrundelse,,"Sønderhav: badebro (43 m) ud i Flensborg Fjord ved Okseøerne, med en ældre bro ved siden af. Mørkt, dybt vand, men vindbølger på luftfotoet og åbent mod vest.",
2026-09-24T16:33:47+02:00,k-node13918420438,sat vurdering,,lovende,
2026-09-24T16:33:47+02:00,k-node13918420438,sat type,,bro,
2026-09-24T16:33:47+02:00,k-node13918420438,sat koordinater,,"54.9051752, 9.5878659",
2026-09-24T16:33:47+02:00,k-node13918420438,sat begrundelse,,Alnor Strandpark: badebro (59 m) med sidearm (22 m) ud i Nybøl Nor/Flensborg Fjord til mørkt vand. Offentlig strandpark og beskyttet vand; vindbølger på luftfotoet.,
2026-09-24T16:33:47+02:00,k-node13918436706,sat vurdering,,nej,
2026-09-24T16:33:47+02:00,k-node13918436706,sat type,,bro,
2026-09-24T16:33:47+02:00,k-node13918436706,sat begrundelse,,Kelstrup Strand: kort bro (18 m) på en åben kyst med brændingsbølger på luftfotoet. For udsat og for kort.,
2026-09-24T16:33:47+02:00,k-node13918437892,sat vurdering,,måske,
2026-09-24T16:33:47+02:00,k-node13918437892,sat type,,bro,
2026-09-24T16:33:47+02:00,k-node13918437892,sat koordinater,,"55.1101324, 9.5141992",
2026-09-24T16:33:47+02:00,k-node13918437892,sat begrundelse,,"Barsø Landing: bro/mole (42 m) ved færgelejet til Barsø med mørkt vand for enden. Åben kyst mod Lillebælt, og færgen anløber lige ved siden af.",
2026-09-24T16:33:47+02:00,k-node13918489824,sat vurdering,,lovende,
2026-09-24T16:33:47+02:00,k-node13918489824,sat type,,bro,
2026-09-24T16:33:47+02:00,k-node13918489824,sat koordinater,,"55.5099314, 9.6360685",
2026-09-24T16:33:47+02:00,k-node13918489824,sat begrundelse,,"Skærbæk Strandpark: bro (60 m) med knæk ud i Kolding Fjord til mørkt, dybt vand. Offentlig strandpark i en beskyttet fjord; en bro mere mod nordvest.",
2026-09-24T16:33:47+02:00,k-node13918503119,sat vurdering,,måske,
2026-09-24T16:33:47+02:00,k-node13918503119,sat type,,bro,
2026-09-24T16:33:47+02:00,k-node13918503119,sat koordinater,,"55.4204530, 9.5945354",
2026-09-24T16:33:47+02:00,k-node13918503119,sat begrundelse,,"Binderup Strand: lange broer (47 og 95 m) ud over lyst, lavt sandvand i Lillebælt. Vandet ser lavt ud for enden af broen; åben kyst.",
2026-09-24T16:33:47+02:00,k-node13919343526,sat vurdering,,måske,
2026-09-24T16:33:47+02:00,k-node13919343526,sat type,,bro,
2026-09-24T16:33:47+02:00,k-node13919343526,sat koordinater,,"55.4121661, 9.5967295",
2026-09-24T16:33:47+02:00,k-node13919343526,sat begrundelse,,Grønninghoved Strand: bro (63 m) ud over sandrevler til mørkere vand ved Lillebælt. Lavt ved land og åben kyst; en kitesurfer ses på luftfotoet.,
2026-09-24T16:33:47+02:00,k-node13919393050,sat vurdering,,måske,
2026-09-24T16:33:47+02:00,k-node13919393050,sat type,,bro,
2026-09-24T16:33:47+02:00,k-node13919393050,sat koordinater,,"55.7047108, 9.6975136",
2026-09-24T16:33:47+02:00,k-node13919393050,sat begrundelse,,"Daugaard Strand: kort bro (21 m) ud i Vejle Fjord, hvor vandet bliver mørkt/dybt hurtigt. Beskyttet fjord, men broen er kort; høfder langs stranden.",
2026-09-24T16:33:47+02:00,k-node13919551131,sat vurdering,,måske,
2026-09-24T16:33:47+02:00,k-node13919551131,sat type,,bro,
2026-09-24T16:33:47+02:00,k-node13919551131,sat koordinater,,"55.0806013, 9.7274728",
2026-09-24T16:33:47+02:00,k-node13919551131,sat begrundelse,,"Købingsmark Strand: badebro (42 m) ud i Genner Bugt med lyst, lavt sandvand og ålegræs. Vandet ser lavt ud for enden; åben mod nordøst.",
2026-09-24T16:33:47+02:00,k-node13919576520,sat vurdering,,måske,
2026-09-24T16:33:47+02:00,k-node13919576520,sat type,,bro,
2026-09-24T16:33:47+02:00,k-node13919576520,sat koordinater,,"54.9411841, 9.7634476",
2026-09-24T16:33:47+02:00,k-node13919576520,sat begrundelse,,"Det Marine Center ved Hestehave (Als Sund syd): bro (50 m) ud i sundet med mørkere vand for enden. Plads nok, men strøm i sundet og uklar adgang (center/skole).",
2026-09-24T16:33:47+02:00,k-node13919594725,sat vurdering,,måske,
2026-09-24T16:33:47+02:00,k-node13919594725,sat type,,bro,
2026-09-24T16:33:47+02:00,k-node13919594725,sat koordinater,,"54.8961813, 9.7021645",
2026-09-24T16:33:47+02:00,k-node13919594725,sat begrundelse,,Vemmingbund Badestrand: badebro (67 m) ud i Vemmingbund/Flensborg Fjord. Åben bugt med bølger på luftfotoet og lyst vand ved land.,
2026-09-24T16:33:47+02:00,k-node13919601529,sat vurdering,,måske,
2026-09-24T16:33:47+02:00,k-node13919601529,sat type,,bro,
2026-09-24T16:33:47+02:00,k-node13919601529,sat koordinater,,"54.9042417, 9.7862043",
2026-09-24T16:33:47+02:00,k-node13919601529,sat begrundelse,,"Fluepapiret i Sønderborg: fast badebro (30 m) ud i Sønderborg Bugt ved slottet. Mørkt vand for enden, men åben bugt med bølger og bådtrafik til Als Sund.",
2026-09-24T16:33:47+02:00,k-node13919601534,sat vurdering,,måske,
2026-09-24T16:33:47+02:00,k-node13919601534,sat type,,bro,
2026-09-24T16:33:47+02:00,k-node13919601534,sat koordinater,,"54.8969015, 9.7990243",
2026-09-24T16:33:47+02:00,k-node13919601534,sat begrundelse,,"Den Sorte Strand i Sønderborg: lang badebro (107–138 m) med rundt hoved ud i Sønderborg Bugt. Mørkt vand for enden, men åben mod syd med bølger på luftfotoet.",
2026-09-24T16:33:47+02:00,k-node13919720810,sat vurdering,,måske,
2026-09-24T16:33:47+02:00,k-node13919720810,sat type,,bro,
2026-09-24T16:33:47+02:00,k-node13919720810,sat koordinater,,"55.5659277, 9.7700731",
2026-09-24T16:33:47+02:00,k-node13919720810,sat begrundelse,,"Østerstrand i Fredericia: Cirkelbroen (ringformet bro) ud i Lillebælt med mørkt, dybt vand hele vejen rundt. Offentligt badested, men strøm i Lillebælt og åben mod øst.",
2026-09-24T16:33:47+02:00,k-node13920796516,sat vurdering,,måske,
2026-09-24T16:33:47+02:00,k-node13920796516,sat type,,bro,
2026-09-24T16:33:47+02:00,k-node13920796516,sat koordinater,,"55.1193429, 9.4958878",
2026-09-24T16:33:47+02:00,k-node13920796516,sat begrundelse,,"Sandskær Strand (campingplads): flere broer (52–101 m) ud i Aabenraa Fjords munding med mørkt vand for enden. Åben mod nord, og adgangen kan være til campinggæster.",
2026-09-24T16:33:47+02:00,k-node13920946146,sat vurdering,,lovende,
2026-09-24T16:33:47+02:00,k-node13920946146,sat type,,bro,
2026-09-24T16:33:47+02:00,k-node13920946146,sat koordinater,,"55.1906736, 9.3660367",
2026-09-24T16:33:47+02:00,k-node13920946146,sat begrundelse,,Vedsted Sø: badebro (76 m) med T-hoved ud i en rolig skovsø (ca. 400 m) med mørkt vand. Offentligt badested; vinterbillede.,
2026-09-24T16:33:47+02:00,k-node13921030610,sat vurdering,,nej,
2026-09-24T16:33:47+02:00,k-node13921030610,sat type,,bro,
2026-09-24T16:33:47+02:00,k-node13921030610,sat begrundelse,,"Hjerting Strandpark: badebro (59 m) ud i Ho Bugt i Vadehavet. Lavt, brunt vand med tidevand; ved ebbe er der ikke vand nok.",
2026-09-24T16:33:47+02:00,k-node13921036396,sat vurdering,,måske,
2026-09-24T16:33:47+02:00,k-node13921036396,sat type,,bro,
2026-09-24T16:33:47+02:00,k-node13921036396,sat koordinater,,"56.0732223, 8.2680288",
2026-09-24T16:33:47+02:00,k-node13921036396,sat begrundelse,,Sorte Bakker i Ringkøbing: lang badebro (169 m) ud i Ringkøbing Fjord. Fjorden er lavvandet og vindudsat; mørkt vand for enden kan være dybere.,
2026-09-24T16:34:20+02:00,k-node3033538034,sat vurdering,,lovende,
2026-09-24T16:34:20+02:00,k-node3033538034,sat type,,bro,
2026-09-24T16:34:20+02:00,k-node3033538034,sat koordinater,,"55.9795263, 12.3526353",
2026-09-24T16:34:20+02:00,k-node3033538034,sat begrundelse,,"Kajakklubbens to korte broer (16 og 20 m) ud i Esrum Sø ved Nødebo. Mørkt, dybt søvand med stor plads. Klubadgang, og broerne er korte.",
2026-09-24T16:34:20+02:00,k-node3234494607,sat vurdering,,måske,
2026-09-24T16:34:20+02:00,k-node3234494607,sat type,,andet,
2026-09-24T16:34:20+02:00,k-node3234494607,sat koordinater,,"55.7231816, 12.6011910",
2026-09-24T16:34:20+02:00,k-node3234494607,sat begrundelse,,"Roklubber og badested på stenkysten i Nordhavn ud til mørkt vand. Der er ingen bro i OSM, kun en lille konstruktion ved stenene på luftfotoet, så det er uklart, om man kan starte der.",
2026-09-24T16:34:20+02:00,k-node5678033017,sat vurdering,,måske,
2026-09-24T16:34:20+02:00,k-node5678033017,sat type,,bro,
2026-09-24T16:34:20+02:00,k-node5678033017,sat koordinater,,"55.7435562, 12.5880253",
2026-09-24T16:34:20+02:00,k-node5678033017,sat begrundelse,,"Kajakklubbens korte broer (17 og 20 m) ud i Øresund ved Charlottenlund. Åben kyst med lyst, turkis og lavt vand.",
2026-09-24T16:34:20+02:00,k-node8929111662,sat vurdering,,nej,
2026-09-24T16:34:20+02:00,k-node8929111662,sat type,,andet,
2026-09-24T16:34:20+02:00,k-node8929111662,sat begrundelse,,Kajakudlejningen ligger ved et hus ca. 100 m fra kysten uden nogen bro. Kun udlejning.,
2026-09-24T16:34:20+02:00,k-node9024871313,sat vurdering,,måske,
2026-09-24T16:34:20+02:00,k-node9024871313,sat type,,bro,
2026-09-24T16:34:20+02:00,k-node9024871313,sat koordinater,,"55.8549093, 11.9561250",
2026-09-24T16:34:20+02:00,k-node9024871313,sat begrundelse,,Bro (88 m) ved Vester Strand ud i Isefjorden. Meget lyst og lavt vand med sandrevler og ålegræs hele vejen ud.,
2026-09-24T16:34:20+02:00,k-node9161359751,sat vurdering,,måske,
2026-09-24T16:34:20+02:00,k-node9161359751,sat type,,badebro,
2026-09-24T16:34:20+02:00,k-node9161359751,sat koordinater,,"55.7488019, 12.5916880",
2026-09-24T16:34:20+02:00,k-node9161359751,sat begrundelse,,"Charlottenlund Søbad er en stor badeanstalt på pæle med moler ud i Øresund. Lyst, turkis og lavt vand både i og uden for bassinet; åben kyst.",
2026-09-24T16:34:20+02:00,k-way1039251392,sat vurdering,,nej,
2026-09-24T16:34:20+02:00,k-way1039251392,sat type,,andet,
2026-09-24T16:34:20+02:00,k-way1039251392,sat begrundelse,,"Kastrup Broforenings Bådehavn er tæt pakket med både, ingen fri plads.",
2026-09-24T16:34:20+02:00,k-way1236050613,sat vurdering,,lovende,
2026-09-24T16:34:20+02:00,k-way1236050613,sat type,,badebro,
2026-09-24T16:34:20+02:00,k-way1236050613,sat koordinater,,"55.6102315, 12.3996215",
2026-09-24T16:34:20+02:00,k-way1236050613,sat begrundelse,,Valhal Havnebad på molen ved Brøndby Havn (broer 141 og 186 m) ud til mørkt vand i læ af molerne. Offentligt havnebad med stor plads; der er bådtrafik til havnen.,
2026-09-24T16:34:20+02:00,k-way1303080528,sat vurdering,,måske,
2026-09-24T16:34:20+02:00,k-way1303080528,sat type,,badebro,
2026-09-24T16:34:20+02:00,k-way1303080528,sat koordinater,,"55.8866095, 12.5479766",
2026-09-24T16:34:20+02:00,k-way1303080528,sat begrundelse,,"Vinterbadernes badebro (13 m) på indersiden af Rungsted Havns mole. Mørkt vand og ca. 100 m til bådbroerne, men den ligger ved havneindløbet med bådtrafik.",
2026-09-24T16:34:20+02:00,k-way1339468262,sat vurdering,,lovende,
2026-09-24T16:34:20+02:00,k-way1339468262,sat type,,bro,
2026-09-24T16:34:20+02:00,k-way1339468262,sat koordinater,,"55.6903180, 11.8376229",
2026-09-24T16:34:20+02:00,k-way1339468262,sat begrundelse,,Bro (101 m) ved en kajakklub i Ejby ud i Holbæk Fjord. Mørkt vand helt ind til land og stor plads; fjorden er forholdsvis beskyttet.,
2026-09-24T16:34:35+02:00,k-node13977021142,sat vurdering,,nej,
2026-09-24T16:34:35+02:00,k-node13977021142,sat type,,strand,
2026-09-24T16:34:35+02:00,k-node13977021142,sat begrundelse,,Gedser Syd er en åben sandstrand øst for havnen med bølger. Ingen bro; slæbestedet ligger inde i havnen.,
2026-09-24T16:34:35+02:00,k-node6448993071,sat vurdering,,måske,
2026-09-24T16:34:35+02:00,k-node6448993071,sat type,,bro,
2026-09-24T16:34:35+02:00,k-node6448993071,sat koordinater,,"54.7723453, 11.4982859",
2026-09-24T16:34:35+02:00,k-node6448993071,sat begrundelse,,"Bådudlejning (Anemonen) med bro (52 m) i den smalle del af Maribo Søndersø ved domkirken (ca. 150 m bred). Vandet er fyldt med undervandsplanter, og der er turbåde.",
2026-09-24T16:34:35+02:00,k-way1190652224,sat vurdering,,nej,
2026-09-24T16:34:35+02:00,k-way1190652224,sat type,,bro,
2026-09-24T16:34:35+02:00,k-way1190652224,sat begrundelse,,"Bisserup Havn er en lille, tæt pakket lystbådehavn, og vandet vest for havnen er meget lavt (sandflader).",
2026-09-24T16:34:35+02:00,k-node12258074290,sat vurdering,,måske,
2026-09-24T16:34:35+02:00,k-node12258074290,sat type,,bro,
2026-09-24T16:34:35+02:00,k-node12258074290,sat koordinater,,"55.0342885, 12.1426273",
2026-09-24T16:34:35+02:00,k-node12258074290,sat begrundelse,,"Lille havn ved Balle Strand med to broer (55–63 m) ud i Præstø Fjord. Masser af frit vand ved siden af havnen, men lavvandet fjord med ålegræs og mulig privat bådelaugsbro.",
2026-09-24T16:34:35+02:00,k-node12304888481,sat vurdering,,nej,
2026-09-24T16:34:35+02:00,k-node12304888481,sat type,,bro,
2026-09-24T16:34:35+02:00,k-node12304888481,sat begrundelse,,Lille bådehavn ved dæmningen i Langebæk med korte broer fyldt med småbåde. Lavt vand med rørskov og tang.,
2026-09-24T16:34:35+02:00,k-node12350824628,sat vurdering,,måske,
2026-09-24T16:34:35+02:00,k-node12350824628,sat type,,bro,
2026-09-24T16:34:35+02:00,k-node12350824628,sat koordinater,,"54.9952867, 12.1646854",
2026-09-24T16:34:35+02:00,k-node12350824628,sat begrundelse,,"Nordbassinet ved Kalvehave Havn (ca. 150×120 m) er næsten frit for både, med dybt, mørkt vand og en lille bro ved slæbestedet. Resten af havnen er tæt pakket – tjek havnens regler.",
2026-09-24T16:34:35+02:00,k-node12350824630,sat vurdering,,nej,
2026-09-24T16:34:35+02:00,k-node12350824630,sat type,,bro,
2026-09-24T16:34:35+02:00,k-node12350824630,sat begrundelse,,Kalvehave Havn: broerne er tæt pakket med både. Det mere frie nordbassin er vurderet under Sejlklubben Ulvsund.,
2026-09-24T16:34:35+02:00,k-node12409159160,sat vurdering,,nej,
2026-09-24T16:34:35+02:00,k-node12409159160,sat type,,bro,
2026-09-24T16:34:35+02:00,k-node12409159160,sat begrundelse,,Gammel Kalvehave Havn er en meget lille havn (ca. 40×60 m) fyldt med småbåde. For lille.,
2026-09-24T16:34:35+02:00,k-node12410029736,sat vurdering,,nej,
2026-09-24T16:34:35+02:00,k-node12410029736,sat type,,bro,
2026-09-24T16:34:35+02:00,k-node12410029736,sat begrundelse,,Masnedsund Havn er en lystbådehavn med både ved broerne og kun lidt plads midt i bassinet. Ud for havnen er der strøm i Masnedsund.,
2026-09-24T16:34:35+02:00,k-node12458899372,sat vurdering,,måske,
2026-09-24T16:34:35+02:00,k-node12458899372,sat type,,bro,
2026-09-24T16:34:35+02:00,k-node12458899372,sat koordinater,,"55.0811632, 12.1211385",
2026-09-24T16:34:35+02:00,k-node12458899372,sat begrundelse,,"Jungshoved Kirkehavn med små broer (27–39 m) ud i Præstø Fjord. Masser af åbent vand, men småbådene ligger langs broerne, og fjorden er lavvandet med ålegræs.",
2026-09-24T16:34:38+02:00,k-node1359132750,sat vurdering,,nej,
2026-09-24T16:34:38+02:00,k-node1359132750,sat type,,bro,
2026-09-24T16:34:38+02:00,k-node1359132750,sat begrundelse,,Mariager Jollehavn og Lystbådehavn er tæt pakkede bassiner med både langs alle broer. Mariager Kajakklub lidt vest for er et bedre sted.,
2026-09-24T16:34:38+02:00,k-node1359134154,sat vurdering,,nej,
2026-09-24T16:34:38+02:00,k-node1359134154,sat type,,bro,
2026-09-24T16:34:38+02:00,k-node1359134154,sat begrundelse,,"Hobros både- og fiskerihavn har både på begge sider af broerne (24–90 m), og der er værft og kaj. Hobro Roklub (eksisterende spot) ligger ca. 250 m vest.",
2026-09-24T16:34:38+02:00,k-node1382887355,sat vurdering,,nej,
2026-09-24T16:34:38+02:00,k-node1382887355,sat type,,bro,
2026-09-24T16:34:38+02:00,k-node1382887355,sat begrundelse,,"Voerså Fiskerleje er et lille, tæt belagt havnebassin ved Voer Å's udløb, og vandet udenfor er lyst og lavt.",
2026-09-24T16:34:38+02:00,k-node2245065190,sat vurdering,,nej,
2026-09-24T16:34:38+02:00,k-node2245065190,sat type,,bro,
2026-09-24T16:34:38+02:00,k-node2245065190,sat begrundelse,,Attrup Havn er et smalt havnebassin (ca. 40 m) fuld af både. Vandet udenfor er lavt med ålegræs.,
2026-09-24T16:34:38+02:00,k-node2246091370,sat vurdering,,nej,
2026-09-24T16:34:38+02:00,k-node2246091370,sat type,,bro,
2026-09-24T16:34:38+02:00,k-node2246091370,sat begrundelse,,"Aggersund Havn er en meget lille havn (broer på 23 og 32 m) ved Aggersund, hvor der er stærk strøm.",
2026-09-24T16:34:38+02:00,k-node2246194719,sat vurdering,,måske,
2026-09-24T16:34:38+02:00,k-node2246194719,sat type,,bro,
2026-09-24T16:34:38+02:00,k-node2246194719,sat koordinater,,"56.8032766, 9.0204520",
2026-09-24T16:34:38+02:00,k-node2246194719,sat begrundelse,,"Havnebassinet i Fur Havn har ca. 100×80 m frit mørkt vand mellem molen (217 m) og broerne, og der er få både. Men der er trafik fra færgen og fiskerbådene, og havnens regler for badning er uklare.",
2026-09-24T16:34:38+02:00,k-node2246361769,sat vurdering,,nej,
2026-09-24T16:34:38+02:00,k-node2246361769,sat type,,bro,
2026-09-24T16:34:38+02:00,k-node2246361769,sat begrundelse,,"Løgstør Lystbådehavn er et lille, tæt pakket bassin med korte broer (6–18 m). Uden for molen er der ålegræs.",
2026-09-24T16:34:38+02:00,k-node3680828678,sat vurdering,,nej,
2026-09-24T16:34:38+02:00,k-node3680828678,sat type,,bro,
2026-09-24T16:34:38+02:00,k-node3680828678,sat begrundelse,,Udbyhøj Lystbådehavn er tæt pakket langs alle broer. Kajakklubbens flydebro i samme havn er vurderet for sig. Der er stærk strøm ved Randers Fjords munding.,
2026-09-24T16:34:38+02:00,k-node6851312933,sat vurdering,,måske,
2026-09-24T16:34:38+02:00,k-node6851312933,sat type,,bro,
2026-09-24T16:34:38+02:00,k-node6851312933,sat koordinater,,"56.6809027, 8.7304240",
2026-09-24T16:34:38+02:00,k-node6851312933,sat begrundelse,,Sillerslev Havn er en lille havn med få både og ca. 100×80 m mørkt vand inden for molerne. Broerne er 43–45 m. Havnens regler for badning er ukendte.,
2026-09-24T16:34:38+02:00,k-node9928952691,sat vurdering,,måske,
2026-09-24T16:34:38+02:00,k-node9928952691,sat type,,bro,
2026-09-24T16:34:38+02:00,k-node9928952691,sat koordinater,,"56.6985742, 10.0446771",
2026-09-24T16:34:38+02:00,k-node9928952691,sat begrundelse,,"Vive Havn er et lille bassin på ca. 80×50 m med få både og broer på 22–33 m. Vandet er mørkt inde i havnen, men lavt med ålegræs udenfor.",
2026-09-24T16:35:26+02:00,k-way1194034572,sat vurdering,,nej,
2026-09-24T16:35:26+02:00,k-way1194034572,sat type,,bro,
2026-09-24T16:35:26+02:00,k-way1194034572,sat begrundelse,,"Mou Bro er en lille, tæt pakket lystbådehavn med kun ca. 40 m mellem bådene. Der er strøm i Limfjordens østlige del ud mod Hals.",
2026-09-24T16:35:26+02:00,k-way1272898728,sat vurdering,,nej,
2026-09-24T16:35:26+02:00,k-way1272898728,sat type,,bro,
2026-09-24T16:35:26+02:00,k-way1272898728,sat begrundelse,,Hadsund Lystbådehavn er tæt pakket med både. Fjorden er smal ved Hadsund og kan have strøm. Hadsund Roklub lige syd for er vurderet for sig.,
2026-09-24T16:35:26+02:00,k-way1464202686,sat vurdering,,nej,
2026-09-24T16:35:26+02:00,k-way1464202686,sat type,,bro,
2026-09-24T16:35:26+02:00,k-way1464202686,sat begrundelse,,"Den lille fiskerihavn i Hadsund har en 26 m bro langs fiskerbådene tæt ved Hadsundbroen, hvor fjorden er smal og har strøm.",
2026-09-24T16:35:26+02:00,k-way191305119,sat vurdering,,nej,
2026-09-24T16:35:26+02:00,k-way191305119,sat type,,bro,
2026-09-24T16:35:26+02:00,k-way191305119,sat begrundelse,,"Færgehagen er en meget lille, tæt pakket bådehavn (broer på 41–44 m) ude i fjorden syd for Hadsundbroen med strøm.",
2026-09-24T16:35:26+02:00,k-way215077992,sat vurdering,,nej,
2026-09-24T16:35:26+02:00,k-way215077992,sat type,,bro,
2026-09-24T16:35:26+02:00,k-way215077992,sat begrundelse,,"Asaa Havn har lyst, lavt vand og både langs broerne. Kattegat-kysten udenfor er lav.",
2026-09-24T16:35:27+02:00,k-node13921940791,sat vurdering,,nej,
2026-09-24T16:35:27+02:00,k-node13921940791,sat type,,strand,
2026-09-24T16:35:27+02:00,k-node13921940791,sat begrundelse,,Sandager Næs: åben strand ved Lillebælt uden brugbar bro (OSM-broen er 9 m) og med lavt vand og ålegræs. Kan bruges til beachstart.,
2026-09-24T16:35:27+02:00,k-node13921997008,sat vurdering,,måske,
2026-09-24T16:35:27+02:00,k-node13921997008,sat type,,bro,
2026-09-24T16:35:27+02:00,k-node13921997008,sat koordinater,,"55.3504220, 9.8400608",
2026-09-24T16:35:27+02:00,k-node13921997008,sat begrundelse,,"Sønder Aaby Strand: bro (49 m i OSM, ser kortere ud) ud i Lillebælt ved Helnæs Bugt. Lyst, lavt vand med ålegræs og åben kyst.",
2026-09-24T16:35:27+02:00,k-node13922002498,sat vurdering,,måske,
2026-09-24T16:35:27+02:00,k-node13922002498,sat type,,bro,
2026-09-24T16:35:27+02:00,k-node13922002498,sat koordinater,,"55.3004809, 9.8906820",
2026-09-24T16:35:27+02:00,k-node13922002498,sat begrundelse,,"Aborg Strand: badebro (54 m) ud over lyst, lavt vand til en mørkere rende i Lillebælt. Åben kyst mod vest.",
2026-09-24T16:35:27+02:00,k-node13922005563,sat vurdering,,måske,
2026-09-24T16:35:27+02:00,k-node13922005563,sat type,,bro,
2026-09-24T16:35:27+02:00,k-node13922005563,sat koordinater,,"55.2748375, 9.8894245",
2026-09-24T16:35:27+02:00,k-node13922005563,sat begrundelse,,Mariendal Strand i Assens: to broer (55 og 56 m) ud i Lillebælt med mørkt vand for enden. Åben kyst mod vest med bølger på luftfotoet.,
2026-09-24T16:35:27+02:00,k-node13923055803,sat vurdering,,nej,
2026-09-24T16:35:27+02:00,k-node13923055803,sat type,,bro,
2026-09-24T16:35:27+02:00,k-node13923055803,sat begrundelse,,Kelstrup Strand Syd: kort bro (21 m) på en åben kyst med bølger. For udsat og for kort; luftfotoet er uskarpt.,
2026-09-24T16:35:27+02:00,k-node13980018924,sat vurdering,,lovende,
2026-09-24T16:35:27+02:00,k-node13980018924,sat type,,badebro,
2026-09-24T16:35:27+02:00,k-node13980018924,sat koordinater,,"56.3673186, 9.3332540",
2026-09-24T16:35:27+02:00,k-node13980018924,sat begrundelse,,"Dollerup Badeplads ved Hald Sø: badebro (54 m i OSM) ud i en stor, dyb og klar sø i læ af skov. Offentligt badested.",
2026-09-24T16:35:27+02:00,k-node13982255665,sat vurdering,,lovende,
2026-09-24T16:35:27+02:00,k-node13982255665,sat type,,badebro,
2026-09-24T16:35:27+02:00,k-node13982255665,sat koordinater,,"56.2096864, 9.0241622",
2026-09-24T16:35:27+02:00,k-node13982255665,sat begrundelse,,"Sunds Sø badested: badebro med T-hoved (53 m) ud i Sunds Sø til mørkt vand, plus korte broer (17–25 m). Stor, rolig sø; broen ses ikke på luftfotoet, så den kan være ny eller sæsonbro.",
2026-09-24T16:35:27+02:00,k-node13982280898,sat vurdering,,måske,
2026-09-24T16:35:27+02:00,k-node13982280898,sat type,,bro,
2026-09-24T16:35:27+02:00,k-node13982280898,sat koordinater,,"56.0841100, 8.9880976",
2026-09-24T16:35:27+02:00,k-node13982280898,sat begrundelse,,"Skærbæk Sø: bro (27 m) ud i en lille skovsø (ca. 130×100 m) ved en institution/lejrskole. Mørkt vand, men lille sø og uklar adgang.",
2026-09-24T16:35:27+02:00,k-node13982307616,sat vurdering,,nej,
2026-09-24T16:35:27+02:00,k-node13982307616,sat type,,bro,
2026-09-24T16:35:27+02:00,k-node13982307616,sat begrundelse,,Børnebadesøen i Kibæk: lille bro (20 m) i en lille dam (ca. 60×70 m) beregnet til børn og sandsynligvis lavvandet. For lille.,
2026-09-24T16:35:27+02:00,k-node13982316569,sat vurdering,,lovende,
2026-09-24T16:35:27+02:00,k-node13982316569,sat type,,badebro,
2026-09-24T16:35:27+02:00,k-node13982316569,sat koordinater,,"56.0137304, 9.0159102",
2026-09-24T16:35:27+02:00,k-node13982316569,sat begrundelse,,Arnborg Badesø: badebro (25 m) med platform ud i en anlagt badesø på ca. 450×200 m med sandstrand. Rolig sø og offentligt badested; solrefleks skjuler dybden.,
2026-09-24T16:35:27+02:00,k-node13982448447,sat vurdering,,nej,
2026-09-24T16:35:27+02:00,k-node13982448447,sat type,,bro,
2026-09-24T16:35:27+02:00,k-node13982448447,sat begrundelse,,"Hvidbjerg Strand ved Blåvand: bro/høfde (50 m) ud i Vesterhavet. For udsat til dockstart, og lavt ved ebbe.",
2026-09-24T16:35:27+02:00,k-node13985946378,sat vurdering,,måske,
2026-09-24T16:35:27+02:00,k-node13985946378,sat type,,badebro,
2026-09-24T16:35:27+02:00,k-node13985946378,sat koordinater,,"56.1710501, 8.2396580",
2026-09-24T16:35:27+02:00,k-node13985946378,sat begrundelse,,Alrum: badebro (93 m) ud i Ringkøbing Fjord ved Stadil. Fjorden er lavvandet og vindudsat (bølger på luftfotoet).,
2026-09-24T16:35:27+02:00,k-node13985990362,sat vurdering,,måske,
2026-09-24T16:35:27+02:00,k-node13985990362,sat type,,bro,
2026-09-24T16:35:27+02:00,k-node13985990362,sat koordinater,,"55.4872436, 9.5253696",
2026-09-24T16:35:27+02:00,k-node13985990362,sat begrundelse,,Rebæk Strand: badebro (46 m) ud i Kolding Fjords munding med mørkt vand og ålegræs for enden. Åben mod nord og øst.,
2026-09-24T16:35:27+02:00,k-node13995267061,sat vurdering,,måske,
2026-09-24T16:35:27+02:00,k-node13995267061,sat type,,bro,
2026-09-24T16:35:27+02:00,k-node13995267061,sat koordinater,,"54.8999568, 9.5752469",
2026-09-24T16:35:27+02:00,k-node13995267061,sat begrundelse,,"Rinkenæs (campingplads): bro (42 m) ud i Flensborg Fjord med mørkt vand. Vindbølger på luftfotoet, og adgangen kan være til campinggæster.",
2026-09-24T16:35:27+02:00,k-node13995420445,sat vurdering,,måske,
2026-09-24T16:35:27+02:00,k-node13995420445,sat type,,bro,
2026-09-24T16:35:27+02:00,k-node13995420445,sat koordinater,,"54.8867427, 9.7300384",
2026-09-24T16:35:27+02:00,k-node13995420445,sat begrundelse,,Dynt Strand: fast bro (54 m) ud i Flensborg Fjords munding ved campingplads. Åben kyst med bølger på luftfotoet.,
2026-09-24T16:35:27+02:00,k-node13995431934,sat vurdering,,nej,
2026-09-24T16:35:27+02:00,k-node13995431934,sat type,,bro,
2026-09-24T16:35:27+02:00,k-node13995431934,sat begrundelse,,Toøren i Sønderborg: kort bro (23 m) på en åben kyst ved indsejlingen til Als Sund med bølger og bådtrafik. For kort og udsat.,
2026-09-24T16:35:27+02:00,k-node14029403847,sat vurdering,,lovende,
2026-09-24T16:35:27+02:00,k-node14029403847,sat type,,badebro,
2026-09-24T16:35:27+02:00,k-node14029403847,sat koordinater,,"56.5110229, 9.1883898",
2026-09-24T16:35:27+02:00,k-node14029403847,sat begrundelse,,"Birke Sø: L-formet badebro (30 m) ud til mørkt, dybt vand i en rolig hedesø (ca. 170×250 m) omgivet af skov. Offentligt badested; forårsbillede.",
2026-09-24T16:35:27+02:00,k-node1761990178,sat vurdering,,nej,
2026-09-24T16:35:27+02:00,k-node1761990178,sat type,,andet,
2026-09-24T16:35:27+02:00,k-node1761990178,sat begrundelse,,Kajakklub-punkt uden navn ved motorvejen ved Seest. Ingen bro og kun en smal å. Fejl i OSM-søgningen.,
2026-09-24T16:35:27+02:00,k-node3232315025,sat vurdering,,måske,
2026-09-24T16:35:27+02:00,k-node3232315025,sat type,,bro,
2026-09-24T16:35:27+02:00,k-node3232315025,sat koordinater,,"55.4359895, 9.8229443",
2026-09-24T16:35:27+02:00,k-node3232315025,sat begrundelse,,"Føns Søsportsklub: korte broer (ca. 20–30 m, ikke i OSM) ud i Føns Vig. Beskyttet vig, men lyst, lavt vand med sandbanker og ålegræs.",
2026-09-24T16:35:27+02:00,k-node3327008137,sat vurdering,,nej,
2026-09-24T16:35:27+02:00,k-node3327008137,sat type,,bro,
2026-09-24T16:35:27+02:00,k-node3327008137,sat begrundelse,,"Naur Kanoplads: lille bro ved Storå, som kun er ca. 25 m bred med strøm. For smalt.",
2026-09-24T16:35:42+02:00,k-way143852914,sat vurdering,,lovende,
2026-09-24T16:35:42+02:00,k-way143852914,sat type,,bro,
2026-09-24T16:35:42+02:00,k-way143852914,sat koordinater,,"55.7751602, 12.4393252",
2026-09-24T16:35:42+02:00,k-way143852914,sat begrundelse,,"Bred bro/ponton (97 m) ved Bagsværd Sø Rostadion ud i mørkt, roligt søvand med stor plads. Det er rostadionets målområde, så der er meget rotrafik og klubadgang.",
2026-09-24T16:35:42+02:00,k-way170397744,sat vurdering,,måske,
2026-09-24T16:35:42+02:00,k-way170397744,sat type,,bro,
2026-09-24T16:35:42+02:00,k-way170397744,sat koordinater,,"56.0268808, 12.6079214",
2026-09-24T16:35:42+02:00,k-way170397744,sat begrundelse,,"Roklubbens korte bro (24 m) ud i Øresund i Helsingør. Åben kyst med lyst, turkis og lavt vand.",
2026-09-24T16:35:42+02:00,k-way185763886,sat vurdering,,måske,
2026-09-24T16:35:42+02:00,k-way185763886,sat type,,bro,
2026-09-24T16:35:42+02:00,k-way185763886,sat koordinater,,"55.9695614, 12.5457266",
2026-09-24T16:35:42+02:00,k-way185763886,sat begrundelse,,"Humlebæk Roklubs broer (33 og 55 m) ud i Øresund. Åben kyst med lyst, lavt vand nær land og mørkere vand længere ude.",
2026-09-24T16:35:42+02:00,k-way219471530,sat vurdering,,måske,
2026-09-24T16:35:42+02:00,k-way219471530,sat type,,bro,
2026-09-24T16:35:42+02:00,k-way219471530,sat koordinater,,"55.8318384, 12.0560459",
2026-09-24T16:35:42+02:00,k-way219471530,sat begrundelse,,"Frederikssund Roklubs bro (60 m) ud i fjorden syd for Frederikssund. Mørkere vand ved broenden og god plads, men der kan være strøm i sundet.",
2026-09-24T16:35:42+02:00,k-way219580774,sat vurdering,,nej,
2026-09-24T16:35:42+02:00,k-way219580774,sat type,,andet,
2026-09-24T16:35:42+02:00,k-way219580774,sat begrundelse,,"Roklubbens og kajakklubbens huse ligger inde i land ca. 300 m fra vandet, og der er ingen bro.",
2026-09-24T16:35:42+02:00,k-way224081323,sat vurdering,,lovende,
2026-09-24T16:35:42+02:00,k-way224081323,sat type,,bro,
2026-09-24T16:35:42+02:00,k-way224081323,sat koordinater,,"55.7720939, 12.4461851",
2026-09-24T16:35:42+02:00,k-way224081323,sat begrundelse,,"Bagsværd Roklubs broer (58–90 m) ud i Bagsværd Sø. Mørkt, roligt søvand med stor plads. Klubadgang, og der er rotrafik.",
2026-09-24T16:35:42+02:00,k-way610153741,sat vurdering,,nej,
2026-09-24T16:35:42+02:00,k-way610153741,sat type,,bro,
2026-09-24T16:35:42+02:00,k-way610153741,sat begrundelse,,Klubhuset ligger ved de tæt pakkede bådbroer (6–73 m) i Lynæs Havn. Ingen fri plads.,
2026-09-24T16:35:42+02:00,k-node10844704039,sat vurdering,,måske,
2026-09-24T16:35:42+02:00,k-node10844704039,sat type,,bro,
2026-09-24T16:35:42+02:00,k-node10844704039,sat koordinater,,"55.6697234, 12.5972367",
2026-09-24T16:35:42+02:00,k-node10844704039,sat begrundelse,,"Badested ved Stadsgraven ved Amagerbro med en lille bro (9 m ifølge OSM), som ikke ses på luftfotoet. Stort, roligt og mørkegrønt vand; broens størrelse og om man må bade her er uklart.",
2026-09-24T16:35:42+02:00,k-node11789627167,sat vurdering,,måske,
2026-09-24T16:35:42+02:00,k-node11789627167,sat type,,andet,
2026-09-24T16:35:42+02:00,k-node11789627167,sat koordinater,,"55.7047920, 12.5940434",
2026-09-24T16:35:42+02:00,k-node11789627167,sat begrundelse,,"Badetrapper langs kajen (127 og 177 m) i Nordhavn ud til et meget stort, mørkt og roligt havnebassin. Der er ingen bro eller ponton, kun trapper.",
2026-09-24T16:35:42+02:00,k-node11789627168,sat vurdering,,måske,
2026-09-24T16:35:42+02:00,k-node11789627168,sat type,,bro,
2026-09-24T16:35:42+02:00,k-node11789627168,sat koordinater,,"55.6870218, 12.6188653",
2026-09-24T16:35:42+02:00,k-node11789627168,sat begrundelse,,Bro (55 m) med badested i Margretheholm Havn ud til mørkt vand med ca. 100 m fri plads. Det er en lystbådehavn med fortøjede både langs broen.,
2026-09-24T16:36:12+02:00,k-node12466920854,sat vurdering,,nej,
2026-09-24T16:36:12+02:00,k-node12466920854,sat type,,bro,
2026-09-24T16:36:12+02:00,k-node12466920854,sat begrundelse,,"Lille bådehavn ved Guldborg Bro, fyldt med både. Guldborgsund har strøm ved broen og bådtrafik gennem klapbroen.",
2026-09-24T16:36:12+02:00,k-node13012186485,sat vurdering,,måske,
2026-09-24T16:36:12+02:00,k-node13012186485,sat type,,bro,
2026-09-24T16:36:12+02:00,k-node13012186485,sat koordinater,,"55.3256104, 11.1311655",
2026-09-24T16:36:12+02:00,k-node13012186485,sat begrundelse,,"Korsør Sejlklub ligger i den tæt pakkede lystbådehavn, men en bro (34 m) går ud fra stranden syd for havnen til klart vand. Åben kyst mod Storebælt med bølger og strøm.",
2026-09-24T16:36:12+02:00,k-node13020429031,sat vurdering,,måske,
2026-09-24T16:36:12+02:00,k-node13020429031,sat type,,bro,
2026-09-24T16:36:12+02:00,k-node13020429031,sat koordinater,,"54.8307947, 11.0932610",
2026-09-24T16:36:12+02:00,k-node13020429031,sat begrundelse,,"Nakskov Sejlklub: Hestehoved Lystbådehavn er tæt pakket, men en L-formet bro (35 m) med platform går ud fra pynten syd for havnen til mørkt vand i Nakskov Fjord. Mørkt kan være ålegræs; tjek dybde og adgang.",
2026-09-24T16:36:12+02:00,k-node13040991225,sat vurdering,,måske,
2026-09-24T16:36:12+02:00,k-node13040991225,sat type,,bro,
2026-09-24T16:36:12+02:00,k-node13040991225,sat koordinater,,"54.9122029, 12.0520023",
2026-09-24T16:36:12+02:00,k-node13040991225,sat begrundelse,,"Bogø Havn er lille og fyldt med både, men en bro (29 m) går ud fra havnen mod syd til mørkt vand. Åbent farvand mod Grønsund/Storstrømmen med strøm.",
2026-09-24T16:36:12+02:00,k-node1339074498,sat vurdering,,nej,
2026-09-24T16:36:12+02:00,k-node1339074498,sat type,,bro,
2026-09-24T16:36:12+02:00,k-node1339074498,sat begrundelse,,Sakskøbing Lystbådehavn: to broer (66 og 81 m) fyldt med både i den smalle inderste del af Sakskøbing Fjord.,
2026-09-24T16:36:12+02:00,k-node1508513644,sat vurdering,,måske,
2026-09-24T16:36:12+02:00,k-node1508513644,sat type,,bro,
2026-09-24T16:36:12+02:00,k-node1508513644,sat koordinater,,"55.5176148, 11.1202352",
2026-09-24T16:36:12+02:00,k-node1508513644,sat begrundelse,,"Reersø Havn med broer (51–54 m) og få både i et bassin med mørkt, dybt vand (ca. 150×80 m). Det er en lystbåde-/fiskerihavn, så tjek havnens regler og bådtrafik.",
2026-09-24T16:36:12+02:00,k-node2258312990,sat vurdering,,måske,
2026-09-24T16:36:12+02:00,k-node2258312990,sat type,,bro,
2026-09-24T16:36:12+02:00,k-node2258312990,sat koordinater,,"55.2531073, 12.3739793",
2026-09-24T16:36:12+02:00,k-node2258312990,sat begrundelse,,"Det ydre bassin i Rødvig Lystbådehavn har forholdsvis frit, dybt vand (ca. 150×80 m) ved den L-formede bro (108 m), men der ligger både langs broen, og al trafik til havnen passerer her.",
2026-09-24T16:36:12+02:00,k-node2870465636,sat vurdering,,nej,
2026-09-24T16:36:12+02:00,k-node2870465636,sat type,,bro,
2026-09-24T16:36:12+02:00,k-node2870465636,sat begrundelse,,Nakskov Lystbådehavn: fem broer (113–227 m) tæt pakket med både. Det åbne vand i inderhavnen er vurderet under Nakskov Roklub og NS Roklub.,
2026-09-24T16:36:12+02:00,k-node2870465637,sat vurdering,,måske,
2026-09-24T16:36:12+02:00,k-node2870465637,sat type,,bro,
2026-09-24T16:36:12+02:00,k-node2870465637,sat koordinater,,"54.5817279, 11.9218501",
2026-09-24T16:36:12+02:00,k-node2870465637,sat begrundelse,,"Gedser Lystbådehavn: den nordlige del af bassinet er ret fri med mørkt vand, og broen langs vestsiden (47 m) har kun få både. Fri flade kun ca. 45×75 m; tjek havnens regler.",
2026-09-24T16:36:12+02:00,k-node3723850208,sat vurdering,,nej,
2026-09-24T16:36:12+02:00,k-node3723850208,sat type,,bro,
2026-09-24T16:36:12+02:00,k-node3723850208,sat begrundelse,,Sandvig Fiskerihavn er en meget lille havn (ca. 30 m bred) fyldt med både. Udenfor er vandet lavt.,
2026-09-24T16:37:08+02:00,k-node12468469417,sat vurdering,,måske,
2026-09-24T16:37:08+02:00,k-node12468469417,sat type,,andet,
2026-09-24T16:37:08+02:00,k-node12468469417,sat koordinater,,"55.7096229, 12.5951422",
2026-09-24T16:37:08+02:00,k-node12468469417,sat begrundelse,,"Badested ved kajen i en kanal i Nordhavn (ca. 70–80 m bred) med mørkegrønt, roligt vand. Der er ingen bro, kun kajkant, og der er formentlig bådtrafik i kanalen.",
2026-09-24T16:37:08+02:00,k-node12826932556,sat vurdering,,nej,
2026-09-24T16:37:08+02:00,k-node12826932556,sat type,,andet,
2026-09-24T16:37:08+02:00,k-node12826932556,sat begrundelse,,"Nordhavn Havsvømmebane ligger ved stensætningen på ydersiden af Nordhavn ud mod Øresund. Der er kun en meget lille bro (6 m), og der er åbent vand uden læ.",
2026-09-24T16:37:08+02:00,k-node13027003447,sat vurdering,,nej,
2026-09-24T16:37:08+02:00,k-node13027003447,sat type,,badebro,
2026-09-24T16:37:08+02:00,k-node13027003447,sat begrundelse,,"Kort badebro (19 m) på åben kyst ved Nostrup, der ender i lyst, lavt vand med ålegræs, hvor bunden ses.",
2026-09-24T16:37:08+02:00,k-node13902310101,sat vurdering,,nej,
2026-09-24T16:37:08+02:00,k-node13902310101,sat type,,bro,
2026-09-24T16:37:08+02:00,k-node13902310101,sat begrundelse,,"Broen/rampen (60 m) ved Liseleje ender i brændingen på den åbne Kattegatkyst. Der er ingen læ, og der er bølger.",
2026-09-24T16:37:08+02:00,k-node13902359597,sat vurdering,,måske,
2026-09-24T16:37:08+02:00,k-node13902359597,sat type,,bro,
2026-09-24T16:37:08+02:00,k-node13902359597,sat koordinater,,"55.7325567, 12.5834984",
2026-09-24T16:37:08+02:00,k-node13902359597,sat begrundelse,,"Lang bro (136 m) fra Hellerup Strand ud i Øresund. Åben kyst med lyst, turkis og lavt vand, også ved broenden.",
2026-09-24T16:37:08+02:00,k-node13906412038,sat vurdering,,måske,
2026-09-24T16:37:08+02:00,k-node13906412038,sat type,,badebro,
2026-09-24T16:37:08+02:00,k-node13906412038,sat koordinater,,"55.7433658, 10.9994620",
2026-09-24T16:37:08+02:00,k-node13906412038,sat begrundelse,,Badebro (37 m) ved Ågerup Strandpark ud i Kattegat nord for Røsnæs. Åben kyst med bølger og tang ved land; luftfotoet er gråt og uskarpt.,
2026-09-24T16:37:08+02:00,k-node13906446209,sat vurdering,,nej,
2026-09-24T16:37:08+02:00,k-node13906446209,sat type,,badebro,
2026-09-24T16:37:08+02:00,k-node13906446209,sat begrundelse,,"Kort badebro (19 m) på Kalundborg Fjords nordkyst, der ender i lyst, lavt vand med ålegræs.",
2026-09-24T16:37:08+02:00,k-node13906446249,sat vurdering,,nej,
2026-09-24T16:37:08+02:00,k-node13906446249,sat type,,badebro,
2026-09-24T16:37:08+02:00,k-node13906446249,sat begrundelse,,"Kort badebro (22 m) på Kalundborg Fjords nordkyst, der ender i lyst, lavt vand med ålegræs.",
2026-09-24T16:37:08+02:00,k-node13919370784,sat vurdering,,måske,
2026-09-24T16:37:08+02:00,k-node13919370784,sat type,,badebro,
2026-09-24T16:37:08+02:00,k-node13919370784,sat koordinater,,"55.6029561, 12.3868197",
2026-09-24T16:37:08+02:00,k-node13919370784,sat begrundelse,,"Badebro (77 m) ved Ishøj Strand ud i Køge Bugt. Meget lyst, lavt vand og åben kyst.",
2026-09-24T16:37:08+02:00,k-node13919377987,sat vurdering,,måske,
2026-09-24T16:37:08+02:00,k-node13919377987,sat type,,badebro,
2026-09-24T16:37:08+02:00,k-node13919377987,sat koordinater,,"55.6115379, 12.4027360",
2026-09-24T16:37:08+02:00,k-node13919377987,sat begrundelse,,"To badebroer (35 og 37 m) ved Vallensbæk Strand ud i Køge Bugt. Meget lyst, lavt vand og åben kyst.",
2026-09-24T16:37:10+02:00,k-node3885393819,sat vurdering,,nej,
2026-09-24T16:37:10+02:00,k-node3885393819,sat type,,bro,
2026-09-24T16:37:10+02:00,k-node3885393819,sat begrundelse,,Præstø Lystbådehavn: broerne (37 og 109 m) er tæt pakket med både. Præstø Roklub ved stranden ca. 250 m mod vest er vurderet separat.,
2026-09-24T16:37:10+02:00,k-node431329923,sat vurdering,,nej,
2026-09-24T16:37:10+02:00,k-node431329923,sat type,,bro,
2026-09-24T16:37:10+02:00,k-node431329923,sat begrundelse,,Stubbekøbing Lystbådehavn er tæt pakket med både ved alle broer. Ikke plads til at pumpe.,
2026-09-24T16:37:10+02:00,k-node5742224519,sat vurdering,,nej,
2026-09-24T16:37:10+02:00,k-node5742224519,sat type,,bro,
2026-09-24T16:37:10+02:00,k-node5742224519,sat begrundelse,,Omø Havn er en lille ø-havn med færgeleje og lystbådebassin fyldt med både. Ingen egnet bro.,
2026-09-24T16:37:10+02:00,k-node8985493719,sat vurdering,,nej,
2026-09-24T16:37:10+02:00,k-node8985493719,sat type,,bro,
2026-09-24T16:37:10+02:00,k-node8985493719,sat begrundelse,,"Søfronten Lystbådehavn i Karrebæksminde er et lille, tæt pakket bassin. Ikke plads til at pumpe.",
2026-09-24T16:37:10+02:00,k-way140457960,sat vurdering,,nej,
2026-09-24T16:37:10+02:00,k-way140457960,sat type,,bro,
2026-09-24T16:37:10+02:00,k-way140457960,sat begrundelse,,Langø Havn er en lille lystbådehavn med mange korte broer fyldt med både. Ikke plads til at pumpe.,
2026-09-24T16:37:10+02:00,k-way146786950,sat vurdering,,nej,
2026-09-24T16:37:10+02:00,k-way146786950,sat type,,bro,
2026-09-24T16:37:10+02:00,k-way146786950,sat begrundelse,,"Næstved Sejlklubs yderhavn i Karrebæksminde er et smalt bassin (ca. 40 m) langs molen fyldt med både, ved løbet med strøm.",
2026-09-24T16:37:10+02:00,k-way437968525,sat vurdering,,nej,
2026-09-24T16:37:10+02:00,k-way437968525,sat type,,bro,
2026-09-24T16:37:10+02:00,k-way437968525,sat begrundelse,,"Næstved Kanalhavn (Næstved Sejlklub) er et smalt, tæt pakket bassin ved Næstved Kanal.",
2026-09-24T16:37:10+02:00,k-way662505907,sat vurdering,,nej,
2026-09-24T16:37:10+02:00,k-way662505907,sat type,,bro,
2026-09-24T16:37:10+02:00,k-way662505907,sat begrundelse,,Kragenæs Marina er en tæt pakket lystbådehavn med lange broer (152–166 m) fyldt med både.,
2026-09-24T16:37:59+02:00,k-node13919422023,sat vurdering,,måske,
2026-09-24T16:37:59+02:00,k-node13919422023,sat type,,badebro,
2026-09-24T16:37:59+02:00,k-node13919422023,sat koordinater,,"55.6127559, 12.4208219",
2026-09-24T16:37:59+02:00,k-node13919422023,sat begrundelse,,"Badebro (65 m) ved Brøndby Strand ud i Køge Bugt. Meget lyst, lavt vand med sandrevler og åben kyst.",
2026-09-24T16:37:59+02:00,k-node13919428013,sat vurdering,,måske,
2026-09-24T16:37:59+02:00,k-node13919428013,sat type,,badebro,
2026-09-24T16:37:59+02:00,k-node13919428013,sat koordinater,,"55.6735694, 12.0758745",
2026-09-24T16:37:59+02:00,k-node13919428013,sat begrundelse,,"Badebro (26 m) ved Vigen Strandpark ud i Roskilde Fjord. Mellemmørkt vand og god plads, men broen er kort, og der er lavt nær land.",
2026-09-24T16:37:59+02:00,k-node13919438963,sat vurdering,,nej,
2026-09-24T16:37:59+02:00,k-node13919438963,sat type,,bro,
2026-09-24T16:37:59+02:00,k-node13919438963,sat begrundelse,,"Bro/rampe (35 m) ved Gilleleje Veststrand på den åbne Kattegatkyst. Lyst, lavt vand med bølger og ingen læ.",
2026-09-24T16:37:59+02:00,k-node13920942585,sat vurdering,,nej,
2026-09-24T16:37:59+02:00,k-node13920942585,sat type,,strand,
2026-09-24T16:37:59+02:00,k-node13920942585,sat begrundelse,,"Kronborg Strand er en lille sandstrand ved havnemolen uden egen bro (broen på 33 m ligger inde i lystbådehavnen). Lyst, lavt vand.",
2026-09-24T16:37:59+02:00,k-node13920977492,sat vurdering,,måske,
2026-09-24T16:37:59+02:00,k-node13920977492,sat type,,badebro,
2026-09-24T16:37:59+02:00,k-node13920977492,sat koordinater,,"56.0253340, 12.6072748",
2026-09-24T16:37:59+02:00,k-node13920977492,sat begrundelse,,"Badebroer (36–60 m) ved Trykkerdammen i Helsingør ud i Øresund. Mørkere vand ved broenderne, men det er åben kyst med lyst vand nær land.",
2026-09-24T16:37:59+02:00,k-node13921017899,sat vurdering,,nej,
2026-09-24T16:37:59+02:00,k-node13921017899,sat type,,badebro,
2026-09-24T16:37:59+02:00,k-node13921017899,sat begrundelse,,"Flere korte badebroer (18–46 m) ved private grunde i Tibberup ud i Øresund. Formentlig private broer, og der er lyst, lavt vand.",
2026-09-24T16:37:59+02:00,k-node13978533290,sat vurdering,,måske,
2026-09-24T16:37:59+02:00,k-node13978533290,sat type,,badebro,
2026-09-24T16:37:59+02:00,k-node13978533290,sat koordinater,,"55.6405414, 12.6537172",
2026-09-24T16:37:59+02:00,k-node13978533290,sat begrundelse,,"Korte badebroer (11–25 m) på ydersiden af Kastrup Lystbådehavn ud i Øresund. Mørkt vand, men det er åben kyst, og broerne er korte.",
2026-09-24T16:37:59+02:00,k-node13978601325,sat vurdering,,måske,
2026-09-24T16:37:59+02:00,k-node13978601325,sat type,,badebro,
2026-09-24T16:37:59+02:00,k-node13978601325,sat koordinater,,"55.6273199, 12.5026557",
2026-09-24T16:37:59+02:00,k-node13978601325,sat begrundelse,,"Badebro (37 m) ved Lodsparken i Hvidovre ud i Kalveboderne. Lyst, lavt vand, men beskyttet mod bølger.",
2026-09-24T16:37:59+02:00,k-node13978894387,sat vurdering,,nej,
2026-09-24T16:37:59+02:00,k-node13978894387,sat type,,bro,
2026-09-24T16:37:59+02:00,k-node13978894387,sat begrundelse,,"Kulturbåden ligger inde i Ishøj Havn mellem tæt pakkede bådbroer. Der er fri plads mod nord, men det er en lystbådehavn med trafik.",
2026-09-24T16:37:59+02:00,k-node13981142696,sat vurdering,,lovende,
2026-09-24T16:37:59+02:00,k-node13981142696,sat type,,badebro,
2026-09-24T16:37:59+02:00,k-node13981142696,sat koordinater,,"55.8091902, 12.4385730",
2026-09-24T16:37:59+02:00,k-node13981142696,sat begrundelse,,"T-formet badebro ved Kinabugten ud i Furesø. Mørkt, dybt søvand med masser af plads og offentligt badested.",
2026-09-24T16:38:06+02:00,k-node12472045531,sat vurdering,,nej,
2026-09-24T16:38:06+02:00,k-node12472045531,sat type,,strand,
2026-09-24T16:38:06+02:00,k-node12472045531,sat begrundelse,,Nab Strand: sandstrand uden bro med lavt vand og sandrevler. Kan evt. bruges til beachstart.,
2026-09-24T16:38:06+02:00,k-node13858643573,sat vurdering,,nej,
2026-09-24T16:38:06+02:00,k-node13858643573,sat type,,strand,
2026-09-24T16:38:06+02:00,k-node13858643573,sat begrundelse,,"Fuglsang Strand: sandstrand med høfder, ingen bro. Åben kyst mod Kattegat.",
2026-09-24T16:38:06+02:00,k-node13858701220,sat vurdering,,nej,
2026-09-24T16:38:06+02:00,k-node13858701220,sat type,,strand,
2026-09-24T16:38:06+02:00,k-node13858701220,sat begrundelse,,"Flyvesandet: sandstrand uden bro, lavt vand med ålegræs længere ude. Åben kyst.",
2026-09-24T16:38:06+02:00,k-node13858713076,sat vurdering,,nej,
2026-09-24T16:38:06+02:00,k-node13858713076,sat type,,strand,
2026-09-24T16:38:06+02:00,k-node13858713076,sat begrundelse,,"Hasmark Strand: lang sandstrand med høfder, ingen bro. Åben kyst mod Kattegat; kan evt. bruges til beachstart.",
2026-09-24T16:38:06+02:00,k-node13866659080,sat vurdering,,nej,
2026-09-24T16:38:06+02:00,k-node13866659080,sat type,,strand,
2026-09-24T16:38:06+02:00,k-node13866659080,sat begrundelse,,Helletofte Strand: stenet strand uden bro med tæt ålegræs ud for kysten.,
2026-09-24T16:38:06+02:00,k-node13866688604,sat vurdering,,nej,
2026-09-24T16:38:06+02:00,k-node13866688604,sat type,,strand,
2026-09-24T16:38:06+02:00,k-node13866688604,sat begrundelse,,Spodsbjerg Drej: strand uden bro med meget lavt vand og sandrevler (vinterbillede).,
2026-09-24T16:38:06+02:00,k-node13901214194,sat vurdering,,nej,
2026-09-24T16:38:06+02:00,k-node13901214194,sat type,,strand,
2026-09-24T16:38:06+02:00,k-node13901214194,sat begrundelse,,Ristinge: lang sandstrand uden bro med lavt vand. Åben kyst mod syd; kan evt. bruges til beachstart.,
2026-09-24T16:38:06+02:00,k-node13911751953,sat vurdering,,nej,
2026-09-24T16:38:06+02:00,k-node13911751953,sat type,,strand,
2026-09-24T16:38:06+02:00,k-node13911751953,sat begrundelse,,Badested på Langø nord for Basbjerg: sandstrand uden bro med bølger på billedet. Åben kyst.,
2026-09-24T16:38:06+02:00,k-node13911771751,sat vurdering,,nej,
2026-09-24T16:38:06+02:00,k-node13911771751,sat type,,strand,
2026-09-24T16:38:06+02:00,k-node13911771751,sat begrundelse,,"Bogensø Strand: smal strand uden bro, lavt vand med sandbanke og ålegræs.",
2026-09-24T16:38:06+02:00,k-node13917288689,sat vurdering,,nej,
2026-09-24T16:38:06+02:00,k-node13917288689,sat type,,strand,
2026-09-24T16:38:06+02:00,k-node13917288689,sat begrundelse,,Nyborg Strand ved Strandhotellerne: sandstrand uden bro. Storebæltsbadet med badebro ligger lige ved.,
2026-09-24T16:38:06+02:00,k-node13917343975,sat vurdering,,nej,
2026-09-24T16:38:06+02:00,k-node13917343975,sat type,,strand,
2026-09-24T16:38:06+02:00,k-node13917343975,sat begrundelse,,"Fyns Badestrand, Nyborg: bred sandstrand uden bro med lavt vand. Kan evt. bruges til beachstart.",
2026-09-24T16:38:06+02:00,k-node13917345095,sat vurdering,,nej,
2026-09-24T16:38:06+02:00,k-node13917345095,sat type,,strand,
2026-09-24T16:38:06+02:00,k-node13917345095,sat begrundelse,,"Grønnehave Strand: smal strand uden bro, lavt vand og ålegræs.",
2026-09-24T16:38:06+02:00,k-node13917369649,sat vurdering,,måske,
2026-09-24T16:38:06+02:00,k-node13917369649,sat type,,bro,
2026-09-24T16:38:06+02:00,k-node13917369649,sat koordinater,,"55.2202336, 10.8101231",
2026-09-24T16:38:06+02:00,k-node13917369649,sat begrundelse,,"Bro (ca. 40 m, ikke i OSM) ved Kongshøj Camping ud til mellemdybt vand med sandbund; mørkere længere ude. Åben kyst mod Storebælt (læ ved vestenvind); adgang evt. kun for campinggæster.",
2026-09-24T16:38:06+02:00,k-node13919712061,sat vurdering,,nej,
2026-09-24T16:38:06+02:00,k-node13919712061,sat type,,strand,
2026-09-24T16:38:06+02:00,k-node13919712061,sat begrundelse,,Skåstrup Strand: stenet strand uden bro med tæt ålegræs ud for kysten.,
2026-09-24T16:38:06+02:00,k-node13919783227,sat vurdering,,nej,
2026-09-24T16:38:06+02:00,k-node13919783227,sat type,,strand,
2026-09-24T16:38:06+02:00,k-node13919783227,sat begrundelse,,Smørmosen/Slothagen ved campingplads: sandstrand uden bro. Åben kyst.,
2026-09-24T16:38:06+02:00,k-node13919787079,sat vurdering,,nej,
2026-09-24T16:38:06+02:00,k-node13919787079,sat type,,strand,
2026-09-24T16:38:06+02:00,k-node13919787079,sat begrundelse,,"Hofmansgave Strand: sandstrand uden bro med lavt, lyst vand.",
2026-09-24T16:38:06+02:00,k-node13919857021,sat vurdering,,måske,
2026-09-24T16:38:06+02:00,k-node13919857021,sat type,,andet,
2026-09-24T16:38:06+02:00,k-node13919857021,sat koordinater,,"55.0206554, 10.6563561",
2026-09-24T16:38:06+02:00,k-node13919857021,sat begrundelse,,"Stenmole (ca. 80 m, ikke i OSM) ved Slotshagen/Valdemars Slot på Tåsinge, ud til mørkt, dybere vand i Lunkebugten. Højden kan ikke ses og molen er nok ikke beregnet til badning.",
2026-09-24T16:38:06+02:00,k-node13920372851,sat vurdering,,nej,
2026-09-24T16:38:06+02:00,k-node13920372851,sat type,,strand,
2026-09-24T16:38:06+02:00,k-node13920372851,sat begrundelse,,Drejby Strand: sandstrand uden bro med brænding på billedet. Åben kyst mod Lillebælt; kan evt. bruges til beachstart på rolige dage.,
2026-09-24T16:38:06+02:00,k-node13920423565,sat vurdering,,nej,
2026-09-24T16:38:06+02:00,k-node13920423565,sat type,,strand,
2026-09-24T16:38:06+02:00,k-node13920423565,sat begrundelse,,Risemark Strand: strand uden bro med lavt vand. Åben kyst.,
2026-09-24T16:38:06+02:00,k-node13921041693,sat vurdering,,nej,
2026-09-24T16:38:06+02:00,k-node13921041693,sat type,,strand,
2026-09-24T16:38:06+02:00,k-node13921041693,sat begrundelse,,"Botofte Strand: smal strand uden bro ved et sund med mørkt vand, men kun sandstrand at starte fra.",
2026-09-24T16:38:06+02:00,k-node13921059190,sat vurdering,,nej,
2026-09-24T16:38:06+02:00,k-node13921059190,sat type,,strand,
2026-09-24T16:38:06+02:00,k-node13921059190,sat begrundelse,,Åsø Strand: strand uden bro med lavt vand og ålegræs (Det Sydfynske Øhav).,
2026-09-24T16:38:06+02:00,k-node13921078845,sat vurdering,,nej,
2026-09-24T16:38:06+02:00,k-node13921078845,sat type,,strand,
2026-09-24T16:38:06+02:00,k-node13921078845,sat begrundelse,,Lille Ibjerg Sø: sandstrand uden bro ved en dyb grusgravssø med mørkt vand. God til beachstart; badebroen i samme søområde (k-node8650706520) ligger 250 m mod syd.,
2026-09-24T16:38:06+02:00,k-node13922049133,sat vurdering,,nej,
2026-09-24T16:38:06+02:00,k-node13922049133,sat type,,bro,
2026-09-24T16:38:06+02:00,k-node13922049133,sat begrundelse,,"Helnæs Fiskerhuse: kun en lille bro (ca. 25 m, ikke i OSM) ud i meget lavt vand med ålegræs.",
2026-09-24T16:38:06+02:00,k-node13922050562,sat vurdering,,nej,
2026-09-24T16:38:06+02:00,k-node13922050562,sat type,,strand,
2026-09-24T16:38:06+02:00,k-node13922050562,sat begrundelse,,"Løgismose Skov: strand uden egnet bro, meget lavt vand med ålegræs.",
2026-09-24T16:38:06+02:00,k-node13922055840,sat vurdering,,nej,
2026-09-24T16:38:06+02:00,k-node13922055840,sat type,,strand,
2026-09-24T16:38:06+02:00,k-node13922055840,sat begrundelse,,Horne Sommerland: stenet strand uden bro med lavt vand og ålegræs.,
2026-09-24T16:38:06+02:00,k-node13980216805,sat vurdering,,måske,
2026-09-24T16:38:06+02:00,k-node13980216805,sat type,,bro,
2026-09-24T16:38:06+02:00,k-node13980216805,sat koordinater,,"55.2419878, 10.8074112",
2026-09-24T16:38:06+02:00,k-node13980216805,sat begrundelse,,"To små broer (ca. 30 m, ikke i OSM) ved Tårup Strand ud til mørkt, dybt vand. Åben kyst mod Storebælt (læ ved vestenvind); broerne ligger ved en grundejerforening og kan være private.",
2026-09-24T16:38:06+02:00,k-node13990601158,sat vurdering,,nej,
2026-09-24T16:38:06+02:00,k-node13990601158,sat type,,strand,
2026-09-24T16:38:06+02:00,k-node13990601158,sat begrundelse,,Damsbo Strand: strand uden bro med meget lavt vand og ålegræs.,
2026-09-24T16:38:06+02:00,k-node13990665171,sat vurdering,,nej,
2026-09-24T16:38:06+02:00,k-node13990665171,sat type,,strand,
2026-09-24T16:38:06+02:00,k-node13990665171,sat begrundelse,,Sinebjerg Strand: stenet strand uden bro med lavt vand og ålegræs.,
2026-09-24T16:38:06+02:00,k-node13990691802,sat vurdering,,nej,
2026-09-24T16:38:06+02:00,k-node13990691802,sat type,,bro,
2026-09-24T16:38:06+02:00,k-node13990691802,sat begrundelse,,"Falsled ved Møllebæk: to små bådebroer (ca. 35 m, ikke i OSM) med småbåde, ud i lavt vand med tæt ålegræs. Ser private ud.",
2026-09-24T16:38:06+02:00,k-node13990709241,sat vurdering,,nej,
2026-09-24T16:38:06+02:00,k-node13990709241,sat type,,strand,
2026-09-24T16:38:06+02:00,k-node13990709241,sat begrundelse,,Dyreborg Skov: strand uden bro med lavt vand og ålegræs.,
2026-09-24T16:38:06+02:00,k-node14026256158,sat vurdering,,nej,
2026-09-24T16:38:06+02:00,k-node14026256158,sat type,,strand,
2026-09-24T16:38:06+02:00,k-node14026256158,sat begrundelse,,Måle Strand: sandstrand uden bro. Åben kyst.,
2026-09-24T16:38:06+02:00,k-node14026307416,sat vurdering,,måske,
2026-09-24T16:38:06+02:00,k-node14026307416,sat type,,bro,
2026-09-24T16:38:06+02:00,k-node14026307416,sat koordinater,,"55.5090861, 10.7157312",
2026-09-24T16:38:06+02:00,k-node14026307416,sat begrundelse,,"Bøgebjerg Strand: selve badestedet er en sandstrand uden bro, men ved campingpladsen 250 m mod syd er der en bro (ca. 30 m, ikke i OSM) ud til mellemdybt vand. Åben kyst mod Kattegat.",
2026-09-24T16:38:06+02:00,k-node14026317574,sat vurdering,,nej,
2026-09-24T16:38:06+02:00,k-node14026317574,sat type,,strand,
2026-09-24T16:38:06+02:00,k-node14026317574,sat begrundelse,,"Dalby Bugt: meget lavt vand med sandflader, ingen bro.",
2026-09-24T16:38:06+02:00,k-node14026344253,sat vurdering,,nej,
2026-09-24T16:38:06+02:00,k-node14026344253,sat type,,strand,
2026-09-24T16:38:06+02:00,k-node14026344253,sat begrundelse,,Dinestrup Strand: sandstrand uden bro med lavt vand og ålegræs.,
2026-09-24T16:39:00+02:00,k-node13981163058,sat vurdering,,lovende,
2026-09-24T16:39:00+02:00,k-node13981163058,sat type,,badebro,
2026-09-24T16:39:00+02:00,k-node13981163058,sat koordinater,,"55.8601629, 12.4425974",
2026-09-24T16:39:00+02:00,k-node13981163058,sat begrundelse,,Badebro (33 m) ved Sjælsø i Eskemose skov. Mørkt søvand helt ind til land og stor plads; offentligt badested. Luftfotoet er et vinterbillede.,
2026-09-24T16:39:00+02:00,k-node13981166898,sat vurdering,,måske,
2026-09-24T16:39:00+02:00,k-node13981166898,sat type,,badebro,
2026-09-24T16:39:00+02:00,k-node13981166898,sat koordinater,,"55.9139815, 12.5242379",
2026-09-24T16:39:00+02:00,k-node13981166898,sat begrundelse,,"Lang badebro (117 m) og en kortere (53 m) ved Strandhuse Mikkelborg ud i Øresund. Lyst, lavt vand med sandrevler og åben kyst.",
2026-09-24T16:39:00+02:00,k-node13981217297,sat vurdering,,nej,
2026-09-24T16:39:00+02:00,k-node13981217297,sat type,,badebro,
2026-09-24T16:39:00+02:00,k-node13981217297,sat begrundelse,,Kort badebro (20 m) ved Kystbakken på Kalundborg Fjords nordkyst. Den ender i lavt vand med tæt ålegræs.,
2026-09-24T16:39:00+02:00,k-node13982470986,sat vurdering,,måske,
2026-09-24T16:39:00+02:00,k-node13982470986,sat type,,badebro,
2026-09-24T16:39:00+02:00,k-node13982470986,sat koordinater,,"55.7895849, 11.6318702",
2026-09-24T16:39:00+02:00,k-node13982470986,sat begrundelse,,"Badebro (50 m) ved Strandlyvej i Sejerø Bugt. Broen ses ikke på luftfotoet (evt. sæsonbro), og vandet er lyst og lavt med ålegræs; åben kyst.",
2026-09-24T16:39:00+02:00,k-node13982500617,sat vurdering,,måske,
2026-09-24T16:39:00+02:00,k-node13982500617,sat type,,badebro,
2026-09-24T16:39:00+02:00,k-node13982500617,sat koordinater,,"55.8021117, 11.6482542",
2026-09-24T16:39:00+02:00,k-node13982500617,sat begrundelse,,"Badebro (54 m) ved Egenæs i Holbæk Fjord. Beskyttet fjord, men lyst, grumset og lavt vand omkring broen.",
2026-09-24T16:39:00+02:00,k-node13982530531,sat vurdering,,måske,
2026-09-24T16:39:00+02:00,k-node13982530531,sat type,,badebro,
2026-09-24T16:39:00+02:00,k-node13982530531,sat koordinater,,"55.7855936, 11.6841994",
2026-09-24T16:39:00+02:00,k-node13982530531,sat begrundelse,,"Badebro (86 m) ved Tobjerg Sommerland ud i fjorden. Broen når lige ud til kanten af mørkt, dybt vand; der er bølger på luftfotoet, og kysten er åben mod nord.",
2026-09-24T16:39:00+02:00,k-node13982697509,sat vurdering,,måske,
2026-09-24T16:39:00+02:00,k-node13982697509,sat type,,badebro,
2026-09-24T16:39:00+02:00,k-node13982697509,sat koordinater,,"55.7866450, 11.7454448",
2026-09-24T16:39:00+02:00,k-node13982697509,sat begrundelse,,"Badebro (48 m) ved Løserup Strand Nord ud i Isefjorden. Mellemmørkt vand ved broenden, men med ålegræs og sandrevler; åben mod øst.",
2026-09-24T16:39:00+02:00,k-node13982942729,sat vurdering,,lovende,
2026-09-24T16:39:00+02:00,k-node13982942729,sat type,,badebro,
2026-09-24T16:39:00+02:00,k-node13982942729,sat koordinater,,"55.7496996, 12.1001201",
2026-09-24T16:39:00+02:00,k-node13982942729,sat begrundelse,,"Badebro (45 m) ved Klinten i Jyllinge ud i Roskilde Fjord. Mørkt, roligt vand og stor plads; offentligt badested. Broen ses kun svagt på luftfotoet (evt. sæsonbro).",
2026-09-24T16:39:00+02:00,k-node13982962035,sat vurdering,,måske,
2026-09-24T16:39:00+02:00,k-node13982962035,sat type,,badebro,
2026-09-24T16:39:00+02:00,k-node13982962035,sat koordinater,,"55.7763754, 12.0594145",
2026-09-24T16:39:00+02:00,k-node13982962035,sat begrundelse,,Badebro (95 m) ved Hyllingeriis ud i Roskilde Fjord til mørkt vand. Broen ses ikke på luftfotoet (evt. sæsonbro eller nyere).,
2026-09-24T16:39:00+02:00,k-node13982967314,sat vurdering,,måske,
2026-09-24T16:39:00+02:00,k-node13982967314,sat type,,badebro,
2026-09-24T16:39:00+02:00,k-node13982967314,sat koordinater,,"55.7926458, 12.0570966",
2026-09-24T16:39:00+02:00,k-node13982967314,sat begrundelse,,"Badebro (61 m) ved Skuldelevhavn i Roskilde Fjord. Broen ses ikke på luftfotoet (evt. sæsonbro), og vandet er lyst og lavt nær land.",
2026-09-24T16:39:29+02:00,k-node13854280068,sat vurdering,,nej,
2026-09-24T16:39:29+02:00,k-node13854280068,sat type,,strand,
2026-09-24T16:39:29+02:00,k-node13854280068,sat begrundelse,,Badestedet ved Madum Sø har ingen bro. Vandet ved bredden er lyst og lavt med sandbund.,
2026-09-24T16:39:29+02:00,k-node13899768890,sat vurdering,,nej,
2026-09-24T16:39:29+02:00,k-node13899768890,sat type,,strand,
2026-09-24T16:39:29+02:00,k-node13899768890,sat begrundelse,,"Saltum Strand er en åben Jammerbugt-strand uden bro, og der er bølger.",
2026-09-24T16:39:29+02:00,k-node13899779247,sat vurdering,,nej,
2026-09-24T16:39:29+02:00,k-node13899779247,sat type,,strand,
2026-09-24T16:39:29+02:00,k-node13899779247,sat begrundelse,,Kandestederne ligger på den åbne Skagerrak-kyst med brænding og uden bro.,
2026-09-24T16:39:29+02:00,k-node13900980579,sat vurdering,,nej,
2026-09-24T16:39:29+02:00,k-node13900980579,sat type,,strand,
2026-09-24T16:39:29+02:00,k-node13900980579,sat begrundelse,,"Bisnap Strand er en Kattegat-strand uden bro, og vandet er lyst og lavt langt ud.",
2026-09-24T16:39:29+02:00,k-node13902341906,sat vurdering,,nej,
2026-09-24T16:39:29+02:00,k-node13902341906,sat type,,strand,
2026-09-24T16:39:29+02:00,k-node13902341906,sat begrundelse,,Tornby Strand ligger på den åbne Skagerrak-kyst med brænding og uden bro.,
2026-09-24T16:39:29+02:00,k-node13906576508,sat vurdering,,nej,
2026-09-24T16:39:29+02:00,k-node13906576508,sat type,,strand,
2026-09-24T16:39:29+02:00,k-node13906576508,sat begrundelse,,Udbyhøj Strand ligger ved Randers Fjords munding tæt på færgelejet og har ingen bro. Der er strøm.,
2026-09-24T16:39:29+02:00,k-node13909558270,sat vurdering,,nej,
2026-09-24T16:39:29+02:00,k-node13909558270,sat type,,strand,
2026-09-24T16:39:29+02:00,k-node13909558270,sat begrundelse,,Badestranden ved campingpladsen øst for Thisted har ingen bro. Badebroen ca. 150 m vest for er vurderet for sig.,
2026-09-24T16:39:29+02:00,k-node13909769182,sat vurdering,,nej,
2026-09-24T16:39:29+02:00,k-node13909769182,sat type,,strand,
2026-09-24T16:39:29+02:00,k-node13909769182,sat begrundelse,,"Smal strand ved Dragsbæk vest for Thisted uden bro. Vandet bliver hurtigt mørkt, så stedet kan måske bruges til beachstart.",
2026-09-24T16:39:29+02:00,k-node13909867373,sat vurdering,,nej,
2026-09-24T16:39:29+02:00,k-node13909867373,sat type,,strand,
2026-09-24T16:39:29+02:00,k-node13909867373,sat begrundelse,,"Strand ved Vilsund Vest uden bro, og der er strøm i Vilsund.",
2026-09-24T16:39:29+02:00,k-node13909868959,sat vurdering,,nej,
2026-09-24T16:39:29+02:00,k-node13909868959,sat type,,strand,
2026-09-24T16:39:29+02:00,k-node13909868959,sat begrundelse,,"Skyum Østerstrand er en strand uden bro, og vandet er lavt med ålegræsbanker.",
2026-09-24T16:39:29+02:00,k-node13909889366,sat vurdering,,nej,
2026-09-24T16:39:29+02:00,k-node13909889366,sat type,,strand,
2026-09-24T16:39:29+02:00,k-node13909889366,sat begrundelse,,"Tæbring Strand har kun en lille bro (ca. 15 m), som ikke er i OSM. Den går ud i lavt vand med ålegræs.",
2026-09-24T16:39:29+02:00,k-node13912912935,sat vurdering,,nej,
2026-09-24T16:39:29+02:00,k-node13912912935,sat type,,strand,
2026-09-24T16:39:29+02:00,k-node13912912935,sat begrundelse,,"Bjørndrup Strand har ingen bro, og vandet er lyst og lavt.",
2026-09-24T16:39:29+02:00,k-node13912923378,sat vurdering,,nej,
2026-09-24T16:39:29+02:00,k-node13912923378,sat type,,strand,
2026-09-24T16:39:29+02:00,k-node13912923378,sat begrundelse,,"Stranden ved Vesterø Havn på Læsø har ingen bro, og vandet er lyst og lavt.",
2026-09-24T16:39:29+02:00,k-node13912923928,sat vurdering,,nej,
2026-09-24T16:39:29+02:00,k-node13912923928,sat type,,strand,
2026-09-24T16:39:29+02:00,k-node13912923928,sat begrundelse,,"Strand ved Kongevejen på Læsø uden bro, og der er lave sandbanker langt ud.",
2026-09-24T16:39:29+02:00,k-node13917477508,sat vurdering,,måske,
2026-09-24T16:39:29+02:00,k-node13917477508,sat type,,badebro,
2026-09-24T16:39:29+02:00,k-node13917477508,sat koordinater,,"56.6245591, 8.7295254",
2026-09-24T16:39:29+02:00,k-node13917477508,sat begrundelse,,"Luftfotoet viser en badebro på ca. 25 m ved Ålbæk Strand på Thyholm, som ikke er i OSM. Billedet er gråt og uklart, så dybden kan ikke vurderes, og der er åbent ud mod bredningen.",
2026-09-24T16:39:29+02:00,k-node13918444039,sat vurdering,,nej,
2026-09-24T16:39:29+02:00,k-node13918444039,sat type,,strand,
2026-09-24T16:39:29+02:00,k-node13918444039,sat begrundelse,,Sæby Nordstrand er en åben Kattegat-strand med høfder og bølger og uden badebro.,
2026-09-24T16:39:29+02:00,k-node13919438814,sat vurdering,,nej,
2026-09-24T16:39:29+02:00,k-node13919438814,sat type,,strand,
2026-09-24T16:39:29+02:00,k-node13919438814,sat begrundelse,,"Gjellerodde Strand har ingen bro, og vandet er lyst og lavt.",
2026-09-24T16:39:29+02:00,k-node13919445144,sat vurdering,,nej,
2026-09-24T16:39:29+02:00,k-node13919445144,sat type,,strand,
2026-09-24T16:39:29+02:00,k-node13919445144,sat begrundelse,,Thyborøn Badestrand ligger ved Vesterhavet og Thyborøn Kanal med bølger og strøm og har ingen bro.,
2026-09-24T16:39:47+02:00,k-node4317340400,sat vurdering,,nej,
2026-09-24T16:39:47+02:00,k-node4317340400,sat type,,andet,
2026-09-24T16:39:47+02:00,k-node4317340400,sat begrundelse,,"Storådalen Kanorast ved golfbanen: kanoplads uden bro ved Storå, som kun er ca. 20 m bred. For smalt.",
2026-09-24T16:39:47+02:00,k-node5149613875,sat vurdering,,nej,
2026-09-24T16:39:47+02:00,k-node5149613875,sat type,,andet,
2026-09-24T16:39:47+02:00,k-node5149613875,sat begrundelse,,Hodsager Kanoplads: kanoplads uden bro ved en snoet å (ca. 15 m). For smalt.,
2026-09-24T16:39:47+02:00,k-way1278993950,sat vurdering,,nej,
2026-09-24T16:39:47+02:00,k-way1278993950,sat type,,andet,
2026-09-24T16:39:47+02:00,k-way1278993950,sat begrundelse,,"OSM-objektet er en robane (sport=rowing) midt på Vandkraftsøen i Holstebro, ikke en klub eller bro. Fejl i søgningen; Holstebro Roklub er vurderet for sig.",
2026-09-24T16:39:47+02:00,k-way1391315309,sat vurdering,,lovende,
2026-09-24T16:39:47+02:00,k-way1391315309,sat type,,bro,
2026-09-24T16:39:47+02:00,k-way1391315309,sat koordinater,,"56.4815466, 8.7180995",
2026-09-24T16:39:47+02:00,k-way1391315309,sat begrundelse,,"Vinterbaderne i Handbjerg Marina: vinterbadehus på molen med trappe/bro ud i et stort, beskyttet bassin (ca. 100 m) inden for bølgebryderen i Limfjorden. Mørkt vand og ingen både i den del af bassinet; tjek broens udformning.",
2026-09-24T16:39:47+02:00,k-way1415132568,sat vurdering,,nej,
2026-09-24T16:39:47+02:00,k-way1415132568,sat type,,andet,
2026-09-24T16:39:47+02:00,k-way1415132568,sat begrundelse,,"Skarrild Kanoplads: parkeringsplads uden bro ved Skjern Å, som kun er ca. 10–15 m bred. For smalt.",
2026-09-24T16:39:47+02:00,k-way331583283,sat vurdering,,lovende,
2026-09-24T16:39:47+02:00,k-way331583283,sat type,,bro,
2026-09-24T16:39:47+02:00,k-way331583283,sat koordinater,,"56.1112824, 8.4169752",
2026-09-24T16:39:47+02:00,k-way331583283,sat begrundelse,,"Vanting Sø: L-formet badebro (31 m) ud i en rolig sø (ca. 250×150 m) med mørkt vand. Offentligt badested; søen er lidt lille, men nok til at pumpe.",
2026-09-24T16:39:47+02:00,k-way413961150,sat vurdering,,nej,
2026-09-24T16:39:47+02:00,k-way413961150,sat type,,andet,
2026-09-24T16:39:47+02:00,k-way413961150,sat begrundelse,,"Flensborg Roklubs weekendhytte ligger i et skovholt mellem marker, ikke ved vandet. Ingen bro.",
2026-09-24T16:39:47+02:00,k-way431504417,sat vurdering,,nej,
2026-09-24T16:39:47+02:00,k-way431504417,sat type,,andet,
2026-09-24T16:39:47+02:00,k-way431504417,sat begrundelse,,"Tjørring Kanoplads: græsplads uden bro ved Storå, som kun er ca. 15 m bred. For smalt.",
2026-09-24T16:39:47+02:00,k-way431504672,sat vurdering,,nej,
2026-09-24T16:39:47+02:00,k-way431504672,sat type,,andet,
2026-09-24T16:39:47+02:00,k-way431504672,sat begrundelse,,Ansbjerg Kanoplads: græsplads uden bro ved en smal å (ca. 15 m). For smalt.,
2026-09-24T16:39:47+02:00,k-way799211778,sat vurdering,,nej,
2026-09-24T16:39:47+02:00,k-way799211778,sat type,,andet,
2026-09-24T16:39:47+02:00,k-way799211778,sat begrundelse,,Haderslev Roklubs hytte ved Årøsund: klubhus i skoven uden bro. Stranden foran er åben mod Lillebælt.,
2026-09-24T16:39:47+02:00,k-node1154379103,sat vurdering,,lovende,
2026-09-24T16:39:47+02:00,k-node1154379103,sat type,,badebro,
2026-09-24T16:39:47+02:00,k-node1154379103,sat koordinater,,"55.3587688, 9.2099460",
2026-09-24T16:39:47+02:00,k-node1154379103,sat begrundelse,,"Jels Søbad: ringformet badebro (139 m) ud i Jels Nedersø med mørkt, dybt vand indenfor og udenfor ringen. Rolig sø og offentligt vinterbad; to lige broer ved siden af.",
2026-09-24T16:39:47+02:00,k-way1297182932,sat vurdering,,lovende,
2026-09-24T16:39:47+02:00,k-way1297182932,sat type,,ponton,
2026-09-24T16:39:47+02:00,k-way1297182932,sat koordinater,,"54.9168195, 9.7769388",
2026-09-24T16:39:47+02:00,k-way1297182932,sat begrundelse,,"Sønderborg Havnebad: trekantet havnebadsanlæg ved kajen i Sønderborg Havn med mørkt, dybt vand. Offentligt havnebad, men strøm i Als Sund og bådtrafik; tjek regler for at forlade badeanlægget.",
2026-09-24T16:39:47+02:00,k-way1382557926,sat vurdering,,måske,
2026-09-24T16:39:47+02:00,k-way1382557926,sat type,,badebro,
2026-09-24T16:39:47+02:00,k-way1382557926,sat koordinater,,"55.2591283, 9.7148731",
2026-09-24T16:39:47+02:00,k-way1382557926,sat begrundelse,,"Årøsund badesteg: badebro (64 m) fra stranden ud i Lillebælt med mørkt, dybt vand for enden. Åben kyst med strøm og bølger.",
2026-09-24T16:39:47+02:00,k-way480291462,sat vurdering,,måske,
2026-09-24T16:39:47+02:00,k-way480291462,sat type,,badebro,
2026-09-24T16:39:47+02:00,k-way480291462,sat koordinater,,"54.8716761, 9.5197723",
2026-09-24T16:39:47+02:00,k-way480291462,sat begrundelse,,"Rønshoved Højskoles badebro (40 m) ud i Flensborg Fjord med mørkt, dybt vand. Vindbølger på luftfotoet, og broen hører til højskolen (adgang uklar).",
2026-09-24T16:39:47+02:00,k-node13975136297,sat vurdering,,nej,
2026-09-24T16:39:47+02:00,k-node13975136297,sat type,,strand,
2026-09-24T16:39:47+02:00,k-node13975136297,sat begrundelse,,"Kystsanatoriet i Sjelborg: sandstrand ud mod Ho Bugt i Vadehavet uden bro, kun slæbesteder. Lavt vand og tidevand.",
2026-09-24T16:39:47+02:00,k-node4438287896,sat vurdering,,nej,
2026-09-24T16:39:47+02:00,k-node4438287896,sat type,,andet,
2026-09-24T16:39:47+02:00,k-node4438287896,sat begrundelse,,Slotssøbadet i Kolding er en indendørs svømmehal (reception og bygning). Fejl i søgningen (vinterbad).,
2026-09-24T16:39:47+02:00,k-node13968570522,sat vurdering,,nej,
2026-09-24T16:39:47+02:00,k-node13968570522,sat type,,bro,
2026-09-24T16:39:47+02:00,k-node13968570522,sat begrundelse,,Lille dam i en park i Kolding med bro (68 m) og udlejning (vandcykler). Dammen er lille og dækket af planter. For lille.,
2026-09-24T16:39:47+02:00,k-node1785885901,sat vurdering,,nej,
2026-09-24T16:39:47+02:00,k-node1785885901,sat type,,slæbested,
2026-09-24T16:39:47+02:00,k-node1785885901,sat begrundelse,,Fredericia Sejlklub og Lystbådehavn: tæt pakket lystbådehavn med slæbested. Ingen plads mellem bådene.,
2026-09-24T16:39:47+02:00,k-way609317589,sat vurdering,,nej,
2026-09-24T16:39:47+02:00,k-way609317589,sat type,,bro,
2026-09-24T16:39:47+02:00,k-way609317589,sat begrundelse,,Damkiosken i Haderslev: bådudlejning med kort bro ved Haderslev Dam midt i byen. Vandet er dækket af grønne planter/alger på luftfotoet; Haderslev Roklub er et bedre sted på samme sø.,
2026-09-24T16:39:47+02:00,k-node1028000785,sat vurdering,,nej,
2026-09-24T16:39:47+02:00,k-node1028000785,sat type,,slæbested,
2026-09-24T16:39:47+02:00,k-node1028000785,sat begrundelse,,"Strib Bådehavn: smal, tæt pakket lystbådehavn med slæbested. Ingen plads mellem bådene.",
2026-09-24T16:39:47+02:00,k-node10770884852,sat vurdering,,måske,
2026-09-24T16:39:47+02:00,k-node10770884852,sat type,,bro,
2026-09-24T16:39:47+02:00,k-node10770884852,sat koordinater,,"55.2966921, 9.8041066",
2026-09-24T16:39:47+02:00,k-node10770884852,sat begrundelse,,"Baagø Havn: lille ø-havn med broer (61 og 82 m) og et bassin på ca. 100 m med få både. Beskyttet, men færgen til Baagø anløber her; tjek plads og regler.",
2026-09-24T16:39:47+02:00,k-node10776284748,sat vurdering,,nej,
2026-09-24T16:39:47+02:00,k-node10776284748,sat type,,bro,
2026-09-24T16:39:47+02:00,k-node10776284748,sat begrundelse,,Udlejning ved en lille parksø i Fredericia (ca. 100 m) med kort bro og vandcykler. For lille.,
2026-09-24T16:39:47+02:00,k-node11070324160,sat vurdering,,nej,
2026-09-24T16:39:47+02:00,k-node11070324160,sat type,,andet,
2026-09-24T16:39:47+02:00,k-node11070324160,sat begrundelse,,Gråsten Sejlklubs autocamperplads og tæt pakket lystbådehavn i Egernsund. Ingen plads mellem bådene.,
2026-09-24T16:39:47+02:00,k-node11374883151,sat vurdering,,nej,
2026-09-24T16:39:47+02:00,k-node11374883151,sat type,,andet,
2026-09-24T16:39:47+02:00,k-node11374883151,sat begrundelse,,Bjerregaard Camping: udlejning på en campingplads uden bro. Fejl i søgningen (udlejning).,
2026-09-24T16:39:47+02:00,k-node11374926055,sat vurdering,,nej,
2026-09-24T16:39:47+02:00,k-node11374926055,sat type,,andet,
2026-09-24T16:39:47+02:00,k-node11374926055,sat begrundelse,,Surf Farm ved Ringkøbing Fjord: surfskole ved en rørskovskyst uden bro. Fjorden er lavvandet.,
2026-09-24T16:39:47+02:00,k-node11513538156,sat vurdering,,måske,
2026-09-24T16:39:47+02:00,k-node11513538156,sat type,,bro,
2026-09-24T16:39:47+02:00,k-node11513538156,sat koordinater,,"56.3718833, 8.1241231",
2026-09-24T16:39:47+02:00,k-node11513538156,sat begrundelse,,"Thorsminde Slusehavn: stort, mørkt havnebassin (ca. 150 m) med broer (82 og 104 m) og få både. Slusestrøm og bådtrafik; samme bassin som Thorsminde Coastal Roklub.",
2026-09-24T16:39:47+02:00,k-node13011305824,sat vurdering,,nej,
2026-09-24T16:39:47+02:00,k-node13011305824,sat type,,andet,
2026-09-24T16:39:47+02:00,k-node13011305824,sat begrundelse,,Augustenborg Sejlklub: klubhus ved en tæt pakket lystbådehavn i industriområde. Ingen plads mellem bådene.,
2026-09-24T16:39:47+02:00,k-node13977194438,sat vurdering,,nej,
2026-09-24T16:39:47+02:00,k-node13977194438,sat type,,slæbested,
2026-09-24T16:39:47+02:00,k-node13977194438,sat begrundelse,,Kolding Marina Syd: tæt pakket lystbådehavn med slæbesteder. Ingen plads mellem bådene.,
2026-09-24T16:39:47+02:00,k-node1501670423,sat vurdering,,nej,
2026-09-24T16:39:47+02:00,k-node1501670423,sat type,,slæbested,
2026-09-24T16:39:47+02:00,k-node1501670423,sat begrundelse,,"Faurby Marina/Skærbæk Havn: lille, tæt pakket bådehavn med slæbested. Skærbæk Strandparks badebro lige øst for er bedre.",
2026-09-24T16:39:47+02:00,k-node1719218554,sat vurdering,,nej,
2026-09-24T16:39:47+02:00,k-node1719218554,sat type,,slæbested,
2026-09-24T16:39:47+02:00,k-node1719218554,sat begrundelse,,"Aarø Havn: lille, tæt pakket ø-havn med færgeleje. Ingen plads mellem bådene.",
2026-09-24T16:39:47+02:00,k-node288488204,sat vurdering,,nej,
2026-09-24T16:39:47+02:00,k-node288488204,sat type,,bro,
2026-09-24T16:39:47+02:00,k-node288488204,sat begrundelse,,Brandsbøl Havn: meget lille bådehavn med fyldte pladser og en kort bro (19 m) ud i åben kyst. For lille.,
2026-09-24T16:39:47+02:00,k-node2972611994,sat vurdering,,nej,
2026-09-24T16:39:47+02:00,k-node2972611994,sat type,,slæbested,
2026-09-24T16:39:47+02:00,k-node2972611994,sat begrundelse,,Dyvig Bådelaug Lystbådehavn: broer fyldt med både. Ingen plads mellem bådene; se Dyvig Bro i nærheden.,
2026-09-24T16:39:47+02:00,k-node4589096946,sat vurdering,,måske,
2026-09-24T16:39:47+02:00,k-node4589096946,sat type,,bro,
2026-09-24T16:39:47+02:00,k-node4589096946,sat koordinater,,"54.9340963, 9.8345922",
2026-09-24T16:39:47+02:00,k-node4589096946,sat begrundelse,,"Ulkebøl Krigshavn: tre smalle broer (55–57 m) ud i Als Fjord/Stegsvig med få både for svaj. Beskyttet vand, men lavt ved land og mulig privat bådelaugsbro.",
2026-09-24T16:39:47+02:00,k-node4811951902,sat vurdering,,nej,
2026-09-24T16:39:47+02:00,k-node4811951902,sat type,,slæbested,
2026-09-24T16:39:47+02:00,k-node4811951902,sat begrundelse,,Sommerlyst: lille bådehavn langs Skjern Å (ca. 40 m bred) ved vejbroen. Tæt pakket og for smalt.,
2026-09-24T16:39:47+02:00,k-way1038336914,sat vurdering,,nej,
2026-09-24T16:39:47+02:00,k-way1038336914,sat type,,bro,
2026-09-24T16:39:47+02:00,k-way1038336914,sat begrundelse,,Aabenraa Lystbådehavn: tæt pakket lystbådehavn med lange broer (112–171 m). Ingen plads mellem bådene.,
2026-09-24T16:39:47+02:00,k-way1467704136,sat vurdering,,nej,
2026-09-24T16:39:47+02:00,k-way1467704136,sat type,,bro,
2026-09-24T16:39:47+02:00,k-way1467704136,sat begrundelse,,Gamle Havn i Middelfart: lille havn med fortøjede både og bro (78 m) langs kajen. Strøm i Lillebælt og ingen plads i bassinet.,
2026-09-24T16:39:47+02:00,k-way320172691,sat vurdering,,nej,
2026-09-24T16:39:47+02:00,k-way320172691,sat type,,slæbested,
2026-09-24T16:39:47+02:00,k-way320172691,sat begrundelse,,"Hemmet Havn: smal bådkanal (ca. 25 m) med fortøjede både ved Ringkøbing Fjord. For smalt, og fjorden er lavvandet.",
2026-09-24T16:39:47+02:00,k-node3227948284,sat vurdering,,nej,
2026-09-24T16:39:47+02:00,k-node3227948284,sat type,,slæbested,
2026-09-24T16:39:47+02:00,k-node3227948284,sat begrundelse,,Juelsminde Sejlklub: klubhus mellem to tæt pakkede lystbådehavne. Ingen plads mellem bådene.,
2026-09-24T16:39:47+02:00,k-node3228021010,sat vurdering,,nej,
2026-09-24T16:39:47+02:00,k-node3228021010,sat type,,andet,
2026-09-24T16:39:47+02:00,k-node3228021010,sat begrundelse,,Grenaa Roklub ligger i Grenaa erhvervshavn med kajer og fiskeskibe. Industri og skibstrafik; det eksisterende spot ligger i lagunen syd for.,
2026-09-24T16:39:47+02:00,k-node11961297793,sat vurdering,,nej,
2026-09-24T16:39:47+02:00,k-node11961297793,sat type,,bro,
2026-09-24T16:39:47+02:00,k-node11961297793,sat begrundelse,,"Endelave Lynger Strand: kort badebro (25 m) på en åben kyst med lyst, lavt vand. For udsat og for lavt.",
2026-09-24T16:39:47+02:00,k-node13906417622,sat vurdering,,nej,
2026-09-24T16:39:47+02:00,k-node13906417622,sat type,,bro,
2026-09-24T16:39:47+02:00,k-node13906417622,sat begrundelse,,Helles Klint: små broer (12 og 13 m) på en åben stenet kyst ved Djursland. For korte og udsat.,
2026-09-24T16:39:47+02:00,k-node13918456133,sat vurdering,,nej,
2026-09-24T16:39:47+02:00,k-node13918456133,sat type,,bro,
2026-09-24T16:39:47+02:00,k-node13918456133,sat begrundelse,,"Storstranden Juelsminde: bro (60 m) på en åben strand mellem høfder med lyst, lavt vand. Broen ses ikke på luftfotoet (sæsonbro?); åben kyst.",
2026-09-24T16:39:47+02:00,k-node13919887881,sat vurdering,,nej,
2026-09-24T16:39:47+02:00,k-node13919887881,sat type,,strand,
2026-09-24T16:39:47+02:00,k-node13919887881,sat begrundelse,,"Grenaa Strand: OSM-broen (57 m) er en gangbro over klitten, ikke ud i vandet. Åben kyst med brænding; kan bruges til beachstart.",
2026-09-24T16:39:47+02:00,k-node1414304237,sat vurdering,,nej,
2026-09-24T16:39:47+02:00,k-node1414304237,sat type,,slæbested,
2026-09-24T16:39:47+02:00,k-node1414304237,sat begrundelse,,Grenaa Sejlklub: tæt pakket lystbådehavn med slæbested. Ingen plads mellem bådene; det eksisterende spot ligger i lagunen vest for.,
2026-09-24T16:39:57+02:00,k-node13985364745,sat vurdering,,nej,
2026-09-24T16:39:57+02:00,k-node13985364745,sat type,,badebro,
2026-09-24T16:39:57+02:00,k-node13985364745,sat begrundelse,,"Mange korte badebroer (19–31 m) foran villaer i Taarbæk ud i Øresund. Formentlig private broer; badestedet Bombegrunden har selv ingen bro, og vandet er lyst og lavt.",
2026-09-24T16:39:57+02:00,k-node13986384751,sat vurdering,,nej,
2026-09-24T16:39:57+02:00,k-node13986384751,sat type,,badebro,
2026-09-24T16:39:57+02:00,k-node13986384751,sat begrundelse,,Kort badebro (24 m) ved Svenstrup Overdrev på den åbne kyst mod Kattegat med tydelig brænding.,
2026-09-24T16:39:57+02:00,k-node13986440618,sat vurdering,,måske,
2026-09-24T16:39:57+02:00,k-node13986440618,sat type,,badebro,
2026-09-24T16:39:57+02:00,k-node13986440618,sat koordinater,,"55.7330447, 11.0605032",
2026-09-24T16:39:57+02:00,k-node13986440618,sat begrundelse,,Vollerup Badebro (28 m) på Røsnæs' nordkyst ud til mørkt vand. Åben kyst mod Kattegat med bølger og en stenet strand.,
2026-09-24T16:39:57+02:00,k-node13986443529,sat vurdering,,måske,
2026-09-24T16:39:57+02:00,k-node13986443529,sat type,,badebro,
2026-09-24T16:39:57+02:00,k-node13986443529,sat koordinater,,"55.6305153, 11.0914874",
2026-09-24T16:39:57+02:00,k-node13986443529,sat begrundelse,,Årbyhus Badebro (30 m) i Kalundborg Fjord/Sejerø Bugt. Broen ender i mellemmørkt vand med ålegræs; åben kyst.,
2026-09-24T16:39:57+02:00,k-node13989598398,sat vurdering,,lovende,
2026-09-24T16:39:57+02:00,k-node13989598398,sat type,,badebro,
2026-09-24T16:39:57+02:00,k-node13989598398,sat koordinater,,"55.9245934, 12.3139962",
2026-09-24T16:39:57+02:00,k-node13989598398,sat begrundelse,,Badebro (37 m) ved Teglgårdssøen i Hillerød ud i en mørk skovsø (ca. 200×250 m). Roligt vand og offentligt badested; søen er ikke stor.,
2026-09-24T16:39:57+02:00,k-node13989632182,sat vurdering,,måske,
2026-09-24T16:39:57+02:00,k-node13989632182,sat type,,bro,
2026-09-24T16:39:57+02:00,k-node13989632182,sat koordinater,,"55.9595745, 11.9591563",
2026-09-24T16:39:57+02:00,k-node13989632182,sat begrundelse,,"Lang, smal bro (over 100 m, kun 13 m i OSM) fra Byåsgårds campingplads ud i Isefjorden. Lyst, grumset og lavt vand; campingpladsens gæster har adgang.",
2026-09-24T16:39:57+02:00,k-node13989659293,sat vurdering,,nej,
2026-09-24T16:39:57+02:00,k-node13989659293,sat type,,badebro,
2026-09-24T16:39:57+02:00,k-node13989659293,sat begrundelse,,"Kort badebro (31 m) ved Smidstrup Strand på den åbne Kattegatkyst. Lyst, lavt vand med sten og ingen læ.",
2026-09-24T16:39:57+02:00,k-node13989665010,sat vurdering,,nej,
2026-09-24T16:39:57+02:00,k-node13989665010,sat type,,badebro,
2026-09-24T16:39:57+02:00,k-node13989665010,sat begrundelse,,"Badebro (38 m) ved Strandbakkerne i Gilleleje på den åbne Kattegatkyst. Lyst, lavt vand med bølger.",
2026-09-24T16:39:57+02:00,k-node13989666891,sat vurdering,,nej,
2026-09-24T16:39:57+02:00,k-node13989666891,sat type,,badebro,
2026-09-24T16:39:57+02:00,k-node13989666891,sat begrundelse,,"Kort badebro (26 m) ved Strandbjerggård på den åbne Kattegatkyst med brænding og lyst, lavt vand.",
2026-09-24T16:39:57+02:00,k-node13994495443,sat vurdering,,måske,
2026-09-24T16:39:57+02:00,k-node13994495443,sat type,,badebro,
2026-09-24T16:39:57+02:00,k-node13994495443,sat koordinater,,"55.9024890, 11.7451261",
2026-09-24T16:39:57+02:00,k-node13994495443,sat begrundelse,,"Kort badebro (21 m) ved Nakkehage ud i Isefjordens munding. Mørkt vand tæt ved land, men kysten er åben mod syd og øst, og broen er kort.",
2026-09-24T16:40:40+02:00,k-relation10907937,sat vurdering,,lovende,
2026-09-24T16:40:40+02:00,k-relation10907937,sat type,,flydebro,
2026-09-24T16:40:40+02:00,k-relation10907937,sat koordinater,,"55.1043095, 14.6913205",
2026-09-24T16:40:40+02:00,k-relation10907937,sat begrundelse,,"Rønne Roklubs flydebro i det vestlige hjørne af Nørrekås Lystbådehavn: beskyttet bassin (ca. 55×80 m) med mørkt, dybt vand og ingen både mellem molen og den første bådbro. Havn: tjek havnens regler og pas på bådtrafik.",
2026-09-24T16:40:40+02:00,k-way512822272,sat vurdering,,nej,
2026-09-24T16:40:40+02:00,k-way512822272,sat type,,flydebro,
2026-09-24T16:40:40+02:00,k-way512822272,sat begrundelse,,"Lille flydebro (21 m) i en smal bås i Nexø Havn, som er en travl fiskeri- og erhvervshavn. Ikke plads til at pumpe.",
2026-09-24T16:40:40+02:00,k-node4369954269,sat vurdering,,måske,
2026-09-24T16:40:40+02:00,k-node4369954269,sat type,,bro,
2026-09-24T16:40:40+02:00,k-node4369954269,sat koordinater,,"55.1853734, 14.7013202",
2026-09-24T16:40:40+02:00,k-node4369954269,sat begrundelse,,"Paddle Bornholm i Hasle: kort bro (16 m) ved stranden på ydersiden af Hasle Havn, ud til mellemdybt vand. Læ af molen mod nord, men åben kyst mod vest (Østersøen) med bølger.",
2026-09-24T16:40:40+02:00,k-node12097188723,sat vurdering,,lovende,
2026-09-24T16:40:40+02:00,k-node12097188723,sat type,,badebro,
2026-09-24T16:40:40+02:00,k-node12097188723,sat koordinater,,"55.1359724, 15.1464152",
2026-09-24T16:40:40+02:00,k-node12097188723,sat begrundelse,,"Svaneke Havnebad: badebro/platform (84 m i OSM) i yderhavnen, beskyttet af en stor bølgebryder, med mørkt, dybt vand og ca. 100×100 m frit vand. Offentligt havnebad; dønninger kan komme ind ved østenvind.",
2026-09-24T16:40:40+02:00,k-node13975074217,sat vurdering,,måske,
2026-09-24T16:40:40+02:00,k-node13975074217,sat type,,bro,
2026-09-24T16:40:40+02:00,k-node13975074217,sat koordinater,,"55.0250370, 15.1220748",
2026-09-24T16:40:40+02:00,k-node13975074217,sat begrundelse,,"Badested ved Snogebæk Havn, en lille havn med lang mole (614 m i OSM) og bølgebryder. Vandet omkring havnen ser lavt ud med sand og sten; åbent mod syd.",
2026-09-24T16:40:40+02:00,k-node13852413371,sat vurdering,,måske,
2026-09-24T16:40:40+02:00,k-node13852413371,sat type,,badebro,
2026-09-24T16:40:40+02:00,k-node13852413371,sat koordinater,,"55.2015649, 14.9837124",
2026-09-24T16:40:40+02:00,k-node13852413371,sat begrundelse,,Badebro (37 m) ved Melsted Strand ud til mørkt vand. Åben klippekyst mod Østersøen med bølger på billedet; kun til rolige dage.,
2026-09-24T16:40:40+02:00,k-node13852591590,sat vurdering,,måske,
2026-09-24T16:40:40+02:00,k-node13852591590,sat type,,badebro,
2026-09-24T16:40:40+02:00,k-node13852591590,sat koordinater,,"55.2596967, 14.8177104",
2026-09-24T16:40:40+02:00,k-node13852591590,sat begrundelse,,"Badebro (39 m) på klipperne ved Lille Sandkås ud til mørkt vand. Åben nordkyst med bølger, der brydes på klipperne; kun til rolige dage.",
2026-09-24T16:40:40+02:00,k-node13855945843,sat vurdering,,måske,
2026-09-24T16:40:40+02:00,k-node13855945843,sat type,,bro,
2026-09-24T16:40:40+02:00,k-node13855945843,sat koordinater,,"55.2906449, 14.7781992",
2026-09-24T16:40:40+02:00,k-node13855945843,sat begrundelse,,"Sandvig Bådebro (66 m i OSM) i nordenden af Sandvig Strand ud til mørkt vand. Bugten har læ mod syd og vest, men er åben mod nord.",
2026-09-24T16:40:40+02:00,k-node13902416674,sat vurdering,,lovende,
2026-09-24T16:40:40+02:00,k-node13902416674,sat type,,badebro,
2026-09-24T16:40:40+02:00,k-node13902416674,sat koordinater,,"55.2816887, 14.7617521",
2026-09-24T16:40:40+02:00,k-node13902416674,sat begrundelse,,"Badebro/platform ved Opalsøen, en dyb, oversvømmet granitgrav (ca. 400×120 m) med mørkt vand og læ af klippevæggene. Offentligt naturområde; tjek om badning er tilladt.",
2026-09-24T16:40:40+02:00,k-node13902443048,sat vurdering,,lovende,
2026-09-24T16:40:40+02:00,k-node13902443048,sat type,,badebro,
2026-09-24T16:40:40+02:00,k-node13902443048,sat koordinater,,"55.2494813, 14.8356803",
2026-09-24T16:40:40+02:00,k-node13902443048,sat begrundelse,,"Badested i Tejn Havns yderhavn med bro (126 m) langs kajen og en lille sandstrand. Stort, beskyttet bassin med mørkt, dybt vand, men bådtrafik ind til inderhavnen.",
2026-09-24T16:40:40+02:00,k-node7839647372,sat vurdering,,lovende,
2026-09-24T16:40:40+02:00,k-node7839647372,sat type,,ponton,
2026-09-24T16:40:40+02:00,k-node7839647372,sat koordinater,,"55.1878549, 14.7025234",
2026-09-24T16:40:40+02:00,k-node7839647372,sat begrundelse,,"Hasle Havnebad: platform på en bro (51 m) i yderhavnen med mørkt, dybt vand og ca. 150×150 m beskyttet vand mellem molerne. Offentligt havnebad; pas på bådtrafik ved indsejlingen.",
2026-09-24T16:40:40+02:00,k-way1173393097,sat vurdering,,måske,
2026-09-24T16:40:40+02:00,k-way1173393097,sat type,,andet,
2026-09-24T16:40:40+02:00,k-way1173393097,sat koordinater,,"55.2897823, 14.7827931",
2026-09-24T16:40:40+02:00,k-way1173393097,sat begrundelse,,"Sandvig Sauna og Vinterbadeforening på molen i Sandvig Havn: dybt vand ved moleenden, men ingen lav bro, og åbent hav mod nord med bølger. Mulig rockstart på rolige dage; foreningens anlæg kan kræve medlemskab.",
2026-09-24T16:40:40+02:00,k-node4309970533,sat vurdering,,nej,
2026-09-24T16:40:40+02:00,k-node4309970533,sat type,,andet,
2026-09-24T16:40:40+02:00,k-node4309970533,sat begrundelse,,"Hotel Balka Søbad er et hotel med udendørs pool, ca. 200 m fra stranden. Ikke et vinterbad ved vandet.",
2026-09-24T16:40:40+02:00,k-node6868072501,sat vurdering,,nej,
2026-09-24T16:40:40+02:00,k-node6868072501,sat type,,andet,
2026-09-24T16:40:40+02:00,k-node6868072501,sat begrundelse,,Bølshavn er en meget lille havn (ca. 20 m bred) ved åben klippekyst med bølger. Ingen bro.,
2026-09-24T16:40:40+02:00,k-node1215771205,sat vurdering,,nej,
2026-09-24T16:40:40+02:00,k-node1215771205,sat type,,bro,
2026-09-24T16:40:40+02:00,k-node1215771205,sat begrundelse,,"Lille havn syd for Nexø med bro langs molen (108 m); bassinet er kun ca. 30 m bredt, og udenfor er der åbent hav med bølger.",
2026-09-24T16:40:40+02:00,k-node3479078271,sat vurdering,,nej,
2026-09-24T16:40:40+02:00,k-node3479078271,sat type,,bro,
2026-09-24T16:40:40+02:00,k-node3479078271,sat begrundelse,,Rønne Sejlklub har kun små broer (8–13 m) i en tæt pakket lystbådehavn.,
2026-09-24T16:40:40+02:00,k-node4049013355,sat vurdering,,nej,
2026-09-24T16:40:40+02:00,k-node4049013355,sat type,,bro,
2026-09-24T16:40:40+02:00,k-node4049013355,sat begrundelse,,Hasle Havns lystbådebassin med både langs broerne. Hasle Havnebad i yderhavnen (k-node7839647372) er bedre.,
2026-09-24T16:40:40+02:00,k-way615211406,sat vurdering,,nej,
2026-09-24T16:40:40+02:00,k-way615211406,sat type,,bro,
2026-09-24T16:40:40+02:00,k-way615211406,sat begrundelse,,Boderne Havn er en lille havn (ca. 60×80 m) med både langs broerne; udenfor er der sandstrand med lavt vand.,
2026-09-24T16:40:56+02:00,k-node13919447057,sat vurdering,,nej,
2026-09-24T16:40:56+02:00,k-node13919447057,sat type,,strand,
2026-09-24T16:40:56+02:00,k-node13919447057,sat begrundelse,,"Palmestranden i Frederikshavn er en sandstrand uden bro, og vandet er lyst og lavt langt ud.",
2026-09-24T16:40:56+02:00,k-node13919457612,sat vurdering,,nej,
2026-09-24T16:40:56+02:00,k-node13919457612,sat type,,strand,
2026-09-24T16:40:56+02:00,k-node13919457612,sat begrundelse,,Sæby Nordstrand er en åben Kattegat-strand med høfder og bølger og uden badebro.,
2026-09-24T16:40:56+02:00,k-node13919471898,sat vurdering,,nej,
2026-09-24T16:40:56+02:00,k-node13919471898,sat type,,strand,
2026-09-24T16:40:56+02:00,k-node13919471898,sat begrundelse,,Vejlby Strand ligger ved Vesterhavet med brænding og uden bro.,
2026-09-24T16:40:56+02:00,k-node13919480195,sat vurdering,,nej,
2026-09-24T16:40:56+02:00,k-node13919480195,sat type,,strand,
2026-09-24T16:40:56+02:00,k-node13919480195,sat begrundelse,,"Skagen Sønderstrand er en åben Kattegat-strand uden bro, og vandet er lavt.",
2026-09-24T16:40:56+02:00,k-node13919664247,sat vurdering,,måske,
2026-09-24T16:40:56+02:00,k-node13919664247,sat type,,bro,
2026-09-24T16:40:56+02:00,k-node13919664247,sat koordinater,,"56.7027903, 8.9179258",
2026-09-24T16:40:56+02:00,k-node13919664247,sat begrundelse,,"Luftfotoet viser en bro på ca. 40 m ved Harre Vig Strand, som ikke er i OSM. Harre Vig er en lavvandet vig, og billedet er diset, så dybden er uklar.",
2026-09-24T16:40:56+02:00,k-node13919675232,sat vurdering,,nej,
2026-09-24T16:40:56+02:00,k-node13919675232,sat type,,strand,
2026-09-24T16:40:56+02:00,k-node13919675232,sat begrundelse,,Glyngøre Strand har ingen bro. Der er mørke ålegræsbanker tæt på land.,
2026-09-24T16:40:56+02:00,k-node13919771295,sat vurdering,,nej,
2026-09-24T16:40:56+02:00,k-node13919771295,sat type,,strand,
2026-09-24T16:40:56+02:00,k-node13919771295,sat begrundelse,,Virksund Strand har ingen bro. Flydebroerne ved dæmningen er vurderet for sig.,
2026-09-24T16:40:56+02:00,k-node13920875576,sat vurdering,,nej,
2026-09-24T16:40:56+02:00,k-node13920875576,sat type,,strand,
2026-09-24T16:40:56+02:00,k-node13920875576,sat begrundelse,,Rødhus Strand ligger ved den åbne Jammerbugt med bølger og uden bro.,
2026-09-24T16:40:56+02:00,k-node13920875582,sat vurdering,,nej,
2026-09-24T16:40:56+02:00,k-node13920875582,sat type,,strand,
2026-09-24T16:40:56+02:00,k-node13920875582,sat begrundelse,,Bunken Strand er en åben Kattegat-strand ved Ålbæk Bugt med bølger og uden bro.,
2026-09-24T16:40:56+02:00,k-node13920880584,sat vurdering,,nej,
2026-09-24T16:40:56+02:00,k-node13920880584,sat type,,strand,
2026-09-24T16:40:56+02:00,k-node13920880584,sat begrundelse,,"Tranum Strand ligger ved den åbne Jammerbugt uden bro, og der er militært skydeterræn i nærheden.",
2026-09-24T16:40:56+02:00,k-node13920884856,sat vurdering,,nej,
2026-09-24T16:40:56+02:00,k-node13920884856,sat type,,strand,
2026-09-24T16:40:56+02:00,k-node13920884856,sat begrundelse,,Slettestrand ligger ved den åbne Jammerbugt uden bro. Kystfiskernes både står på stranden.,
2026-09-24T16:40:56+02:00,k-node13920885231,sat vurdering,,nej,
2026-09-24T16:40:56+02:00,k-node13920885231,sat type,,strand,
2026-09-24T16:40:56+02:00,k-node13920885231,sat begrundelse,,Svinkløv Strand ligger ved den åbne Jammerbugt med bølger og uden bro.,
2026-09-24T16:40:56+02:00,k-node13920890909,sat vurdering,,nej,
2026-09-24T16:40:56+02:00,k-node13920890909,sat type,,strand,
2026-09-24T16:40:56+02:00,k-node13920890909,sat begrundelse,,Grønhøj Strand ligger ved den åbne Jammerbugt uden bro.,
2026-09-24T16:40:56+02:00,k-node13920901510,sat vurdering,,nej,
2026-09-24T16:40:56+02:00,k-node13920901510,sat type,,strand,
2026-09-24T16:40:56+02:00,k-node13920901510,sat begrundelse,,Ejstrup Strand ligger ved den åbne Jammerbugt uden bro.,
2026-09-24T16:40:56+02:00,k-node13920903249,sat vurdering,,nej,
2026-09-24T16:40:56+02:00,k-node13920903249,sat type,,strand,
2026-09-24T16:40:56+02:00,k-node13920903249,sat begrundelse,,Klim Strand ligger ved den åbne Jammerbugt med brænding og uden bro.,
2026-09-24T16:40:56+02:00,k-node13920907712,sat vurdering,,nej,
2026-09-24T16:40:56+02:00,k-node13920907712,sat type,,strand,
2026-09-24T16:40:56+02:00,k-node13920907712,sat begrundelse,,Skiveren ligger ved den åbne Skagerrak-kyst med brænding og uden bro.,
2026-09-24T16:40:56+02:00,k-node13920915441,sat vurdering,,nej,
2026-09-24T16:40:56+02:00,k-node13920915441,sat type,,strand,
2026-09-24T16:40:56+02:00,k-node13920915441,sat begrundelse,,Gl. Skagen ligger ved den åbne Skagerrak-kyst med bølger og uden bro.,
2026-09-24T16:40:56+02:00,k-node13920929016,sat vurdering,,nej,
2026-09-24T16:40:56+02:00,k-node13920929016,sat type,,strand,
2026-09-24T16:40:56+02:00,k-node13920929016,sat begrundelse,,Strandby Nordstrand er en åben Kattegat-strand med bølger og uden bro.,
2026-09-24T16:41:16+02:00,k-node13994496427,sat vurdering,,nej,
2026-09-24T16:41:16+02:00,k-node13994496427,sat type,,badebro,
2026-09-24T16:41:16+02:00,k-node13994496427,sat begrundelse,,Badebro (49 m) ved Klintsø Stranden på den åbne Kattegatkyst med tydelig brænding på luftfotoet.,
2026-09-24T16:41:16+02:00,k-node13994533929,sat vurdering,,nej,
2026-09-24T16:41:16+02:00,k-node13994533929,sat type,,badebro,
2026-09-24T16:41:16+02:00,k-node13994533929,sat begrundelse,,"Tre korte broer (15–30 m) foran villaer ved Frydenlund ud i Øresund. Formentlig private, og der er lyst, lavt vand på åben kyst.",
2026-09-24T16:41:16+02:00,k-node13994535757,sat vurdering,,nej,
2026-09-24T16:41:16+02:00,k-node13994535757,sat type,,badebro,
2026-09-24T16:41:16+02:00,k-node13994535757,sat begrundelse,,"Meget kort bro (10 m) ved Skodsborg Strand på åben kyst mod Øresund med lyst, lavt vand.",
2026-09-24T16:41:16+02:00,k-node3237839457,sat vurdering,,nej,
2026-09-24T16:41:16+02:00,k-node3237839457,sat type,,andet,
2026-09-24T16:41:16+02:00,k-node3237839457,sat begrundelse,,Røsnæs Roklub ligger midt i landsbyen Ulstrup ca. 400 m fra kysten. Der er ingen bro eller vand ved stedet.,
2026-09-24T16:41:16+02:00,k-relation15446074,sat vurdering,,lovende,
2026-09-24T16:41:16+02:00,k-relation15446074,sat type,,flydebro,
2026-09-24T16:41:16+02:00,k-relation15446074,sat koordinater,,"55.6503237, 12.6438382",
2026-09-24T16:41:16+02:00,k-relation15446074,sat begrundelse,,"Kajakhotellets flydebroer i kanalen ved Amager Strandparks lagune. Mørkt, roligt vand, ca. 70 m bredt, med lagunen ved siden af og offentlig park; kajaktrafik og mulig begrænset adgang til broerne.",
2026-09-24T16:41:16+02:00,k-relation1907975,sat vurdering,,måske,
2026-09-24T16:41:16+02:00,k-relation1907975,sat type,,badebro,
2026-09-24T16:41:16+02:00,k-relation1907975,sat koordinater,,"55.6634377, 12.6408860",
2026-09-24T16:41:16+02:00,k-relation1907975,sat begrundelse,,"Helgoland Badeanstalt på pæle ud i Øresund ved Amager Strandpark. Mørkegrønt vand foran anlægget, men det er åben kyst, og anlægget er et lukket bassin med vinterbadeklub.",
2026-09-24T16:41:16+02:00,k-way1074338184,sat vurdering,,måske,
2026-09-24T16:41:16+02:00,k-way1074338184,sat type,,andet,
2026-09-24T16:41:16+02:00,k-way1074338184,sat koordinater,,"55.6481313, 12.5467051",
2026-09-24T16:41:16+02:00,k-way1074338184,sat begrundelse,,"Vandtrappen ved Richard Boones Vej i Sydhavnen ud til et stort, mørkt og roligt havnebassin (over 150 m). Der er kun en trappe og en afmærket badezone, ingen bro eller ponton.",
2026-09-24T16:41:16+02:00,k-way143852909,sat vurdering,,nej,
2026-09-24T16:41:16+02:00,k-way143852909,sat type,,andet,
2026-09-24T16:41:16+02:00,k-way143852909,sat begrundelse,,"Det er selve rostadionets baner midt i Bagsværd Sø, ikke en bro. Fejl i søgningen (se rostadionets bro under k-way143852914).",
2026-09-24T16:41:16+02:00,k-way206998887,sat vurdering,,nej,
2026-09-24T16:41:16+02:00,k-way206998887,sat type,,andet,
2026-09-24T16:41:16+02:00,k-way206998887,sat begrundelse,,Lyngby Kanoklubs hus ligger ved Mølleåens smalle løb (ca. 30 m) øst for Lyngby Sø. For smalt.,
2026-09-24T16:41:16+02:00,k-way220045947,sat vurdering,,nej,
2026-09-24T16:41:16+02:00,k-way220045947,sat type,,andet,
2026-09-24T16:41:16+02:00,k-way220045947,sat begrundelse,,Roskilde Roklubs sommerhus ligger i et sommerhusområde ca. 300 m fra fjorden. Der er ingen bro eller vand ved stedet.,
2026-09-24T16:42:27+02:00,k-node11948108245,sat vurdering,,lovende,
2026-09-24T16:42:27+02:00,k-node11948108245,sat type,,badebro,
2026-09-24T16:42:27+02:00,k-node11948108245,sat koordinater,,"55.8350880, 12.0519018",
2026-09-24T16:42:27+02:00,k-node11948108245,sat begrundelse,,"Frederikssund Kultur og Havnebad (bro/havnebad i OSM) i et mørkt, roligt bassin i læ af havnemolen ved Frederikssund. Luftfotoet er ældre end havnebadet, så anlægget ses ikke; der kan være strøm i sundet og bådtrafik til havnen.",
2026-09-24T16:42:27+02:00,k-node8460407442,sat vurdering,,måske,
2026-09-24T16:42:27+02:00,k-node8460407442,sat type,,badebro,
2026-09-24T16:42:27+02:00,k-node8460407442,sat koordinater,,"55.6453071, 12.6496301",
2026-09-24T16:42:27+02:00,k-node8460407442,sat begrundelse,,"Kastrup Søbad (Sneglen) for enden af en bro (354 m) ud i Øresund. Mørkt, dybt vand rundt om den runde badeanstalt, men det er åben kyst uden læ og et populært badested.",
2026-09-24T16:42:27+02:00,k-way263067232,sat vurdering,,nej,
2026-09-24T16:42:27+02:00,k-way263067232,sat type,,badebro,
2026-09-24T16:42:27+02:00,k-way263067232,sat begrundelse,,"Lille badebro (29 m) i en skovsø ved Skibstrup, der er brun og tilgroet med åkander. For lille og for meget plantevækst.",
2026-09-24T16:42:27+02:00,k-node1832823096,sat vurdering,,nej,
2026-09-24T16:42:27+02:00,k-node1832823096,sat type,,andet,
2026-09-24T16:42:27+02:00,k-node1832823096,sat begrundelse,,"Damsøbadet i Vanløse er en svømmehal, og der er intet åbent vand. Fejl i søgningen (vinterbad på en bygning).",
2026-09-24T16:42:27+02:00,k-node2460053037,sat vurdering,,nej,
2026-09-24T16:42:27+02:00,k-node2460053037,sat type,,andet,
2026-09-24T16:42:27+02:00,k-node2460053037,sat begrundelse,,Punktet ligger i skoven ved vejen. Furesøbadet ligger ca. 250 m mod øst og er allerede på kortet (grøn prik).,
2026-09-24T16:42:27+02:00,k-node9643935121,sat vurdering,,nej,
2026-09-24T16:42:27+02:00,k-node9643935121,sat type,,andet,
2026-09-24T16:42:27+02:00,k-node9643935121,sat begrundelse,,Cafeteriaet i Kedel-Hallen ved Damsøbadet er en bygning i et idrætsanlæg uden vand. Fejl i søgningen.,
2026-09-24T16:42:27+02:00,k-relation16216356,sat vurdering,,nej,
2026-09-24T16:42:27+02:00,k-relation16216356,sat type,,andet,
2026-09-24T16:42:27+02:00,k-relation16216356,sat begrundelse,,"Dublet: punktet ligger på stranden ved Kastrup Søbad, som er vurderet under k-node8460407442.",
2026-09-24T16:42:27+02:00,k-node12166072269,sat vurdering,,nej,
2026-09-24T16:42:27+02:00,k-node12166072269,sat type,,flydebro,
2026-09-24T16:42:27+02:00,k-node12166072269,sat begrundelse,,"Udlejningsbådenes broer (48–92 m) ved Kvæsthusbroen i Inderhavnen. Broerne er optaget af udlejningsbåde, og der er tung trafik ved Nyhavns munding.",
2026-09-24T16:42:27+02:00,k-node13872328074,sat vurdering,,nej,
2026-09-24T16:42:27+02:00,k-node13872328074,sat type,,bro,
2026-09-24T16:42:27+02:00,k-node13872328074,sat begrundelse,,"Bådudlejningens bro (32 m) i kanalen i Frederiksberg Have, der kun er ca. 40 m bred. For smalt, og det er en parksø.",
2026-09-24T16:42:27+02:00,k-node13912962162,sat vurdering,,nej,
2026-09-24T16:42:27+02:00,k-node13912962162,sat type,,strand,
2026-09-24T16:42:27+02:00,k-node13912962162,sat begrundelse,,Høve Strand ved skoven er en sandstrand med slæbested på den åbne kyst mod Sejerø Bugt. Der er ingen bro.,
2026-09-24T16:42:35+02:00,k-node13920931181,sat vurdering,,nej,
2026-09-24T16:42:35+02:00,k-node13920931181,sat type,,strand,
2026-09-24T16:42:35+02:00,k-node13920931181,sat begrundelse,,"Lyngså Strand er en Kattegat-strand uden bro, og vandet er lyst og lavt.",
2026-09-24T16:42:35+02:00,k-node13920936081,sat vurdering,,nej,
2026-09-24T16:42:35+02:00,k-node13920936081,sat type,,strand,
2026-09-24T16:42:35+02:00,k-node13920936081,sat begrundelse,,Damstederne i Skagen er en åben Kattegat-strand med bølger og uden bro.,
2026-09-24T16:42:35+02:00,k-node13920938713,sat vurdering,,nej,
2026-09-24T16:42:35+02:00,k-node13920938713,sat type,,strand,
2026-09-24T16:42:35+02:00,k-node13920938713,sat begrundelse,,Stranden ved Hedebo Camping syd for Sæby er en åben Kattegat-strand med høfder og uden bro.,
2026-09-24T16:42:35+02:00,k-node13921061505,sat vurdering,,nej,
2026-09-24T16:42:35+02:00,k-node13921061505,sat type,,strand,
2026-09-24T16:42:35+02:00,k-node13921061505,sat begrundelse,,"Stranden ved Dragstrup Camping på Mors har ingen bro, og vandet er lavt med ålegræs.",
2026-09-24T16:42:35+02:00,k-node13974192745,sat vurdering,,nej,
2026-09-24T16:42:35+02:00,k-node13974192745,sat type,,strand,
2026-09-24T16:42:35+02:00,k-node13974192745,sat begrundelse,,Løkken Nordstrand ligger ved den åbne Jammerbugt med brænding og uden bro.,
2026-09-24T16:42:35+02:00,k-node13974248241,sat vurdering,,nej,
2026-09-24T16:42:35+02:00,k-node13974248241,sat type,,strand,
2026-09-24T16:42:35+02:00,k-node13974248241,sat begrundelse,,Stranden ved Ny Strandvej i Løkken ligger ved den åbne Jammerbugt med brænding og uden bro.,
2026-09-24T16:42:35+02:00,k-node13974258909,sat vurdering,,nej,
2026-09-24T16:42:35+02:00,k-node13974258909,sat type,,strand,
2026-09-24T16:42:35+02:00,k-node13974258909,sat begrundelse,,Nørre Lyngby Strand ligger ved Vesterhavet med brænding og uden bro.,
2026-09-24T16:42:35+02:00,k-node13974281335,sat vurdering,,nej,
2026-09-24T16:42:35+02:00,k-node13974281335,sat type,,strand,
2026-09-24T16:42:35+02:00,k-node13974281335,sat begrundelse,,Lønstrup er en landingsplads med mole ved Vesterhavet uden bro. Bølger og strøm.,
2026-09-24T16:42:35+02:00,k-node13974307386,sat vurdering,,nej,
2026-09-24T16:42:35+02:00,k-node13974307386,sat type,,strand,
2026-09-24T16:42:35+02:00,k-node13974307386,sat begrundelse,,Stranden nord for Knoldebæk ligger ved Vesterhavet under skrænten med brænding og uden bro.,
2026-09-24T16:42:35+02:00,k-node13974308995,sat vurdering,,nej,
2026-09-24T16:42:35+02:00,k-node13974308995,sat type,,strand,
2026-09-24T16:42:35+02:00,k-node13974308995,sat begrundelse,,Klitmøller er et surfspot ved Vesterhavet med brænding og uden bro. For udsat til dockstart.,
2026-09-24T16:42:35+02:00,k-node13974358768,sat vurdering,,nej,
2026-09-24T16:42:35+02:00,k-node13974358768,sat type,,strand,
2026-09-24T16:42:35+02:00,k-node13974358768,sat begrundelse,,Nørlev Strand ligger ved Vesterhavet med brænding og uden bro.,
2026-09-24T16:42:35+02:00,k-node13974359615,sat vurdering,,nej,
2026-09-24T16:42:35+02:00,k-node13974359615,sat type,,strand,
2026-09-24T16:42:35+02:00,k-node13974359615,sat begrundelse,,Nørre Vorupør ligger ved Vesterhavet med brænding. Havbadets bassin ved molen er vurderet for sig.,
2026-09-24T16:42:35+02:00,k-node13974368079,sat vurdering,,nej,
2026-09-24T16:42:35+02:00,k-node13974368079,sat type,,strand,
2026-09-24T16:42:35+02:00,k-node13974368079,sat begrundelse,,Lild Strand ligger ved Vesterhavet med brænding og uden bro.,
2026-09-24T16:42:35+02:00,k-node13974384593,sat vurdering,,nej,
2026-09-24T16:42:35+02:00,k-node13974384593,sat type,,strand,
2026-09-24T16:42:35+02:00,k-node13974384593,sat begrundelse,,Vigsø ligger ved Vesterhavet med brænding og uden bro.,
2026-09-24T16:42:35+02:00,k-node13974387405,sat vurdering,,nej,
2026-09-24T16:42:35+02:00,k-node13974387405,sat type,,strand,
2026-09-24T16:42:35+02:00,k-node13974387405,sat begrundelse,,Lyngby Strand i Thy ligger ved Vesterhavet med brænding og uden bro.,
2026-09-24T16:42:35+02:00,k-node13974387406,sat vurdering,,nej,
2026-09-24T16:42:35+02:00,k-node13974387406,sat type,,strand,
2026-09-24T16:42:35+02:00,k-node13974387406,sat begrundelse,,Agger Strand ligger ved Vesterhavet med brænding og uden bro.,
2026-09-24T16:42:35+02:00,k-node13974389011,sat vurdering,,nej,
2026-09-24T16:42:35+02:00,k-node13974389011,sat type,,strand,
2026-09-24T16:42:35+02:00,k-node13974389011,sat begrundelse,,Stenbjerg Landingsplads ligger ved Vesterhavet med brænding og uden bro.,
2026-09-24T16:42:35+02:00,k-node13974449282,sat vurdering,,måske,
2026-09-24T16:42:35+02:00,k-node13974449282,sat type,,bro,
2026-09-24T16:42:35+02:00,k-node13974449282,sat koordinater,,"57.0291352, 8.5946139",
2026-09-24T16:42:35+02:00,k-node13974449282,sat begrundelse,,"Badestedet ved Nors Sø, en stor, klar sø. Der er muligvis en kort bro gennem sivene, som ikke er i OSM, men det er uklart på billedet. Vandet ved bredden er lyst og lavt.",
2026-09-24T16:42:58+02:00,k-node13852532374,sat vurdering,,nej,
2026-09-24T16:42:58+02:00,k-node13852532374,sat type,,strand,
2026-09-24T16:42:58+02:00,k-node13852532374,sat begrundelse,,"Næs ved Gudhjem: lille sandstrand mellem klipper uden bro, åben kyst med bølger. Mulig rockstart på rolige dage.",
2026-09-24T16:42:58+02:00,k-node13852591591,sat vurdering,,nej,
2026-09-24T16:42:58+02:00,k-node13852591591,sat type,,strand,
2026-09-24T16:42:58+02:00,k-node13852591591,sat begrundelse,,"Store Sandkås: sandstrand uden bro, åben nordkyst med brænding. Badebroen ved Lille Sandkås ligger lige syd for.",
2026-09-24T16:42:58+02:00,k-node13901099378,sat vurdering,,nej,
2026-09-24T16:42:58+02:00,k-node13901099378,sat type,,strand,
2026-09-24T16:42:58+02:00,k-node13901099378,sat begrundelse,,Dueodde: bred sandstrand uden bro med brænding og lavt vand. Kan evt. bruges til beachstart på rolige dage.,
2026-09-24T16:42:58+02:00,k-node13901110086,sat vurdering,,nej,
2026-09-24T16:42:58+02:00,k-node13901110086,sat type,,strand,
2026-09-24T16:42:58+02:00,k-node13901110086,sat begrundelse,,Boderne: sandstrand uden bro. Åben sydkyst.,
2026-09-24T16:42:58+02:00,k-node13901123902,sat vurdering,,nej,
2026-09-24T16:42:58+02:00,k-node13901123902,sat type,,strand,
2026-09-24T16:42:58+02:00,k-node13901123902,sat begrundelse,,Balka Strand: lang sandstrand uden bro med meget lavt vand. Kan evt. bruges til beachstart.,
2026-09-24T16:42:58+02:00,k-node13902394421,sat vurdering,,nej,
2026-09-24T16:42:58+02:00,k-node13902394421,sat type,,strand,
2026-09-24T16:42:58+02:00,k-node13902394421,sat begrundelse,,"Falkebroen ved Tejn: klippepynt med lille strand, ingen bro synlig. Åben nordkyst med bølger; mulig rockstart på rolige dage.",
2026-09-24T16:42:58+02:00,k-node13902395130,sat vurdering,,måske,
2026-09-24T16:42:58+02:00,k-node13902395130,sat type,,andet,
2026-09-24T16:42:58+02:00,k-node13902395130,sat koordinater,,"55.1310118, 15.1535414",
2026-09-24T16:42:58+02:00,k-node13902395130,sat begrundelse,,"Hullehavn ved Svaneke: stenmole (ca. 60 m, ikke i OSM) ud i en klippebugt med mørkt, dybt vand. Åben kyst mod øst med bølger; mulig rockstart. Højden kan ikke ses.",
2026-09-24T16:42:58+02:00,k-node13902407993,sat vurdering,,nej,
2026-09-24T16:42:58+02:00,k-node13902407993,sat type,,strand,
2026-09-24T16:42:58+02:00,k-node13902407993,sat begrundelse,,"Høl: lille sandstrand mellem klipper uden bro, åben kyst med bølger.",
2026-09-24T16:42:58+02:00,k-node13902429896,sat vurdering,,nej,
2026-09-24T16:42:58+02:00,k-node13902429896,sat type,,strand,
2026-09-24T16:42:58+02:00,k-node13902429896,sat begrundelse,,Levka: sandstrand uden bro på vestkysten; bølger på billedet.,
2026-09-24T16:42:58+02:00,k-node13902430276,sat vurdering,,nej,
2026-09-24T16:42:58+02:00,k-node13902430276,sat type,,strand,
2026-09-24T16:42:58+02:00,k-node13902430276,sat begrundelse,,Lystskoven: sandstrand uden bro med lavt vand. Åben vestkyst.,
2026-09-24T16:42:58+02:00,k-node13902696110,sat vurdering,,nej,
2026-09-24T16:42:58+02:00,k-node13902696110,sat type,,strand,
2026-09-24T16:42:58+02:00,k-node13902696110,sat begrundelse,,Blykobbe: sandstrand uden bro med lavt vand ved åens udløb. Åben vestkyst.,
2026-09-24T16:42:58+02:00,k-node13902703482,sat vurdering,,nej,
2026-09-24T16:42:58+02:00,k-node13902703482,sat type,,strand,
2026-09-24T16:42:58+02:00,k-node13902703482,sat begrundelse,,Antoinette: sandstrand uden bro på vestkysten; bølger på billedet.,
2026-09-24T16:42:58+02:00,k-node13902707014,sat vurdering,,måske,
2026-09-24T16:42:58+02:00,k-node13902707014,sat type,,badebro,
2026-09-24T16:42:58+02:00,k-node13902707014,sat koordinater,,"55.1048031, 14.6953974",
2026-09-24T16:42:58+02:00,k-node13902707014,sat begrundelse,,"Nørrekås Strand i Rønne: kort badebro (ca. 25 m, ikke i OSM) ud til mørkt vand i en bugt med læ af Nørrekås-molen mod vest. Åben mod nord; Rønne Roklubs flydebro ligger 150 m mod vest.",
2026-09-24T16:42:58+02:00,k-node13906515195,sat vurdering,,nej,
2026-09-24T16:42:58+02:00,k-node13906515195,sat type,,strand,
2026-09-24T16:42:58+02:00,k-node13906515195,sat begrundelse,,Rønne Syd: smal strand under skrænt uden bro. Åben vestkyst med bølger.,
2026-09-24T16:42:58+02:00,k-node13906521345,sat vurdering,,nej,
2026-09-24T16:42:58+02:00,k-node13906521345,sat type,,strand,
2026-09-24T16:42:58+02:00,k-node13906521345,sat begrundelse,,Onsbæk: sandstrand uden bro. Åben vestkyst.,
2026-09-24T16:42:58+02:00,k-node13906532721,sat vurdering,,nej,
2026-09-24T16:42:58+02:00,k-node13906532721,sat type,,strand,
2026-09-24T16:42:58+02:00,k-node13906532721,sat begrundelse,,Jomfrugård: sandstrand uden bro med bølger. Åben sydkyst.,
2026-09-24T16:42:58+02:00,k-node13906533613,sat vurdering,,nej,
2026-09-24T16:42:58+02:00,k-node13906533613,sat type,,strand,
2026-09-24T16:42:58+02:00,k-node13906533613,sat begrundelse,,Arnager Bugt: sandstrand uden bro med brænding. Åben sydkyst.,
2026-09-24T16:42:58+02:00,k-node13906533894,sat vurdering,,nej,
2026-09-24T16:42:58+02:00,k-node13906533894,sat type,,strand,
2026-09-24T16:42:58+02:00,k-node13906533894,sat begrundelse,,Aalhammer Bugt: sandstrand uden bro med brænding. Åben sydkyst.,
2026-09-24T16:42:58+02:00,k-node13975097400,sat vurdering,,måske,
2026-09-24T16:42:58+02:00,k-node13975097400,sat type,,bro,
2026-09-24T16:42:58+02:00,k-node13975097400,sat koordinater,,"55.0511992, 14.7803460",
2026-09-24T16:42:58+02:00,k-node13975097400,sat begrundelse,,"Arnager: lang gangbro (ca. 200 m, ikke i OSM) ud til en lille havn på et rev. Vandet langs broen er mellemdybt med tang og sten; åben sydkyst. Broens højde kan ikke ses (sandsynligvis høj over vandet).",
2026-09-24T16:42:58+02:00,k-node13991929234,sat vurdering,,nej,
2026-09-24T16:42:58+02:00,k-node13991929234,sat type,,strand,
2026-09-24T16:42:58+02:00,k-node13991929234,sat begrundelse,,"Rønne Havbad: sandstrand uden bro lige ved siden af industrihavnen (Rønne Syd), med bølger.",
2026-09-24T16:42:58+02:00,k-node5812993183,sat vurdering,,nej,
2026-09-24T16:42:58+02:00,k-node5812993183,sat type,,strand,
2026-09-24T16:42:58+02:00,k-node5812993183,sat begrundelse,,Sjølla ved Nexø: klippekyst uden bro med bølger. Mulig rockstart på rolige dage.,
2026-09-24T16:42:58+02:00,k-node5812993184,sat vurdering,,nej,
2026-09-24T16:42:58+02:00,k-node5812993184,sat type,,strand,
2026-09-24T16:42:58+02:00,k-node5812993184,sat begrundelse,,Ny Sjølla ved Nexø: klippekyst uden bro med bølger. Mulig rockstart på rolige dage.,
2026-09-24T16:43:08+02:00,k-node13013873751,sat vurdering,,nej,
2026-09-24T16:43:08+02:00,k-node13013873751,sat type,,strand,
2026-09-24T16:43:08+02:00,k-node13013873751,sat begrundelse,,Badested ved en lille sø (ca. 200 m) ved en campingplads nær Udløbet. Ingen bro.,
2026-09-24T16:43:08+02:00,k-node13855739873,sat vurdering,,nej,
2026-09-24T16:43:08+02:00,k-node13855739873,sat type,,strand,
2026-09-24T16:43:08+02:00,k-node13855739873,sat begrundelse,,"Frederikskilde Strand er en smal badestrand ved Tystrup-Bavelse-søerne uden bro. Stor sø, så kan evt. bruges til beachstart.",
2026-09-24T16:43:08+02:00,k-node13866197936,sat vurdering,,nej,
2026-09-24T16:43:08+02:00,k-node13866197936,sat type,,strand,
2026-09-24T16:43:08+02:00,k-node13866197936,sat begrundelse,,Glænø Strand er en strand uden bro med lavt vand og ålegræs.,
2026-09-24T16:43:08+02:00,k-node13909003534,sat vurdering,,nej,
2026-09-24T16:43:08+02:00,k-node13909003534,sat type,,strand,
2026-09-24T16:43:08+02:00,k-node13909003534,sat begrundelse,,"Stillinge Strand er en åben sandstrand mod Storebælt uden bro, med bølger og lyst, lavt vand.",
2026-09-24T16:43:08+02:00,k-node13909224612,sat vurdering,,nej,
2026-09-24T16:43:08+02:00,k-node13909224612,sat type,,strand,
2026-09-24T16:43:08+02:00,k-node13909224612,sat begrundelse,,Kirke Stillinge Strand er en åben strand mod Storebælt uden bro.,
2026-09-24T16:43:08+02:00,k-node13909276257,sat vurdering,,nej,
2026-09-24T16:43:08+02:00,k-node13909276257,sat type,,strand,
2026-09-24T16:43:08+02:00,k-node13909276257,sat begrundelse,,Bjerge Sydstrand er en åben sandstrand ved et å-udløb uden bro.,
2026-09-24T16:43:08+02:00,k-node13917287532,sat vurdering,,nej,
2026-09-24T16:43:08+02:00,k-node13917287532,sat type,,strand,
2026-09-24T16:43:08+02:00,k-node13917287532,sat begrundelse,,Svenstrup Strand er en sandstrand uden bro med lavt vand.,
2026-09-24T16:43:08+02:00,k-node13917320956,sat vurdering,,nej,
2026-09-24T16:43:08+02:00,k-node13917320956,sat type,,strand,
2026-09-24T16:43:08+02:00,k-node13917320956,sat begrundelse,,"Kelstrup Strand er en stenet strand uden bro, åben mod Storebælt.",
2026-09-24T16:43:08+02:00,k-node13917337228,sat vurdering,,nej,
2026-09-24T16:43:08+02:00,k-node13917337228,sat type,,strand,
2026-09-24T16:43:08+02:00,k-node13917337228,sat begrundelse,,"Bildsø Strand er en åben sandstrand mod Storebælt uden bro, med sandrevler og bølger.",
2026-09-24T16:43:08+02:00,k-node13917828556,sat vurdering,,måske,
2026-09-24T16:43:08+02:00,k-node13917828556,sat type,,badebro,
2026-09-24T16:43:08+02:00,k-node13917828556,sat koordinater,,"55.4754654, 12.1981917",
2026-09-24T16:43:08+02:00,k-node13917828556,sat begrundelse,,"Nordstranden i Køge har en badebro (ca. 45 m), som ikke er i OSM. Vandet ved broens ende er lyst turkis (ret lavt), og det er åben kyst mod Køge Bugt.",
2026-09-24T16:43:08+02:00,k-node13918206669,sat vurdering,,nej,
2026-09-24T16:43:08+02:00,k-node13918206669,sat type,,strand,
2026-09-24T16:43:08+02:00,k-node13918206669,sat begrundelse,,Albuen (Nakskov Fjord) er en sandstrand på en odde uden bro.,
2026-09-24T16:43:08+02:00,k-node13919425052,sat vurdering,,nej,
2026-09-24T16:43:08+02:00,k-node13919425052,sat type,,strand,
2026-09-24T16:43:08+02:00,k-node13919425052,sat begrundelse,,"Enø Strand er en lang sandstrand uden bro ved Karrebæksminde, åben mod Smålandsfarvandet.",
2026-09-24T16:43:08+02:00,k-node13919451969,sat vurdering,,nej,
2026-09-24T16:43:08+02:00,k-node13919451969,sat type,,strand,
2026-09-24T16:43:08+02:00,k-node13919451969,sat begrundelse,,"Svinø Strand er en strand uden bro med lyst, lavt vand.",
2026-09-24T16:43:08+02:00,k-node13919523911,sat vurdering,,nej,
2026-09-24T16:43:08+02:00,k-node13919523911,sat type,,strand,
2026-09-24T16:43:08+02:00,k-node13919523911,sat begrundelse,,Ceresstranden i Korsør er en strand uden bro med sten og ålegræs.,
2026-09-24T16:43:08+02:00,k-node13919543232,sat vurdering,,nej,
2026-09-24T16:43:08+02:00,k-node13919543232,sat type,,strand,
2026-09-24T16:43:08+02:00,k-node13919543232,sat begrundelse,,"Granskoven Strand er en strand uden bro; der er kun en stenmole, og det er åbent mod Storebælt.",
2026-09-24T16:43:08+02:00,k-node13919544832,sat vurdering,,nej,
2026-09-24T16:43:08+02:00,k-node13919544832,sat type,,strand,
2026-09-24T16:43:08+02:00,k-node13919544832,sat begrundelse,,Revkrogen Strand er en åben strand uden bro mod Storebælt.,
2026-09-24T16:43:08+02:00,k-node13920806492,sat vurdering,,nej,
2026-09-24T16:43:08+02:00,k-node13920806492,sat type,,strand,
2026-09-24T16:43:08+02:00,k-node13920806492,sat begrundelse,,Marjatta Strand er en strand uden bro. Vandet er brunt og uklart på luftfotoet (storm eller slam).,
2026-09-24T16:43:08+02:00,k-node13920815059,sat vurdering,,nej,
2026-09-24T16:43:08+02:00,k-node13920815059,sat type,,strand,
2026-09-24T16:43:08+02:00,k-node13920815059,sat begrundelse,,Klintholm Havn Øst er en sandstrand uden bro med brændinger mod Østersøen.,
2026-09-24T16:43:08+02:00,k-node13975376032,sat vurdering,,nej,
2026-09-24T16:43:08+02:00,k-node13975376032,sat type,,strand,
2026-09-24T16:43:08+02:00,k-node13975376032,sat begrundelse,,Nybølle Strand er en strand uden bro med meget ålegræs og lavt vand.,
2026-09-24T16:43:08+02:00,k-node13976874668,sat vurdering,,nej,
2026-09-24T16:43:08+02:00,k-node13976874668,sat type,,strand,
2026-09-24T16:43:08+02:00,k-node13976874668,sat begrundelse,,Bøtø er en lang sandstrand mod Østersøen uden bro.,
2026-09-24T16:43:08+02:00,k-node13976891292,sat vurdering,,nej,
2026-09-24T16:43:08+02:00,k-node13976891292,sat type,,strand,
2026-09-24T16:43:08+02:00,k-node13976891292,sat begrundelse,,Ulslev Strand er en sandstrand mod Østersøen uden bro.,
2026-09-24T16:43:08+02:00,k-node13976972190,sat vurdering,,nej,
2026-09-24T16:43:08+02:00,k-node13976972190,sat type,,strand,
2026-09-24T16:43:08+02:00,k-node13976972190,sat begrundelse,,Gedesby Strand er en sandstrand mod Østersøen uden bro.,
2026-09-24T16:43:08+02:00,k-node13977076064,sat vurdering,,nej,
2026-09-24T16:43:08+02:00,k-node13977076064,sat type,,strand,
2026-09-24T16:43:08+02:00,k-node13977076064,sat begrundelse,,"Skelby Strand er en strand uden bro med lyst, meget lavt vand (Sydhavet).",
2026-09-24T16:43:08+02:00,k-node13977145590,sat vurdering,,måske,
2026-09-24T16:43:08+02:00,k-node13977145590,sat type,,badebro,
2026-09-24T16:43:08+02:00,k-node13977145590,sat koordinater,,"54.7455900, 11.0648002",
2026-09-24T16:43:08+02:00,k-node13977145590,sat begrundelse,,"Næsby Strand har en kort badebro (ca. 15 m), som ikke er i OSM, mellem stenhøfder. Åben kyst mod Langelandsbælt; vandet ved broen er lavt.",
2026-09-24T16:43:08+02:00,k-node13977167103,sat vurdering,,nej,
2026-09-24T16:43:08+02:00,k-node13977167103,sat type,,strand,
2026-09-24T16:43:08+02:00,k-node13977167103,sat begrundelse,,Badested på en åben sandstrand (Bredfjed) med brændinger. Ingen bro.,
2026-09-24T16:43:08+02:00,k-node13977174579,sat vurdering,,nej,
2026-09-24T16:43:08+02:00,k-node13977174579,sat type,,strand,
2026-09-24T16:43:08+02:00,k-node13977174579,sat begrundelse,,Hummingen Strand er en åben strand uden bro med ålegræs.,
2026-09-24T16:43:08+02:00,k-node13977177504,sat vurdering,,måske,
2026-09-24T16:43:08+02:00,k-node13977177504,sat type,,badebro,
2026-09-24T16:43:08+02:00,k-node13977177504,sat koordinater,,"54.7367668, 11.1193078",
2026-09-24T16:43:08+02:00,k-node13977177504,sat begrundelse,,"Maglehøj Strand har en kort badebro (ca. 13 m), som ikke er i OSM. Lavt vand med sten/ålegræs og åben kyst mod Østersøen.",
2026-09-24T16:43:08+02:00,k-node13977251896,sat vurdering,,nej,
2026-09-24T16:43:08+02:00,k-node13977251896,sat type,,strand,
2026-09-24T16:43:08+02:00,k-node13977251896,sat begrundelse,,"Pomle Nakke er en smal strand under skoven uden bro, åben mod Østersøen.",
2026-09-24T16:43:08+02:00,k-node13977260836,sat vurdering,,nej,
2026-09-24T16:43:08+02:00,k-node13977260836,sat type,,strand,
2026-09-24T16:43:08+02:00,k-node13977260836,sat begrundelse,,"Hesnæs Strand er en smal strand uden bro, åben mod Østersøen.",
2026-09-24T16:43:08+02:00,k-node13977275999,sat vurdering,,nej,
2026-09-24T16:43:08+02:00,k-node13977275999,sat type,,strand,
2026-09-24T16:43:08+02:00,k-node13977275999,sat begrundelse,,Hårbølle Strand er en åben sandstrand uden bro med bølger.,
2026-09-24T16:43:08+02:00,k-node13977713383,sat vurdering,,nej,
2026-09-24T16:43:08+02:00,k-node13977713383,sat type,,strand,
2026-09-24T16:43:08+02:00,k-node13977713383,sat begrundelse,,Rødvig vest er en åben sandstrand uden bro med bølger.,
2026-09-24T16:43:08+02:00,k-node13977714042,sat vurdering,,nej,
2026-09-24T16:43:08+02:00,k-node13977714042,sat type,,strand,
2026-09-24T16:43:08+02:00,k-node13977714042,sat begrundelse,,Magleby Strand er en smal strand under en klint uden bro.,
2026-09-24T16:43:08+02:00,k-node13977714364,sat vurdering,,nej,
2026-09-24T16:43:08+02:00,k-node13977714364,sat type,,strand,
2026-09-24T16:43:08+02:00,k-node13977714364,sat begrundelse,,Rødvig øst er en strand uden bro med lavt vand ved Rødvig Havn.,
2026-09-24T16:43:08+02:00,k-node13978464165,sat vurdering,,nej,
2026-09-24T16:43:08+02:00,k-node13978464165,sat type,,strand,
2026-09-24T16:43:08+02:00,k-node13978464165,sat begrundelse,,Råbylille er en strand uden bro med stenhøfder og ålegræs.,
2026-09-24T16:43:08+02:00,k-node13978476848,sat vurdering,,nej,
2026-09-24T16:43:08+02:00,k-node13978476848,sat type,,strand,
2026-09-24T16:43:08+02:00,k-node13978476848,sat begrundelse,,Ulvshale Strand er en åben sandstrand uden bro med bølger.,
2026-09-24T16:43:08+02:00,k-node13978498551,sat vurdering,,nej,
2026-09-24T16:43:08+02:00,k-node13978498551,sat type,,strand,
2026-09-24T16:43:08+02:00,k-node13978498551,sat begrundelse,,Klintholm vest er en sandstrand uden bro vest for Klintholm Havn.,
2026-09-24T16:43:08+02:00,k-node13978836924,sat vurdering,,måske,
2026-09-24T16:43:08+02:00,k-node13978836924,sat type,,badebro,
2026-09-24T16:43:08+02:00,k-node13978836924,sat koordinater,,"55.5278867, 12.2286018",
2026-09-24T16:43:08+02:00,k-node13978836924,sat begrundelse,,"Solrød Strandpark har en lang badebro (ca. 85 m) med T-ende, som ikke er i OSM. Vandet ved broens ende er lyst turkis (lavt), og det er åben kyst mod Køge Bugt.",
2026-09-24T16:43:08+02:00,k-node13978874052,sat vurdering,,nej,
2026-09-24T16:43:08+02:00,k-node13978874052,sat type,,strand,
2026-09-24T16:43:08+02:00,k-node13978874052,sat begrundelse,,Staunings Ø er en åben sandstrand uden badebro; broen på billedet er en gangbro over lagunen bag stranden.,
2026-09-24T16:43:08+02:00,k-node13978894379,sat vurdering,,nej,
2026-09-24T16:43:08+02:00,k-node13978894379,sat type,,strand,
2026-09-24T16:43:08+02:00,k-node13978894379,sat begrundelse,,Granhaugen er en åben sandstrand uden bro i Køge Bugt med lavt vand.,
2026-09-24T16:43:08+02:00,k-node13978895308,sat vurdering,,nej,
2026-09-24T16:43:08+02:00,k-node13978895308,sat type,,strand,
2026-09-24T16:43:08+02:00,k-node13978895308,sat begrundelse,,Mosede Fort er en sandstrand uden bro med lavt vand.,
2026-09-24T16:43:08+02:00,k-node13986468316,sat vurdering,,nej,
2026-09-24T16:43:08+02:00,k-node13986468316,sat type,,strand,
2026-09-24T16:43:08+02:00,k-node13986468316,sat begrundelse,,Urhøjgård er en åben sandstrand uden bro mod Storebælt.,
2026-09-24T16:43:08+02:00,k-node14028748830,sat vurdering,,nej,
2026-09-24T16:43:08+02:00,k-node14028748830,sat type,,strand,
2026-09-24T16:43:08+02:00,k-node14028748830,sat begrundelse,,Stibjerg Huse Strand er en strand uden bro med ålegræs.,
2026-09-24T16:43:08+02:00,k-node14028759937,sat vurdering,,nej,
2026-09-24T16:43:08+02:00,k-node14028759937,sat type,,strand,
2026-09-24T16:43:08+02:00,k-node14028759937,sat begrundelse,,"Strandvejen Strand i Korsør er en strand uden bro, åben mod Storebælt.",
2026-09-24T16:43:08+02:00,k-node14028763598,sat vurdering,,nej,
2026-09-24T16:43:08+02:00,k-node14028763598,sat type,,strand,
2026-09-24T16:43:08+02:00,k-node14028763598,sat begrundelse,,Værftet i Halsskov er en strand ved en stenmole uden bro.,
2026-09-24T16:43:08+02:00,k-node14028771193,sat vurdering,,nej,
2026-09-24T16:43:08+02:00,k-node14028771193,sat type,,strand,
2026-09-24T16:43:08+02:00,k-node14028771193,sat begrundelse,,Alhøjvænge i Korsør er en strand uden bro med stenhøfder.,
2026-09-24T16:43:24+02:00,k-node11597971374,sat vand,ukendt,ok,automatisk fra EEA-badevandsdata
2026-09-24T16:43:24+02:00,k-way220296871,sat vand,ok,ukendt,automatisk fra EEA-badevandsdata
2026-09-24T16:43:24+02:00,k-node13901216636,sat vand,ukendt,ok,automatisk fra EEA-badevandsdata
2026-09-24T16:43:26+02:00,k-node9989046280,sat vurdering,,nej,
2026-09-24T16:43:26+02:00,k-node9989046280,sat type,,flydebro,
2026-09-24T16:43:26+02:00,k-node9989046280,sat begrundelse,,Mange små bådbroer (5–25 m) for bådudlejningen i en smal kanal (ca. 50 m) på Christianshavn. Tæt pakket med både.,
2026-09-24T16:43:26+02:00,k-node10719047222,sat vurdering,,nej,
2026-09-24T16:43:26+02:00,k-node10719047222,sat type,,andet,
2026-09-24T16:43:26+02:00,k-node10719047222,sat begrundelse,,"Outdoorcentret ligger i skoven ved Arresø Kanal (Ågabet), som er smal (ca. 20 m). Der er ingen bro i OSM, og kanalen er for smal.",
2026-09-24T16:43:26+02:00,k-node10765312314,sat vurdering,,nej,
2026-09-24T16:43:26+02:00,k-node10765312314,sat type,,andet,
2026-09-24T16:43:26+02:00,k-node10765312314,sat begrundelse,,"Kajakautomaten står på Charlottenlund Fort ved voldgraven, som kun er ca. 40 m bred. Der er ingen bro.",
2026-09-24T16:43:26+02:00,k-node1089391379,sat vurdering,,nej,
2026-09-24T16:43:26+02:00,k-node1089391379,sat type,,slæbested,
2026-09-24T16:43:26+02:00,k-node1089391379,sat begrundelse,,"Sejlklubbens slæbested ligger i Gilleleje Havn, som er tæt pakket med både. Ingen fri plads.",
2026-09-24T16:43:26+02:00,k-node11064885758,sat vurdering,,nej,
2026-09-24T16:43:26+02:00,k-node11064885758,sat type,,andet,
2026-09-24T16:43:26+02:00,k-node11064885758,sat begrundelse,,Bådudlejningen ligger ved en smal kanal (ca. 30 m) på Holmen med fortøjede både. Der er ingen bro og ingen plads.,
2026-09-24T16:43:26+02:00,k-node1207350289,sat vurdering,,nej,
2026-09-24T16:43:26+02:00,k-node1207350289,sat type,,bro,
2026-09-24T16:43:26+02:00,k-node1207350289,sat begrundelse,,"Sletten Havn er en lille, tæt pakket lystbådehavn. Ingen fri plads.",
2026-09-24T16:43:26+02:00,k-node1210973613,sat vurdering,,nej,
2026-09-24T16:43:26+02:00,k-node1210973613,sat type,,bro,
2026-09-24T16:43:26+02:00,k-node1210973613,sat begrundelse,,"Ishøj Havn er en tæt pakket lystbådehavn. Skærmbilledet var fejlagtigt (gentagne felter), men oversigten viser tydeligt bådbroer med både.",
2026-09-24T16:44:16+02:00,k-node13974460785,sat vurdering,,nej,
2026-09-24T16:44:16+02:00,k-node13974460785,sat type,,strand,
2026-09-24T16:44:16+02:00,k-node13974460785,sat begrundelse,,"Badestedet ved Førby Sø ligger ved en dæmning/vej uden bro. Søen har mørkt vand, men bredden er tilgroet.",
2026-09-24T16:44:16+02:00,k-node13975411821,sat vurdering,,nej,
2026-09-24T16:44:16+02:00,k-node13975411821,sat type,,strand,
2026-09-24T16:44:16+02:00,k-node13975411821,sat begrundelse,,Hulsig ligger på den åbne kyst ved Skagen med bølger og uden bro.,
2026-09-24T16:44:16+02:00,k-node13975443857,sat vurdering,,nej,
2026-09-24T16:44:16+02:00,k-node13975443857,sat type,,strand,
2026-09-24T16:44:16+02:00,k-node13975443857,sat begrundelse,,"Badestranden syd for Hals Havn ligger mellem to stenmoler uden bro, og vandet er lavt med ålegræs. Der er strøm i Limfjordens munding.",
2026-09-24T16:44:16+02:00,k-node13975472125,sat vurdering,,nej,
2026-09-24T16:44:16+02:00,k-node13975472125,sat type,,strand,
2026-09-24T16:44:16+02:00,k-node13975472125,sat begrundelse,,"Vester Landeland ved Mou er en smal strand uden bro, og vandet er lavt.",
2026-09-24T16:44:16+02:00,k-node13976158380,sat vurdering,,nej,
2026-09-24T16:44:16+02:00,k-node13976158380,sat type,,strand,
2026-09-24T16:44:16+02:00,k-node13976158380,sat begrundelse,,"Trend Strand er en smal sandstrand uden bro. Vandet bliver hurtigt mørkt, så stedet kan måske bruges til beachstart.",
2026-09-24T16:44:16+02:00,k-node13976168440,sat vurdering,,nej,
2026-09-24T16:44:16+02:00,k-node13976168440,sat type,,strand,
2026-09-24T16:44:16+02:00,k-node13976168440,sat begrundelse,,"Livø Øst er en strand på øen Livø uden bro, som kun kan nås med færge.",
2026-09-24T16:44:16+02:00,k-node13976183392,sat vurdering,,nej,
2026-09-24T16:44:16+02:00,k-node13976183392,sat type,,strand,
2026-09-24T16:44:16+02:00,k-node13976183392,sat begrundelse,,Trend Strand (sydlige del) er en smal sandstrand uden bro.,
2026-09-24T16:44:16+02:00,k-node13976185941,sat vurdering,,nej,
2026-09-24T16:44:16+02:00,k-node13976185941,sat type,,strand,
2026-09-24T16:44:16+02:00,k-node13976185941,sat begrundelse,,Lendrup Strand er en sandstrand uden bro. Vandet er lyst tæt på land og bliver mørkt ca. 40 m ude.,
2026-09-24T16:44:16+02:00,k-node13976195389,sat vurdering,,nej,
2026-09-24T16:44:16+02:00,k-node13976195389,sat type,,bro,
2026-09-24T16:44:16+02:00,k-node13976195389,sat begrundelse,,"Færkerodde Strand har kun en smal bro på ca. 15 m, som ikke er i OSM. Den ender på lyst, lavt vand med ålegræs.",
2026-09-24T16:44:16+02:00,k-node13984910174,sat vurdering,,nej,
2026-09-24T16:44:16+02:00,k-node13984910174,sat type,,strand,
2026-09-24T16:44:16+02:00,k-node13984910174,sat begrundelse,,"Hulhøj Strand er en smal strand uden bro. Vandet bliver hurtigt mørkt, så stedet kan måske bruges til beachstart.",
2026-09-24T16:44:16+02:00,k-node13984989338,sat vurdering,,nej,
2026-09-24T16:44:16+02:00,k-node13984989338,sat type,,strand,
2026-09-24T16:44:16+02:00,k-node13984989338,sat begrundelse,,Skranderup er en smal strand uden bro. Billedet er diset.,
2026-09-24T16:44:16+02:00,k-node13984994153,sat vurdering,,nej,
2026-09-24T16:44:16+02:00,k-node13984994153,sat type,,strand,
2026-09-24T16:44:16+02:00,k-node13984994153,sat begrundelse,,Søbugten ved Nørre Dråby er en strand uden bro. Billedet er diset.,
2026-09-24T16:44:16+02:00,k-node13985342948,sat vurdering,,nej,
2026-09-24T16:44:16+02:00,k-node13985342948,sat type,,strand,
2026-09-24T16:44:16+02:00,k-node13985342948,sat begrundelse,,"Strand ved Fursund uden bro, og der er strøm i sundet.",
2026-09-24T16:44:16+02:00,k-node13985384457,sat vurdering,,nej,
2026-09-24T16:44:16+02:00,k-node13985384457,sat type,,strand,
2026-09-24T16:44:16+02:00,k-node13985384457,sat begrundelse,,"Eskov Strandpark ved Skive har ingen bro, og vandet er lyst og lavt med ålegræs.",
2026-09-24T16:44:16+02:00,k-node13985403282,sat vurdering,,måske,
2026-09-24T16:44:16+02:00,k-node13985403282,sat type,,bro,
2026-09-24T16:44:16+02:00,k-node13985403282,sat koordinater,,"56.8110284, 9.1731526",
2026-09-24T16:44:16+02:00,k-node13985403282,sat begrundelse,,"Luftfotoet viser en bro på ca. 55 m ved Ærtebølle Strand, som ikke er i OSM. Den ender i mørkt vand i Limfjorden. Men der er åbent mod nordvest, og der er ålegræs tæt ved.",
2026-09-24T16:44:16+02:00,k-node13985405883,sat vurdering,,nej,
2026-09-24T16:44:16+02:00,k-node13985405883,sat type,,strand,
2026-09-24T16:44:16+02:00,k-node13985405883,sat begrundelse,,Stistrup Strand er en sandstrand uden bro.,
2026-09-24T16:44:16+02:00,k-node13985489833,sat vurdering,,nej,
2026-09-24T16:44:16+02:00,k-node13985489833,sat type,,strand,
2026-09-24T16:44:16+02:00,k-node13985489833,sat begrundelse,,"Lindholm Strandpark er en lagune på ca. 150×80 m med sandstrand, men der er ingen bro.",
2026-09-24T16:44:16+02:00,k-node13985505558,sat vurdering,,måske,
2026-09-24T16:44:16+02:00,k-node13985505558,sat type,,bro,
2026-09-24T16:44:16+02:00,k-node13985505558,sat koordinater,,"57.0619675, 9.9048299",
2026-09-24T16:44:16+02:00,k-node13985505558,sat begrundelse,,"En lille fiske- og badebro på odden ved Lindholm Strandpark går ud til mørkt, dybt vand. Men den ligger direkte ved Limfjordens sejlrende med strøm og skibstrafik, og broen ser kort ud.",
2026-09-24T16:44:43+02:00,k-node1210973613,sat begrundelse,"Ishøj Havn er en tæt pakket lystbådehavn. Skærmbilledet var fejlagtigt (gentagne felter), men oversigten viser tydeligt bådbroer med både.",Ishøj Havn er en tæt pakket lystbådehavn med bådbroer (47–252 m). Kun sejlrender mellem bådene.,
2026-09-24T16:44:43+02:00,k-node13982693001,sat vurdering,,nej,
2026-09-24T16:44:43+02:00,k-node13982693001,sat type,,strand,
2026-09-24T16:44:43+02:00,k-node13982693001,sat begrundelse,,Kisserup Strand har kun et slæbested og ingen bro. Meget lavt vand med tæt ålegræs i Isefjorden.,
2026-09-24T16:44:43+02:00,k-node12925350806,sat vurdering,,måske,
2026-09-24T16:44:43+02:00,k-node12925350806,sat type,,bro,
2026-09-24T16:44:43+02:00,k-node12925350806,sat koordinater,,"55.8098257, 12.4683391",
2026-09-24T16:44:43+02:00,k-node12925350806,sat begrundelse,,"Holte Havn ved Furesø med korte broer (18–95 m) ud til mørkt søvand. Der er stor plads uden for havnen, men der er både, turbåd og havnens regler; Holte Roklubs badebro ligger tæt ved.",
2026-09-24T16:44:43+02:00,k-node2250220525,sat vurdering,,nej,
2026-09-24T16:44:43+02:00,k-node2250220525,sat type,,bro,
2026-09-24T16:44:43+02:00,k-node2250220525,sat begrundelse,,Helsingør Nordhavn er en tæt pakket lystbådehavn med mange bådbroer (13–129 m).,
2026-09-24T16:44:43+02:00,k-node2250459823,sat vurdering,,måske,
2026-09-24T16:44:43+02:00,k-node2250459823,sat type,,bro,
2026-09-24T16:44:43+02:00,k-node2250459823,sat koordinater,,"55.9424878, 11.8690901",
2026-09-24T16:44:43+02:00,k-node2250459823,sat begrundelse,,"Lynæs Havn med bådbroer (54–204 m) omkring et mørkt bassin på ca. 130×100 m. Luftfotoet er fra før sæsonen med få både; om sommeren er havnen fuld, og der er bådtrafik.",
2026-09-24T16:44:43+02:00,k-node2250459830,sat vurdering,,måske,
2026-09-24T16:44:43+02:00,k-node2250459830,sat type,,bro,
2026-09-24T16:44:43+02:00,k-node2250459830,sat koordinater,,"55.8280395, 12.0600488",
2026-09-24T16:44:43+02:00,k-node2250459830,sat begrundelse,,Marbæk Lystbådehavn med lange bådbroer (114–366 m) og ca. 60–100 m mørkt vand mellem dem. Luftfotoet er fra før sæsonen med få både; det er en lystbådehavn med trafik.,
2026-09-24T16:44:43+02:00,k-node2250720931,sat vurdering,,måske,
2026-09-24T16:44:43+02:00,k-node2250720931,sat type,,bro,
2026-09-24T16:44:43+02:00,k-node2250720931,sat koordinater,,"55.7958272, 12.0580785",
2026-09-24T16:44:43+02:00,k-node2250720931,sat begrundelse,,"Lille havn ved Skuldelev med en bro (66 m), der har mørkt fjordvand på ydersiden. Roskilde Fjord er beskyttet, men det er en havn med få både, og dybden er ukendt.",
2026-09-24T16:44:43+02:00,k-node2257759330,sat vurdering,,nej,
2026-09-24T16:44:43+02:00,k-node2257759330,sat type,,bro,
2026-09-24T16:44:43+02:00,k-node2257759330,sat begrundelse,,"Klint Havn er en lille, lavvandet havn (turkis vand) med meget korte broer (4–5 m) og både. Uden for er der åben kyst med brænding.",
2026-09-24T16:44:43+02:00,k-node2257759334,sat vurdering,,nej,
2026-09-24T16:44:43+02:00,k-node2257759334,sat type,,bro,
2026-09-24T16:44:43+02:00,k-node2257759334,sat begrundelse,,Odden Lystbådehavn er tæt pakket med både mellem broerne (33–79 m).,
2026-09-24T16:44:43+02:00,k-node2258351054,sat vurdering,,nej,
2026-09-24T16:44:43+02:00,k-node2258351054,sat type,,bro,
2026-09-24T16:44:43+02:00,k-node2258351054,sat begrundelse,,Kastrup Strandparks lystbådehavn med bådbroer (35–502 m). Det åbne vand midt i havnen er sejlrenden til indløbet.,
2026-09-24T16:45:37+02:00,k-node5799186360,sat vurdering,,måske,
2026-09-24T16:45:37+02:00,k-node5799186360,sat type,,bro,
2026-09-24T16:45:37+02:00,k-node5799186360,sat koordinater,,"57.3209968, 11.1233003",
2026-09-24T16:45:37+02:00,k-node5799186360,sat begrundelse,,Østerby Havn Marina på Læsø med bådbroer (35–137 m) og ca. 100–130 m mørkt vand mellem dem i læ af molen. Luftfotoet er fra før sæsonen med få både; om sommeren er det en travl lystbådehavn.,
2026-09-24T16:45:37+02:00,k-way103236501,sat vurdering,,nej,
2026-09-24T16:45:37+02:00,k-way103236501,sat type,,bro,
2026-09-24T16:45:37+02:00,k-way103236501,sat begrundelse,,Havnsø Havn er tæt pakket med både mellem broerne (18–151 m).,
2026-09-24T16:45:37+02:00,k-way1038334511,sat vurdering,,nej,
2026-09-24T16:45:37+02:00,k-way1038334511,sat type,,bro,
2026-09-24T16:45:37+02:00,k-way1038334511,sat begrundelse,,Stenværkshavn er en smal havn (ca. 30 m) med både. Havnebadet i bassinet ved siden af er vurderet under k-node11948108245.,
2026-09-24T16:45:37+02:00,k-way110677876,sat vurdering,,nej,
2026-09-24T16:45:37+02:00,k-way110677876,sat type,,bro,
2026-09-24T16:45:37+02:00,k-way110677876,sat begrundelse,,"Inderhavnen i Hundested er et lille bassin (ca. 100 m), der er tæt pakket med både.",
2026-09-24T16:45:37+02:00,k-way111486635,sat vurdering,,nej,
2026-09-24T16:45:37+02:00,k-way111486635,sat type,,bro,
2026-09-24T16:45:37+02:00,k-way111486635,sat begrundelse,,"Jyllinge Fiskerihavn er en lille havn (ca. 40 m bred), der er tæt pakket med både. Badebroen ved Klinten ligger ca. 300 m mod syd.",
2026-09-24T16:45:37+02:00,k-way111487892,sat vurdering,,nej,
2026-09-24T16:45:37+02:00,k-way111487892,sat type,,bro,
2026-09-24T16:45:37+02:00,k-way111487892,sat begrundelse,,"Jyllinge Lystbådehavn er en stor lystbådehavn med lange bådbroer (160–311 m). Luftfotoet er fra før sæsonen, men om sommeren er der både ved alle broer.",
2026-09-24T16:45:37+02:00,k-way135231769,sat vurdering,,nej,
2026-09-24T16:45:37+02:00,k-way135231769,sat type,,bro,
2026-09-24T16:45:37+02:00,k-way135231769,sat begrundelse,,"Ramløse Havn ved Arresø er en lille havn med korte broer (8–16 m) og både. Arresø er brun, lavvandet og tilgroet ved bredden.",
2026-09-24T16:46:08+02:00,k-node13985512359,sat vurdering,,nej,
2026-09-24T16:46:08+02:00,k-node13985512359,sat type,,strand,
2026-09-24T16:46:08+02:00,k-node13985512359,sat begrundelse,,"Egholm kyst har ingen bro, og vandet er lavt og brunligt ved bredden. Der er strøm og skibstrafik i Limfjorden.",
2026-09-24T16:46:08+02:00,k-node13985794162,sat vurdering,,nej,
2026-09-24T16:46:08+02:00,k-node13985794162,sat type,,strand,
2026-09-24T16:46:08+02:00,k-node13985794162,sat begrundelse,,"Stranden ved Dokkedalvej har ingen bro, og der er lave sandbanker langt ud.",
2026-09-24T16:46:08+02:00,k-node13985805234,sat vurdering,,nej,
2026-09-24T16:46:08+02:00,k-node13985805234,sat type,,bro,
2026-09-24T16:46:08+02:00,k-node13985805234,sat begrundelse,,"Den lange bro ved Haslevgårde Bakker (ca. 130 m, ikke i OSM) går over ålegræs og ender ved lyse sandbanker. For lavt til dockstart.",
2026-09-24T16:46:08+02:00,k-node13985811406,sat vurdering,,nej,
2026-09-24T16:46:08+02:00,k-node13985811406,sat type,,strand,
2026-09-24T16:46:08+02:00,k-node13985811406,sat begrundelse,,"Østenkrogen ved Øster Hurup er en strand uden bro, og vandet er lyst og lavt.",
2026-09-24T16:46:08+02:00,k-node13985818542,sat vurdering,,nej,
2026-09-24T16:46:08+02:00,k-node13985818542,sat type,,bro,
2026-09-24T16:46:08+02:00,k-node13985818542,sat begrundelse,,Den lange bro ved Haslevgårde Strand (ikke i OSM) ender på lyst sandvand mellem sandrevlerne. For lavt til dockstart.,
2026-09-24T16:46:08+02:00,k-node13986705876,sat vurdering,,lovende,
2026-09-24T16:46:08+02:00,k-node13986705876,sat type,,badebro,
2026-09-24T16:46:08+02:00,k-node13986705876,sat koordinater,,"56.8699140, 9.3971774",
2026-09-24T16:46:08+02:00,k-node13986705876,sat begrundelse,,"Badebro (ca. 28 m, ikke i OSM) ved badestedet i Sjørup Sø går ud til mørkt søvand. Søen er ca. 1 km lang og har læ, og der er en golfbane ved siden af.",
2026-09-24T16:46:08+02:00,k-node13986715472,sat vurdering,,nej,
2026-09-24T16:46:08+02:00,k-node13986715472,sat type,,strand,
2026-09-24T16:46:08+02:00,k-node13986715472,sat begrundelse,,Navet ved Sebbersund er en strand uden bro. Der er strøm i sundet.,
2026-09-24T16:46:08+02:00,k-node13986716027,sat vurdering,,nej,
2026-09-24T16:46:08+02:00,k-node13986716027,sat type,,strand,
2026-09-24T16:46:08+02:00,k-node13986716027,sat begrundelse,,"Illerisøre Strand ved campingpladsen har ingen bro, og vandet er lavt tæt på land.",
2026-09-24T16:46:08+02:00,k-node13986735402,sat vurdering,,nej,
2026-09-24T16:46:08+02:00,k-node13986735402,sat type,,strand,
2026-09-24T16:46:08+02:00,k-node13986735402,sat begrundelse,,"Badestedet ved Navnsø har ingen bro, og bredden er tilgroet med siv og vandplanter.",
2026-09-24T16:46:08+02:00,k-node13986744110,sat vurdering,,måske,
2026-09-24T16:46:08+02:00,k-node13986744110,sat type,,badebro,
2026-09-24T16:46:08+02:00,k-node13986744110,sat koordinater,,"56.7074016, 9.1752362",
2026-09-24T16:46:08+02:00,k-node13986744110,sat begrundelse,,"Badebro (ca. 30 m, ikke i OSM) ved Sundsøre Strand ud til mørkt vand. Men stedet ligger ved færgelejet og Hvalpsund-sundet, hvor der er strøm.",
2026-09-24T16:46:08+02:00,k-node13986758859,sat vurdering,,nej,
2026-09-24T16:46:08+02:00,k-node13986758859,sat type,,strand,
2026-09-24T16:46:08+02:00,k-node13986758859,sat begrundelse,,"Hessel ved Hvalpsund er en strand med små odder og uden bro, og vandet er lavt.",
2026-09-24T16:46:08+02:00,k-node13986776392,sat vurdering,,nej,
2026-09-24T16:46:08+02:00,k-node13986776392,sat type,,strand,
2026-09-24T16:46:08+02:00,k-node13986776392,sat begrundelse,,"Lovns Strand har ingen bro, og der er ålegræs tæt på land.",
2026-09-24T16:46:08+02:00,k-node13990727135,sat vurdering,,nej,
2026-09-24T16:46:08+02:00,k-node13990727135,sat type,,strand,
2026-09-24T16:46:08+02:00,k-node13990727135,sat begrundelse,,Mariager Strandpark er en græsplæne langs vejen uden bro. Mariager Kajakklub lige vest for er vurderet for sig.,
2026-09-24T16:46:08+02:00,k-node13990744338,sat vurdering,,nej,
2026-09-24T16:46:08+02:00,k-node13990744338,sat type,,strand,
2026-09-24T16:46:08+02:00,k-node13990744338,sat begrundelse,,Strand ved Færgehage i Mariager med kun en lille rampe (ca. 10 m) ud i ålegræs. Ingen egentlig bro.,
2026-09-24T16:46:08+02:00,k-node14029338340,sat vurdering,,lovende,
2026-09-24T16:46:08+02:00,k-node14029338340,sat type,,badebro,
2026-09-24T16:46:08+02:00,k-node14029338340,sat koordinater,,"56.6339847, 9.0682829",
2026-09-24T16:46:08+02:00,k-node14029338340,sat begrundelse,,"Lang badebro (ca. 115 m, ikke i OSM) med platform for enden ved det offentlige badested Lyby Strand. Den ender i mørkt, dybt vand i Skive Fjord, som har læ for vestenvind.",
2026-09-24T16:46:08+02:00,k-node14029404347,sat vurdering,,nej,
2026-09-24T16:46:08+02:00,k-node14029404347,sat type,,strand,
2026-09-24T16:46:08+02:00,k-node14029404347,sat begrundelse,,"Lundø Øst er en smal strand uden bro, og der er ålegræs og lavt vand.",
2026-09-24T16:46:08+02:00,k-node8888642249,sat vurdering,,nej,
2026-09-24T16:46:08+02:00,k-node8888642249,sat type,,strand,
2026-09-24T16:46:08+02:00,k-node8888642249,sat begrundelse,,Blokhus Strand ligger ved den åbne Jammerbugt med bølger og uden bro.,
2026-09-24T16:46:19+02:00,k-node10614333091,sat vurdering,,nej,
2026-09-24T16:46:19+02:00,k-node10614333091,sat type,,strand,
2026-09-24T16:46:19+02:00,k-node10614333091,sat begrundelse,,Skytteholmen ved Hald Sø: badested i skovkanten uden bro på luftfotoet. Dollerup Badeplads på samme sø har bro.,
2026-09-24T16:46:19+02:00,k-node13899736781,sat vurdering,,nej,
2026-09-24T16:46:19+02:00,k-node13899736781,sat type,,strand,
2026-09-24T16:46:19+02:00,k-node13899736781,sat begrundelse,,Søndervig: Vesterhavsstrand med brænding og uden bro. For udsat til dockstart.,
2026-09-24T16:46:19+02:00,k-node13899768714,sat vurdering,,nej,
2026-09-24T16:46:19+02:00,k-node13899768714,sat type,,strand,
2026-09-24T16:46:19+02:00,k-node13899768714,sat begrundelse,,"Blåvandshuk Fyr: bred Vesterhavsstrand uden bro, lavt vand og tidevand. For udsat.",
2026-09-24T16:46:19+02:00,k-node13899784870,sat vurdering,,nej,
2026-09-24T16:46:19+02:00,k-node13899784870,sat type,,strand,
2026-09-24T16:46:19+02:00,k-node13899784870,sat begrundelse,,Henne Strand: Vesterhavsstrand uden bro. For udsat til dockstart.,
2026-09-24T16:46:19+02:00,k-node13901206787,sat vurdering,,nej,
2026-09-24T16:46:19+02:00,k-node13901206787,sat type,,strand,
2026-09-24T16:46:19+02:00,k-node13901206787,sat begrundelse,,"Rindby Strand på Fanø: bred Vesterhavsstrand med lavt vand og tidevand, uden bro.",
2026-09-24T16:46:19+02:00,k-node13902179937,sat vurdering,,nej,
2026-09-24T16:46:19+02:00,k-node13902179937,sat type,,strand,
2026-09-24T16:46:19+02:00,k-node13902179937,sat begrundelse,,"Lakolk på Rømø: bilstrand ved Vesterhavet uden bro, langt til vandet.",
2026-09-24T16:46:19+02:00,k-node13917829106,sat vurdering,,nej,
2026-09-24T16:46:19+02:00,k-node13917829106,sat type,,strand,
2026-09-24T16:46:19+02:00,k-node13917829106,sat begrundelse,,Bøgeskov Strand: smal strand ved Kolding Fjord/Lillebælt uden bro.,
2026-09-24T16:46:19+02:00,k-node13917831749,sat vurdering,,nej,
2026-09-24T16:46:19+02:00,k-node13917831749,sat type,,strand,
2026-09-24T16:46:19+02:00,k-node13917831749,sat begrundelse,,"Albuen ved Middelfart: sandstrand i en beskyttet bugt mellem to stenmoler ved Gl. Lillebæltsbro, uden bro. Molerne kan måske bruges til rock-/beachstart.",
2026-09-24T16:46:19+02:00,k-node13917854679,sat vurdering,,nej,
2026-09-24T16:46:19+02:00,k-node13917854679,sat type,,strand,
2026-09-24T16:46:19+02:00,k-node13917854679,sat begrundelse,,Strib Nordstrand: strand uden bro ved Lillebælts nordlige indløb med strøm.,
2026-09-24T16:46:19+02:00,k-node13918223942,sat vurdering,,nej,
2026-09-24T16:46:19+02:00,k-node13918223942,sat type,,strand,
2026-09-24T16:46:19+02:00,k-node13918223942,sat begrundelse,,"Sønderstrand på Rømø: bred sandstrand ved Vadehavet uden bro, lavt vand og tidevand.",
2026-09-24T16:46:19+02:00,k-node13918350778,sat vurdering,,nej,
2026-09-24T16:46:19+02:00,k-node13918350778,sat type,,strand,
2026-09-24T16:46:19+02:00,k-node13918350778,sat begrundelse,,"Sønderstrand Nord i Aabenraa: samme strand som badebroen ved Sønderstrand (k-way1163665013), som er vurderet for sig. Ingen egen bro.",
2026-09-24T16:46:19+02:00,k-node13918454813,sat vurdering,,nej,
2026-09-24T16:46:19+02:00,k-node13918454813,sat type,,strand,
2026-09-24T16:46:19+02:00,k-node13918454813,sat begrundelse,,Flovt Strand: åben kyststrand ved Lillebælt uden bro.,
2026-09-24T16:46:19+02:00,k-node13918481410,sat vurdering,,nej,
2026-09-24T16:46:19+02:00,k-node13918481410,sat type,,strand,
2026-09-24T16:46:19+02:00,k-node13918481410,sat begrundelse,,"Båring Strand: lav, åben strand ved Båring Vig uden bro.",
2026-09-24T16:46:19+02:00,k-node13918482841,sat vurdering,,nej,
2026-09-24T16:46:19+02:00,k-node13918482841,sat type,,strand,
2026-09-24T16:46:19+02:00,k-node13918482841,sat begrundelse,,"Føns Strand: strand ved Lillebælt med kun en meget kort bro (under 10 m, ikke i OSM) ud i lavt vand.",
2026-09-24T16:46:19+02:00,k-node13919348420,sat vurdering,,nej,
2026-09-24T16:46:19+02:00,k-node13919348420,sat type,,strand,
2026-09-24T16:46:19+02:00,k-node13919348420,sat begrundelse,,Fladstranden ved Høll: åben strand uden bro.,
2026-09-24T16:46:19+02:00,k-node13919355355,sat vurdering,,nej,
2026-09-24T16:46:19+02:00,k-node13919355355,sat type,,strand,
2026-09-24T16:46:19+02:00,k-node13919355355,sat begrundelse,,Mørkholt Strand: strand ved Vejle Fjords munding uden bro ved badestedet (en privat bro ses ca. 200 m mod vest).,
2026-09-24T16:46:19+02:00,k-node13919371234,sat vurdering,,nej,
2026-09-24T16:46:19+02:00,k-node13919371234,sat type,,strand,
2026-09-24T16:46:19+02:00,k-node13919371234,sat begrundelse,,Hvidbjerg Strand ved Lillebælt: smal strand uden bro.,
2026-09-24T16:46:19+02:00,k-node13919393076,sat vurdering,,lovende,
2026-09-24T16:46:19+02:00,k-node13919393076,sat type,,bro,
2026-09-24T16:46:19+02:00,k-node13919393076,sat koordinater,,"55.6930900, 9.6084800",
2026-09-24T16:46:19+02:00,k-node13919393076,sat begrundelse,,"Ibæk Strand ved Vejle Fjord: bro (ca. 48 m, ikke i OSM) fra græsarealet ud til mørkt, dybt vand. Beskyttet fjord med meget plads; efterårsbillede, og broen mangler i OSM.",
2026-09-24T16:47:12+02:00,k-node13919397800,sat vurdering,,nej,
2026-09-24T16:47:12+02:00,k-node13919397800,sat type,,strand,
2026-09-24T16:47:12+02:00,k-node13919397800,sat begrundelse,,"Hejsager Strand: åben kyststrand ved Lillebælt med bølger, uden bro.",
2026-09-24T16:47:12+02:00,k-node13919422018,sat vurdering,,nej,
2026-09-24T16:47:12+02:00,k-node13919422018,sat type,,strand,
2026-09-24T16:47:12+02:00,k-node13919422018,sat begrundelse,,"Halk Strand: åben kyststrand uden bro, med ålegræs.",
2026-09-24T16:47:12+02:00,k-node13919460724,sat vurdering,,nej,
2026-09-24T16:47:12+02:00,k-node13919460724,sat type,,strand,
2026-09-24T16:47:12+02:00,k-node13919460724,sat begrundelse,,"Thorsminde strand: Vesterhavsstrand mellem høfder med brænding, uden bro.",
2026-09-24T16:47:12+02:00,k-node13919462986,sat vurdering,,nej,
2026-09-24T16:47:12+02:00,k-node13919462986,sat type,,strand,
2026-09-24T16:47:12+02:00,k-node13919462986,sat begrundelse,,Høfde Q ved Fjaltring: Vesterhavsstrand ved stenhøfde med brænding. For udsat.,
2026-09-24T16:47:12+02:00,k-node13919466773,sat vurdering,,nej,
2026-09-24T16:47:12+02:00,k-node13919466773,sat type,,strand,
2026-09-24T16:47:12+02:00,k-node13919466773,sat begrundelse,,"Ferring Strand: Vesterhavsstrand med brænding, uden bro.",
2026-09-24T16:47:12+02:00,k-node13919472741,sat vurdering,,nej,
2026-09-24T16:47:12+02:00,k-node13919472741,sat type,,strand,
2026-09-24T16:47:12+02:00,k-node13919472741,sat begrundelse,,"Bjerghuse: Vesterhavsstrand med brænding, uden bro.",
2026-09-24T16:47:12+02:00,k-node13919476877,sat vurdering,,nej,
2026-09-24T16:47:12+02:00,k-node13919476877,sat type,,strand,
2026-09-24T16:47:12+02:00,k-node13919476877,sat begrundelse,,"Spidsbjerg strand: Vesterhavsstrand med brænding, uden bro.",
2026-09-24T16:47:12+02:00,k-node13919594726,sat vurdering,,måske,
2026-09-24T16:47:12+02:00,k-node13919594726,sat type,,bro,
2026-09-24T16:47:12+02:00,k-node13919594726,sat koordinater,,"54.9010045, 9.6145374",
2026-09-24T16:47:12+02:00,k-node13919594726,sat begrundelse,,"Lågmaj ved Minde (Flensborg Fjord): bro med T-hoved (ca. 45 m, ikke i OSM) ud fra en lille strand. Vandet er lyst/lavt med ålegræs, og broen kan være privat (grundejerforening).",
2026-09-24T16:47:12+02:00,k-node13919644680,sat vurdering,,nej,
2026-09-24T16:47:12+02:00,k-node13919644680,sat type,,bro,
2026-09-24T16:47:12+02:00,k-node13919644680,sat begrundelse,,"Trelde Næs: kort bro (ca. 20 m, ikke i OSM) på en åben kyst ud i lyst, lavt vand med ålegræs.",
2026-09-24T16:47:12+02:00,k-node13919710547,sat vurdering,,nej,
2026-09-24T16:47:12+02:00,k-node13919710547,sat type,,strand,
2026-09-24T16:47:12+02:00,k-node13919710547,sat begrundelse,,"Vejlby Fed Strand: lav sandstrand med meget lavt vand og sandrevler, uden bro.",
2026-09-24T16:47:12+02:00,k-node13920385857,sat vurdering,,nej,
2026-09-24T16:47:12+02:00,k-node13920385857,sat type,,strand,
2026-09-24T16:47:12+02:00,k-node13920385857,sat begrundelse,,Skarrev: smal odde/strand ved Genner Bugt uden bro.,
2026-09-24T16:47:12+02:00,k-node13920804355,sat vurdering,,nej,
2026-09-24T16:47:12+02:00,k-node13920804355,sat type,,strand,
2026-09-24T16:47:12+02:00,k-node13920804355,sat begrundelse,,Diernæs strand: stenet kyststrand uden bro.,
2026-09-24T16:47:12+02:00,k-node13920929096,sat vurdering,,nej,
2026-09-24T16:47:12+02:00,k-node13920929096,sat type,,strand,
2026-09-24T16:47:12+02:00,k-node13920929096,sat begrundelse,,Vejers Strand: bilstrand ved Vesterhavet uden bro.,
2026-09-24T16:47:12+02:00,k-node13920929097,sat vurdering,,nej,
2026-09-24T16:47:12+02:00,k-node13920929097,sat type,,strand,
2026-09-24T16:47:12+02:00,k-node13920929097,sat begrundelse,,"Hvidbjerg Strand ved Blåvand: Vesterhavsstrand med høfde og lavt vand, uden bro.",
2026-09-24T16:47:12+02:00,k-node13920939789,sat vurdering,,nej,
2026-09-24T16:47:12+02:00,k-node13920939789,sat type,,strand,
2026-09-24T16:47:12+02:00,k-node13920939789,sat begrundelse,,"Sidselbjerg: Vesterhavsstrand med brænding, uden bro.",
2026-09-24T16:47:12+02:00,k-node13920946114,sat vurdering,,nej,
2026-09-24T16:47:12+02:00,k-node13920946114,sat type,,strand,
2026-09-24T16:47:12+02:00,k-node13920946114,sat begrundelse,,Hvide Sande Sydstrand: bred Vesterhavsstrand uden bro.,
2026-09-24T16:47:12+02:00,k-node13920960967,sat vurdering,,nej,
2026-09-24T16:47:12+02:00,k-node13920960967,sat type,,strand,
2026-09-24T16:47:12+02:00,k-node13920960967,sat begrundelse,,"Vedersø Klit: Vesterhavsstrand med brænding, uden bro.",
2026-09-24T16:47:12+02:00,k-node13920961003,sat vurdering,,nej,
2026-09-24T16:47:12+02:00,k-node13920961003,sat type,,strand,
2026-09-24T16:47:12+02:00,k-node13920961003,sat begrundelse,,"Nørre Lyngvig Strand: Vesterhavsstrand med brænding, uden bro.",
2026-09-24T16:47:54+02:00,k-node13920966571,sat vurdering,,nej,
2026-09-24T16:47:54+02:00,k-node13920966571,sat type,,strand,
2026-09-24T16:47:54+02:00,k-node13920966571,sat begrundelse,,Nymindegab Strand: Vesterhavsstrand uden bro. For udsat.,
2026-09-24T16:47:54+02:00,k-node13920971205,sat vurdering,,nej,
2026-09-24T16:47:54+02:00,k-node13920971205,sat type,,strand,
2026-09-24T16:47:54+02:00,k-node13920971205,sat begrundelse,,Houstrup Strand: Vesterhavsstrand uden bro. For udsat.,
2026-09-24T16:47:54+02:00,k-node13920972278,sat vurdering,,nej,
2026-09-24T16:47:54+02:00,k-node13920972278,sat type,,strand,
2026-09-24T16:47:54+02:00,k-node13920972278,sat begrundelse,,"Børsmose Strand: bilstrand ved Vesterhavet med et lille åudløb, uden bro.",
2026-09-24T16:47:54+02:00,k-node13920980583,sat vurdering,,nej,
2026-09-24T16:47:54+02:00,k-node13920980583,sat type,,strand,
2026-09-24T16:47:54+02:00,k-node13920980583,sat begrundelse,,Blåvand Strand: bred Vesterhavsstrand uden bro.,
2026-09-24T16:47:54+02:00,k-node13920980584,sat vurdering,,nej,
2026-09-24T16:47:54+02:00,k-node13920980584,sat type,,strand,
2026-09-24T16:47:54+02:00,k-node13920980584,sat begrundelse,,"Henne Mølleå Strand: Vesterhavsstrand ved åudløbet, uden bro.",
2026-09-24T16:47:54+02:00,k-node13921027926,sat vurdering,,nej,
2026-09-24T16:47:54+02:00,k-node13921027926,sat type,,strand,
2026-09-24T16:47:54+02:00,k-node13921027926,sat begrundelse,,Hjerting Strand: strand ved Ho Bugt i Vadehavet med en kort høfde. Lavt vand og tidevand.,
2026-09-24T16:47:54+02:00,k-node13922010749,sat vurdering,,nej,
2026-09-24T16:47:54+02:00,k-node13922010749,sat type,,strand,
2026-09-24T16:47:54+02:00,k-node13922010749,sat begrundelse,,Årø Odde: åben strand på Årø uden bro.,
2026-09-24T16:47:54+02:00,k-node13922016626,sat vurdering,,nej,
2026-09-24T16:47:54+02:00,k-node13922016626,sat type,,strand,
2026-09-24T16:47:54+02:00,k-node13922016626,sat begrundelse,,Årø Sydstrand: åben strand uden bro.,
2026-09-24T16:47:54+02:00,k-node13922023972,sat vurdering,,nej,
2026-09-24T16:47:54+02:00,k-node13922023972,sat type,,strand,
2026-09-24T16:47:54+02:00,k-node13922023972,sat begrundelse,,"Årøsund (odden): smal strand uden bro, åben mod Lillebælt.",
2026-09-24T16:47:54+02:00,k-node13922030183,sat vurdering,,nej,
2026-09-24T16:47:54+02:00,k-node13922030183,sat type,,strand,
2026-09-24T16:47:54+02:00,k-node13922030183,sat begrundelse,,Årøsund Badehotel: strand uden bro; badebroen Årøsund badesteg ligger lidt mod syd og er vurderet for sig.,
2026-09-24T16:47:54+02:00,k-node13922032673,sat vurdering,,nej,
2026-09-24T16:47:54+02:00,k-node13922032673,sat type,,strand,
2026-09-24T16:47:54+02:00,k-node13922032673,sat begrundelse,,Råde Strand: smal strand uden bro ved Haderslev Fjords munding.,
2026-09-24T16:47:54+02:00,k-node13922040400,sat vurdering,,nej,
2026-09-24T16:47:54+02:00,k-node13922040400,sat type,,strand,
2026-09-24T16:47:54+02:00,k-node13922040400,sat begrundelse,,Tamdrup Strand: strand ved sommerhuse med små private broer og både for svaj. Ingen brugbar offentlig bro.,
2026-09-24T16:47:54+02:00,k-node13922046064,sat vurdering,,måske,
2026-09-24T16:47:54+02:00,k-node13922046064,sat type,,bro,
2026-09-24T16:47:54+02:00,k-node13922046064,sat koordinater,,"55.3026834, 9.6513486",
2026-09-24T16:47:54+02:00,k-node13922046064,sat begrundelse,,"Ørby Strand: bro med T-hoved (ca. 45 m, ikke i OSM) ud i Lillebælt ved Ørbyhage. Lyst vand med ålegræs tyder på lavt vand; broen kan være grundejerforeningens.",
2026-09-24T16:47:54+02:00,k-node13922067964,sat vurdering,,måske,
2026-09-24T16:47:54+02:00,k-node13922067964,sat type,,bro,
2026-09-24T16:47:54+02:00,k-node13922067964,sat koordinater,,"55.3336832, 9.6471099",
2026-09-24T16:47:54+02:00,k-node13922067964,sat begrundelse,,"Sandersvig syd: bro (ca. 45 m, ikke i OSM) ud i Sandersvig med både for svaj. Beskyttet vig, men lyst, lavt vand med ålegræs og sandsynligvis grundejerforeningens bro.",
2026-09-24T16:47:54+02:00,k-node13922069667,sat vurdering,,nej,
2026-09-24T16:47:54+02:00,k-node13922069667,sat type,,strand,
2026-09-24T16:47:54+02:00,k-node13922069667,sat begrundelse,,"Anslet Hage: smal strand uden brugbar bro, lavt vand med ålegræs.",
2026-09-24T16:47:54+02:00,k-node13922072105,sat vurdering,,måske,
2026-09-24T16:47:54+02:00,k-node13922072105,sat type,,bro,
2026-09-24T16:47:54+02:00,k-node13922072105,sat koordinater,,"55.3383717, 9.6475296",
2026-09-24T16:47:54+02:00,k-node13922072105,sat begrundelse,,"Sandersvig nord: bro (ca. 40 m, ikke i OSM) ud i Sandersvig med både for svaj. Lyst, lavt vand med ålegræs, og broen er sandsynligvis grundejerforeningens.",
2026-09-24T16:47:54+02:00,k-node13922947395,sat vurdering,,nej,
2026-09-24T16:47:54+02:00,k-node13922947395,sat type,,strand,
2026-09-24T16:47:54+02:00,k-node13922947395,sat begrundelse,,"Vilstrup Strand: åben strand med bølger, uden bro.",
2026-09-24T16:47:54+02:00,k-node13923039676,sat vurdering,,nej,
2026-09-24T16:47:54+02:00,k-node13923039676,sat type,,strand,
2026-09-24T16:47:54+02:00,k-node13923039676,sat begrundelse,,"Gåsevig: smal, åben strand uden bro.",
2026-09-24T16:48:41+02:00,k-node13923058489,sat vurdering,,nej,
2026-09-24T16:48:41+02:00,k-node13923058489,sat type,,strand,
2026-09-24T16:48:41+02:00,k-node13923058489,sat begrundelse,,"Knud Strand: strand ved lavt vand med ålegræs, uden bro.",
2026-09-24T16:48:41+02:00,k-node13975105086,sat vurdering,,nej,
2026-09-24T16:48:41+02:00,k-node13975105086,sat type,,strand,
2026-09-24T16:48:41+02:00,k-node13975105086,sat begrundelse,,"Sædding Strand i Esbjerg: sandstrand ved Grådyb/Vadehavet uden bro, med tidevand og strøm.",
2026-09-24T16:48:41+02:00,k-node13975138648,sat vurdering,,nej,
2026-09-24T16:48:41+02:00,k-node13975138648,sat type,,strand,
2026-09-24T16:48:41+02:00,k-node13975138648,sat begrundelse,,"Badested (uden navn) ved Sædding Strand i Esbjerg: Vadehavsstrand uden bro, tidevand.",
2026-09-24T16:48:41+02:00,k-node13975141004,sat vurdering,,nej,
2026-09-24T16:48:41+02:00,k-node13975141004,sat type,,strand,
2026-09-24T16:48:41+02:00,k-node13975141004,sat begrundelse,,"Badested ved Søndre Tobølvej i Esbjerg: Vadehavsstrand uden bro, tidevand.",
2026-09-24T16:48:41+02:00,k-node13975152631,sat vurdering,,nej,
2026-09-24T16:48:41+02:00,k-node13975152631,sat type,,strand,
2026-09-24T16:48:41+02:00,k-node13975152631,sat begrundelse,,"Rødhætte ved Sjelborg: strand ved Ho Bugt i Vadehavet uden bro, tidevand.",
2026-09-24T16:48:41+02:00,k-node13975178140,sat vurdering,,nej,
2026-09-24T16:48:41+02:00,k-node13975178140,sat type,,strand,
2026-09-24T16:48:41+02:00,k-node13975178140,sat begrundelse,,Skuldbøl Strand ved Ringkøbing Fjord: lille strand uden bro; fjorden er lavvandet.,
2026-09-24T16:48:41+02:00,k-node13975401665,sat vurdering,,nej,
2026-09-24T16:48:41+02:00,k-node13975401665,sat type,,strand,
2026-09-24T16:48:41+02:00,k-node13975401665,sat begrundelse,,"Trans Ferieby: Vesterhavsstrand med brænding, uden bro.",
2026-09-24T16:48:41+02:00,k-node13982304765,sat vurdering,,måske,
2026-09-24T16:48:41+02:00,k-node13982304765,sat type,,bro,
2026-09-24T16:48:41+02:00,k-node13982304765,sat koordinater,,"56.1104007, 9.0191535",
2026-09-24T16:48:41+02:00,k-node13982304765,sat begrundelse,,"Knudmosesøerne ved Herning: tidligere grusgravssø (ca. 300 m) med sandstrand og mørkt vand, men kun en meget kort bro/platform (ca. 8–10 m, ikke i OSM). Tjek om der er en bro at starte fra.",
2026-09-24T16:48:41+02:00,k-node13982307240,sat vurdering,,nej,
2026-09-24T16:48:41+02:00,k-node13982307240,sat type,,strand,
2026-09-24T16:48:41+02:00,k-node13982307240,sat begrundelse,,"Søby Sø: lille strand uden bro ved en sø med grønt, lavt vand.",
2026-09-24T16:48:41+02:00,k-node13982320459,sat vurdering,,nej,
2026-09-24T16:48:41+02:00,k-node13982320459,sat type,,strand,
2026-09-24T16:48:41+02:00,k-node13982320459,sat begrundelse,,Ejstrup Sø: badested i skovkanten uden bro.,
2026-09-24T16:48:41+02:00,k-node13982342971,sat vurdering,,nej,
2026-09-24T16:48:41+02:00,k-node13982342971,sat type,,strand,
2026-09-24T16:48:41+02:00,k-node13982342971,sat begrundelse,,"Hampen Sø: sandstrand uden bro med lyst, lavt vand ved land.",
2026-09-24T16:48:41+02:00,k-node13982345196,sat vurdering,,måske,
2026-09-24T16:48:41+02:00,k-node13982345196,sat type,,bro,
2026-09-24T16:48:41+02:00,k-node13982345196,sat koordinater,,"56.2153966, 9.0351483",
2026-09-24T16:48:41+02:00,k-node13982345196,sat begrundelse,,"Sunds Sø østbred: to korte broer (ca. 20 m, ikke i OSM) ud i den store sø med mørkt vand. Broerne ligger ved huse og kan være private.",
2026-09-24T16:48:41+02:00,k-node13982430292,sat vurdering,,nej,
2026-09-24T16:48:41+02:00,k-node13982430292,sat type,,strand,
2026-09-24T16:48:41+02:00,k-node13982430292,sat begrundelse,,"Fanø Bad: bred Vesterhavsstrand uden bro, langt til vandet.",
2026-09-24T16:48:41+02:00,k-node13982430938,sat vurdering,,nej,
2026-09-24T16:48:41+02:00,k-node13982430938,sat type,,strand,
2026-09-24T16:48:41+02:00,k-node13982430938,sat begrundelse,,"Hvidbjerg Strand ved Øster Oksby: Vesterhavs-/Vadehavsstrand med lavt vand, uden bro.",
2026-09-24T16:48:41+02:00,k-node13982437031,sat vurdering,,nej,
2026-09-24T16:48:41+02:00,k-node13982437031,sat type,,strand,
2026-09-24T16:48:41+02:00,k-node13982437031,sat begrundelse,,"Skallingen ved Høj Knolde Strand: Vesterhavsstrand med lavt vand, uden bro.",
2026-09-24T16:48:41+02:00,k-node13982477690,sat vurdering,,nej,
2026-09-24T16:48:41+02:00,k-node13982477690,sat type,,strand,
2026-09-24T16:48:41+02:00,k-node13982477690,sat begrundelse,,Bjerregård: campingstrand ved Ringkøbing Fjord uden bro; fjorden er lavvandet.,
2026-09-24T16:48:41+02:00,k-node13985922557,sat vurdering,,nej,
2026-09-24T16:48:41+02:00,k-node13985922557,sat type,,strand,
2026-09-24T16:48:41+02:00,k-node13985922557,sat begrundelse,,Hvide Sande Nord: sandstrand på fjordsiden (Ringkøbing Fjord) uden bro. Kan bruges til beachstart; fjorden er lavvandet.,
2026-09-24T16:48:41+02:00,k-node13985948745,sat vurdering,,nej,
2026-09-24T16:48:41+02:00,k-node13985948745,sat type,,strand,
2026-09-24T16:48:41+02:00,k-node13985948745,sat begrundelse,,"Årgab: Vesterhavsstrand med brænding, uden bro.",
2026-09-24T16:49:58+02:00,k-node13985948825,sat vurdering,,nej,
2026-09-24T16:49:58+02:00,k-node13985948825,sat type,,strand,
2026-09-24T16:49:58+02:00,k-node13985948825,sat begrundelse,,"Odbjerg Strand: Vesterhavsstrand med brænding, uden bro.",
2026-09-24T16:49:58+02:00,k-node13985955013,sat vurdering,,nej,
2026-09-24T16:49:58+02:00,k-node13985955013,sat type,,strand,
2026-09-24T16:49:58+02:00,k-node13985955013,sat begrundelse,,Bjerge Sande ved Ringkøbing Fjord: lille strand uden bro; fjorden er lavvandet med grønt vand.,
2026-09-24T16:49:58+02:00,k-node13985957175,sat vurdering,,lovende,
2026-09-24T16:49:58+02:00,k-node13985957175,sat type,,bro,
2026-09-24T16:49:58+02:00,k-node13985957175,sat koordinater,,"55.7379368, 9.4161239",
2026-09-24T16:49:58+02:00,k-node13985957175,sat begrundelse,,"Fårup Sø ved Jelling: to korte broer (ca. 15–20 m, ikke i OSM) ved badestedet ud til mørkt, dybt vand i en stor, rolig sø. Broerne mangler i OSM, så tjek om de er offentlige.",
2026-09-24T16:49:58+02:00,k-node13985966444,sat vurdering,,nej,
2026-09-24T16:49:58+02:00,k-node13985966444,sat type,,strand,
2026-09-24T16:49:58+02:00,k-node13985966444,sat begrundelse,,Engelsholm Sø: badested ved rørskov uden bro på luftfotoet.,
2026-09-24T16:49:58+02:00,k-node13985996084,sat vurdering,,nej,
2026-09-24T16:49:58+02:00,k-node13985996084,sat type,,strand,
2026-09-24T16:49:58+02:00,k-node13985996084,sat begrundelse,,Skærsø: skovbred uden bro på luftfotoet.,
2026-09-24T16:49:58+02:00,k-node13986384788,sat vurdering,,nej,
2026-09-24T16:49:58+02:00,k-node13986384788,sat type,,strand,
2026-09-24T16:49:58+02:00,k-node13986384788,sat begrundelse,,Nysø ved Spangdale: sandstrand ved en skovsø uden fast bro (kun små flydeelementer/bøjer i vandet). Kan bruges til beachstart.,
2026-09-24T16:49:58+02:00,k-node13986460100,sat vurdering,,nej,
2026-09-24T16:49:58+02:00,k-node13986460100,sat type,,strand,
2026-09-24T16:49:58+02:00,k-node13986460100,sat begrundelse,,"Marbæk Strand: strand ved Ho Bugt/Vadehavet uden bro, lavt vand og tidevand.",
2026-09-24T16:49:58+02:00,k-node13995194998,sat vurdering,,nej,
2026-09-24T16:49:58+02:00,k-node13995194998,sat type,,strand,
2026-09-24T16:49:58+02:00,k-node13995194998,sat begrundelse,,"Rønshoved: samme sted som Rønshoved Højskoles badebro, som er vurderet for sig. Ingen egen bro.",
2026-09-24T16:49:58+02:00,k-node13995204833,sat vurdering,,nej,
2026-09-24T16:49:58+02:00,k-node13995204833,sat type,,strand,
2026-09-24T16:49:58+02:00,k-node13995204833,sat begrundelse,,Kohage ved Kollund: smal strand uden bro ved Flensborg Fjord.,
2026-09-24T16:49:58+02:00,k-node13995210360,sat vurdering,,nej,
2026-09-24T16:49:58+02:00,k-node13995210360,sat type,,strand,
2026-09-24T16:49:58+02:00,k-node13995210360,sat begrundelse,,Kollund Badestrand: strand uden bro; Kollund Roklubs flydebro lige ved siden af er vurderet for sig.,
2026-09-24T16:49:58+02:00,k-node13995280185,sat vurdering,,nej,
2026-09-24T16:49:58+02:00,k-node13995280185,sat type,,strand,
2026-09-24T16:49:58+02:00,k-node13995280185,sat begrundelse,,"Naldtang: strand med meget lavt vand og sten, uden bro.",
2026-09-24T16:49:58+02:00,k-node13995352404,sat vurdering,,nej,
2026-09-24T16:49:58+02:00,k-node13995352404,sat type,,strand,
2026-09-24T16:49:58+02:00,k-node13995352404,sat begrundelse,,Strandgade ved Hesselholt: smal strand med kun en meget kort bro ud i lavt vand med ålegræs.,
2026-09-24T16:49:58+02:00,k-node13995382531,sat vurdering,,nej,
2026-09-24T16:49:58+02:00,k-node13995382531,sat type,,strand,
2026-09-24T16:49:58+02:00,k-node13995382531,sat begrundelse,,"Broager Strand: campingstrand uden bro, lavt vand.",
2026-09-24T16:49:58+02:00,k-node13995390162,sat vurdering,,nej,
2026-09-24T16:49:58+02:00,k-node13995390162,sat type,,strand,
2026-09-24T16:49:58+02:00,k-node13995390162,sat begrundelse,,"Kragesand: sandodde med meget lavt vand, uden bro.",
2026-09-24T16:49:58+02:00,k-node14027523957,sat vurdering,,måske,
2026-09-24T16:49:58+02:00,k-node14027523957,sat type,,bro,
2026-09-24T16:49:58+02:00,k-node14027523957,sat koordinater,,"56.2581171, 9.3499080",
2026-09-24T16:49:58+02:00,k-node14027523957,sat begrundelse,,"Badested uden navn ved Grathe: kort bro (ca. 15 m, ikke i OSM) ud i en sø på ca. 600 m med mørkt, brunt vand. Adgang uklar; en flise mangler på luftfotoet.",
2026-09-24T16:49:58+02:00,k-node2388555730,sat vurdering,,nej,
2026-09-24T16:49:58+02:00,k-node2388555730,sat type,,strand,
2026-09-24T16:49:58+02:00,k-node2388555730,sat begrundelse,,Badested ved Hampen Sø (sydvest): lille sandstrand uden bro.,
2026-09-24T16:49:58+02:00,k-relation1727410,sat vurdering,,nej,
2026-09-24T16:49:58+02:00,k-relation1727410,sat type,,strand,
2026-09-24T16:49:58+02:00,k-relation1727410,sat begrundelse,,"Holtbjerg Sø ved Birk (Herning): OSM-punktet ligger midt i søen, og der ses ingen bro. Tjek evt. bredden for en badebro.",
2026-09-24T16:49:58+02:00,k-way1204847905,sat vurdering,,nej,
2026-09-24T16:49:58+02:00,k-way1204847905,sat type,,strand,
2026-09-24T16:49:58+02:00,k-way1204847905,sat begrundelse,,"Badeområde (polygon i vandet) ved Strandhuse i Kolding Fjord, samme sted som Badebroen Fjordvej, som er vurderet for sig.",
2026-09-24T16:50:40+02:00,k-way128826486,sat vurdering,,nej,
2026-09-24T16:50:40+02:00,k-way128826486,sat type,,bro,
2026-09-24T16:50:40+02:00,k-way128826486,sat begrundelse,,Badesø i Stråsø Plantage: lille skovsø (ca. 115×65 m) med en kort gangbro ud til en ø. For lille.,
2026-09-24T16:50:40+02:00,k-way76395258,sat vurdering,,nej,
2026-09-24T16:50:40+02:00,k-way76395258,sat type,,strand,
2026-09-24T16:50:40+02:00,k-way76395258,sat begrundelse,,"Skavemose: rund hedesø (ca. 200 m) med sandstrand, men uden bro.",
2026-09-24T16:50:40+02:00,k-way838386580,sat vurdering,,nej,
2026-09-24T16:50:40+02:00,k-way838386580,sat type,,andet,
2026-09-24T16:50:40+02:00,k-way838386580,sat begrundelse,,Bredebro Svømmebad er et friluftsbad med bassiner. Fejl i søgningen (badested).,
2026-09-24T16:50:40+02:00,k-node11961297792,sat vurdering,,nej,
2026-09-24T16:50:40+02:00,k-node11961297792,sat type,,strand,
2026-09-24T16:50:40+02:00,k-node11961297792,sat begrundelse,,Søndermølle strand på Endelave: åben strand uden bro.,
2026-09-24T16:50:40+02:00,k-node11961297794,sat vurdering,,nej,
2026-09-24T16:50:40+02:00,k-node11961297794,sat type,,strand,
2026-09-24T16:50:40+02:00,k-node11961297794,sat begrundelse,,Øvre syd badestrand på Endelave: åben strand uden bro.,
2026-09-24T16:50:40+02:00,k-node11961297795,sat vurdering,,nej,
2026-09-24T16:50:40+02:00,k-node11961297795,sat type,,strand,
2026-09-24T16:50:40+02:00,k-node11961297795,sat begrundelse,,"Øvre nord badestrand på Endelave: åben strand uden bro, lavt vand.",
2026-09-24T16:50:40+02:00,k-node13906526400,sat vurdering,,nej,
2026-09-24T16:50:40+02:00,k-node13906526400,sat type,,strand,
2026-09-24T16:50:40+02:00,k-node13906526400,sat begrundelse,,"Gjerrild Nordstrand: åben Kattegatstrand med bølger, uden bro.",
2026-09-24T16:50:40+02:00,k-node13908970409,sat vurdering,,nej,
2026-09-24T16:50:40+02:00,k-node13908970409,sat type,,strand,
2026-09-24T16:50:40+02:00,k-node13908970409,sat begrundelse,,Holme Strand: åben stenet Kattegatstrand uden bro.,
2026-09-24T16:50:40+02:00,k-node13909007308,sat vurdering,,nej,
2026-09-24T16:50:40+02:00,k-node13909007308,sat type,,strand,
2026-09-24T16:50:40+02:00,k-node13909007308,sat begrundelse,,"Rugård Strand: åben Kattegatstrand ved campingplads, uden bro.",
2026-09-24T16:51:35+02:00,k-way1340017335,sat vurdering,,nej,
2026-09-24T16:51:35+02:00,k-way1340017335,sat type,,flydebro,
2026-09-24T16:51:35+02:00,k-way1340017335,sat begrundelse,,Brejning Lystbådehavn ved Vejle Fjord: flydebroerne (24 m og bølgebryder) ligger i en tæt pakket lystbådehavn. Ingen plads mellem bådene.,
2026-09-24T16:54:40+02:00,k-way316890902,sat vand,ukendt,tvivl,automatisk fra EEA-badevandsdata
2026-09-24T16:54:40+02:00,k-way1087093186,sat vand,ukendt,nej,automatisk fra EEA-badevandsdata
2026-09-24T16:54:40+02:00,k-node10783979535,sat vand,ukendt,nej,automatisk fra EEA-badevandsdata
2026-09-24T16:54:40+02:00,k-way169415874,sat vand,ukendt,tvivl,automatisk fra EEA-badevandsdata
2026-09-24T16:54:40+02:00,k-way305135015,sat vand,ukendt,nej,automatisk fra EEA-badevandsdata
2026-09-24T16:54:40+02:00,k-way332387626,sat vand,ukendt,nej,automatisk fra EEA-badevandsdata
2026-09-24T16:54:40+02:00,k-node10312620503,sat vand,ukendt,nej,automatisk fra EEA-badevandsdata
2026-09-24T16:54:40+02:00,k-way487162563,sat vand,ukendt,nej,automatisk fra EEA-badevandsdata
2026-09-24T16:54:40+02:00,k-node12174674433,sat vand,ukendt,tvivl,automatisk fra EEA-badevandsdata
2026-09-24T16:54:41+02:00,k-way1038337763,sat vand,tvivl,nej,automatisk fra EEA-badevandsdata
2026-09-24T16:54:41+02:00,k-relation10600468,sat vand,tvivl,nej,automatisk fra EEA-badevandsdata
2026-09-24T16:54:41+02:00,k-way1067546757,sat vand,ukendt,nej,automatisk fra EEA-badevandsdata
2026-09-24T16:54:41+02:00,k-way1164395425,sat vand,ukendt,nej,automatisk fra EEA-badevandsdata
2026-09-24T16:54:41+02:00,k-way126554098,sat vand,ukendt,tvivl,automatisk fra EEA-badevandsdata
2026-09-24T16:54:42+02:00,k-way972783435,sat vand,ok,tvivl,automatisk fra EEA-badevandsdata
2026-09-24T16:54:42+02:00,k-way975052063,sat vand,ukendt,nej,automatisk fra EEA-badevandsdata
2026-09-24T16:54:42+02:00,k-way975055139,sat vand,ukendt,nej,automatisk fra EEA-badevandsdata
2026-09-24T16:54:42+02:00,k-way975161248,sat vand,ukendt,nej,automatisk fra EEA-badevandsdata
2026-09-24T16:55:29+02:00,k-node13902416674,sat vurdering,lovende,nej,
2026-09-24T16:55:29+02:00,k-node13902416674,sat type,badebro,bro,
2026-09-24T16:55:29+02:00,k-node13902416674,sat begrundelse,"Badebro/platform ved Opalsøen, en dyb, oversvømmet granitgrav (ca. 400×120 m) med mørkt vand og læ af klippevæggene. Offentligt naturområde; tjek om badning er tilladt.","Broen (74 m) er den handicapvenlige fiskebro i Hammersøen, ikke i Opalsøen; OSM-badestedet ligger på tangen mellem søerne. Badning er forbudt i Hammersøen, og Opalsøen har kun stejle klippevægge og ingen bro.",
2026-09-24T16:55:29+02:00,k-node13902416674,sat vand,ok,nej,
2026-09-24T16:55:29+02:00,k-node13902416674,sat vand_note,,"Badning er forbudt i Hammersøen; badende henvises til Opalsøen, hvor badning er tilladt (https://bornholmer.dk/hammersoe/, https://naturstyrelsen.dk/find-et-naturomraade/naturguider/bornholm/nordbornholm/praktisk)",
2026-09-24T16:56:29+02:00,k-node11420405324,sat vurdering,,nej,
2026-09-24T16:56:29+02:00,k-node11420405324,sat type,,andet,
2026-09-24T16:56:29+02:00,k-node11420405324,sat begrundelse,,"Badested ved stensætningen langs Strandvejen i Klampenborg uden bro, kun en lille platform. Åben kyst mod Øresund.",
2026-09-24T16:56:29+02:00,k-node12478490101,sat vurdering,,nej,
2026-09-24T16:56:29+02:00,k-node12478490101,sat type,,strand,
2026-09-24T16:56:29+02:00,k-node12478490101,sat begrundelse,,"Sandstrand ved Sølager uden bro, lige ved færgelejet til Kulhuse. Lyst, lavt vand.",
2026-09-24T16:56:29+02:00,k-node13854270769,sat vurdering,,nej,
2026-09-24T16:56:29+02:00,k-node13854270769,sat type,,strand,
2026-09-24T16:56:29+02:00,k-node13854270769,sat begrundelse,,"Vesterstrand på Anholt er en sandstrand uden bro med lyst, lavt vand.",
2026-09-24T16:56:29+02:00,k-node13899641388,sat vurdering,,nej,
2026-09-24T16:56:29+02:00,k-node13899641388,sat type,,strand,
2026-09-24T16:56:29+02:00,k-node13899641388,sat begrundelse,,"Sandstrand ved Vesterlyng uden bro, med brænding på den åbne kyst.",
2026-09-24T16:56:29+02:00,k-node13899678800,sat vurdering,,nej,
2026-09-24T16:56:29+02:00,k-node13899678800,sat type,,strand,
2026-09-24T16:56:29+02:00,k-node13899678800,sat begrundelse,,Sandstrand ved Yderby Lyng uden bro på åben kyst.,
2026-09-24T16:56:29+02:00,k-node13899721324,sat vurdering,,nej,
2026-09-24T16:56:29+02:00,k-node13899721324,sat type,,strand,
2026-09-24T16:56:29+02:00,k-node13899721324,sat begrundelse,,Sanddobberne er en lavvandet sandflade/lagune uden bro.,
2026-09-24T16:56:29+02:00,k-node13899725713,sat vurdering,,nej,
2026-09-24T16:56:29+02:00,k-node13899725713,sat type,,strand,
2026-09-24T16:56:29+02:00,k-node13899725713,sat begrundelse,,"Strand ved Ordrup Næs uden bro, med lyst, lavt vand.",
2026-09-24T16:56:29+02:00,k-node13899729698,sat vurdering,,nej,
2026-09-24T16:56:29+02:00,k-node13899729698,sat type,,strand,
2026-09-24T16:56:29+02:00,k-node13899729698,sat begrundelse,,"Sandstrand ved Vraget uden bro, med lyst, lavt vand.",
2026-09-24T16:56:29+02:00,k-node13901096193,sat vurdering,,nej,
2026-09-24T16:56:29+02:00,k-node13901096193,sat type,,strand,
2026-09-24T16:56:29+02:00,k-node13901096193,sat begrundelse,,"Bred sandstrand i Hornbæk uden bro, med lyst vand og bølger fra Kattegat.",
2026-09-24T16:56:29+02:00,k-node13901096408,sat vurdering,,nej,
2026-09-24T16:56:29+02:00,k-node13901096408,sat type,,strand,
2026-09-24T16:56:29+02:00,k-node13901096408,sat begrundelse,,"Sandstrand ved Gudmindrup Lyng uden bro, med lyst, lavt vand.",
2026-09-24T16:56:29+02:00,k-node13902186884,sat vurdering,,nej,
2026-09-24T16:56:29+02:00,k-node13902186884,sat type,,strand,
2026-09-24T16:56:29+02:00,k-node13902186884,sat begrundelse,,"Sandstrand ved Tisvildeleje uden bro, med kraftig brænding fra Kattegat.",
2026-09-24T16:56:29+02:00,k-node13902269194,sat vurdering,,nej,
2026-09-24T16:56:29+02:00,k-node13902269194,sat type,,strand,
2026-09-24T16:56:29+02:00,k-node13902269194,sat begrundelse,,"Sandstrand ved Stængehus uden bro, med brænding fra Kattegat.",
2026-09-24T16:56:29+02:00,k-node13902289568,sat vurdering,,nej,
2026-09-24T16:56:29+02:00,k-node13902289568,sat type,,strand,
2026-09-24T16:56:29+02:00,k-node13902289568,sat begrundelse,,Svanemøllestranden er en sandstrand; molen og lagunen bag bølgebryderen er vurderet under Green Kayak (k-node11139470918).,
2026-09-24T16:56:29+02:00,k-node13902307201,sat vurdering,,nej,
2026-09-24T16:56:29+02:00,k-node13902307201,sat type,,strand,
2026-09-24T16:56:29+02:00,k-node13902307201,sat begrundelse,,"Sandstrand ved Lille Kulgab uden bro, med brænding fra Kattegat.",
2026-09-24T16:56:29+02:00,k-node13902326389,sat vurdering,,nej,
2026-09-24T16:56:29+02:00,k-node13902326389,sat type,,strand,
2026-09-24T16:56:29+02:00,k-node13902326389,sat begrundelse,,"Sandstrand ved Amager Strandpark; broen over lagunen er en gangbro, ikke en badebro.",
2026-09-24T16:56:29+02:00,k-node13902341605,sat vurdering,,måske,
2026-09-24T16:56:29+02:00,k-node13902341605,sat type,,bro,
2026-09-24T16:56:29+02:00,k-node13902341605,sat koordinater,,"55.7765797, 12.5929696",
2026-09-24T16:56:29+02:00,k-node13902341605,sat begrundelse,,"Bred mole/badebro (ca. 50 m) ved Bellevue Strand ud i Øresund. Åben kyst med lyst, turkis vand, så dybden ved enden er usikker; broen er ikke i OSM.",
2026-09-24T16:56:29+02:00,k-node13906341794,sat vurdering,,nej,
2026-09-24T16:56:29+02:00,k-node13906341794,sat type,,strand,
2026-09-24T16:56:29+02:00,k-node13906341794,sat begrundelse,,"Strand ved Kongstrup uden bro, med ålegræs langs kysten.",
2026-09-24T16:56:29+02:00,k-node13906405165,sat vurdering,,nej,
2026-09-24T16:56:29+02:00,k-node13906405165,sat type,,strand,
2026-09-24T16:56:29+02:00,k-node13906405165,sat begrundelse,,"Stenet strand ved Ulstrup Sdr. Strand uden bro, med ålegræs.",
2026-09-24T16:56:29+02:00,k-node13906465005,sat vurdering,,nej,
2026-09-24T16:56:29+02:00,k-node13906465005,sat type,,strand,
2026-09-24T16:56:29+02:00,k-node13906465005,sat begrundelse,,"Strand ved Kysthospitalet uden bro, med ålegræs og lavt vand.",
2026-09-24T16:56:29+02:00,k-node13906499742,sat vurdering,,nej,
2026-09-24T16:56:29+02:00,k-node13906499742,sat type,,badebro,
2026-09-24T16:56:29+02:00,k-node13906499742,sat begrundelse,,"Gisseløre badebro er kun ca. 15 m og ender i lyst, lavt vand med ålegræs. Broen er ikke i OSM.",
2026-09-24T16:56:29+02:00,k-node13906545206,sat vurdering,,nej,
2026-09-24T16:56:29+02:00,k-node13906545206,sat type,,strand,
2026-09-24T16:56:29+02:00,k-node13906545206,sat begrundelse,,"Strand ved Lille Sandvig uden bro, med tang og lavt vand.",
2026-09-24T16:56:29+02:00,k-node13912923930,sat vurdering,,nej,
2026-09-24T16:56:29+02:00,k-node13912923930,sat type,,strand,
2026-09-24T16:56:29+02:00,k-node13912923930,sat begrundelse,,"Sandstrand ved Syrbugt uden bro, med lyst, lavt vand.",
2026-09-24T16:56:29+02:00,k-node13912931591,sat vurdering,,nej,
2026-09-24T16:56:29+02:00,k-node13912931591,sat type,,strand,
2026-09-24T16:56:29+02:00,k-node13912931591,sat begrundelse,,"Sandstrand ved Burvænget uden bro, med lyst, lavt vand.",
2026-09-24T16:56:29+02:00,k-node13912932113,sat vurdering,,nej,
2026-09-24T16:56:29+02:00,k-node13912932113,sat type,,strand,
2026-09-24T16:56:29+02:00,k-node13912932113,sat begrundelse,,Nordstranden er en sandstrand uden bro med bølger og lavt vand.,
2026-09-24T16:56:29+02:00,k-node13912937958,sat vurdering,,nej,
2026-09-24T16:56:29+02:00,k-node13912937958,sat type,,strand,
2026-09-24T16:56:29+02:00,k-node13912937958,sat begrundelse,,"Sandstrand ved Kirkebugt ved Østerby Havn uden bro, med brænding fra Kattegat.",
2026-09-24T16:56:29+02:00,k-node13912950395,sat vurdering,,nej,
2026-09-24T16:56:29+02:00,k-node13912950395,sat type,,strand,
2026-09-24T16:56:29+02:00,k-node13912950395,sat begrundelse,,"Stenet strand ved Overby Lyng uden bro, med brænding.",
2026-09-24T16:56:29+02:00,k-node13912950396,sat vurdering,,nej,
2026-09-24T16:56:29+02:00,k-node13912950396,sat type,,strand,
2026-09-24T16:56:29+02:00,k-node13912950396,sat begrundelse,,"Sandstrand ved Lumsås Sdr. Strand uden bro, med lyst, lavt vand.",
2026-09-24T16:56:29+02:00,k-node13912959472,sat vurdering,,nej,
2026-09-24T16:56:29+02:00,k-node13912959472,sat type,,strand,
2026-09-24T16:56:29+02:00,k-node13912959472,sat begrundelse,,"Høve Strand er en sandstrand uden bro med lyst, lavt vand.",
2026-09-24T16:56:29+02:00,k-node13912962489,sat vurdering,,nej,
2026-09-24T16:56:29+02:00,k-node13912962489,sat type,,strand,
2026-09-24T16:56:29+02:00,k-node13912962489,sat begrundelse,,Sandstrand ved Østervang på Sjællands Odde uden bro.,
2026-09-24T16:56:29+02:00,k-node13912964607,sat vurdering,,nej,
2026-09-24T16:56:29+02:00,k-node13912964607,sat type,,strand,
2026-09-24T16:56:29+02:00,k-node13912964607,sat begrundelse,,Strand ved Hyldebo Strandvej uden bro.,
2026-09-24T16:56:29+02:00,k-node13912976919,sat vurdering,,nej,
2026-09-24T16:56:29+02:00,k-node13912976919,sat type,,strand,
2026-09-24T16:56:29+02:00,k-node13912976919,sat begrundelse,,"Strand ved Hønsinge Lyng uden bro, med meget lavt vand.",
2026-09-24T16:56:29+02:00,k-node13912982201,sat vurdering,,nej,
2026-09-24T16:56:29+02:00,k-node13912982201,sat type,,strand,
2026-09-24T16:56:29+02:00,k-node13912982201,sat begrundelse,,Veddinge Strand er en sandstrand uden bro.,
2026-09-24T16:56:29+02:00,k-node13917853766,sat vurdering,,nej,
2026-09-24T16:56:29+02:00,k-node13917853766,sat type,,strand,
2026-09-24T16:56:29+02:00,k-node13917853766,sat begrundelse,,"Stenet strand ved Gråstenvej uden bro, med bølger.",
2026-09-24T16:56:29+02:00,k-node13918113512,sat vurdering,,nej,
2026-09-24T16:56:29+02:00,k-node13918113512,sat type,,strand,
2026-09-24T16:56:29+02:00,k-node13918113512,sat begrundelse,,Dronningmølle Strand er en sandstrand uden bro med lavt vand og bølger.,
2026-09-24T16:56:29+02:00,k-node13919390700,sat vurdering,,nej,
2026-09-24T16:56:29+02:00,k-node13919390700,sat type,,strand,
2026-09-24T16:56:29+02:00,k-node13919390700,sat begrundelse,,"Kulhuse Strand er en sandtange uden bro med lyst, lavt vand.",
2026-09-24T16:56:29+02:00,k-node13919425051,sat vurdering,,nej,
2026-09-24T16:56:29+02:00,k-node13919425051,sat type,,strand,
2026-09-24T16:56:29+02:00,k-node13919425051,sat begrundelse,,Grønnehave Strand er en sandstrand uden bro.,
2026-09-24T16:56:29+02:00,k-node13919445039,sat vurdering,,nej,
2026-09-24T16:56:29+02:00,k-node13919445039,sat type,,strand,
2026-09-24T16:56:29+02:00,k-node13919445039,sat begrundelse,,Trekanten Strand er en sandstrand uden bro med kraftig brænding.,
2026-09-24T16:56:29+02:00,k-node13919451967,sat vurdering,,nej,
2026-09-24T16:56:29+02:00,k-node13919451967,sat type,,strand,
2026-09-24T16:56:29+02:00,k-node13919451967,sat begrundelse,,Hornbæk Strand Øst er en sandstrand uden bro med lavt vand og bølger.,
2026-09-24T16:56:29+02:00,k-node13920959599,sat vurdering,,nej,
2026-09-24T16:56:29+02:00,k-node13920959599,sat type,,strand,
2026-09-24T16:56:29+02:00,k-node13920959599,sat begrundelse,,Vesterlyng nordstrand er en sandstrand uden bro med brænding.,
2026-09-24T16:56:29+02:00,k-node13920975993,sat vurdering,,nej,
2026-09-24T16:56:29+02:00,k-node13920975993,sat type,,strand,
2026-09-24T16:56:29+02:00,k-node13920975993,sat begrundelse,,"Stenet strand ved Saltbæk uden bro, med brænding.",
2026-09-24T16:56:29+02:00,k-node13921016120,sat vurdering,,nej,
2026-09-24T16:56:29+02:00,k-node13921016120,sat type,,strand,
2026-09-24T16:56:29+02:00,k-node13921016120,sat begrundelse,,"Julebæk Strand er en sandstrand uden bro med lyst, lavt vand.",
2026-09-24T16:56:29+02:00,k-node13978574984,sat vurdering,,nej,
2026-09-24T16:56:29+02:00,k-node13978574984,sat type,,strand,
2026-09-24T16:56:29+02:00,k-node13978574984,sat begrundelse,,Lille sandstrand ved Valbyparken uden bro.,
2026-09-24T16:56:29+02:00,k-node13981122214,sat vurdering,,nej,
2026-09-24T16:56:29+02:00,k-node13981122214,sat type,,strand,
2026-09-24T16:56:29+02:00,k-node13981122214,sat begrundelse,,Badested ved Høje Klint ved Furesøens bred uden bro. Vinterbillede.,
2026-09-24T16:56:29+02:00,k-node13981257026,sat vurdering,,nej,
2026-09-24T16:56:29+02:00,k-node13981257026,sat type,,strand,
2026-09-24T16:56:29+02:00,k-node13981257026,sat begrundelse,,"Strand ved Asnæsværket uden bro, med lavt vand og ålegræs.",
2026-09-24T16:56:29+02:00,k-node13982475012,sat vurdering,,nej,
2026-09-24T16:56:29+02:00,k-node13982475012,sat type,,strand,
2026-09-24T16:56:29+02:00,k-node13982475012,sat begrundelse,,Stenet bred ved Abildøre uden bro.,
2026-09-24T16:56:29+02:00,k-node13982511963,sat vurdering,,nej,
2026-09-24T16:56:29+02:00,k-node13982511963,sat type,,strand,
2026-09-24T16:56:29+02:00,k-node13982511963,sat begrundelse,,"Stenet bred ved Plejerup Huse uden bro, med lavt vand.",
2026-09-24T16:56:29+02:00,k-node13982691289,sat vurdering,,nej,
2026-09-24T16:56:29+02:00,k-node13982691289,sat type,,badebro,
2026-09-24T16:56:29+02:00,k-node13982691289,sat begrundelse,,"Kort bro (ca. 25 m, ikke i OSM) ved Kongsøre Skov ud i Isefjorden. Den ender i lyst, lavt vand.",
2026-09-24T16:56:29+02:00,k-node13982694955,sat vurdering,,nej,
2026-09-24T16:56:29+02:00,k-node13982694955,sat type,,strand,
2026-09-24T16:56:29+02:00,k-node13982694955,sat begrundelse,,Holbæk Bystrand er en sandstrand på en tange uden bro.,
2026-09-24T16:56:29+02:00,k-node13982698973,sat vurdering,,nej,
2026-09-24T16:56:29+02:00,k-node13982698973,sat type,,strand,
2026-09-24T16:56:29+02:00,k-node13982698973,sat begrundelse,,"Navnet siger badebro, men der er ingen bro i OSM, og ingen ses på luftfotoet (evt. sæsonbro). Lavt vand med ålegræs.",
2026-09-24T16:56:29+02:00,k-node13982944849,sat vurdering,,lovende,
2026-09-24T16:56:29+02:00,k-node13982944849,sat type,,badebro,
2026-09-24T16:56:29+02:00,k-node13982944849,sat koordinater,,"55.7685921, 12.0853612",
2026-09-24T16:56:29+02:00,k-node13982944849,sat begrundelse,,"Lang badebro (ca. 110 m, ikke i OSM) fra en lille halvø ved Jyllinge Strandby ud i Roskilde Fjord. Den ender i mørkt vand med stor plads; offentligt badested.",
2026-09-24T16:56:29+02:00,k-node13986331881,sat vurdering,,nej,
2026-09-24T16:56:29+02:00,k-node13986331881,sat type,,strand,
2026-09-24T16:56:29+02:00,k-node13986331881,sat begrundelse,,"Strand ved Nekseløvej uden bro, med ålegræs.",
2026-09-24T16:56:29+02:00,k-node13986377397,sat vurdering,,nej,
2026-09-24T16:56:29+02:00,k-node13986377397,sat type,,strand,
2026-09-24T16:56:29+02:00,k-node13986377397,sat begrundelse,,"Havnsø Strand Vest er en sandstrand uden bro med lyst, lavt vand.",
2026-09-24T16:56:29+02:00,k-node13986384710,sat vurdering,,nej,
2026-09-24T16:56:29+02:00,k-node13986384710,sat type,,strand,
2026-09-24T16:56:29+02:00,k-node13986384710,sat begrundelse,,Havnsø Strand Øst er en strand uden bro med ålegræs.,
2026-09-24T16:56:29+02:00,k-node13986398082,sat vurdering,,nej,
2026-09-24T16:56:29+02:00,k-node13986398082,sat type,,strand,
2026-09-24T16:56:29+02:00,k-node13986398082,sat begrundelse,,"Sandstrand ved Gniben uden bro, med bølger på den åbne kyst.",
2026-09-24T16:56:29+02:00,k-node13986408361,sat vurdering,,nej,
2026-09-24T16:56:29+02:00,k-node13986408361,sat type,,strand,
2026-09-24T16:56:29+02:00,k-node13986408361,sat begrundelse,,Stenet strand ved Kongstrup uden bro.,
2026-09-24T16:56:29+02:00,k-node13986413524,sat vurdering,,nej,
2026-09-24T16:56:29+02:00,k-node13986413524,sat type,,strand,
2026-09-24T16:56:29+02:00,k-node13986413524,sat begrundelse,,"Stenet kyst ved Tadebæk uden bro, med bølger.",
2026-09-24T16:56:29+02:00,k-node13986420887,sat vurdering,,nej,
2026-09-24T16:56:29+02:00,k-node13986420887,sat type,,strand,
2026-09-24T16:56:29+02:00,k-node13986420887,sat begrundelse,,"Strand ved Sejerby uden bro, med lavt vand og ålegræs.",
2026-09-24T16:56:29+02:00,k-node13986426789,sat vurdering,,nej,
2026-09-24T16:56:29+02:00,k-node13986426789,sat type,,strand,
2026-09-24T16:56:29+02:00,k-node13986426789,sat begrundelse,,"Navnet siger badebro, men der er ingen bro i OSM, og ingen ses på luftfotoet (evt. sæsonbro). Lavt vand med ålegræs.",
2026-09-24T16:56:29+02:00,k-node13986427438,sat vurdering,,nej,
2026-09-24T16:56:29+02:00,k-node13986427438,sat type,,strand,
2026-09-24T16:56:29+02:00,k-node13986427438,sat begrundelse,,"Luftfotoet er dækket af skyer, og der er ingen bro i OSM ved Aasen.",
2026-09-24T16:56:29+02:00,k-node13986444823,sat vurdering,,nej,
2026-09-24T16:56:29+02:00,k-node13986444823,sat type,,strand,
2026-09-24T16:56:29+02:00,k-node13986444823,sat begrundelse,,"Stenet strand ved Asnæs Forskov uden bro, med ålegræs.",
2026-09-24T16:56:29+02:00,k-node13986446686,sat vurdering,,nej,
2026-09-24T16:56:29+02:00,k-node13986446686,sat type,,strand,
2026-09-24T16:56:29+02:00,k-node13986446686,sat begrundelse,,"Ugerløse Strand ved en campingplads uden bro, med lavt vand og ålegræs.",
2026-09-24T16:56:29+02:00,k-node13989543718,sat vurdering,,nej,
2026-09-24T16:56:29+02:00,k-node13989543718,sat type,,strand,
2026-09-24T16:56:29+02:00,k-node13989543718,sat begrundelse,,"Strand ved Lille Kregme uden bro, med meget lavt vand.",
2026-09-24T16:56:29+02:00,k-node13989570243,sat vurdering,,nej,
2026-09-24T16:56:29+02:00,k-node13989570243,sat type,,strand,
2026-09-24T16:56:29+02:00,k-node13989570243,sat begrundelse,,"Strand ved Hvide Klint uden bro, med meget lavt vand. Luftfotoet mangler delvist.",
2026-09-24T16:56:29+02:00,k-node13989649397,sat vurdering,,nej,
2026-09-24T16:56:29+02:00,k-node13989649397,sat type,,strand,
2026-09-24T16:56:29+02:00,k-node13989649397,sat begrundelse,,Badested i skoven ved Esrum Søs bred uden bro. Vinterbillede.,
2026-09-24T16:56:29+02:00,k-node13989678055,sat vurdering,,nej,
2026-09-24T16:56:29+02:00,k-node13989678055,sat type,,strand,
2026-09-24T16:56:29+02:00,k-node13989678055,sat begrundelse,,Udsholt Strand er en sandstrand uden bro med kraftig brænding.,
2026-09-24T16:56:29+02:00,k-node13989690559,sat vurdering,,nej,
2026-09-24T16:56:29+02:00,k-node13989690559,sat type,,strand,
2026-09-24T16:56:29+02:00,k-node13989690559,sat begrundelse,,Tinkerup Strand er en strand uden bro med sten langs kysten.,
2026-09-24T16:56:29+02:00,k-node13989705113,sat vurdering,,nej,
2026-09-24T16:56:29+02:00,k-node13989705113,sat type,,strand,
2026-09-24T16:56:29+02:00,k-node13989705113,sat begrundelse,,"Råleje Strand ved vejen uden bro, med lyst, lavt vand.",
2026-09-24T16:56:29+02:00,k-node13989715428,sat vurdering,,nej,
2026-09-24T16:56:29+02:00,k-node13989715428,sat type,,strand,
2026-09-24T16:56:29+02:00,k-node13989715428,sat begrundelse,,"Strand ved Store Havelse Strandvej uden bro, med meget lavt, brunt vand.",
2026-09-24T16:56:29+02:00,k-node13990234653,sat vurdering,,nej,
2026-09-24T16:56:29+02:00,k-node13990234653,sat type,,strand,
2026-09-24T16:56:29+02:00,k-node13990234653,sat begrundelse,,"Stenet strand ved Nødebovejen uden bro, med kraftig brænding.",
2026-09-24T16:56:29+02:00,k-node13990255781,sat vurdering,,nej,
2026-09-24T16:56:29+02:00,k-node13990255781,sat type,,strand,
2026-09-24T16:56:29+02:00,k-node13990255781,sat begrundelse,,Hald Strand er en stenet strand uden bro med kraftig brænding.,
2026-09-24T16:56:29+02:00,k-node13990259346,sat vurdering,,nej,
2026-09-24T16:56:29+02:00,k-node13990259346,sat type,,strand,
2026-09-24T16:56:29+02:00,k-node13990259346,sat begrundelse,,"Strand ved Store Karlsmindevej uden bro, med lavt vand.",
2026-09-24T16:56:29+02:00,k-node13990263260,sat vurdering,,nej,
2026-09-24T16:56:29+02:00,k-node13990263260,sat type,,strand,
2026-09-24T16:56:29+02:00,k-node13990263260,sat begrundelse,,"Sandstrand ved en høfde ved Hyllingebjerg uden bro, med brænding.",
2026-09-24T16:56:29+02:00,k-node13994468072,sat vurdering,,nej,
2026-09-24T16:56:29+02:00,k-node13994468072,sat type,,strand,
2026-09-24T16:56:29+02:00,k-node13994468072,sat begrundelse,,Sandstrand i en bugt ved Rørvig uden bro.,
2026-09-24T16:56:29+02:00,k-node13994478858,sat vurdering,,nej,
2026-09-24T16:56:29+02:00,k-node13994478858,sat type,,strand,
2026-09-24T16:56:29+02:00,k-node13994478858,sat begrundelse,,"Sandstrand ved Lynghusvej uden bro, med kraftig brænding.",
2026-09-24T16:56:29+02:00,k-node13994483831,sat vurdering,,nej,
2026-09-24T16:56:29+02:00,k-node13994483831,sat type,,strand,
2026-09-24T16:56:29+02:00,k-node13994483831,sat begrundelse,,"Sandstrand ved Nordstrandvej uden bro, med kraftig brænding.",
2026-09-24T16:56:29+02:00,k-node13994490563,sat vurdering,,nej,
2026-09-24T16:56:29+02:00,k-node13994490563,sat type,,strand,
2026-09-24T16:56:29+02:00,k-node13994490563,sat begrundelse,,"Sandstrand ved Vester Lyng uden bro, med kraftig brænding.",
2026-09-24T16:56:29+02:00,k-node13994496426,sat vurdering,,nej,
2026-09-24T16:56:29+02:00,k-node13994496426,sat type,,strand,
2026-09-24T16:56:29+02:00,k-node13994496426,sat begrundelse,,"Sandstrand ved Telegrafvejen uden bro, med kraftig brænding.",
2026-09-24T16:56:29+02:00,k-node13994498632,sat vurdering,,nej,
2026-09-24T16:56:29+02:00,k-node13994498632,sat type,,strand,
2026-09-24T16:56:29+02:00,k-node13994498632,sat begrundelse,,"Sandstrand ved Skærbyvej uden bro, med kraftig brænding.",
2026-09-24T16:56:29+02:00,k-node13994526888,sat vurdering,,måske,
2026-09-24T16:56:29+02:00,k-node13994526888,sat type,,bro,
2026-09-24T16:56:29+02:00,k-node13994526888,sat koordinater,,"55.8719714, 12.5555806",
2026-09-24T16:56:29+02:00,k-node13994526888,sat begrundelse,,"Lang bro (ca. 95 m, ikke i OSM) fra stranden i Vedbæk ud i Øresund. Åben kyst med lyst vand; broen ligger ved villagrunde og kan være privat.",
2026-09-24T16:56:29+02:00,k-node13994535756,sat vurdering,,nej,
2026-09-24T16:56:29+02:00,k-node13994535756,sat type,,strand,
2026-09-24T16:56:29+02:00,k-node13994535756,sat begrundelse,,"Strand ved Struckmannparken med en lille stenmole, men ingen bro.",
2026-09-24T16:56:29+02:00,k-node14030420929,sat vurdering,,nej,
2026-09-24T16:56:29+02:00,k-node14030420929,sat type,,strand,
2026-09-24T16:56:29+02:00,k-node14030420929,sat begrundelse,,"Strand ved Klinten i Frederikssund uden bro, med lavt vand.",
2026-09-24T16:56:29+02:00,k-node6698878303,sat vurdering,,måske,
2026-09-24T16:56:29+02:00,k-node6698878303,sat type,,andet,
2026-09-24T16:56:29+02:00,k-node6698878303,sat koordinater,,"55.9713449, 11.3724858",
2026-09-24T16:56:29+02:00,k-node6698878303,sat begrundelse,,"Lille stenmole (ca. 50 m) øst for Odden Havn med mørkt vand ved enden. Det er en stenmole, ikke en bro, og kysten er åben mod Kattegat.",
2026-09-24T17:00:36+02:00,k-way489207597,sat vand,ok,tvivl,automatisk fra EEA-badevandsdata
2026-09-24T17:00:36+02:00,k-way316355081,sat vand,ukendt,tvivl,automatisk fra EEA-badevandsdata
2026-09-24T17:00:36+02:00,k-way316892206,sat vand,ok,tvivl,automatisk fra EEA-badevandsdata
2026-09-24T17:00:36+02:00,k-way1227589767,sat vand,ukendt,tvivl,automatisk fra EEA-badevandsdata
2026-09-24T17:00:36+02:00,k-way224113377,sat vand,ukendt,tvivl,automatisk fra EEA-badevandsdata
2026-09-24T17:00:36+02:00,k-way682259734,sat vand,ukendt,tvivl,automatisk fra EEA-badevandsdata
2026-09-24T17:00:37+02:00,k-way219469555,sat vand,ukendt,tvivl,automatisk fra EEA-badevandsdata
2026-09-24T17:00:37+02:00,k-way316644298,sat vand,ukendt,tvivl,automatisk fra EEA-badevandsdata
2026-09-24T17:00:37+02:00,k-way219057212,sat vand,ukendt,tvivl,automatisk fra EEA-badevandsdata
2026-09-24T17:00:37+02:00,k-way265773319,sat vand,ukendt,tvivl,automatisk fra EEA-badevandsdata
2026-09-24T17:00:37+02:00,k-node13977615465,sat vand,ok,tvivl,automatisk fra EEA-badevandsdata
2026-09-24T17:00:37+02:00,k-node13977698268,sat vand,ok,tvivl,automatisk fra EEA-badevandsdata
2026-09-24T17:00:37+02:00,k-node13977700320,sat vand,ok,tvivl,automatisk fra EEA-badevandsdata
2026-09-24T17:00:37+02:00,k-node6448993071,sat vand,ukendt,tvivl,automatisk fra EEA-badevandsdata
2026-09-24T17:00:37+02:00,k-node13978476848,sat vand,ok,tvivl,automatisk fra EEA-badevandsdata
2026-09-24T17:00:37+02:00,k-node6449003338,sat vand,ukendt,tvivl,automatisk fra EEA-badevandsdata
2026-09-24T17:00:37+02:00,k-way1094084302,sat vand,ukendt,tvivl,automatisk fra EEA-badevandsdata
2026-09-24T17:00:37+02:00,k-way1179916223,sat vand,ok,tvivl,automatisk fra EEA-badevandsdata
2026-09-24T17:00:37+02:00,k-way1227948930,sat vand,ukendt,tvivl,automatisk fra EEA-badevandsdata
2026-09-24T17:00:37+02:00,k-way1227948932,sat vand,ukendt,tvivl,automatisk fra EEA-badevandsdata
2026-09-24T17:00:37+02:00,k-way1227948933,sat vand,ukendt,tvivl,automatisk fra EEA-badevandsdata
2026-09-24T17:00:37+02:00,k-way1227948935,sat vand,ok,tvivl,automatisk fra EEA-badevandsdata
2026-09-24T17:00:37+02:00,k-way1227948936,sat vand,ok,tvivl,automatisk fra EEA-badevandsdata
2026-09-24T17:00:37+02:00,k-way1228090067,sat vand,ukendt,tvivl,automatisk fra EEA-badevandsdata
2026-09-24T17:00:37+02:00,k-way1307316475,sat vand,ok,tvivl,automatisk fra EEA-badevandsdata
2026-09-24T17:00:37+02:00,k-way1326198447,sat vand,ukendt,tvivl,automatisk fra EEA-badevandsdata
2026-09-24T17:00:37+02:00,k-way1347044746,sat vand,ukendt,tvivl,automatisk fra EEA-badevandsdata
2026-09-24T17:00:37+02:00,k-way1347044750,sat vand,ukendt,tvivl,automatisk fra EEA-badevandsdata
2026-09-24T17:00:38+02:00,k-way181228281,sat vand,ukendt,tvivl,automatisk fra EEA-badevandsdata
2026-09-24T17:00:38+02:00,k-way228067545,sat vand,ukendt,tvivl,automatisk fra EEA-badevandsdata
2026-09-24T17:00:38+02:00,k-way228067552,sat vand,ukendt,tvivl,automatisk fra EEA-badevandsdata
2026-09-24T17:00:38+02:00,k-way38991597,sat vand,ukendt,tvivl,automatisk fra EEA-badevandsdata
2026-09-24T17:00:38+02:00,k-way38991602,sat vand,ukendt,tvivl,automatisk fra EEA-badevandsdata
2026-09-24T17:00:38+02:00,k-way429473024,sat vand,ukendt,tvivl,automatisk fra EEA-badevandsdata
2026-09-24T17:00:38+02:00,k-way448937393,sat vand,ok,tvivl,automatisk fra EEA-badevandsdata
2026-09-24T17:00:38+02:00,k-way448937394,sat vand,ok,tvivl,automatisk fra EEA-badevandsdata
2026-09-24T17:00:38+02:00,k-way448937396,sat vand,ok,tvivl,automatisk fra EEA-badevandsdata
2026-09-24T17:00:38+02:00,k-way448939479,sat vand,ukendt,tvivl,automatisk fra EEA-badevandsdata
2026-09-24T17:00:38+02:00,k-way448986586,sat vand,ukendt,tvivl,automatisk fra EEA-badevandsdata
2026-09-24T17:00:38+02:00,k-way449043950,sat vand,ukendt,tvivl,automatisk fra EEA-badevandsdata
2026-09-24T17:00:38+02:00,k-way449131564,sat vand,ukendt,tvivl,automatisk fra EEA-badevandsdata
2026-09-24T17:00:38+02:00,k-way449132077,sat vand,ukendt,tvivl,automatisk fra EEA-badevandsdata
2026-09-24T17:00:38+02:00,k-way8040333,sat vand,ukendt,tvivl,automatisk fra EEA-badevandsdata
2026-09-24T17:00:38+02:00,k-way902982039,sat vand,ukendt,tvivl,automatisk fra EEA-badevandsdata
2026-09-24T17:00:38+02:00,k-way902982041,sat vand,ukendt,tvivl,automatisk fra EEA-badevandsdata
2026-09-24T17:00:38+02:00,k-way902990949,sat vand,ukendt,tvivl,automatisk fra EEA-badevandsdata
2026-09-24T17:00:38+02:00,k-way903248858,sat vand,ukendt,tvivl,automatisk fra EEA-badevandsdata
2026-09-24T17:00:38+02:00,k-way903266037,sat vand,ukendt,tvivl,automatisk fra EEA-badevandsdata
2026-09-24T17:00:38+02:00,k-way903266038,sat vand,ukendt,tvivl,automatisk fra EEA-badevandsdata
2026-09-24T17:02:26+02:00,k-node13986728755,sat vand,ok,tvivl,automatisk fra EEA-badevandsdata
2026-09-24T17:02:26+02:00,k-node12284864905,sat vand,ok,tvivl,automatisk fra EEA-badevandsdata
2026-09-24T17:02:26+02:00,k-node13986715463,sat vand,ok,tvivl,automatisk fra EEA-badevandsdata
2026-09-24T17:02:26+02:00,k-node13994868492,sat vand,ok,tvivl,automatisk fra EEA-badevandsdata
2026-09-24T17:02:26+02:00,k-node13906576508,sat vand,ok,tvivl,automatisk fra EEA-badevandsdata
2026-09-24T17:02:27+02:00,k-node13986715472,sat vand,ok,tvivl,automatisk fra EEA-badevandsdata
2026-09-24T17:02:27+02:00,k-way1464202684,sat vand,ukendt,tvivl,automatisk fra EEA-badevandsdata
2026-09-24T17:02:27+02:00,k-node13019563493,sat vand,ok,tvivl,automatisk fra EEA-badevandsdata
2026-09-24T17:02:27+02:00,k-node6130333655,sat vand,ok,tvivl,automatisk fra EEA-badevandsdata
2026-09-24T17:02:27+02:00,k-node6130391023,sat vand,ukendt,tvivl,automatisk fra EEA-badevandsdata
2026-09-24T17:02:27+02:00,k-way1059273016,sat vand,ukendt,tvivl,automatisk fra EEA-badevandsdata
2026-09-24T17:02:27+02:00,k-way1184841689,sat vand,ukendt,tvivl,automatisk fra EEA-badevandsdata
2026-09-24T17:02:27+02:00,k-way118506509,sat vand,ukendt,tvivl,automatisk fra EEA-badevandsdata
2026-09-24T17:02:27+02:00,k-way1464202687,sat vand,ukendt,tvivl,automatisk fra EEA-badevandsdata
2026-09-24T17:02:28+02:00,k-way901085099,sat vand,ukendt,tvivl,automatisk fra EEA-badevandsdata
2026-09-24T17:02:28+02:00,k-way901113741,sat vand,ukendt,tvivl,automatisk fra EEA-badevandsdata
2026-09-24T17:02:28+02:00,k-way901158573,sat vand,ukendt,tvivl,automatisk fra EEA-badevandsdata
2026-09-24T17:02:28+02:00,k-way94709741,sat vand,ok,tvivl,automatisk fra EEA-badevandsdata
2026-09-24T17:02:34+02:00,k-way226954565,sat begrundelse,"Nordborg Roklub og Deutscher Ruderverein ved Nordborg Sø: korte broer (20–23 m) og slæbesteder ud i søen, som er stor nok. Bundplanter ses tæt ved land; efterårsbillede.",Nordborg Roklub og Deutscher Ruderverein Norderharde ligger inderst i Dyvig (ikke ved Nordborg Sø): korte broer (20–23 m) og slæbesteder ud i en meget beskyttet vig. Lyst vand med bundplanter ved land tyder på lavt vand ud for broerne; efterårsbillede.,
2026-09-24T17:12:17+02:00,k-way130128400,sat vand,ok,tvivl,automatisk fra EEA-badevandsdata
2026-09-24T17:12:17+02:00,k-way330724399,sat vand,ukendt,nej,automatisk fra EEA-badevandsdata
2026-09-24T17:12:17+02:00,k-node9873751265,sat vand,tvivl,nej,automatisk fra EEA-badevandsdata
2026-09-24T17:12:17+02:00,k-way228642013,sat vand,ukendt,nej,automatisk fra EEA-badevandsdata
2026-09-24T17:12:17+02:00,k-way124699770,sat vand,ukendt,tvivl,automatisk fra EEA-badevandsdata
2026-09-24T17:12:17+02:00,k-way517834321,sat vand,ukendt,tvivl,automatisk fra EEA-badevandsdata
2026-09-24T17:12:17+02:00,k-node12761671786,sat vand,ukendt,nej,automatisk fra EEA-badevandsdata
2026-09-24T17:12:17+02:00,k-node1293166522,sat vand,ukendt,nej,automatisk fra EEA-badevandsdata
2026-09-24T17:12:17+02:00,k-node13020819287,sat vand,ukendt,nej,automatisk fra EEA-badevandsdata
2026-09-24T17:12:17+02:00,k-node3227938344,sat vand,ok,tvivl,automatisk fra EEA-badevandsdata
2026-09-24T17:12:17+02:00,k-node8143723554,sat vand,ukendt,nej,automatisk fra EEA-badevandsdata
2026-09-24T17:12:17+02:00,k-way143852914,sat vand,ukendt,nej,automatisk fra EEA-badevandsdata
2026-09-24T17:12:17+02:00,k-way224081323,sat vand,ukendt,nej,automatisk fra EEA-badevandsdata
2026-09-24T17:12:17+02:00,k-way317202490,sat vand,ukendt,nej,automatisk fra EEA-badevandsdata
2026-09-24T17:12:17+02:00,k-way143852909,sat vand,ukendt,nej,automatisk fra EEA-badevandsdata
2026-09-24T17:12:17+02:00,k-way206998887,sat vand,ukendt,nej,automatisk fra EEA-badevandsdata
2026-09-24T17:12:17+02:00,k-node1154379103,sat vand,ok,tvivl,automatisk fra EEA-badevandsdata
2026-09-24T17:12:17+02:00,k-way609317589,sat vand,ukendt,nej,automatisk fra EEA-badevandsdata
2026-09-24T17:12:17+02:00,k-node10719047222,sat vand,ukendt,nej,automatisk fra EEA-badevandsdata
2026-09-24T17:12:18+02:00,k-way135231769,sat vand,tvivl,nej,automatisk fra EEA-badevandsdata
2026-09-24T17:12:18+02:00,k-node3402665440,sat vand,ukendt,nej,automatisk fra EEA-badevandsdata
2026-09-24T17:12:18+02:00,k-way1038336916,sat vand,tvivl,nej,automatisk fra EEA-badevandsdata
2026-09-24T17:12:18+02:00,k-way135231775,sat vand,ukendt,nej,automatisk fra EEA-badevandsdata
2026-09-24T17:12:18+02:00,k-way370501638,sat vand,ukendt,nej,automatisk fra EEA-badevandsdata
2026-09-24T17:12:18+02:00,k-node13020819272,sat vand,ukendt,nej,automatisk fra EEA-badevandsdata
2026-09-24T17:12:18+02:00,k-node9010464136,sat vand,ukendt,nej,automatisk fra EEA-badevandsdata
2026-09-24T17:12:18+02:00,k-node9010464137,sat vand,ukendt,nej,automatisk fra EEA-badevandsdata
2026-09-24T17:12:18+02:00,k-way1195763065,sat vand,ukendt,nej,automatisk fra EEA-badevandsdata
2026-09-24T17:12:18+02:00,k-way1219535059,sat vand,ukendt,nej,automatisk fra EEA-badevandsdata
2026-09-24T17:12:18+02:00,k-way130742533,sat vand,ok,tvivl,automatisk fra EEA-badevandsdata
2026-09-24T17:12:18+02:00,k-way1330143162,sat vand,ukendt,nej,automatisk fra EEA-badevandsdata
2026-09-24T17:12:18+02:00,k-way1386533511,sat vand,ukendt,nej,automatisk fra EEA-badevandsdata
2026-09-24T17:12:18+02:00,k-way1424062552,sat vand,ukendt,nej,automatisk fra EEA-badevandsdata
2026-09-24T17:12:18+02:00,k-way1426059799,sat vand,ukendt,nej,automatisk fra EEA-badevandsdata
2026-09-24T17:12:18+02:00,k-way1426065614,sat vand,ukendt,nej,automatisk fra EEA-badevandsdata
2026-09-24T17:12:18+02:00,k-way155614078,sat vand,ukendt,nej,automatisk fra EEA-badevandsdata
2026-09-24T17:12:18+02:00,k-way155614105,sat vand,ukendt,nej,automatisk fra EEA-badevandsdata
2026-09-24T17:12:18+02:00,k-way155614128,sat vand,ukendt,nej,automatisk fra EEA-badevandsdata
2026-09-24T17:12:18+02:00,k-way155614141,sat vand,ukendt,nej,automatisk fra EEA-badevandsdata
2026-09-24T17:12:18+02:00,k-way177897338,sat vand,ukendt,nej,automatisk fra EEA-badevandsdata
2026-09-24T17:12:18+02:00,k-way209337360,sat vand,ukendt,nej,automatisk fra EEA-badevandsdata
2026-09-24T17:12:18+02:00,k-way229631388,sat vand,ukendt,nej,automatisk fra EEA-badevandsdata
2026-09-24T17:12:18+02:00,k-way232096671,sat vand,ukendt,tvivl,automatisk fra EEA-badevandsdata
2026-09-24T17:12:18+02:00,k-way251509988,sat vand,ukendt,nej,automatisk fra EEA-badevandsdata
2026-09-24T17:12:18+02:00,k-way251579625,sat vand,ukendt,nej,automatisk fra EEA-badevandsdata
2026-09-24T17:12:18+02:00,k-way327222120,sat vand,ukendt,nej,automatisk fra EEA-badevandsdata
2026-09-24T17:12:18+02:00,k-way327760845,sat vand,ukendt,nej,automatisk fra EEA-badevandsdata
2026-09-24T17:12:18+02:00,k-way393003659,sat vand,ukendt,nej,automatisk fra EEA-badevandsdata
2026-09-24T17:12:18+02:00,k-way393003664,sat vand,ukendt,nej,automatisk fra EEA-badevandsdata
2026-09-24T17:12:18+02:00,k-way407266176,sat vand,ukendt,nej,automatisk fra EEA-badevandsdata
2026-09-24T17:12:18+02:00,k-way408828403,sat vand,ukendt,nej,automatisk fra EEA-badevandsdata
2026-09-24T17:12:18+02:00,k-way408828411,sat vand,ukendt,nej,automatisk fra EEA-badevandsdata
2026-09-24T17:12:18+02:00,k-way424285569,sat vand,ukendt,nej,automatisk fra EEA-badevandsdata
2026-09-24T17:12:19+02:00,k-way46138500,sat vand,ukendt,nej,automatisk fra EEA-badevandsdata
2026-09-24T17:12:19+02:00,k-way46138503,sat vand,ukendt,nej,automatisk fra EEA-badevandsdata
2026-09-24T17:12:19+02:00,k-way765127194,sat vand,ukendt,nej,automatisk fra EEA-badevandsdata
2026-09-24T17:12:19+02:00,k-way804557537,sat vand,ukendt,nej,automatisk fra EEA-badevandsdata
2026-09-24T17:12:19+02:00,k-way823622196,sat vand,ok,tvivl,automatisk fra EEA-badevandsdata
2026-09-24T17:12:19+02:00,k-way903274067,sat vand,ukendt,nej,automatisk fra EEA-badevandsdata
2026-09-24T17:12:19+02:00,k-way903339911,sat vand,ukendt,nej,automatisk fra EEA-badevandsdata
2026-09-24T17:12:19+02:00,k-way903355941,sat vand,ukendt,nej,automatisk fra EEA-badevandsdata
2026-09-24T17:12:19+02:00,k-way903647571,sat vand,ukendt,nej,automatisk fra EEA-badevandsdata
2026-09-24T17:12:19+02:00,k-way903683087,sat vand,ukendt,nej,automatisk fra EEA-badevandsdata
2026-09-24T17:12:19+02:00,k-way903702559,sat vand,ukendt,nej,automatisk fra EEA-badevandsdata
2026-09-24T17:12:19+02:00,k-way903702560,sat vand,ukendt,nej,automatisk fra EEA-badevandsdata
2026-09-24T17:12:19+02:00,k-way905296150,sat vand,ukendt,nej,automatisk fra EEA-badevandsdata
2026-09-24T17:12:19+02:00,k-way905296151,sat vand,ukendt,nej,automatisk fra EEA-badevandsdata
2026-09-24T17:12:19+02:00,k-way906794916,sat vand,ok,tvivl,automatisk fra EEA-badevandsdata
2026-09-24T17:12:19+02:00,k-way913772091,sat vand,ukendt,nej,automatisk fra EEA-badevandsdata
2026-09-24T17:12:19+02:00,k-way917470120,sat vand,ukendt,nej,automatisk fra EEA-badevandsdata
2026-09-24T17:12:19+02:00,k-way917470124,sat vand,ukendt,nej,automatisk fra EEA-badevandsdata
2026-09-24T17:13:27+02:00,k-way517834321,sat begrundelse,"Lille badeflåde (14 m) ca. 20 m ude i Furesø uden landforbindelse. Mørkt, dybt søvand og stor plads, men man skal ud til flåden først, og adgangen er uklar.","Lille badeflåde (14 m) ca. 20 m ude i Søndersø ved Værløse uden landforbindelse. Mørkt, dybt søvand og stor plads, men man skal ud til flåden først, og kommunens regler forbyder andre aktiviteter end badning på søen.",
2026-09-24T17:13:27+02:00,k-way1155990367,sat begrundelse,"Udlejningens flydebro (69 m) ved Knippelsbro i Inderhavnen. Mørkt, bredt vand, men det er havnens travleste strækning med havnebusser og turbåde.","Udlejningens flydebro (69 m) ved BLOX mellem Langebro og Lille Langebro i Inderhavnen. Mørkt, bredt vand, men det er en af havnens travleste strækninger med havnebusser og turbåde.",
2026-09-24T17:13:27+02:00,k-way1307295239,sat begrundelse,"Flydende ponton (47 m) på Christianshavn-siden af Inderhavnen ved Inderhavnsbroen. Bredt og dybt vand, men meget trafik af havnebusser og turbåde; formålet er uklart.","Flydende ponton (47 m) ved Havnegade lige syd for Inderhavnsbroen, formentlig Havnegade Badezone. Bredt og dybt vand, men meget trafik af havnebusser og turbåde i Inderhavnen.",
2026-09-24T17:13:27+02:00,k-way1477028254,sat vurdering,lovende,måske,
2026-09-24T17:13:27+02:00,k-way1477028254,sat begrundelse,"Flydebro (48 m) ved et klubhus med parkering ved en sø i Vallensbæk Nordmark. Mørkt, roligt søvand med over 150 m fri plads; det er uklart, hvilken klub det er.","Flydebro (48 m) langs bredden ved et klubhus ved en sø i Vallensbæk Nordmark. Mørkt, roligt vand med over 150 m plads, men klubhuset er formentlig Vallensbæk Vandskiklub, der bruger søen til vandski, så adgang og bådtrafik er uklare.",
2026-09-24T17:13:46+02:00,k-way1368138697,sat vurdering,måske,lovende,
2026-09-24T17:13:46+02:00,k-way1368138697,sat begrundelse,"Flydebro (20 m) fra en græsplæne ud i en sø ved Fasterholt (ca. 300 m). Rolig sø, men adgang er uklar (uden navn i OSM), og solrefleks skjuler dybden.",Meldgård Sø ved Fasterholt: offentligt badested med flydebro (20 m) fra en græsplæne ud i en rolig sø på ca. 300 m. Broen bruges også til at sætte kano og kajak i; solrefleks på luftfotoet skjuler dybden.,
2026-09-24T17:13:46+02:00,k-node13985946378,sat begrundelse,Alrum: badebro (93 m) ud i Ringkøbing Fjord ved Stadil. Fjorden er lavvandet og vindudsat (bølger på luftfotoet).,"Alrum: badebro (93 m) ud i Stadil Fjord, en lavvandet lagune nord for Ringkøbing Fjord. Vindudsat (bølger på luftfotoet), og vandet er sandsynligvis for lavt til en foil ved broens ende.",
2026-09-24T17:21:25+02:00,,kørsel,,,"find.py: 4479 steder (0 nye, 20 forsvundet fra OSM) · ikke vurderet: 2994, lovende: 127, måske: 354, nej: 775, på kortet: 229"
2026-09-24T17:21:25+02:00,k-way316663275,sat vand,ok,tvivl,automatisk fra EEA-badevandsdata
2026-09-24T17:21:48+02:00,,kørsel,,,"find.py: 4479 steder (0 nye, 0 forsvundet fra OSM) · ikke vurderet: 2994, lovende: 127, måske: 354, nej: 775, på kortet: 229"
